test_lot,mode,feedback,policy,budget,total_system_mae,unmeasured_wafer_mae,measured_fraction,high_error_capture,p95_system_error,cumulative_system_error,updates,update_runtime_seconds,drift_error_threshold,drift_onset_wafer_order,recovery_wafer_count,random_replicates
4,causal_feedback,F0,combined,0.0,0.24808403844580154,0.24808403844580154,0.0,0.0,0.3823129588374183,2.4808403844580154,0.0,0.0029216999992058845,0.186147802036805,1.0,3.0,1
4,causal_feedback,F0,combined,0.1,0.22335334567855608,0.24817038408728453,0.1,0.0,0.3823129588374183,2.233533456785561,0.0,0.0017552999997860752,0.186147802036805,1.0,3.0,1
4,causal_feedback,F0,combined,0.2,0.21043870080542804,0.2630483760067851,0.2,0.0,0.3823129588374183,2.1043870080542804,0.0,0.004089699999894947,0.186147802036805,1.0,3.0,1
4,causal_feedback,F0,combined,0.3,0.18597535322812753,0.2656790760401821,0.3,0.0,0.3823129588374183,1.8597535322812753,0.0,0.0020607999995263526,0.186147802036805,1.0,3.0,1
4,causal_feedback,F0,combined,0.5,0.11479697062771144,0.22959394125542287,0.5,0.5,0.3229675291781192,1.1479697062771144,0.0,0.0062503000008291565,0.186147802036805,1.0,3.0,1
4,causal_feedback,F1,combined,0.0,0.24808403844580154,0.24808403844580154,0.0,0.0,0.3823129588374183,2.4808403844580154,0.0,0.0017138000002887566,0.186147802036805,1.0,3.0,1
4,causal_feedback,F1,combined,0.1,0.22074315562680535,0.24527017291867262,0.1,0.0,0.40249680060802395,2.2074315562680535,1.0,0.0015917000000627013,0.186147802036805,1.0,3.0,1
4,causal_feedback,F1,combined,0.2,0.20745418490848397,0.25931773113560497,0.2,0.0,0.39945347407177134,2.0745418490848397,2.0,0.004174900001089554,0.186147802036805,1.0,3.0,1
4,causal_feedback,F1,combined,0.3,0.17819141435037392,0.25455916335767703,0.3,0.0,0.3827155634030412,1.7819141435037391,3.0,0.004649900000003981,0.186147802036805,1.0,3.0,1
4,causal_feedback,F1,combined,0.5,0.1057192487478212,0.21143849749564242,0.5,0.5,0.2901114707052907,1.057192487478212,5.0,0.0043786999995063525,0.186147802036805,1.0,3.0,1
4,causal_feedback,F2,combined,0.0,0.24808403844580154,0.24808403844580154,0.0,0.0,0.3823129588374183,2.4808403844580154,0.0,0.001568399999086978,0.186147802036805,1.0,3.0,1
4,causal_feedback,F2,combined,0.1,0.3051504365608424,0.3390560406231582,0.1,0.0,0.5347827234989195,3.051504365608424,1.0,0.003873800000292249,0.186147802036805,1.0,3.0,1
4,causal_feedback,F2,combined,0.2,0.224728345477553,0.28091043184694126,0.2,0.0,0.3993960855639657,2.24728345477553,2.0,0.007918200000858633,0.186147802036805,1.0,3.0,1
4,causal_feedback,F2,combined,0.3,0.19613273414663673,0.280189620209481,0.3,0.5,0.39116048801976483,1.9613273414663672,3.0,0.010494999998627463,0.186147802036805,1.0,10.0,1
4,causal_feedback,F2,combined,0.5,0.1329014831716118,0.2658029663432236,0.5,1.0,0.3293058561135438,1.329014831716118,5.0,0.020335000001068693,0.186147802036805,1.0,3.0,1
4,causal_feedback,F3,combined,0.0,0.24808403844580154,0.24808403844580154,0.0,0.0,0.3823129588374183,2.4808403844580154,0.0,0.0016493000002810732,0.186147802036805,1.0,3.0,1
4,causal_feedback,F3,combined,0.1,0.2768674424093854,0.3076304915659837,0.1,0.0,0.5161182384471621,2.7686744240938537,1.0,0.004241900000124588,0.186147802036805,1.0,3.0,1
4,causal_feedback,F3,combined,0.2,0.19720481804059026,0.2465060225507378,0.2,0.0,0.39716514354062443,1.9720481804059027,2.0,0.01003130000026431,0.186147802036805,1.0,3.0,1
4,causal_feedback,F3,combined,0.3,0.1765717669928514,0.2522453814183591,0.3,0.5,0.39576836905585805,1.765717669928514,3.0,0.018910000000687432,0.186147802036805,1.0,4.0,1
4,causal_feedback,F3,combined,0.5,0.1281611413006996,0.2563222826013992,0.5,1.0,0.3206394850951854,1.2816114130069962,5.0,0.03633280000030936,0.186147802036805,1.0,4.0,1
4,direct_substitution,F0,combined,0.0,0.24808403844580154,0.24808403844580154,0.0,0.0,0.3823129588374182,2.4808403844580154,0.0,0.0,0.186147802036805,1.0,3.0,1
4,direct_substitution,F0,combined,0.1,0.22335334567855608,0.24817038408728453,0.1,0.0,0.3823129588374182,2.233533456785561,0.0,0.0,0.186147802036805,1.0,3.0,1
4,direct_substitution,F0,combined,0.2,0.21043870080542804,0.2630483760067851,0.2,0.0,0.3823129588374182,2.1043870080542804,0.0,0.0,0.186147802036805,1.0,3.0,1
4,direct_substitution,F0,combined,0.3,0.18597535322812747,0.2656790760401821,0.3,0.0,0.3823129588374182,1.8597535322812748,0.0,0.0,0.186147802036805,1.0,3.0,1
4,direct_substitution,F0,combined,0.5,0.11479697062771144,0.22959394125542287,0.5,0.5,0.3229675291781192,1.1479697062771144,0.0,0.0,0.186147802036805,1.0,3.0,1
4,direct_substitution,F0,disagreement,0.0,0.24808403844580154,0.24808403844580154,0.0,0.0,0.3823129588374182,2.4808403844580154,0.0,0.0,0.186147802036805,1.0,3.0,1
4,direct_substitution,F0,disagreement,0.1,0.22599019366483725,0.2511002151831525,0.1,0.0,0.3823129588374182,2.2599019366483724,0.0,0.0,0.186147802036805,1.0,3.0,1
4,direct_substitution,F0,disagreement,0.2,0.21307554879170923,0.26634443598963653,0.2,0.0,0.3823129588374182,2.1307554879170922,0.0,0.0,0.186147802036805,1.0,3.0,1
4,direct_substitution,F0,disagreement,0.3,0.18597535322812747,0.2656790760401821,0.3,0.0,0.3823129588374182,1.8597535322812748,0.0,0.0,0.186147802036805,1.0,3.0,1
4,direct_substitution,F0,disagreement,0.5,0.11479697062771144,0.22959394125542287,0.5,0.5,0.3229675291781192,1.1479697062771144,0.0,0.0,0.186147802036805,1.0,3.0,1
4,direct_substitution,F0,no_metrology,0.0,0.24808403844580154,0.24808403844580154,0.0,0.0,0.3823129588374182,2.4808403844580154,0.0,0.0,0.186147802036805,1.0,3.0,1
4,direct_substitution,F0,no_metrology,0.1,0.24808403844580154,0.24808403844580154,0.0,0.0,0.3823129588374182,2.4808403844580154,0.0,0.0,0.186147802036805,1.0,3.0,1
4,direct_substitution,F0,no_metrology,0.2,0.24808403844580154,0.24808403844580154,0.0,0.0,0.3823129588374182,2.4808403844580154,0.0,0.0,0.186147802036805,1.0,3.0,1
4,direct_substitution,F0,no_metrology,0.3,0.24808403844580154,0.24808403844580154,0.0,0.0,0.3823129588374182,2.4808403844580154,0.0,0.0,0.186147802036805,1.0,3.0,1
4,direct_substitution,F0,no_metrology,0.5,0.24808403844580154,0.24808403844580154,0.0,0.0,0.3823129588374182,2.4808403844580154,0.0,0.0,0.186147802036805,1.0,3.0,1
4,direct_substitution,F0,ood,0.0,0.24808403844580154,0.24808403844580154,0.0,0.0,0.3823129588374182,2.4808403844580154,0.0,0.0,0.186147802036805,1.0,3.0,1
4,direct_substitution,F0,ood,0.1,0.22599019366483725,0.2511002151831525,0.1,0.0,0.3823129588374182,2.2599019366483724,0.0,0.0,0.186147802036805,1.0,3.0,1
4,direct_substitution,F0,ood,0.2,0.21307554879170923,0.26634443598963653,0.2,0.0,0.3823129588374182,2.1307554879170922,0.0,0.0,0.186147802036805,1.0,3.0,1
4,direct_substitution,F0,ood,0.3,0.18597535322812747,0.2656790760401821,0.3,0.0,0.3823129588374182,1.8597535322812748,0.0,0.0,0.186147802036805,1.0,3.0,1
4,direct_substitution,F0,ood,0.5,0.11479697062771144,0.22959394125542287,0.5,0.5,0.3229675291781192,1.1479697062771144,0.0,0.0,0.186147802036805,1.0,3.0,1
4,direct_substitution,F0,oracle,0.0,0.24808403844580154,0.24808403844580154,0.0,0.0,0.3823129588374182,2.4808403844580154,0.0,0.0,0.186147802036805,1.0,3.0,1
4,direct_substitution,F0,oracle,0.1,0.20757909975301714,0.23064344417001903,0.1,0.5,0.3260097400793488,2.0757909975301714,0.0,0.0,0.186147802036805,1.0,3.0,1
4,direct_substitution,F0,oracle,0.2,0.17212670063588292,0.21515837579485367,0.2,1.0,0.27142556126218426,1.7212670063588291,0.0,0.0,0.186147802036805,1.0,3.0,1
4,direct_substitution,F0,oracle,0.3,0.14301080176141387,0.2043011453734484,0.3,1.0,0.23620917658765497,1.4301080176141387,0.0,0.0,0.186147802036805,1.0,3.0,1
4,direct_substitution,F0,oracle,0.5,0.11442667704647635,0.2288533540929527,0.5,0.5,0.32130120806256124,1.1442667704647635,0.0,0.0,0.186147802036805,1.0,3.0,1
4,direct_substitution,F0,periodic,0.0,0.24808403844580154,0.24808403844580154,0.0,0.0,0.3823129588374182,2.4808403844580154,0.0,0.0,0.186147802036805,1.0,3.0,1
4,direct_substitution,F0,periodic,0.1,0.22599019366483725,0.2511002151831525,0.1,0.0,0.3823129588374182,2.2599019366483724,0.0,0.0,0.186147802036805,1.0,3.0,1
4,direct_substitution,F0,periodic,0.2,0.20372566780532503,0.2546570847566563,0.2,0.0,0.3823129588374182,2.03725667805325,0.0,0.0,0.186147802036805,1.0,3.0,1
4,direct_substitution,F0,periodic,0.3,0.174609768930856,0.24944252704408004,0.3,0.0,0.3823129588374182,1.74609768930856,0.0,0.0,0.186147802036805,1.0,3.0,1
4,direct_substitution,F0,periodic,0.5,0.12888682311975647,0.25777364623951293,0.5,0.0,0.3823129588374182,1.2888682311975648,0.0,0.0,0.186147802036805,1.0,3.0,1
4,direct_substitution,F0,random,0.0,0.24808403844580154,0.24808403844580154,0.0,0.0,0.3823129588374182,2.4808403844580154,0.0,0.0,0.186147802036805,1.0,3.0,100
4,direct_substitution,F0,random,0.1,0.22420976497089168,0.24912196107876852,0.1,0.05,0.37779419566825434,2.2420976497089167,0.0,0.0,0.186147802036805,1.0,3.0,100
4,direct_substitution,F0,random,0.2,0.1982819646966552,0.24785245587081903,0.2,0.22,0.3645039748997958,1.9828196469665522,0.0,0.0,0.186147802036805,1.0,3.0,100
4,direct_substitution,F0,random,0.3,0.1753165900165472,0.25045227145221033,0.3,0.28,0.35779547450238347,1.7531659001654722,0.0,0.0,0.186147802036805,1.0,3.0,100
4,direct_substitution,F0,random,0.5,0.12408818491092591,0.24817636982185184,0.5,0.495,0.3322618309059609,1.2408818491092592,0.0,0.0,0.186147802036805,1.0,3.0,100
4,direct_substitution,F0,validated_combined,0.0,0.24808403844580154,0.24808403844580154,0.0,0.0,0.3823129588374182,2.4808403844580154,0.0,0.0,0.186147802036805,1.0,3.0,1
4,direct_substitution,F0,validated_combined,0.1,0.22335334567855608,0.24817038408728453,0.1,0.0,0.3823129588374182,2.233533456785561,0.0,0.0,0.186147802036805,1.0,3.0,1
4,direct_substitution,F0,validated_combined,0.2,0.21043870080542804,0.2630483760067851,0.2,0.0,0.3823129588374182,2.1043870080542804,0.0,0.0,0.186147802036805,1.0,3.0,1
4,direct_substitution,F0,validated_combined,0.3,0.18597535322812747,0.2656790760401821,0.3,0.0,0.3823129588374182,1.8597535322812748,0.0,0.0,0.186147802036805,1.0,3.0,1
4,direct_substitution,F0,validated_combined,0.5,0.11479697062771144,0.22959394125542287,0.5,0.5,0.3229675291781192,1.1479697062771144,0.0,0.0,0.186147802036805,1.0,3.0,1
4,ranking_only,F0,combined,0.0,0.24808403844580154,0.24808403844580154,0.0,0.0,0.3823129588374182,2.4808403844580154,0.0,0.0,0.186147802036805,1.0,3.0,1
4,ranking_only,F0,combined,0.1,0.22335334567855608,0.24817038408728453,0.1,0.0,0.3823129588374182,2.233533456785561,0.0,0.0,0.186147802036805,1.0,3.0,1
4,ranking_only,F0,combined,0.2,0.19423744680408705,0.24279680850510882,0.2,0.0,0.3823129588374182,1.9423744680408705,0.0,0.0,0.186147802036805,1.0,3.0,1
4,ranking_only,F0,combined,0.3,0.17197292094457484,0.24567560134939262,0.3,0.0,0.3823129588374182,1.7197292094457484,0.0,0.0,0.186147802036805,1.0,3.0,1
4,ranking_only,F0,combined,0.5,0.14093766791301413,0.28187533582602825,0.5,0.0,0.3823129588374182,1.4093766791301412,0.0,0.0,0.186147802036805,1.0,3.0,1
4,ranking_only,F0,disagreement,0.0,0.24808403844580154,0.24808403844580154,0.0,0.0,0.3823129588374182,2.4808403844580154,0.0,0.0,0.186147802036805,1.0,3.0,1
4,ranking_only,F0,disagreement,0.1,0.22335334567855608,0.24817038408728453,0.1,0.0,0.3823129588374182,2.233533456785561,0.0,0.0,0.186147802036805,1.0,3.0,1
4,ranking_only,F0,disagreement,0.2,0.19423744680408705,0.24279680850510882,0.2,0.0,0.3823129588374182,1.9423744680408705,0.0,0.0,0.186147802036805,1.0,3.0,1
4,ranking_only,F0,disagreement,0.3,0.17234321452580992,0.24620459217972845,0.3,0.0,0.3823129588374182,1.7234321452580992,0.0,0.0,0.186147802036805,1.0,3.0,1
4,ranking_only,F0,disagreement,0.5,0.1146262895491635,0.229252579098327,0.5,0.5,0.3221994643246534,1.146262895491635,0.0,0.0,0.186147802036805,1.0,3.0,1
4,ranking_only,F0,no_metrology,0.0,0.24808403844580154,0.24808403844580154,0.0,0.0,0.3823129588374182,2.4808403844580154,0.0,0.0,0.186147802036805,1.0,3.0,1
4,ranking_only,F0,no_metrology,0.1,0.24808403844580154,0.24808403844580154,0.0,0.0,0.3823129588374182,2.4808403844580154,0.0,0.0,0.186147802036805,1.0,3.0,1
4,ranking_only,F0,no_metrology,0.2,0.24808403844580154,0.24808403844580154,0.0,0.0,0.3823129588374182,2.4808403844580154,0.0,0.0,0.186147802036805,1.0,3.0,1
4,ranking_only,F0,no_metrology,0.3,0.24808403844580154,0.24808403844580154,0.0,0.0,0.3823129588374182,2.4808403844580154,0.0,0.0,0.186147802036805,1.0,3.0,1
4,ranking_only,F0,no_metrology,0.5,0.24808403844580154,0.24808403844580154,0.0,0.0,0.3823129588374182,2.4808403844580154,0.0,0.0,0.186147802036805,1.0,3.0,1
4,ranking_only,F0,ood,0.0,0.24808403844580154,0.24808403844580154,0.0,0.0,0.3823129588374182,2.4808403844580154,0.0,0.0,0.186147802036805,1.0,3.0,1
4,ranking_only,F0,ood,0.1,0.22599019366483725,0.2511002151831525,0.1,0.0,0.3823129588374182,2.2599019366483724,0.0,0.0,0.186147802036805,1.0,3.0,1
4,ranking_only,F0,ood,0.2,0.20125950089759184,0.25157437612198974,0.2,0.0,0.3823129588374182,2.0125950089759184,0.0,0.0,0.186147802036805,1.0,3.0,1
4,ranking_only,F0,ood,0.3,0.1789949750380796,0.2557071071972566,0.3,0.0,0.3823129588374182,1.789949750380796,0.0,0.0,0.186147802036805,1.0,3.0,1
4,ranking_only,F0,ood,0.5,0.12036942818686251,0.24073885637372502,0.5,0.5,0.3260097400793488,1.2036942818686251,0.0,0.0,0.186147802036805,1.0,3.0,1
4,ranking_only,F0,oracle,0.0,0.24808403844580154,0.24808403844580154,0.0,0.0,0.3823129588374182,2.4808403844580154,0.0,0.0,0.186147802036805,1.0,3.0,1
4,ranking_only,F0,oracle,0.1,0.20757909975301714,0.23064344417001903,0.1,0.5,0.3260097400793488,2.0757909975301714,0.0,0.0,0.186147802036805,1.0,3.0,1
4,ranking_only,F0,oracle,0.2,0.17212670063588292,0.21515837579485367,0.2,1.0,0.27142556126218426,1.7212670063588291,0.0,0.0,0.186147802036805,1.0,3.0,1
4,ranking_only,F0,oracle,0.3,0.14301080176141387,0.2043011453734484,0.3,1.0,0.23620917658765497,1.4301080176141387,0.0,0.0,0.186147802036805,1.0,3.0,1
4,ranking_only,F0,oracle,0.5,0.09601558313465622,0.19203116626931244,0.5,1.0,0.2200401915475506,0.9601558313465621,0.0,0.0,0.186147802036805,1.0,3.0,1
4,ranking_only,F0,periodic,0.0,0.24808403844580154,0.24808403844580154,0.0,0.0,0.3823129588374182,2.4808403844580154,0.0,0.0,0.186147802036805,1.0,3.0,1
4,ranking_only,F0,periodic,0.1,0.22599019366483725,0.2511002151831525,0.1,0.0,0.3823129588374182,2.2599019366483724,0.0,0.0,0.186147802036805,1.0,3.0,1
4,ranking_only,F0,periodic,0.2,0.20372566780532503,0.2546570847566563,0.2,0.0,0.3823129588374182,2.03725667805325,0.0,0.0,0.186147802036805,1.0,3.0,1
4,ranking_only,F0,periodic,0.3,0.174609768930856,0.24944252704408004,0.3,0.0,0.3823129588374182,1.74609768930856,0.0,0.0,0.186147802036805,1.0,3.0,1
4,ranking_only,F0,periodic,0.5,0.12888682311975647,0.25777364623951293,0.5,0.0,0.3823129588374182,1.2888682311975648,0.0,0.0,0.186147802036805,1.0,3.0,1
4,ranking_only,F0,validated_combined,0.0,0.24808403844580154,0.24808403844580154,0.0,0.0,0.3823129588374182,2.4808403844580154,0.0,0.0,0.186147802036805,1.0,3.0,1
4,ranking_only,F0,validated_combined,0.1,0.22335334567855608,0.24817038408728453,0.1,0.0,0.3823129588374182,2.233533456785561,0.0,0.0,0.186147802036805,1.0,3.0,1
4,ranking_only,F0,validated_combined,0.2,0.19423744680408705,0.24279680850510882,0.2,0.0,0.3823129588374182,1.9423744680408705,0.0,0.0,0.186147802036805,1.0,3.0,1
4,ranking_only,F0,validated_combined,0.3,0.17197292094457484,0.24567560134939262,0.3,0.0,0.3823129588374182,1.7197292094457484,0.0,0.0,0.186147802036805,1.0,3.0,1
4,ranking_only,F0,validated_combined,0.5,0.14093766791301413,0.28187533582602825,0.5,0.0,0.3823129588374182,1.4093766791301412,0.0,0.0,0.186147802036805,1.0,3.0,1
5,causal_feedback,F0,combined,0.0,0.14549729459373517,0.14549729459373517,0.0,0.0,0.2488348676664305,1.4549729459373517,0.0,0.006733100000928971,0.16174439123017387,2.0,1.0,1
5,causal_feedback,F0,combined,0.1,0.13630887877097972,0.15145430974553303,0.1,0.0,0.2488348676664305,1.3630887877097972,0.0,0.007845500000257744,0.16174439123017387,2.0,1.0,1
5,causal_feedback,F0,combined,0.2,0.11038230892549424,0.1379778861568678,0.2,0.5,0.20829969707696055,1.1038230892549423,0.0,0.004459399999177549,0.16174439123017387,2.0,1.0,1
5,causal_feedback,F0,combined,0.3,0.09641281823597955,0.1377325974799708,0.3,0.5,0.20829969707696055,0.9641281823597956,0.0,0.012873400000898982,0.16174439123017387,2.0,1.0,1
5,causal_feedback,F0,combined,0.5,0.07890137645831748,0.15780275291663495,0.5,0.5,0.20829969707696055,0.7890137645831747,0.0,0.008364400000573369,0.16174439123017387,2.0,1.0,1
5,causal_feedback,F1,combined,0.0,0.14549729459373517,0.14549729459373517,0.0,0.0,0.2488348676664305,1.4549729459373517,0.0,0.006312600000455859,0.16174439123017387,2.0,1.0,1
5,causal_feedback,F1,combined,0.1,0.13630887877097972,0.15145430974553303,0.1,0.0,0.2488348676664305,1.3630887877097972,1.0,0.006111200000304962,0.16174439123017387,2.0,1.0,1
5,causal_feedback,F1,combined,0.2,0.11038230892549424,0.1379778861568678,0.2,0.5,0.20829969707696055,1.1038230892549423,2.0,0.002290599999469123,0.16174439123017387,2.0,1.0,1
5,causal_feedback,F1,combined,0.3,0.12111778562280698,0.17302540803258143,0.3,0.5,0.24859704164265423,1.2111778562280697,3.0,0.006833999999798834,0.16174439123017387,2.0,1.0,1
5,causal_feedback,F1,combined,0.5,0.09880296815655457,0.19760593631310913,0.5,0.5,0.24859704164265423,0.9880296815655456,5.0,0.012199400000099558,0.16174439123017387,2.0,1.0,1
5,causal_feedback,F2,combined,0.0,0.14549729459373517,0.14549729459373517,0.0,0.0,0.2488348676664305,1.4549729459373517,0.0,0.0029881000009481795,0.16174439123017387,2.0,1.0,1
5,causal_feedback,F2,combined,0.1,0.13630887877097972,0.15145430974553303,0.1,0.0,0.2488348676664305,1.3630887877097972,1.0,0.009596100000635488,0.16174439123017387,2.0,1.0,1
5,causal_feedback,F2,combined,0.2,0.11038230892549424,0.1379778861568678,0.2,0.5,0.20829969707696055,1.1038230892549423,2.0,0.012450199999875622,0.16174439123017387,2.0,1.0,1
5,causal_feedback,F2,combined,0.3,0.1126244703478001,0.1608921004968573,0.3,0.0,0.22521985391357857,1.126244703478001,3.0,0.018388400001640548,0.16174439123017387,2.0,1.0,1
5,causal_feedback,F2,combined,0.5,0.08873652706319876,0.17747305412639752,0.5,0.0,0.22521985391357857,0.8873652706319877,5.0,0.03676819999964209,0.16174439123017387,2.0,1.0,1
5,causal_feedback,F3,combined,0.0,0.14549729459373517,0.14549729459373517,0.0,0.0,0.2488348676664305,1.4549729459373517,0.0,0.006522000001496053,0.16174439123017387,2.0,1.0,1
5,causal_feedback,F3,combined,0.1,0.13630887877097972,0.15145430974553303,0.1,0.0,0.2488348676664305,1.3630887877097972,1.0,0.012063099999068072,0.16174439123017387,2.0,1.0,1
5,causal_feedback,F3,combined,0.2,0.11038230892549424,0.1379778861568678,0.2,0.5,0.20829969707696055,1.1038230892549423,2.0,0.014294000000518281,0.16174439123017387,2.0,1.0,1
5,causal_feedback,F3,combined,0.3,0.11366665484835936,0.16238093549765623,0.3,0.0,0.22404764381327102,1.1366665484835936,3.0,0.035789800000202376,0.16174439123017387,2.0,1.0,1
5,causal_feedback,F3,combined,0.5,0.08833005579510335,0.1766601115902067,0.5,0.0,0.22404764381327102,0.8833005579510335,5.0,0.058920200001011835,0.16174439123017387,2.0,1.0,1
5,direct_substitution,F0,combined,0.0,0.14549729459373517,0.14549729459373517,0.0,0.0,0.2488348676664305,1.4549729459373517,0.0,0.0,0.16174439123017387,2.0,1.0,1
5,direct_substitution,F0,combined,0.1,0.13630887877097972,0.15145430974553303,0.1,0.0,0.2488348676664305,1.3630887877097972,0.0,0.0,0.16174439123017387,2.0,1.0,1
5,direct_substitution,F0,combined,0.2,0.11038230892549424,0.1379778861568678,0.2,0.5,0.20829969707696055,1.1038230892549423,0.0,0.0,0.16174439123017387,2.0,1.0,1
5,direct_substitution,F0,combined,0.3,0.09641281823597955,0.1377325974799708,0.3,0.5,0.20829969707696055,0.9641281823597956,0.0,0.0,0.16174439123017387,2.0,1.0,1
5,direct_substitution,F0,combined,0.5,0.07890137645831748,0.15780275291663495,0.5,0.5,0.20829969707696055,0.7890137645831747,0.0,0.0,0.16174439123017387,2.0,1.0,1
5,direct_substitution,F0,disagreement,0.0,0.14549729459373517,0.14549729459373517,0.0,0.0,0.2488348676664305,1.4549729459373517,0.0,0.0,0.16174439123017387,2.0,1.0,1
5,direct_substitution,F0,disagreement,0.1,0.13152780390422047,0.14614200433802274,0.1,0.0,0.2488348676664305,1.3152780390422047,0.0,0.0,0.16174439123017387,2.0,1.0,1
5,direct_substitution,F0,disagreement,0.2,0.12233938808146502,0.15292423510183129,0.2,0.0,0.2488348676664305,1.2233938808146503,0.0,0.0,0.16174439123017387,2.0,1.0,1
5,direct_substitution,F0,disagreement,0.3,0.09641281823597955,0.1377325974799708,0.3,0.5,0.20829969707696055,0.9641281823597956,0.0,0.0,0.16174439123017387,2.0,1.0,1
5,direct_substitution,F0,disagreement,0.5,0.07890137645831748,0.15780275291663495,0.5,0.5,0.20829969707696055,0.7890137645831747,0.0,0.0,0.16174439123017387,2.0,1.0,1
5,direct_substitution,F0,no_metrology,0.0,0.14549729459373517,0.14549729459373517,0.0,0.0,0.2488348676664305,1.4549729459373517,0.0,0.0,0.16174439123017387,2.0,1.0,1
5,direct_substitution,F0,no_metrology,0.1,0.14549729459373517,0.14549729459373517,0.0,0.0,0.2488348676664305,1.4549729459373517,0.0,0.0,0.16174439123017387,2.0,1.0,1
5,direct_substitution,F0,no_metrology,0.2,0.14549729459373517,0.14549729459373517,0.0,0.0,0.2488348676664305,1.4549729459373517,0.0,0.0,0.16174439123017387,2.0,1.0,1
5,direct_substitution,F0,no_metrology,0.3,0.14549729459373517,0.14549729459373517,0.0,0.0,0.2488348676664305,1.4549729459373517,0.0,0.0,0.16174439123017387,2.0,1.0,1
5,direct_substitution,F0,no_metrology,0.5,0.14549729459373517,0.14549729459373517,0.0,0.0,0.2488348676664305,1.4549729459373517,0.0,0.0,0.16174439123017387,2.0,1.0,1
5,direct_substitution,F0,ood,0.0,0.14549729459373517,0.14549729459373517,0.0,0.0,0.2488348676664305,1.4549729459373517,0.0,0.0,0.16174439123017387,2.0,1.0,1
5,direct_substitution,F0,ood,0.1,0.13152780390422047,0.14614200433802274,0.1,0.0,0.2488348676664305,1.3152780390422047,0.0,0.0,0.16174439123017387,2.0,1.0,1
5,direct_substitution,F0,ood,0.2,0.12233938808146502,0.15292423510183129,0.2,0.0,0.2488348676664305,1.2233938808146503,0.0,0.0,0.16174439123017387,2.0,1.0,1
5,direct_substitution,F0,ood,0.3,0.09641281823597955,0.1377325974799708,0.3,0.5,0.20829969707696055,0.9641281823597956,0.0,0.0,0.16174439123017387,2.0,1.0,1
5,direct_substitution,F0,ood,0.5,0.07890137645831748,0.15780275291663495,0.5,0.5,0.20829969707696055,0.7890137645831747,0.0,0.0,0.16174439123017387,2.0,1.0,1
5,direct_substitution,F0,oracle,0.0,0.14549729459373517,0.14549729459373517,0.0,0.0,0.2488348676664305,1.4549729459373517,0.0,0.0,0.16174439123017387,2.0,1.0,1
5,direct_substitution,F0,oracle,0.1,0.12188868714567729,0.1354318746063081,0.1,0.5,0.2210484902628124,1.2188868714567729,0.0,0.0,0.16174439123017387,2.0,1.0,1
5,direct_substitution,F0,oracle,0.2,0.10445483023175677,0.13056853778969596,0.2,0.5,0.21493804836440372,1.0445483023175677,0.0,0.0,0.16174439123017387,2.0,1.0,1
5,direct_substitution,F0,oracle,0.3,0.07988613636369543,0.11412305194813632,0.3,1.0,0.15874892112937888,0.7988613636369543,0.0,0.0,0.16174439123017387,2.0,1.0,1
5,direct_substitution,F0,oracle,0.5,0.05942058459448625,0.1188411691889725,0.5,0.5,0.18238402875052867,0.5942058459448625,0.0,0.0,0.16174439123017387,2.0,1.0,1
5,direct_substitution,F0,periodic,0.0,0.14549729459373517,0.14549729459373517,0.0,0.0,0.2488348676664305,1.4549729459373517,0.0,0.0,0.16174439123017387,2.0,1.0,1
5,direct_substitution,F0,periodic,0.1,0.13152780390422047,0.14614200433802274,0.1,0.0,0.2488348676664305,1.3152780390422047,0.0,0.0,0.16174439123017387,2.0,1.0,1
5,direct_substitution,F0,periodic,0.2,0.12233938808146502,0.15292423510183129,0.2,0.0,0.2488348676664305,1.2233938808146503,0.0,0.0,0.16174439123017387,2.0,1.0,1
5,direct_substitution,F0,periodic,0.3,0.11223127642966912,0.16033039489952733,0.3,0.0,0.2488348676664305,1.1223127642966912,0.0,0.0,0.16174439123017387,2.0,1.0,1
5,direct_substitution,F0,periodic,0.5,0.08788564530779047,0.17577129061558094,0.5,0.0,0.2488348676664305,0.8788564530779047,0.0,0.0,0.16174439123017387,2.0,1.0,1
5,direct_substitution,F0,random,0.0,0.14549729459373517,0.14549729459373517,0.0,0.0,0.24883486766643054,1.4549729459373517,0.0,0.0,0.16174439123017387,2.0,1.0,100
5,direct_substitution,F0,random,0.1,0.13260521022652988,0.14733912247392209,0.1,0.075,0.24415695932845372,1.3260521022652987,0.0,0.0,0.16174439123017387,2.0,1.0,100
5,direct_substitution,F0,random,0.2,0.11693092643043855,0.14616365803804818,0.2,0.21,0.23380798562609484,1.1693092643043854,0.0,0.0,0.16174439123017387,2.0,1.0,100
5,direct_substitution,F0,random,0.3,0.100316359583731,0.14330908511961568,0.3,0.38,0.21974797289092454,1.00316359583731,0.0,0.0,0.16174439123017387,2.0,1.0,100
5,direct_substitution,F0,random,0.5,0.07534369077982248,0.15068738155964495,0.5,0.48,0.20762822727570898,0.7534369077982248,0.0,0.0,0.16174439123017387,2.0,1.0,100
5,direct_substitution,F0,validated_combined,0.0,0.14549729459373517,0.14549729459373517,0.0,0.0,0.2488348676664305,1.4549729459373517,0.0,0.0,0.16174439123017387,2.0,1.0,1
5,direct_substitution,F0,validated_combined,0.1,0.13630887877097972,0.15145430974553303,0.1,0.0,0.2488348676664305,1.3630887877097972,0.0,0.0,0.16174439123017387,2.0,1.0,1
5,direct_substitution,F0,validated_combined,0.2,0.11038230892549424,0.1379778861568678,0.2,0.5,0.20829969707696055,1.1038230892549423,0.0,0.0,0.16174439123017387,2.0,1.0,1
5,direct_substitution,F0,validated_combined,0.3,0.09641281823597955,0.1377325974799708,0.3,0.5,0.20829969707696055,0.9641281823597956,0.0,0.0,0.16174439123017387,2.0,1.0,1
5,direct_substitution,F0,validated_combined,0.5,0.07890137645831748,0.15780275291663495,0.5,0.5,0.20829969707696055,0.7890137645831747,0.0,0.0,0.16174439123017387,2.0,1.0,1
5,ranking_only,F0,combined,0.0,0.14549729459373517,0.14549729459373517,0.0,0.0,0.2488348676664305,1.4549729459373517,0.0,0.0,0.16174439123017387,2.0,1.0,1
5,ranking_only,F0,combined,0.1,0.13152780390422047,0.14614200433802274,0.1,0.0,0.2488348676664305,1.3152780390422047,0.0,0.0,0.16174439123017387,2.0,1.0,1
5,ranking_only,F0,combined,0.2,0.105601234058735,0.13200154257341876,0.2,0.5,0.20829969707696055,1.05601234058735,0.0,0.0,0.16174439123017387,2.0,1.0,1
5,ranking_only,F0,combined,0.3,0.08199262661067713,0.11713232372953876,0.3,1.0,0.16822812724079653,0.8199262661067713,0.0,0.0,0.16174439123017387,2.0,1.0,1
5,ranking_only,F0,combined,0.5,0.06269609913612577,0.12539219827225154,0.5,1.0,0.16822812724079653,0.6269609913612577,0.0,0.0,0.16174439123017387,2.0,1.0,1
5,ranking_only,F0,disagreement,0.0,0.14549729459373517,0.14549729459373517,0.0,0.0,0.2488348676664305,1.4549729459373517,0.0,0.0,0.16174439123017387,2.0,1.0,1
5,ranking_only,F0,disagreement,0.1,0.13152780390422047,0.14614200433802274,0.1,0.0,0.2488348676664305,1.3152780390422047,0.0,0.0,0.16174439123017387,2.0,1.0,1
5,ranking_only,F0,disagreement,0.2,0.12233938808146502,0.15292423510183129,0.2,0.0,0.2488348676664305,1.2233938808146503,0.0,0.0,0.16174439123017387,2.0,1.0,1
5,ranking_only,F0,disagreement,0.3,0.09873078063340718,0.14104397233343882,0.3,0.5,0.2210484902628124,0.9873078063340718,0.0,0.0,0.16174439123017387,2.0,1.0,1
5,ranking_only,F0,disagreement,0.5,0.05672822985142532,0.11345645970285063,0.5,1.0,0.15290486528880617,0.5672822985142532,0.0,0.0,0.16174439123017387,2.0,1.0,1
5,ranking_only,F0,no_metrology,0.0,0.14549729459373517,0.14549729459373517,0.0,0.0,0.2488348676664305,1.4549729459373517,0.0,0.0,0.16174439123017387,2.0,1.0,1
5,ranking_only,F0,no_metrology,0.1,0.14549729459373517,0.14549729459373517,0.0,0.0,0.2488348676664305,1.4549729459373517,0.0,0.0,0.16174439123017387,2.0,1.0,1
5,ranking_only,F0,no_metrology,0.2,0.14549729459373517,0.14549729459373517,0.0,0.0,0.2488348676664305,1.4549729459373517,0.0,0.0,0.16174439123017387,2.0,1.0,1
5,ranking_only,F0,no_metrology,0.3,0.14549729459373517,0.14549729459373517,0.0,0.0,0.2488348676664305,1.4549729459373517,0.0,0.0,0.16174439123017387,2.0,1.0,1
5,ranking_only,F0,no_metrology,0.5,0.14549729459373517,0.14549729459373517,0.0,0.0,0.2488348676664305,1.4549729459373517,0.0,0.0,0.16174439123017387,2.0,1.0,1
5,ranking_only,F0,ood,0.0,0.14549729459373517,0.14549729459373517,0.0,0.0,0.2488348676664305,1.4549729459373517,0.0,0.0,0.16174439123017387,2.0,1.0,1
5,ranking_only,F0,ood,0.1,0.13152780390422047,0.14614200433802274,0.1,0.0,0.2488348676664305,1.3152780390422047,0.0,0.0,0.16174439123017387,2.0,1.0,1
5,ranking_only,F0,ood,0.2,0.105601234058735,0.13200154257341876,0.2,0.5,0.20829969707696055,1.05601234058735,0.0,0.0,0.16174439123017387,2.0,1.0,1
5,ranking_only,F0,ood,0.3,0.08199262661067713,0.11713232372953876,0.3,1.0,0.16822812724079653,0.8199262661067713,0.0,0.0,0.16174439123017387,2.0,1.0,1
5,ranking_only,F0,ood,0.5,0.06269609913612577,0.12539219827225154,0.5,1.0,0.16822812724079653,0.6269609913612577,0.0,0.0,0.16174439123017387,2.0,1.0,1
5,ranking_only,F0,oracle,0.0,0.14549729459373517,0.14549729459373517,0.0,0.0,0.2488348676664305,1.4549729459373517,0.0,0.0,0.16174439123017387,2.0,1.0,1
5,ranking_only,F0,oracle,0.1,0.11957072474824967,0.13285636083138852,0.1,0.5,0.20829969707696055,1.1957072474824968,0.0,0.0,0.16174439123017387,2.0,1.0,1
5,ranking_only,F0,oracle,0.2,0.0959621173001918,0.11995264662523977,0.2,1.0,0.16822812724079653,0.9596211730019181,0.0,0.0,0.16174439123017387,2.0,1.0,1
5,ranking_only,F0,oracle,0.3,0.07852826038627128,0.1121832291232447,0.3,1.0,0.1512806032535461,0.7852826038627129,0.0,0.0,0.16174439123017387,2.0,1.0,1
5,ranking_only,F0,oracle,0.5,0.04848278876026023,0.09696557752052049,0.5,1.0,0.12222615166228575,0.4848278876026023,0.0,0.0,0.16174439123017387,2.0,1.0,1
5,ranking_only,F0,periodic,0.0,0.14549729459373517,0.14549729459373517,0.0,0.0,0.2488348676664305,1.4549729459373517,0.0,0.0,0.16174439123017387,2.0,1.0,1
5,ranking_only,F0,periodic,0.1,0.13152780390422047,0.14614200433802274,0.1,0.0,0.2488348676664305,1.3152780390422047,0.0,0.0,0.16174439123017387,2.0,1.0,1
5,ranking_only,F0,periodic,0.2,0.12233938808146502,0.15292423510183129,0.2,0.0,0.2488348676664305,1.2233938808146503,0.0,0.0,0.16174439123017387,2.0,1.0,1
5,ranking_only,F0,periodic,0.3,0.11223127642966912,0.16033039489952733,0.3,0.0,0.2488348676664305,1.1223127642966912,0.0,0.0,0.16174439123017387,2.0,1.0,1
5,ranking_only,F0,periodic,0.5,0.08788564530779047,0.17577129061558094,0.5,0.0,0.2488348676664305,0.8788564530779047,0.0,0.0,0.16174439123017387,2.0,1.0,1
5,ranking_only,F0,validated_combined,0.0,0.14549729459373517,0.14549729459373517,0.0,0.0,0.2488348676664305,1.4549729459373517,0.0,0.0,0.16174439123017387,2.0,1.0,1
5,ranking_only,F0,validated_combined,0.1,0.13152780390422047,0.14614200433802274,0.1,0.0,0.2488348676664305,1.3152780390422047,0.0,0.0,0.16174439123017387,2.0,1.0,1
5,ranking_only,F0,validated_combined,0.2,0.105601234058735,0.13200154257341876,0.2,0.5,0.20829969707696055,1.05601234058735,0.0,0.0,0.16174439123017387,2.0,1.0,1
5,ranking_only,F0,validated_combined,0.3,0.08199262661067713,0.11713232372953876,0.3,1.0,0.16822812724079653,0.8199262661067713,0.0,0.0,0.16174439123017387,2.0,1.0,1
5,ranking_only,F0,validated_combined,0.5,0.06269609913612577,0.12539219827225154,0.5,1.0,0.16822812724079653,0.6269609913612577,0.0,0.0,0.16174439123017387,2.0,1.0,1
6,causal_feedback,F0,combined,0.0,0.21551217499757686,0.21551217499757686,0.0,0.0,0.4565296810215315,2.1551217499757684,0.0,0.008115800001178286,0.167579708065615,3.0,2.0,1
6,causal_feedback,F0,combined,0.1,0.20811050561842404,0.23123389513158227,0.1,0.0,0.4565296810215315,2.0811050561842404,0.0,0.009559899999658228,0.167579708065615,3.0,2.0,1
6,causal_feedback,F0,combined,0.2,0.19596380899363053,0.24495476124203816,0.2,0.0,0.4565296810215315,1.9596380899363053,0.0,0.008891100000255392,0.167579708065615,3.0,2.0,1
6,causal_feedback,F0,combined,0.3,0.18635092056204092,0.26621560080291556,0.3,0.0,0.4565296810215315,1.8635092056204092,0.0,0.007182700001067133,0.167579708065615,3.0,2.0,1
6,causal_feedback,F0,combined,0.5,0.1285991814354049,0.25719836287080977,0.5,0.0,0.4565296810215315,1.2859918143540492,0.0,0.0030850000002828892,0.167579708065615,3.0,2.0,1
6,causal_feedback,F1,combined,0.0,0.21551217499757686,0.21551217499757686,0.0,0.0,0.4565296810215315,2.1551217499757684,0.0,0.006468600000516744,0.167579708065615,3.0,2.0,1
6,causal_feedback,F1,combined,0.1,0.20811050561842404,0.23123389513158227,0.1,0.0,0.4565296810215315,2.0811050561842404,1.0,0.009961600000679027,0.167579708065615,3.0,2.0,1
6,causal_feedback,F1,combined,0.2,0.19596380899363053,0.24495476124203816,0.2,0.0,0.4565296810215315,1.9596380899363053,2.0,0.005769299999883515,0.167579708065615,3.0,2.0,1
6,causal_feedback,F1,combined,0.3,0.17413746346205872,0.24876780494579812,0.3,0.0,0.43855869577211165,1.7413746346205872,3.0,0.005996099998810678,0.167579708065615,3.0,2.0,1
6,causal_feedback,F1,combined,0.5,0.11600561648290822,0.23201123296581644,0.5,0.0,0.43855869577211165,1.1600561648290821,5.0,0.005560100000366219,0.167579708065615,3.0,2.0,1
6,causal_feedback,F2,combined,0.0,0.21551217499757686,0.21551217499757686,0.0,0.0,0.4565296810215315,2.1551217499757684,0.0,0.00870059999942896,0.167579708065615,3.0,2.0,1
6,causal_feedback,F2,combined,0.1,0.20811050561842404,0.23123389513158227,0.1,0.0,0.4565296810215315,2.0811050561842404,1.0,0.012785099999746308,0.167579708065615,3.0,2.0,1
6,causal_feedback,F2,combined,0.2,0.19596380899363053,0.24495476124203816,0.2,0.0,0.4565296810215315,1.9596380899363053,2.0,0.015293000000383472,0.167579708065615,3.0,2.0,1
6,causal_feedback,F2,combined,0.3,0.17840561799199828,0.2548651685599975,0.3,0.0,0.4459738170032626,1.7840561799199828,3.0,0.014950500000850298,0.167579708065615,3.0,2.0,1
6,causal_feedback,F2,combined,0.5,0.11686220059723115,0.23372440119446228,0.5,0.0,0.4459738170032626,1.1686220059723116,5.0,0.017169299999295617,0.167579708065615,3.0,2.0,1
6,causal_feedback,F3,combined,0.0,0.21551217499757686,0.21551217499757686,0.0,0.0,0.4565296810215315,2.1551217499757684,0.0,0.02491339999869524,0.167579708065615,3.0,2.0,1
6,causal_feedback,F3,combined,0.1,0.20811050561842404,0.23123389513158227,0.1,0.0,0.4565296810215315,2.0811050561842404,1.0,0.01744670000152837,0.167579708065615,3.0,2.0,1
6,causal_feedback,F3,combined,0.2,0.19596380899363053,0.24495476124203816,0.2,0.0,0.4565296810215315,1.9596380899363053,2.0,0.020019499999762047,0.167579708065615,3.0,2.0,1
6,causal_feedback,F3,combined,0.3,0.17838408793258098,0.25483441133225854,0.3,0.0,0.4459738170032624,1.7838408793258098,3.0,0.017101699999329867,0.167579708065615,3.0,2.0,1
6,causal_feedback,F3,combined,0.5,0.11658802030229871,0.23317604060459737,0.5,0.0,0.4459738170032624,1.1658802030229871,5.0,0.02619339999910153,0.167579708065615,3.0,2.0,1
6,direct_substitution,F0,combined,0.0,0.21551217499757724,0.21551217499757724,0.0,0.0,0.4565296810215315,2.1551217499757724,0.0,0.0,0.167579708065615,3.0,2.0,1
6,direct_substitution,F0,combined,0.1,0.20811050561842442,0.2312338951315827,0.1,0.0,0.4565296810215315,2.0811050561842444,0.0,0.0,0.167579708065615,3.0,2.0,1
6,direct_substitution,F0,combined,0.2,0.19596380899363092,0.24495476124203866,0.2,0.0,0.4565296810215315,1.9596380899363093,0.0,0.0,0.167579708065615,3.0,2.0,1
6,direct_substitution,F0,combined,0.3,0.18635092056204092,0.26621560080291556,0.3,0.0,0.4565296810215315,1.8635092056204092,0.0,0.0,0.167579708065615,3.0,2.0,1
6,direct_substitution,F0,combined,0.5,0.1285991814354049,0.25719836287080977,0.5,0.0,0.4565296810215315,1.2859918143540492,0.0,0.0,0.167579708065615,3.0,2.0,1
6,direct_substitution,F0,disagreement,0.0,0.21551217499757724,0.21551217499757724,0.0,0.0,0.4565296810215315,2.1551217499757724,0.0,0.0,0.167579708065615,3.0,2.0,1
6,direct_substitution,F0,disagreement,0.1,0.19530692523046705,0.21700769470051895,0.1,0.0,0.4565296810215315,1.9530692523046707,0.0,0.0,0.167579708065615,3.0,2.0,1
6,direct_substitution,F0,disagreement,0.2,0.18569403679887705,0.23211754599859633,0.2,0.0,0.4565296810215315,1.8569403679887706,0.0,0.0,0.167579708065615,3.0,2.0,1
6,direct_substitution,F0,disagreement,0.3,0.1481475474393512,0.2116393534847874,0.3,0.0,0.4565296810215315,1.4814754743935121,0.0,0.0,0.167579708065615,3.0,2.0,1
6,direct_substitution,F0,disagreement,0.5,0.08386288050404786,0.16772576100809572,0.5,0.5,0.2809385334733258,0.8386288050404785,0.0,0.0,0.167579708065615,3.0,2.0,1
6,direct_substitution,F0,no_metrology,0.0,0.21551217499757724,0.21551217499757724,0.0,0.0,0.4565296810215315,2.1551217499757724,0.0,0.0,0.167579708065615,3.0,2.0,1
6,direct_substitution,F0,no_metrology,0.1,0.21551217499757724,0.21551217499757724,0.0,0.0,0.4565296810215315,2.1551217499757724,0.0,0.0,0.167579708065615,3.0,2.0,1
6,direct_substitution,F0,no_metrology,0.2,0.21551217499757724,0.21551217499757724,0.0,0.0,0.4565296810215315,2.1551217499757724,0.0,0.0,0.167579708065615,3.0,2.0,1
6,direct_substitution,F0,no_metrology,0.3,0.21551217499757724,0.21551217499757724,0.0,0.0,0.4565296810215315,2.1551217499757724,0.0,0.0,0.167579708065615,3.0,2.0,1
6,direct_substitution,F0,no_metrology,0.5,0.21551217499757724,0.21551217499757724,0.0,0.0,0.4565296810215315,2.1551217499757724,0.0,0.0,0.167579708065615,3.0,2.0,1
6,direct_substitution,F0,ood,0.0,0.21551217499757724,0.21551217499757724,0.0,0.0,0.4565296810215315,2.1551217499757724,0.0,0.0,0.167579708065615,3.0,2.0,1
6,direct_substitution,F0,ood,0.1,0.20589928656598722,0.22877698507331912,0.1,0.0,0.4565296810215315,2.058992865659872,0.0,0.0,0.167579708065615,3.0,2.0,1
6,direct_substitution,F0,ood,0.2,0.16835279720646137,0.2104409965080767,0.2,0.0,0.4565296810215315,1.6835279720646137,0.0,0.0,0.167579708065615,3.0,2.0,1
6,direct_substitution,F0,ood,0.3,0.13062594291452195,0.1866084898778885,0.3,0.5,0.37768246065979966,1.3062594291452194,0.0,0.0,0.167579708065615,3.0,2.0,1
6,direct_substitution,F0,ood,0.5,0.09928544287388084,0.19857088574776172,0.5,0.5,0.2984213225576624,0.9928544287388085,0.0,0.0,0.167579708065615,3.0,2.0,1
6,direct_substitution,F0,oracle,0.0,0.21551217499757724,0.21551217499757724,0.0,0.0,0.4565296810215315,2.1551217499757724,0.0,0.0,0.167579708065615,3.0,2.0,1
6,direct_substitution,F0,oracle,0.1,0.16337420468706737,0.18152689409674153,0.1,0.5,0.37645690072353316,1.6337420468706736,0.0,0.0,0.167579708065615,3.0,2.0,1
6,direct_substitution,F0,oracle,0.2,0.1258277153275415,0.1572846441594269,0.2,0.5,0.2984213225576624,1.2582771532754151,0.0,0.0,0.167579708065615,3.0,2.0,1
6,direct_substitution,F0,oracle,0.3,0.0881008610356021,0.125858372908003,0.3,1.0,0.18456970858676505,0.881008610356021,0.0,0.0,0.167579708065615,3.0,2.0,1
6,direct_substitution,F0,oracle,0.5,0.08533433951738725,0.17066867903477453,0.5,0.5,0.2809385334733258,0.8533433951738726,0.0,0.0,0.167579708065615,3.0,2.0,1
6,direct_substitution,F0,periodic,0.0,0.21551217499757724,0.21551217499757724,0.0,0.0,0.4565296810215315,2.1551217499757724,0.0,0.0,0.167579708065615,3.0,2.0,1
6,direct_substitution,F0,periodic,0.1,0.20589928656598722,0.22877698507331912,0.1,0.0,0.4565296810215315,2.058992865659872,0.0,0.0,0.167579708065615,3.0,2.0,1
6,direct_substitution,F0,periodic,0.2,0.1984976171868344,0.248122021483543,0.2,0.0,0.4565296810215315,1.984976171868344,0.0,0.0,0.167579708065615,3.0,2.0,1
6,direct_substitution,F0,periodic,0.3,0.18896990254391657,0.26995700363416647,0.3,0.0,0.4565296810215315,1.8896990254391657,0.0,0.0,0.167579708065615,3.0,2.0,1
6,direct_substitution,F0,periodic,0.5,0.1205117467072602,0.24102349341452042,0.5,0.5,0.37645690072353316,1.205117467072602,0.0,0.0,0.167579708065615,3.0,2.0,1
6,direct_substitution,F0,random,0.0,0.21551217499757727,0.21551217499757727,0.0,0.0,0.4565296810215315,2.1551217499757724,0.0,0.0,0.16757970806561504,3.0,2.0,100
6,direct_substitution,F0,random,0.1,0.19819503824700824,0.22021670916334252,0.1,0.08,0.4516441499840655,1.9819503824700826,0.0,0.0,0.16757970806561504,3.0,2.0,100
6,direct_substitution,F0,random,0.2,0.17945489061468972,0.22431861326836217,0.2,0.125,0.44369401077367493,1.794548906146897,0.0,0.0,0.16757970806561504,3.0,2.0,100
6,direct_substitution,F0,random,0.3,0.15921053736778443,0.22744362481112063,0.3,0.255,0.42782120200094803,1.5921053736778443,0.0,0.0,0.16757970806561504,3.0,2.0,100
6,direct_substitution,F0,random,0.5,0.11269901617521945,0.2253980323504389,0.5,0.41,0.37234467202107546,1.1269901617521945,0.0,0.0,0.16757970806561504,3.0,2.0,100
6,direct_substitution,F0,validated_combined,0.0,0.21551217499757724,0.21551217499757724,0.0,0.0,0.4565296810215315,2.1551217499757724,0.0,0.0,0.167579708065615,3.0,2.0,1
6,direct_substitution,F0,validated_combined,0.1,0.20811050561842442,0.2312338951315827,0.1,0.0,0.4565296810215315,2.0811050561842444,0.0,0.0,0.167579708065615,3.0,2.0,1
6,direct_substitution,F0,validated_combined,0.2,0.19596380899363092,0.24495476124203866,0.2,0.0,0.4565296810215315,1.9596380899363093,0.0,0.0,0.167579708065615,3.0,2.0,1
6,direct_substitution,F0,validated_combined,0.3,0.18635092056204092,0.26621560080291556,0.3,0.0,0.4565296810215315,1.8635092056204092,0.0,0.0,0.167579708065615,3.0,2.0,1
6,direct_substitution,F0,validated_combined,0.5,0.1285991814354049,0.25719836287080977,0.5,0.0,0.4565296810215315,1.2859918143540492,0.0,0.0,0.167579708065615,3.0,2.0,1
6,ranking_only,F0,combined,0.0,0.21551217499757724,0.21551217499757724,0.0,0.0,0.4565296810215315,2.1551217499757724,0.0,0.0,0.167579708065615,3.0,2.0,1
6,ranking_only,F0,combined,0.1,0.20589928656598722,0.22877698507331912,0.1,0.0,0.4565296810215315,2.058992865659872,0.0,0.0,0.167579708065615,3.0,2.0,1
6,ranking_only,F0,combined,0.2,0.19301282990209592,0.24126603737761992,0.2,0.0,0.4565296810215315,1.9301282990209592,0.0,0.0,0.167579708065615,3.0,2.0,1
6,ranking_only,F0,combined,0.3,0.17280758013498576,0.24686797162140822,0.3,0.0,0.4565296810215315,1.7280758013498576,0.0,0.0,0.167579708065615,3.0,2.0,1
6,ranking_only,F0,combined,0.5,0.1278594213963071,0.2557188427926142,0.5,0.0,0.4565296810215315,1.278594213963071,0.0,0.0,0.167579708065615,3.0,2.0,1
6,ranking_only,F0,disagreement,0.0,0.21551217499757724,0.21551217499757724,0.0,0.0,0.4565296810215315,2.1551217499757724,0.0,0.0,0.167579708065615,3.0,2.0,1
6,ranking_only,F0,disagreement,0.1,0.19530692523046705,0.21700769470051895,0.1,0.0,0.4565296810215315,1.9530692523046707,0.0,0.0,0.167579708065615,3.0,2.0,1
6,ranking_only,F0,disagreement,0.2,0.1824204685665758,0.22802558570821974,0.2,0.0,0.4565296810215315,1.8242046856657579,0.0,0.0,0.167579708065615,3.0,2.0,1
6,ranking_only,F0,disagreement,0.3,0.17280758013498576,0.24686797162140822,0.3,0.0,0.4565296810215315,1.7280758013498576,0.0,0.0,0.167579708065615,3.0,2.0,1
6,ranking_only,F0,disagreement,0.5,0.12311439415066643,0.24622878830133285,0.5,0.0,0.4565296810215315,1.2311439415066643,0.0,0.0,0.167579708065615,3.0,2.0,1
6,ranking_only,F0,no_metrology,0.0,0.21551217499757724,0.21551217499757724,0.0,0.0,0.4565296810215315,2.1551217499757724,0.0,0.0,0.167579708065615,3.0,2.0,1
6,ranking_only,F0,no_metrology,0.1,0.21551217499757724,0.21551217499757724,0.0,0.0,0.4565296810215315,2.1551217499757724,0.0,0.0,0.167579708065615,3.0,2.0,1
6,ranking_only,F0,no_metrology,0.2,0.21551217499757724,0.21551217499757724,0.0,0.0,0.4565296810215315,2.1551217499757724,0.0,0.0,0.167579708065615,3.0,2.0,1
6,ranking_only,F0,no_metrology,0.3,0.21551217499757724,0.21551217499757724,0.0,0.0,0.4565296810215315,2.1551217499757724,0.0,0.0,0.167579708065615,3.0,2.0,1
6,ranking_only,F0,no_metrology,0.5,0.21551217499757724,0.21551217499757724,0.0,0.0,0.4565296810215315,2.1551217499757724,0.0,0.0,0.167579708065615,3.0,2.0,1
6,ranking_only,F0,ood,0.0,0.21551217499757724,0.21551217499757724,0.0,0.0,0.4565296810215315,2.1551217499757724,0.0,0.0,0.167579708065615,3.0,2.0,1
6,ranking_only,F0,ood,0.1,0.20589928656598722,0.22877698507331912,0.1,0.0,0.4565296810215315,2.058992865659872,0.0,0.0,0.167579708065615,3.0,2.0,1
6,ranking_only,F0,ood,0.2,0.1681724322740478,0.21021554034255974,0.2,0.5,0.45571803882567036,1.681724322740478,0.0,0.0,0.167579708065615,3.0,2.0,1
6,ranking_only,F0,ood,0.3,0.13062594291452195,0.1866084898778885,0.3,0.5,0.37768246065979966,1.3062594291452194,0.0,0.0,0.167579708065615,3.0,2.0,1
6,ranking_only,F0,ood,0.5,0.09753423648352048,0.19506847296704097,0.5,0.5,0.36019967157546307,0.9753423648352049,0.0,0.0,0.167579708065615,3.0,2.0,1
6,ranking_only,F0,oracle,0.0,0.21551217499757724,0.21551217499757724,0.0,0.0,0.4565296810215315,2.1551217499757724,0.0,0.0,0.167579708065615,3.0,2.0,1
6,ranking_only,F0,oracle,0.1,0.16337420468706737,0.18152689409674153,0.1,0.5,0.37645690072353316,1.6337420468706736,0.0,0.0,0.167579708065615,3.0,2.0,1
6,ranking_only,F0,oracle,0.2,0.12564735039512792,0.15705918799390994,0.2,1.0,0.29742931542938766,1.2564735039512793,0.0,0.0,0.167579708065615,3.0,2.0,1
6,ranking_only,F0,oracle,0.3,0.0881008610356021,0.125858372908003,0.3,1.0,0.18456970858676505,0.881008610356021,0.0,0.0,0.167579708065615,3.0,2.0,1
6,ranking_only,F0,oracle,0.5,0.05157542574234545,0.1031508514846909,0.5,1.0,0.12553564646297277,0.5157542574234545,0.0,0.0,0.167579708065615,3.0,2.0,1
6,ranking_only,F0,periodic,0.0,0.21551217499757724,0.21551217499757724,0.0,0.0,0.4565296810215315,2.1551217499757724,0.0,0.0,0.167579708065615,3.0,2.0,1
6,ranking_only,F0,periodic,0.1,0.20589928656598722,0.22877698507331912,0.1,0.0,0.4565296810215315,2.058992865659872,0.0,0.0,0.167579708065615,3.0,2.0,1
6,ranking_only,F0,periodic,0.2,0.1984976171868344,0.248122021483543,0.2,0.0,0.4565296810215315,1.984976171868344,0.0,0.0,0.167579708065615,3.0,2.0,1
6,ranking_only,F0,periodic,0.3,0.18896990254391657,0.26995700363416647,0.3,0.0,0.4565296810215315,1.8896990254391657,0.0,0.0,0.167579708065615,3.0,2.0,1
6,ranking_only,F0,periodic,0.5,0.1205117467072602,0.24102349341452042,0.5,0.5,0.37645690072353316,1.205117467072602,0.0,0.0,0.167579708065615,3.0,2.0,1
6,ranking_only,F0,validated_combined,0.0,0.21551217499757724,0.21551217499757724,0.0,0.0,0.4565296810215315,2.1551217499757724,0.0,0.0,0.167579708065615,3.0,2.0,1
6,ranking_only,F0,validated_combined,0.1,0.20589928656598722,0.22877698507331912,0.1,0.0,0.4565296810215315,2.058992865659872,0.0,0.0,0.167579708065615,3.0,2.0,1
6,ranking_only,F0,validated_combined,0.2,0.19301282990209592,0.24126603737761992,0.2,0.0,0.4565296810215315,1.9301282990209592,0.0,0.0,0.167579708065615,3.0,2.0,1
6,ranking_only,F0,validated_combined,0.3,0.17280758013498576,0.24686797162140822,0.3,0.0,0.4565296810215315,1.7280758013498576,0.0,0.0,0.167579708065615,3.0,2.0,1
6,ranking_only,F0,validated_combined,0.5,0.1278594213963071,0.2557188427926142,0.5,0.0,0.4565296810215315,1.278594213963071,0.0,0.0,0.167579708065615,3.0,2.0,1
7,causal_feedback,F0,combined,0.0,0.15582837808654978,0.15582837808654978,0.0,0.0,0.2835998001783384,0.9349702685192987,0.0,0.0011462999991636025,0.19884624143110852,3.0,1.0,1
7,causal_feedback,F0,combined,0.1,0.1346763281367472,0.16161159376409664,0.16666666666666666,0.0,0.2835998001783384,0.8080579688204832,0.0,0.0012597000004461734,0.19884624143110852,3.0,1.0,1
7,causal_feedback,F0,combined,0.2,0.1346763281367472,0.16161159376409664,0.16666666666666666,0.0,0.2835998001783384,0.8080579688204832,0.0,0.0012306000007811235,0.19884624143110852,3.0,1.0,1
7,causal_feedback,F0,combined,0.3,0.12089910732322205,0.18134866098483307,0.3333333333333333,0.0,0.2835998001783384,0.7253946439393323,0.0,0.001228500001161592,0.19884624143110852,3.0,1.0,1
7,causal_feedback,F0,combined,0.5,0.05559735802620966,0.11119471605241932,0.5,0.5,0.16184562440896558,0.33358414815725795,0.0,0.0011825999990833225,0.19884624143110852,3.0,1.0,1
7,causal_feedback,F1,combined,0.0,0.15582837808654978,0.15582837808654978,0.0,0.0,0.2835998001783384,0.9349702685192987,0.0,0.0010075999998662155,0.19884624143110852,3.0,1.0,1
7,causal_feedback,F1,combined,0.1,0.1346763281367472,0.16161159376409664,0.16666666666666666,0.0,0.2835998001783384,0.8080579688204832,1.0,0.0010461000001669163,0.19884624143110852,3.0,1.0,1
7,causal_feedback,F1,combined,0.2,0.1346763281367472,0.16161159376409664,0.16666666666666666,0.0,0.2835998001783384,0.8080579688204832,1.0,0.00127260000044771,0.19884624143110852,3.0,1.0,1
7,causal_feedback,F1,combined,0.3,0.12089910732322205,0.18134866098483307,0.3333333333333333,0.0,0.2835998001783384,0.7253946439393323,2.0,0.0010424000010971213,0.19884624143110852,3.0,1.0,1
7,causal_feedback,F1,combined,0.5,0.03738566547439063,0.07477133094878126,0.5,1.0,0.10506164278331376,0.2243139928463438,3.0,0.0009592000005795853,0.19884624143110852,3.0,1.0,1
7,causal_feedback,F2,combined,0.0,0.15582837808654978,0.15582837808654978,0.0,0.0,0.2835998001783384,0.9349702685192987,0.0,0.0010044999999081483,0.19884624143110852,3.0,1.0,1
7,causal_feedback,F2,combined,0.1,0.1346763281367472,0.16161159376409664,0.16666666666666666,0.0,0.2835998001783384,0.8080579688204832,1.0,0.002852100000382052,0.19884624143110852,3.0,1.0,1
7,causal_feedback,F2,combined,0.2,0.1346763281367472,0.16161159376409664,0.16666666666666666,0.0,0.2835998001783384,0.8080579688204832,1.0,0.0022546000000147615,0.19884624143110852,3.0,1.0,1
7,causal_feedback,F2,combined,0.3,0.12089910732322205,0.18134866098483307,0.3333333333333333,0.0,0.2835998001783384,0.7253946439393323,2.0,0.004041599999254686,0.19884624143110852,3.0,1.0,1
7,causal_feedback,F2,combined,0.5,0.04892278669736156,0.09784557339472312,0.5,0.5,0.1389331972489765,0.2935367201841694,3.0,0.005128799999511102,0.19884624143110852,3.0,1.0,1
7,causal_feedback,F3,combined,0.0,0.15582837808654978,0.15582837808654978,0.0,0.0,0.2835998001783384,0.9349702685192987,0.0,0.0009902000001602573,0.19884624143110852,3.0,1.0,1
7,causal_feedback,F3,combined,0.1,0.1346763281367472,0.16161159376409664,0.16666666666666666,0.0,0.2835998001783384,0.8080579688204832,1.0,0.004208899999866844,0.19884624143110852,3.0,1.0,1
7,causal_feedback,F3,combined,0.2,0.1346763281367472,0.16161159376409664,0.16666666666666666,0.0,0.2835998001783384,0.8080579688204832,1.0,0.0031159000009211013,0.19884624143110852,3.0,1.0,1
7,causal_feedback,F3,combined,0.3,0.12089910732322205,0.18134866098483307,0.3333333333333333,0.0,0.2835998001783384,0.7253946439393323,2.0,0.005282399999487097,0.19884624143110852,3.0,1.0,1
7,causal_feedback,F3,combined,0.5,0.04860685539076195,0.0972137107815239,0.5,0.5,0.13878289670810717,0.2916411323445717,3.0,0.008310000001074513,0.19884624143110852,3.0,1.0,1
7,direct_substitution,F0,combined,0.0,0.15582837808654978,0.15582837808654978,0.0,0.0,0.2835998001783384,0.9349702685192987,0.0,0.0,0.19884624143110852,3.0,1.0,1
7,direct_substitution,F0,combined,0.1,0.1346763281367472,0.16161159376409664,0.16666666666666666,0.0,0.2835998001783384,0.8080579688204832,0.0,0.0,0.19884624143110852,3.0,1.0,1
7,direct_substitution,F0,combined,0.2,0.1346763281367472,0.16161159376409664,0.16666666666666666,0.0,0.2835998001783384,0.8080579688204832,0.0,0.0,0.19884624143110852,3.0,1.0,1
7,direct_substitution,F0,combined,0.3,0.12089910732322205,0.18134866098483307,0.3333333333333333,0.0,0.2835998001783384,0.7253946439393323,0.0,0.0,0.19884624143110852,3.0,1.0,1
7,direct_substitution,F0,combined,0.5,0.05559735802620966,0.11119471605241932,0.5,0.5,0.16184562440896558,0.33358414815725795,0.0,0.0,0.19884624143110852,3.0,1.0,1
7,direct_substitution,F0,disagreement,0.0,0.15582837808654978,0.15582837808654978,0.0,0.0,0.2835998001783384,0.9349702685192987,0.0,0.0,0.19884624143110852,3.0,1.0,1
7,direct_substitution,F0,disagreement,0.1,0.1346763281367472,0.16161159376409664,0.16666666666666666,0.0,0.2835998001783384,0.8080579688204832,0.0,0.0,0.19884624143110852,3.0,1.0,1
7,direct_substitution,F0,disagreement,0.2,0.1293138233350002,0.15517658800200024,0.16666666666666666,0.0,0.2835998001783384,0.7758829400100011,0.0,0.0,0.19884624143110852,3.0,1.0,1
7,direct_substitution,F0,disagreement,0.3,0.10816177338519761,0.16224266007779642,0.3333333333333333,0.0,0.2835998001783384,0.6489706403111857,0.0,0.0,0.19884624143110852,3.0,1.0,1
7,direct_substitution,F0,disagreement,0.5,0.05559735802620966,0.11119471605241932,0.5,0.5,0.16184562440896558,0.33358414815725795,0.0,0.0,0.19884624143110852,3.0,1.0,1
7,direct_substitution,F0,no_metrology,0.0,0.15582837808654978,0.15582837808654978,0.0,0.0,0.2835998001783384,0.9349702685192987,0.0,0.0,0.19884624143110852,3.0,1.0,1
7,direct_substitution,F0,no_metrology,0.1,0.15582837808654978,0.15582837808654978,0.0,0.0,0.2835998001783384,0.9349702685192987,0.0,0.0,0.19884624143110852,3.0,1.0,1
7,direct_substitution,F0,no_metrology,0.2,0.15582837808654978,0.15582837808654978,0.0,0.0,0.2835998001783384,0.9349702685192987,0.0,0.0,0.19884624143110852,3.0,1.0,1
7,direct_substitution,F0,no_metrology,0.3,0.15582837808654978,0.15582837808654978,0.0,0.0,0.2835998001783384,0.9349702685192987,0.0,0.0,0.19884624143110852,3.0,1.0,1
7,direct_substitution,F0,no_metrology,0.5,0.15582837808654978,0.15582837808654978,0.0,0.0,0.2835998001783384,0.9349702685192987,0.0,0.0,0.19884624143110852,3.0,1.0,1
7,direct_substitution,F0,ood,0.0,0.15582837808654978,0.15582837808654978,0.0,0.0,0.2835998001783384,0.9349702685192987,0.0,0.0,0.19884624143110852,3.0,1.0,1
7,direct_substitution,F0,ood,0.1,0.1346763281367472,0.16161159376409664,0.16666666666666666,0.0,0.2835998001783384,0.8080579688204832,0.0,0.0,0.19884624143110852,3.0,1.0,1
7,direct_substitution,F0,ood,0.2,0.1346763281367472,0.16161159376409664,0.16666666666666666,0.0,0.2835998001783384,0.8080579688204832,0.0,0.0,0.19884624143110852,3.0,1.0,1
7,direct_substitution,F0,ood,0.3,0.10816177338519761,0.16224266007779642,0.3333333333333333,0.0,0.2835998001783384,0.6489706403111857,0.0,0.0,0.19884624143110852,3.0,1.0,1
7,direct_substitution,F0,ood,0.5,0.05559735802620966,0.11119471605241932,0.5,0.5,0.16184562440896558,0.33358414815725795,0.0,0.0,0.19884624143110852,3.0,1.0,1
7,direct_substitution,F0,oracle,0.0,0.15582837808654978,0.15582837808654978,0.0,0.0,0.2835998001783384,0.9349702685192987,0.0,0.0,0.19884624143110852,3.0,1.0,1
7,direct_substitution,F0,oracle,0.1,0.10326396272756183,0.12391675527307419,0.16666666666666666,0.5,0.18095162531600226,0.619583776365371,0.0,0.0,0.19884624143110852,3.0,1.0,1
7,direct_substitution,F0,oracle,0.2,0.10326396272756183,0.12391675527307419,0.16666666666666666,0.5,0.18095162531600226,0.619583776365371,0.0,0.0,0.19884624143110852,3.0,1.0,1
7,direct_substitution,F0,oracle,0.3,0.07189067535230009,0.10783601302845014,0.3333333333333333,1.0,0.1510435713066771,0.43134405211380056,0.0,0.0,0.19884624143110852,3.0,1.0,1
7,direct_substitution,F0,oracle,0.5,0.05559735802620966,0.11119471605241932,0.5,0.5,0.16184562440896558,0.33358414815725795,0.0,0.0,0.19884624143110852,3.0,1.0,1
7,direct_substitution,F0,periodic,0.0,0.15582837808654978,0.15582837808654978,0.0,0.0,0.2835998001783384,0.9349702685192987,0.0,0.0,0.19884624143110852,3.0,1.0,1
7,direct_substitution,F0,periodic,0.1,0.1293138233350002,0.15517658800200024,0.16666666666666666,0.0,0.2835998001783384,0.7758829400100011,0.0,0.0,0.19884624143110852,3.0,1.0,1
7,direct_substitution,F0,periodic,0.2,0.1293138233350002,0.15517658800200024,0.16666666666666666,0.0,0.2835998001783384,0.7758829400100011,0.0,0.0,0.19884624143110852,3.0,1.0,1
7,direct_substitution,F0,periodic,0.3,0.10816177338519761,0.16224266007779642,0.3333333333333333,0.0,0.2835998001783384,0.6489706403111857,0.0,0.0,0.19884624143110852,3.0,1.0,1
7,direct_substitution,F0,periodic,0.5,0.05559735802620966,0.11119471605241932,0.5,0.5,0.16184562440896558,0.33358414815725795,0.0,0.0,0.19884624143110852,3.0,1.0,1
7,direct_substitution,F0,random,0.0,0.15582837808654978,0.15582837808654978,0.0,0.0,0.2835998001783384,0.9349702685192987,0.0,0.0,0.19884624143110852,3.0,1.0,100
7,direct_substitution,F0,random,0.1,0.13243596785352174,0.15892316142422608,0.16666666666666663,0.055,0.27612290398055217,0.7946158071211304,0.0,0.0,0.19884624143110852,3.0,1.0,100
7,direct_substitution,F0,random,0.2,0.13274702780692244,0.15929643336830693,0.16666666666666663,0.08,0.27575849903377375,0.7964821668415345,0.0,0.0,0.19884624143110852,3.0,1.0,100
7,direct_substitution,F0,random,0.3,0.11294826054315996,0.16942239081473992,0.33333333333333326,0.16,0.27341606595437185,0.6776895632589597,0.0,0.0,0.19884624143110852,3.0,1.0,100
7,direct_substitution,F0,random,0.5,0.07617087697770444,0.1523417539554089,0.5,0.45,0.21789421722488164,0.4570252618662267,0.0,0.0,0.19884624143110852,3.0,1.0,100
7,direct_substitution,F0,validated_combined,0.0,0.15582837808654978,0.15582837808654978,0.0,0.0,0.2835998001783384,0.9349702685192987,0.0,0.0,0.19884624143110852,3.0,1.0,1
7,direct_substitution,F0,validated_combined,0.1,0.1346763281367472,0.16161159376409664,0.16666666666666666,0.0,0.2835998001783384,0.8080579688204832,0.0,0.0,0.19884624143110852,3.0,1.0,1
7,direct_substitution,F0,validated_combined,0.2,0.1346763281367472,0.16161159376409664,0.16666666666666666,0.0,0.2835998001783384,0.8080579688204832,0.0,0.0,0.19884624143110852,3.0,1.0,1
7,direct_substitution,F0,validated_combined,0.3,0.12089910732322205,0.18134866098483307,0.3333333333333333,0.0,0.2835998001783384,0.7253946439393323,0.0,0.0,0.19884624143110852,3.0,1.0,1
7,direct_substitution,F0,validated_combined,0.5,0.05559735802620966,0.11119471605241932,0.5,0.5,0.16184562440896558,0.33358414815725795,0.0,0.0,0.19884624143110852,3.0,1.0,1
7,ranking_only,F0,combined,0.0,0.15582837808654978,0.15582837808654978,0.0,0.0,0.2835998001783384,0.9349702685192987,0.0,0.0,0.19884624143110852,3.0,1.0,1
7,ranking_only,F0,combined,0.1,0.1293138233350002,0.15517658800200024,0.16666666666666666,0.0,0.2835998001783384,0.7758829400100011,0.0,0.0,0.19884624143110852,3.0,1.0,1
7,ranking_only,F0,combined,0.2,0.1293138233350002,0.15517658800200024,0.16666666666666666,0.0,0.2835998001783384,0.7758829400100011,0.0,0.0,0.19884624143110852,3.0,1.0,1
7,ranking_only,F0,combined,0.3,0.07674940797601222,0.11512411196401834,0.3333333333333333,0.5,0.1729078681133817,0.46049644785607335,0.0,0.0,0.19884624143110852,3.0,1.0,1
7,ranking_only,F0,combined,0.5,0.06630255813858947,0.13260511627717894,0.5,0.5,0.1729078681133817,0.3978153488315368,0.0,0.0,0.19884624143110852,3.0,1.0,1
7,ranking_only,F0,disagreement,0.0,0.15582837808654978,0.15582837808654978,0.0,0.0,0.2835998001783384,0.9349702685192987,0.0,0.0,0.19884624143110852,3.0,1.0,1
7,ranking_only,F0,disagreement,0.1,0.1293138233350002,0.15517658800200024,0.16666666666666666,0.0,0.2835998001783384,0.7758829400100011,0.0,0.0,0.19884624143110852,3.0,1.0,1
7,ranking_only,F0,disagreement,0.2,0.1293138233350002,0.15517658800200024,0.16666666666666666,0.0,0.2835998001783384,0.7758829400100011,0.0,0.0,0.19884624143110852,3.0,1.0,1
7,ranking_only,F0,disagreement,0.3,0.07674940797601222,0.11512411196401834,0.3333333333333333,0.5,0.1729078681133817,0.46049644785607335,0.0,0.0,0.19884624143110852,3.0,1.0,1
7,ranking_only,F0,disagreement,0.5,0.04537612060075049,0.09075224120150098,0.5,1.0,0.1158500559943993,0.2722567236045029,0.0,0.0,0.19884624143110852,3.0,1.0,1
7,ranking_only,F0,no_metrology,0.0,0.15582837808654978,0.15582837808654978,0.0,0.0,0.2835998001783384,0.9349702685192987,0.0,0.0,0.19884624143110852,3.0,1.0,1
7,ranking_only,F0,no_metrology,0.1,0.15582837808654978,0.15582837808654978,0.0,0.0,0.2835998001783384,0.9349702685192987,0.0,0.0,0.19884624143110852,3.0,1.0,1
7,ranking_only,F0,no_metrology,0.2,0.15582837808654978,0.15582837808654978,0.0,0.0,0.2835998001783384,0.9349702685192987,0.0,0.0,0.19884624143110852,3.0,1.0,1
7,ranking_only,F0,no_metrology,0.3,0.15582837808654978,0.15582837808654978,0.0,0.0,0.2835998001783384,0.9349702685192987,0.0,0.0,0.19884624143110852,3.0,1.0,1
7,ranking_only,F0,no_metrology,0.5,0.15582837808654978,0.15582837808654978,0.0,0.0,0.2835998001783384,0.9349702685192987,0.0,0.0,0.19884624143110852,3.0,1.0,1
7,ranking_only,F0,ood,0.0,0.15582837808654978,0.15582837808654978,0.0,0.0,0.2835998001783384,0.9349702685192987,0.0,0.0,0.19884624143110852,3.0,1.0,1
7,ranking_only,F0,ood,0.1,0.1293138233350002,0.15517658800200024,0.16666666666666666,0.0,0.2835998001783384,0.7758829400100011,0.0,0.0,0.19884624143110852,3.0,1.0,1
7,ranking_only,F0,ood,0.2,0.1293138233350002,0.15517658800200024,0.16666666666666666,0.0,0.2835998001783384,0.7758829400100011,0.0,0.0,0.19884624143110852,3.0,1.0,1
7,ranking_only,F0,ood,0.3,0.07674940797601222,0.11512411196401834,0.3333333333333333,0.5,0.1729078681133817,0.46049644785607335,0.0,0.0,0.19884624143110852,3.0,1.0,1
7,ranking_only,F0,ood,0.5,0.06630255813858947,0.13260511627717894,0.5,0.5,0.1729078681133817,0.3978153488315368,0.0,0.0,0.19884624143110852,3.0,1.0,1
7,ranking_only,F0,oracle,0.0,0.15582837808654978,0.15582837808654978,0.0,0.0,0.2835998001783384,0.9349702685192987,0.0,0.0,0.19884624143110852,3.0,1.0,1
7,ranking_only,F0,oracle,0.1,0.10326396272756183,0.12391675527307419,0.16666666666666666,0.5,0.18095162531600226,0.619583776365371,0.0,0.0,0.19884624143110852,3.0,1.0,1
7,ranking_only,F0,oracle,0.2,0.10326396272756183,0.12391675527307419,0.16666666666666666,0.5,0.18095162531600226,0.619583776365371,0.0,0.0,0.19884624143110852,3.0,1.0,1
7,ranking_only,F0,oracle,0.3,0.07189067535230009,0.10783601302845014,0.3333333333333333,1.0,0.1510435713066771,0.43134405211380056,0.0,0.0,0.19884624143110852,3.0,1.0,1
7,ranking_only,F0,oracle,0.5,0.04537612060075049,0.09075224120150098,0.5,1.0,0.1158500559943993,0.2722567236045029,0.0,0.0,0.19884624143110852,3.0,1.0,1
7,ranking_only,F0,periodic,0.0,0.15582837808654978,0.15582837808654978,0.0,0.0,0.2835998001783384,0.9349702685192987,0.0,0.0,0.19884624143110852,3.0,1.0,1
7,ranking_only,F0,periodic,0.1,0.1293138233350002,0.15517658800200024,0.16666666666666666,0.0,0.2835998001783384,0.7758829400100011,0.0,0.0,0.19884624143110852,3.0,1.0,1
7,ranking_only,F0,periodic,0.2,0.1293138233350002,0.15517658800200024,0.16666666666666666,0.0,0.2835998001783384,0.7758829400100011,0.0,0.0,0.19884624143110852,3.0,1.0,1
7,ranking_only,F0,periodic,0.3,0.10816177338519761,0.16224266007779642,0.3333333333333333,0.0,0.2835998001783384,0.6489706403111857,0.0,0.0,0.19884624143110852,3.0,1.0,1
7,ranking_only,F0,periodic,0.5,0.05559735802620966,0.11119471605241932,0.5,0.5,0.16184562440896558,0.33358414815725795,0.0,0.0,0.19884624143110852,3.0,1.0,1
7,ranking_only,F0,validated_combined,0.0,0.15582837808654978,0.15582837808654978,0.0,0.0,0.2835998001783384,0.9349702685192987,0.0,0.0,0.19884624143110852,3.0,1.0,1
7,ranking_only,F0,validated_combined,0.1,0.1293138233350002,0.15517658800200024,0.16666666666666666,0.0,0.2835998001783384,0.7758829400100011,0.0,0.0,0.19884624143110852,3.0,1.0,1
7,ranking_only,F0,validated_combined,0.2,0.1293138233350002,0.15517658800200024,0.16666666666666666,0.0,0.2835998001783384,0.7758829400100011,0.0,0.0,0.19884624143110852,3.0,1.0,1
7,ranking_only,F0,validated_combined,0.3,0.07674940797601222,0.11512411196401834,0.3333333333333333,0.5,0.1729078681133817,0.46049644785607335,0.0,0.0,0.19884624143110852,3.0,1.0,1
7,ranking_only,F0,validated_combined,0.5,0.06630255813858947,0.13260511627717894,0.5,0.5,0.1729078681133817,0.3978153488315368,0.0,0.0,0.19884624143110852,3.0,1.0,1
8,causal_feedback,F0,combined,0.0,0.24565375197998796,0.24565375197998796,0.0,0.0,0.7040229227403846,2.4565375197998796,0.0,0.0016705999987607356,0.20474753676638052,8.0,3.0,1
8,causal_feedback,F0,combined,0.1,0.16277481269499333,0.18086090299443702,0.1,0.5,0.4786351903955962,1.6277481269499332,0.0,0.0030626000007032417,0.20474753676638052,8.0,3.0,1
8,causal_feedback,F0,combined,0.2,0.10762175565656791,0.13452719457070988,0.2,1.0,0.2758515185979766,1.076217556565679,0.0,0.0018982999990839744,0.20474753676638052,8.0,3.0,1
8,causal_feedback,F0,combined,0.3,0.11069812044643365,0.15814017206633382,0.3,0.5,0.364945871917447,1.1069812044643366,0.0,0.001801500000510714,0.20474753676638052,8.0,3.0,1
8,causal_feedback,F0,combined,0.5,0.05019573966534002,0.10039147933068004,0.5,1.0,0.13347019673853755,0.5019573966534002,0.0,0.001903899999888381,0.20474753676638052,8.0,3.0,1
8,causal_feedback,F1,combined,0.0,0.24565375197998796,0.24565375197998796,0.0,0.0,0.7040229227403846,2.4565375197998796,0.0,0.0021345999994082376,0.20474753676638052,8.0,3.0,1
8,causal_feedback,F1,combined,0.1,0.16277481269499333,0.18086090299443702,0.1,0.5,0.4786351903955962,1.6277481269499332,1.0,0.0017922999995789723,0.20474753676638052,8.0,3.0,1
8,causal_feedback,F1,combined,0.2,0.10762175565656791,0.13452719457070988,0.2,1.0,0.2758515185979766,1.076217556565679,2.0,0.002011000000493368,0.20474753676638052,8.0,3.0,1
8,causal_feedback,F1,combined,0.3,0.10997890108840576,0.15711271584057965,0.3,0.5,0.3090903954124987,1.0997890108840576,3.0,0.001574399999299203,0.20474753676638052,8.0,3.0,1
8,causal_feedback,F1,combined,0.5,0.05921178650884749,0.11842357301769497,0.5,1.0,0.16187920021149665,0.5921178650884749,5.0,0.0022974000003159745,0.20474753676638052,8.0,3.0,1
8,causal_feedback,F2,combined,0.0,0.24565375197998796,0.24565375197998796,0.0,0.0,0.7040229227403846,2.4565375197998796,0.0,0.0016032999992603436,0.20474753676638052,8.0,3.0,1
8,causal_feedback,F2,combined,0.1,0.16277481269499333,0.18086090299443702,0.1,0.5,0.4786351903955962,1.6277481269499332,1.0,0.0029113000000506872,0.20474753676638052,8.0,3.0,1
8,causal_feedback,F2,combined,0.2,0.10762175565656791,0.13452719457070988,0.2,1.0,0.2758515185979766,1.076217556565679,2.0,0.0041156999996019294,0.20474753676638052,8.0,3.0,1
8,causal_feedback,F2,combined,0.3,0.09136943195660667,0.13052775993800952,0.3,1.0,0.2519432104368968,0.9136943195660667,3.0,0.006911599999511964,0.20474753676638052,8.0,3.0,1
8,causal_feedback,F2,combined,0.5,0.05249763240185953,0.10499526480371905,0.5,1.0,0.13992452453189755,0.5249763240185953,5.0,0.008238599999458529,0.20474753676638052,8.0,3.0,1
8,causal_feedback,F3,combined,0.0,0.24565375197998796,0.24565375197998796,0.0,0.0,0.7040229227403846,2.4565375197998796,0.0,0.002024199999141274,0.20474753676638052,8.0,3.0,1
8,causal_feedback,F3,combined,0.1,0.16277481269499333,0.18086090299443702,0.1,0.5,0.4786351903955962,1.6277481269499332,1.0,0.0038768000013078563,0.20474753676638052,8.0,3.0,1
8,causal_feedback,F3,combined,0.2,0.10762175565656791,0.13452719457070988,0.2,1.0,0.2758515185979766,1.076217556565679,2.0,0.0056953000002977205,0.20474753676638052,8.0,3.0,1
8,causal_feedback,F3,combined,0.3,0.09105707628890707,0.13008153755558152,0.3,1.0,0.25105756761362974,0.9105707628890707,3.0,0.007730899998932728,0.20474753676638052,8.0,3.0,1
8,causal_feedback,F3,combined,0.5,0.05241135616131813,0.10482271232263626,0.5,1.0,0.13960099176071386,0.5241135616131813,5.0,0.016166199999133823,0.20474753676638052,8.0,3.0,1
8,direct_substitution,F0,combined,0.0,0.24565375197998796,0.24565375197998796,0.0,0.0,0.7040229227403847,2.4565375197998796,0.0,0.0,0.20474753676638052,8.0,3.0,1
8,direct_substitution,F0,combined,0.1,0.16277481269499333,0.18086090299443702,0.1,0.5,0.4786351903955962,1.6277481269499332,0.0,0.0,0.20474753676638052,8.0,3.0,1
8,direct_substitution,F0,combined,0.2,0.10762175565656791,0.13452719457070988,0.2,1.0,0.2758515185979766,1.076217556565679,0.0,0.0,0.20474753676638052,8.0,3.0,1
8,direct_substitution,F0,combined,0.3,0.11069812044643368,0.15814017206633382,0.3,0.5,0.3649458719174471,1.1069812044643368,0.0,0.0,0.20474753676638052,8.0,3.0,1
8,direct_substitution,F0,combined,0.5,0.05019573966534002,0.10039147933068004,0.5,1.0,0.13347019673853755,0.5019573966534002,0.0,0.0,0.20474753676638052,8.0,3.0,1
8,direct_substitution,F0,disagreement,0.0,0.24565375197998796,0.24565375197998796,0.0,0.0,0.7040229227403847,2.4565375197998796,0.0,0.0,0.20474753676638052,8.0,3.0,1
8,direct_substitution,F0,disagreement,0.1,0.16277481269499333,0.18086090299443702,0.1,0.5,0.4786351903955962,1.6277481269499332,0.0,0.0,0.20474753676638052,8.0,3.0,1
8,direct_substitution,F0,disagreement,0.2,0.14965220415404623,0.1870652551925578,0.2,0.5,0.4786351903955962,1.4965220415404623,0.0,0.0,0.20474753676638052,8.0,3.0,1
8,direct_substitution,F0,disagreement,0.3,0.09449914711562082,0.13499878159374404,0.3,1.0,0.2758515185979766,0.9449914711562082,0.0,0.0,0.20474753676638052,8.0,3.0,1
8,direct_substitution,F0,disagreement,0.5,0.04963600857502484,0.09927201715004969,0.5,1.0,0.13347019673853755,0.4963600857502484,0.0,0.0,0.20474753676638052,8.0,3.0,1
8,direct_substitution,F0,no_metrology,0.0,0.24565375197998796,0.24565375197998796,0.0,0.0,0.7040229227403847,2.4565375197998796,0.0,0.0,0.20474753676638052,8.0,3.0,1
8,direct_substitution,F0,no_metrology,0.1,0.24565375197998796,0.24565375197998796,0.0,0.0,0.7040229227403847,2.4565375197998796,0.0,0.0,0.20474753676638052,8.0,3.0,1
8,direct_substitution,F0,no_metrology,0.2,0.24565375197998796,0.24565375197998796,0.0,0.0,0.7040229227403847,2.4565375197998796,0.0,0.0,0.20474753676638052,8.0,3.0,1
8,direct_substitution,F0,no_metrology,0.3,0.24565375197998796,0.24565375197998796,0.0,0.0,0.7040229227403847,2.4565375197998796,0.0,0.0,0.20474753676638052,8.0,3.0,1
8,direct_substitution,F0,no_metrology,0.5,0.24565375197998796,0.24565375197998796,0.0,0.0,0.7040229227403847,2.4565375197998796,0.0,0.0,0.20474753676638052,8.0,3.0,1
8,direct_substitution,F0,ood,0.0,0.24565375197998796,0.24565375197998796,0.0,0.0,0.7040229227403847,2.4565375197998796,0.0,0.0,0.20474753676638052,8.0,3.0,1
8,direct_substitution,F0,ood,0.1,0.16277481269499333,0.18086090299443702,0.1,0.5,0.4786351903955962,1.6277481269499332,0.0,0.0,0.20474753676638052,8.0,3.0,1
8,direct_substitution,F0,ood,0.2,0.1935770597314283,0.2419713246642854,0.2,0.0,0.7040229227403847,1.9357705973142831,0.0,0.0,0.20474753676638052,8.0,3.0,1
8,direct_substitution,F0,ood,0.3,0.1384240026930029,0.19774857527571843,0.3,0.5,0.5174382242735776,1.384240026930029,0.0,0.0,0.20474753676638052,8.0,3.0,1
8,direct_substitution,F0,ood,0.5,0.120017060483362,0.240034120966724,0.5,0.5,0.5174382242735776,1.20017060483362,0.0,0.0,0.20474753676638052,8.0,3.0,1
8,direct_substitution,F0,oracle,0.0,0.24565375197998796,0.24565375197998796,0.0,0.0,0.7040229227403847,2.4565375197998796,0.0,0.0,0.20474753676638052,8.0,3.0,1
8,direct_substitution,F0,oracle,0.1,0.19050069494156255,0.2116674388239584,0.1,0.5,0.6311275427517267,1.9050069494156254,0.0,0.0,0.20474753676638052,8.0,3.0,1
8,direct_substitution,F0,oracle,0.2,0.15154661123395,0.1894332640424375,0.2,0.5,0.5174382242735776,1.5154661123395,0.0,0.0,0.20474753676638052,8.0,3.0,1
8,direct_substitution,F0,oracle,0.3,0.13785682052148163,0.19693831503068804,0.3,0.5,0.5148859045017318,1.3785682052148163,0.0,0.0,0.20474753676638052,8.0,3.0,1
8,direct_substitution,F0,oracle,0.5,0.042616986114683474,0.08523397222936693,0.5,1.0,0.13153434211353476,0.42616986114683475,0.0,0.0,0.20474753676638052,8.0,3.0,1
8,direct_substitution,F0,periodic,0.0,0.24565375197998796,0.24565375197998796,0.0,0.0,0.7040229227403847,2.4565375197998796,0.0,0.0,0.20474753676638052,8.0,3.0,1
8,direct_substitution,F0,periodic,0.1,0.23253114343904085,0.25836793715448986,0.1,0.0,0.7040229227403847,2.3253114343904087,0.0,0.0,0.20474753676638052,8.0,3.0,1
8,direct_substitution,F0,periodic,0.2,0.14965220415404623,0.1870652551925578,0.2,0.5,0.4786351903955962,1.4965220415404623,0.0,0.0,0.20474753676638052,8.0,3.0,1
8,direct_substitution,F0,periodic,0.3,0.13672412686072147,0.1953201812296021,0.3,0.5,0.4786351903955962,1.3672412686072146,0.0,0.0,0.20474753676638052,8.0,3.0,1
8,direct_substitution,F0,periodic,0.5,0.09186098832012549,0.18372197664025097,0.5,0.5,0.3649458719174471,0.9186098832012549,0.0,0.0,0.20474753676638052,8.0,3.0,1
8,direct_substitution,F0,random,0.0,0.24565375197998798,0.24565375197998798,0.0,0.0,0.7040229227403847,2.4565375197998796,0.0,0.0,0.20474753676638052,8.0,3.0,100
8,direct_substitution,F0,random,0.1,0.20061497862574995,0.22290553180638883,0.1,0.235,0.602665459109018,2.0061497862574997,0.0,0.0,0.20474753676638052,8.0,3.0,100
8,direct_substitution,F0,random,0.2,0.16740106841425084,0.20925133551781358,0.2,0.425,0.526697611559185,1.6740106841425086,0.0,0.0,0.20474753676638052,8.0,3.0,100
8,direct_substitution,F0,random,0.3,0.1461030114746948,0.20871858782099256,0.3,0.51,0.47319857384933917,1.4610301147469478,0.0,0.0,0.20474753676638052,8.0,3.0,100
8,direct_substitution,F0,random,0.5,0.08876435179108624,0.1775287035821725,0.5,0.795,0.328556964676739,0.8876435179108624,0.0,0.0,0.20474753676638052,8.0,3.0,100
8,direct_substitution,F0,validated_combined,0.0,0.24565375197998796,0.24565375197998796,0.0,0.0,0.7040229227403847,2.4565375197998796,0.0,0.0,0.20474753676638052,8.0,3.0,1
8,direct_substitution,F0,validated_combined,0.1,0.16277481269499333,0.18086090299443702,0.1,0.5,0.4786351903955962,1.6277481269499332,0.0,0.0,0.20474753676638052,8.0,3.0,1
8,direct_substitution,F0,validated_combined,0.2,0.10762175565656791,0.13452719457070988,0.2,1.0,0.2758515185979766,1.076217556565679,0.0,0.0,0.20474753676638052,8.0,3.0,1
8,direct_substitution,F0,validated_combined,0.3,0.11069812044643368,0.15814017206633382,0.3,0.5,0.3649458719174471,1.1069812044643368,0.0,0.0,0.20474753676638052,8.0,3.0,1
8,direct_substitution,F0,validated_combined,0.5,0.05019573966534002,0.10039147933068004,0.5,1.0,0.13347019673853755,0.5019573966534002,0.0,0.0,0.20474753676638052,8.0,3.0,1
8,ranking_only,F0,combined,0.0,0.24565375197998796,0.24565375197998796,0.0,0.0,0.7040229227403847,2.4565375197998796,0.0,0.0,0.20474753676638052,8.0,3.0,1
8,ranking_only,F0,combined,0.1,0.2066996682723754,0.2296662980804171,0.1,0.0,0.7040229227403847,2.066996682723754,0.0,0.0,0.20474753676638052,8.0,3.0,1
8,ranking_only,F0,combined,0.2,0.1935770597314283,0.2419713246642854,0.2,0.0,0.7040229227403847,1.9357705973142831,0.0,0.0,0.20474753676638052,8.0,3.0,1
8,ranking_only,F0,combined,0.3,0.1384240026930029,0.19774857527571843,0.3,0.5,0.5174382242735776,1.384240026930029,0.0,0.0,0.20474753676638052,8.0,3.0,1
8,ranking_only,F0,combined,0.5,0.11223632460387703,0.22447264920775406,0.5,0.5,0.5140105138874314,1.1223632460387702,0.0,0.0,0.20474753676638052,8.0,3.0,1
8,ranking_only,F0,disagreement,0.0,0.24565375197998796,0.24565375197998796,0.0,0.0,0.7040229227403847,2.4565375197998796,0.0,0.0,0.20474753676638052,8.0,3.0,1
8,ranking_only,F0,disagreement,0.1,0.23253114343904085,0.25836793715448986,0.1,0.0,0.7040229227403847,2.3253114343904087,0.0,0.0,0.20474753676638052,8.0,3.0,1
8,ranking_only,F0,disagreement,0.2,0.14965220415404623,0.1870652551925578,0.2,0.5,0.4786351903955962,1.4965220415404623,0.0,0.0,0.20474753676638052,8.0,3.0,1
8,ranking_only,F0,disagreement,0.3,0.09449914711562082,0.13499878159374404,0.3,1.0,0.2758515185979766,0.9449914711562082,0.0,0.0,0.20474753676638052,8.0,3.0,1
8,ranking_only,F0,disagreement,0.5,0.07609220490597993,0.15218440981195985,0.5,1.0,0.2758515185979766,0.7609220490597992,0.0,0.0,0.20474753676638052,8.0,3.0,1
8,ranking_only,F0,no_metrology,0.0,0.24565375197998796,0.24565375197998796,0.0,0.0,0.7040229227403847,2.4565375197998796,0.0,0.0,0.20474753676638052,8.0,3.0,1
8,ranking_only,F0,no_metrology,0.1,0.24565375197998796,0.24565375197998796,0.0,0.0,0.7040229227403847,2.4565375197998796,0.0,0.0,0.20474753676638052,8.0,3.0,1
8,ranking_only,F0,no_metrology,0.2,0.24565375197998796,0.24565375197998796,0.0,0.0,0.7040229227403847,2.4565375197998796,0.0,0.0,0.20474753676638052,8.0,3.0,1
8,ranking_only,F0,no_metrology,0.3,0.24565375197998796,0.24565375197998796,0.0,0.0,0.7040229227403847,2.4565375197998796,0.0,0.0,0.20474753676638052,8.0,3.0,1
8,ranking_only,F0,no_metrology,0.5,0.24565375197998796,0.24565375197998796,0.0,0.0,0.7040229227403847,2.4565375197998796,0.0,0.0,0.20474753676638052,8.0,3.0,1
8,ranking_only,F0,ood,0.0,0.24565375197998796,0.24565375197998796,0.0,0.0,0.7040229227403847,2.4565375197998796,0.0,0.0,0.20474753676638052,8.0,3.0,1
8,ranking_only,F0,ood,0.1,0.23253114343904085,0.25836793715448986,0.1,0.0,0.7040229227403847,2.3253114343904087,0.0,0.0,0.20474753676638052,8.0,3.0,1
8,ranking_only,F0,ood,0.2,0.1935770597314283,0.2419713246642854,0.2,0.0,0.7040229227403847,1.9357705973142831,0.0,0.0,0.20474753676638052,8.0,3.0,1
8,ranking_only,F0,ood,0.3,0.1384240026930029,0.19774857527571843,0.3,0.5,0.5174382242735776,1.384240026930029,0.0,0.0,0.20474753676638052,8.0,3.0,1
8,ranking_only,F0,ood,0.5,0.11882515714755111,0.23765031429510222,0.5,0.5,0.5140105138874314,1.188251571475511,0.0,0.0,0.20474753676638052,8.0,3.0,1
8,ranking_only,F0,oracle,0.0,0.24565375197998796,0.24565375197998796,0.0,0.0,0.7040229227403847,2.4565375197998796,0.0,0.0,0.20474753676638052,8.0,3.0,1
8,ranking_only,F0,oracle,0.1,0.16277481269499333,0.18086090299443702,0.1,0.5,0.4786351903955962,1.6277481269499332,0.0,0.0,0.20474753676638052,8.0,3.0,1
8,ranking_only,F0,oracle,0.2,0.10762175565656791,0.13452719457070988,0.2,1.0,0.2758515185979766,1.076217556565679,0.0,0.0,0.20474753676638052,8.0,3.0,1
8,ranking_only,F0,oracle,0.3,0.06866767194895533,0.09809667421279336,0.3,1.0,0.13434558735283797,0.6866767194895533,0.0,0.0,0.20474753676638052,8.0,3.0,1
8,ranking_only,F0,oracle,0.5,0.04185527269553987,0.08371054539107975,0.5,1.0,0.12734491830824501,0.4185527269553987,0.0,0.0,0.20474753676638052,8.0,3.0,1
8,ranking_only,F0,periodic,0.0,0.24565375197998796,0.24565375197998796,0.0,0.0,0.7040229227403847,2.4565375197998796,0.0,0.0,0.20474753676638052,8.0,3.0,1
8,ranking_only,F0,periodic,0.1,0.23253114343904085,0.25836793715448986,0.1,0.0,0.7040229227403847,2.3253114343904087,0.0,0.0,0.20474753676638052,8.0,3.0,1
8,ranking_only,F0,periodic,0.2,0.14965220415404623,0.1870652551925578,0.2,0.5,0.4786351903955962,1.4965220415404623,0.0,0.0,0.20474753676638052,8.0,3.0,1
8,ranking_only,F0,periodic,0.3,0.13672412686072147,0.1953201812296021,0.3,0.5,0.4786351903955962,1.3672412686072146,0.0,0.0,0.20474753676638052,8.0,3.0,1
8,ranking_only,F0,periodic,0.5,0.09186098832012549,0.18372197664025097,0.5,0.5,0.3649458719174471,0.9186098832012549,0.0,0.0,0.20474753676638052,8.0,3.0,1
8,ranking_only,F0,validated_combined,0.0,0.24565375197998796,0.24565375197998796,0.0,0.0,0.7040229227403847,2.4565375197998796,0.0,0.0,0.20474753676638052,8.0,3.0,1
8,ranking_only,F0,validated_combined,0.1,0.2066996682723754,0.2296662980804171,0.1,0.0,0.7040229227403847,2.066996682723754,0.0,0.0,0.20474753676638052,8.0,3.0,1
8,ranking_only,F0,validated_combined,0.2,0.1935770597314283,0.2419713246642854,0.2,0.0,0.7040229227403847,1.9357705973142831,0.0,0.0,0.20474753676638052,8.0,3.0,1
8,ranking_only,F0,validated_combined,0.3,0.1384240026930029,0.19774857527571843,0.3,0.5,0.5174382242735776,1.384240026930029,0.0,0.0,0.20474753676638052,8.0,3.0,1
8,ranking_only,F0,validated_combined,0.5,0.11223632460387703,0.22447264920775406,0.5,0.5,0.5140105138874314,1.1223632460387702,0.0,0.0,0.20474753676638052,8.0,3.0,1
9,causal_feedback,F0,combined,0.0,0.10394052194504473,0.10394052194504473,0.0,0.0,0.14831948848710524,0.9354646975054026,0.0,0.0020022999997308943,0.19864794939574817,,,1
9,causal_feedback,F0,combined,0.1,0.09646664770010811,0.10852497866262163,0.1111111111111111,0.0,0.14831948848710524,0.8681998293009731,0.0,0.0024432000009255717,0.19864794939574817,,,1
9,causal_feedback,F0,combined,0.2,0.08472407263719406,0.10893095053353523,0.2222222222222222,0.0,0.14831948848710524,0.7625166537347465,0.0,0.002992699999595061,0.19864794939574817,,,1
9,causal_feedback,F0,combined,0.3,0.07303519532048298,0.1095527929807245,0.3333333333333333,0.0,0.14831948848710524,0.6573167578843468,0.0,0.007428200000504148,0.19864794939574817,,,1
9,causal_feedback,F0,combined,0.5,0.06361918811573537,0.1145145386083237,0.4444444444444444,0.0,0.14831948848710524,0.5725726930416184,0.0,0.010747000000264961,0.19864794939574817,,,1
9,causal_feedback,F1,combined,0.0,0.10394052194504473,0.10394052194504473,0.0,0.0,0.14831948848710524,0.9354646975054026,0.0,0.003537599999617669,0.19864794939574817,,,1
9,causal_feedback,F1,combined,0.1,0.09646664770010811,0.10852497866262163,0.1111111111111111,0.0,0.14831948848710524,0.8681998293009731,1.0,0.001939699999638833,0.19864794939574817,,,1
9,causal_feedback,F1,combined,0.2,0.08472407263719406,0.10893095053353523,0.2222222222222222,0.0,0.14831948848710524,0.7625166537347465,2.0,0.0018646000007720431,0.19864794939574817,,,1
9,causal_feedback,F1,combined,0.3,0.07116927510870535,0.10675391266305805,0.3333333333333333,0.0,0.1289270154987491,0.6405234759783481,3.0,0.009419599999091588,0.19864794939574817,,,1
9,causal_feedback,F1,combined,0.5,0.060249467757145285,0.10844904196286151,0.4444444444444444,0.0,0.1289270154987491,0.5422452098143076,4.0,0.007246999999551917,0.19864794939574817,,,1
9,causal_feedback,F2,combined,0.0,0.10394052194504473,0.10394052194504473,0.0,0.0,0.14831948848710524,0.9354646975054026,0.0,0.0039830999994592275,0.19864794939574817,,,1
9,causal_feedback,F2,combined,0.1,0.09646664770010811,0.10852497866262163,0.1111111111111111,0.0,0.14831948848710524,0.8681998293009731,1.0,0.0036920000002282904,0.19864794939574817,,,1
9,causal_feedback,F2,combined,0.2,0.08472407263719406,0.10893095053353523,0.2222222222222222,0.0,0.14831948848710524,0.7625166537347465,2.0,0.00802549999934854,0.19864794939574817,,,1
9,causal_feedback,F2,combined,0.3,0.07050720624194834,0.1057608093629225,0.3333333333333333,0.0,0.13497201616764848,0.634564856177535,3.0,0.02755789999901026,0.19864794939574817,,,1
9,causal_feedback,F2,combined,0.5,0.06107737225576509,0.10993927006037715,0.4444444444444444,0.0,0.13497201616764848,0.5496963503018858,4.0,0.03937969999969937,0.19864794939574817,,,1
9,causal_feedback,F3,combined,0.0,0.10394052194504473,0.10394052194504473,0.0,0.0,0.14831948848710524,0.9354646975054026,0.0,0.001627800000278512,0.19864794939574817,,,1
9,causal_feedback,F3,combined,0.1,0.09646664770010811,0.10852497866262163,0.1111111111111111,0.0,0.14831948848710524,0.8681998293009731,1.0,0.005379599999287166,0.19864794939574817,,,1
9,causal_feedback,F3,combined,0.2,0.08472407263719406,0.10893095053353523,0.2222222222222222,0.0,0.14831948848710524,0.7625166537347465,2.0,0.011988099999143742,0.19864794939574817,,,1
9,causal_feedback,F3,combined,0.3,0.06883695740736251,0.10325543611104375,0.3333333333333333,0.5,0.13290038505740742,0.6195326166662626,3.0,0.04741649999959918,0.19864794939574817,,,1
9,causal_feedback,F3,combined,0.5,0.05964792347032385,0.10736626224658292,0.4444444444444444,0.5,0.13290038505740742,0.5368313112329146,4.0,0.056619599999976344,0.19864794939574817,,,1
9,direct_substitution,F0,combined,0.0,0.10394052194504472,0.10394052194504472,0.0,0.0,0.14831948848710524,0.9354646975054024,0.0,0.0,0.19864794939574817,,,1
9,direct_substitution,F0,combined,0.1,0.0964666477001081,0.1085249786626216,0.1111111111111111,0.0,0.14831948848710524,0.8681998293009728,0.0,0.0,0.19864794939574817,,,1
9,direct_substitution,F0,combined,0.2,0.08472407263719406,0.1089309505335352,0.2222222222222222,0.0,0.14831948848710524,0.7625166537347465,0.0,0.0,0.19864794939574817,,,1
9,direct_substitution,F0,combined,0.3,0.07303519532048298,0.10955279298072447,0.3333333333333333,0.0,0.14831948848710524,0.6573167578843468,0.0,0.0,0.19864794939574817,,,1
9,direct_substitution,F0,combined,0.5,0.06361918811573537,0.11451453860832368,0.4444444444444444,0.0,0.14831948848710524,0.5725726930416184,0.0,0.0,0.19864794939574817,,,1
9,direct_substitution,F0,disagreement,0.0,0.10394052194504472,0.10394052194504472,0.0,0.0,0.14831948848710524,0.9354646975054024,0.0,0.0,0.19864794939574817,,,1
9,direct_substitution,F0,disagreement,0.1,0.09225164462833364,0.10378310020687534,0.1111111111111111,0.0,0.14831948848710524,0.8302648016550028,0.0,0.0,0.19864794939574817,,,1
9,direct_substitution,F0,disagreement,0.2,0.08477777038339702,0.10899999049293903,0.2222222222222222,0.0,0.14831948848710524,0.7629999334505733,0.0,0.0,0.19864794939574817,,,1
9,direct_substitution,F0,disagreement,0.3,0.07303519532048298,0.10955279298072447,0.3333333333333333,0.0,0.14831948848710524,0.6573167578843468,0.0,0.0,0.19864794939574817,,,1
9,direct_substitution,F0,disagreement,0.5,0.06165979648917627,0.11098763368051727,0.4444444444444444,0.0,0.14831948848710524,0.5549381684025865,0.0,0.0,0.19864794939574817,,,1
9,direct_substitution,F0,no_metrology,0.0,0.10394052194504472,0.10394052194504472,0.0,0.0,0.14831948848710524,0.9354646975054024,0.0,0.0,0.19864794939574817,,,1
9,direct_substitution,F0,no_metrology,0.1,0.10394052194504472,0.10394052194504472,0.0,0.0,0.14831948848710524,0.9354646975054024,0.0,0.0,0.19864794939574817,,,1
9,direct_substitution,F0,no_metrology,0.2,0.10394052194504472,0.10394052194504472,0.0,0.0,0.14831948848710524,0.9354646975054024,0.0,0.0,0.19864794939574817,,,1
9,direct_substitution,F0,no_metrology,0.3,0.10394052194504472,0.10394052194504472,0.0,0.0,0.14831948848710524,0.9354646975054024,0.0,0.0,0.19864794939574817,,,1
9,direct_substitution,F0,no_metrology,0.5,0.10394052194504472,0.10394052194504472,0.0,0.0,0.14831948848710524,0.9354646975054024,0.0,0.0,0.19864794939574817,,,1
9,direct_substitution,F0,ood,0.0,0.10394052194504472,0.10394052194504472,0.0,0.0,0.14831948848710524,0.9354646975054024,0.0,0.0,0.19864794939574817,,,1
9,direct_substitution,F0,ood,0.1,0.0964666477001081,0.1085249786626216,0.1111111111111111,0.0,0.14831948848710524,0.8681998293009728,0.0,0.0,0.19864794939574817,,,1
9,direct_substitution,F0,ood,0.2,0.08477777038339702,0.10899999049293903,0.2222222222222222,0.0,0.14831948848710524,0.7629999334505733,0.0,0.0,0.19864794939574817,,,1
9,direct_substitution,F0,ood,0.3,0.07303519532048298,0.10955279298072447,0.3333333333333333,0.0,0.14831948848710524,0.6573167578843468,0.0,0.0,0.19864794939574817,,,1
9,direct_substitution,F0,ood,0.5,0.06361918811573537,0.11451453860832368,0.4444444444444444,0.0,0.14831948848710524,0.5725726930416184,0.0,0.0,0.19864794939574817,,,1
9,direct_substitution,F0,oracle,0.0,0.10394052194504472,0.10394052194504472,0.0,0.0,0.14831948848710524,0.9354646975054024,0.0,0.0,0.19864794939574817,,,1
9,direct_substitution,F0,oracle,0.1,0.08528690307730573,0.09594776596196894,0.1111111111111111,0.5,0.11365819012846264,0.7675821276957515,0.0,0.0,0.19864794939574817,,,1
9,direct_substitution,F0,oracle,0.2,0.08324721808863178,0.10703213754252656,0.2222222222222222,0.5,0.14300281211228105,0.749224962797686,0.0,0.0,0.19864794939574817,,,1
9,direct_substitution,F0,oracle,0.3,0.060324898402915376,0.09048734760437306,0.3333333333333333,1.0,0.10410424405260665,0.5429240856262384,0.0,0.0,0.19864794939574817,,,1
9,direct_substitution,F0,oracle,0.5,0.04863602108620431,0.08754483795516774,0.4444444444444444,1.0,0.10242789560625447,0.43772418977583877,0.0,0.0,0.19864794939574817,,,1
9,direct_substitution,F0,periodic,0.0,0.10394052194504472,0.10394052194504472,0.0,0.0,0.14831948848710524,0.9354646975054024,0.0,0.0,0.19864794939574817,,,1
9,direct_substitution,F0,periodic,0.1,0.09225164462833364,0.10378310020687534,0.1111111111111111,0.0,0.14831948848710524,0.8302648016550028,0.0,0.0,0.19864794939574817,,,1
9,direct_substitution,F0,periodic,0.2,0.08477777038339702,0.10899999049293903,0.2222222222222222,0.0,0.14831948848710524,0.7629999334505733,0.0,0.0,0.19864794939574817,,,1
9,direct_substitution,F0,periodic,0.3,0.06612415151565804,0.09918622727348704,0.3333333333333333,0.5,0.11365819012846264,0.5951173636409224,0.0,0.0,0.19864794939574817,,,1
9,direct_substitution,F0,periodic,0.5,0.06257212956180926,0.11262983321125666,0.4444444444444444,0.5,0.14300281211228105,0.5631491660562833,0.0,0.0,0.19864794939574817,,,1
9,direct_substitution,F0,random,0.0,0.10394052194504472,0.10394052194504472,0.0,0.0,0.14831948848710524,0.9354646975054024,0.0,0.0,0.19864794939574817,,,100
9,direct_substitution,F0,random,0.1,0.09409844571846326,0.10586075143327117,0.1111111111111111,0.04,0.1464269232779284,0.8468860114661694,0.0,0.0,0.19864794939574817,,,100
9,direct_substitution,F0,random,0.2,0.08392570259491056,0.10790447476488499,0.2222222222222222,0.055,0.14626162363009373,0.755331323354195,0.0,0.0,0.19864794939574817,,,100
9,direct_substitution,F0,random,0.3,0.07069453877049568,0.10604180815574353,0.33333333333333326,0.265,0.13630670188039068,0.6362508489344612,0.0,0.0,0.19864794939574817,,,100
9,direct_substitution,F0,random,0.5,0.057695604842969546,0.10385208871734519,0.4444444444444444,0.39,0.12864200234427947,0.519260443586726,0.0,0.0,0.19864794939574817,,,100
9,direct_substitution,F0,validated_combined,0.0,0.10394052194504472,0.10394052194504472,0.0,0.0,0.14831948848710524,0.9354646975054024,0.0,0.0,0.19864794939574817,,,1
9,direct_substitution,F0,validated_combined,0.1,0.0964666477001081,0.1085249786626216,0.1111111111111111,0.0,0.14831948848710524,0.8681998293009728,0.0,0.0,0.19864794939574817,,,1
9,direct_substitution,F0,validated_combined,0.2,0.08472407263719406,0.1089309505335352,0.2222222222222222,0.0,0.14831948848710524,0.7625166537347465,0.0,0.0,0.19864794939574817,,,1
9,direct_substitution,F0,validated_combined,0.3,0.07303519532048298,0.10955279298072447,0.3333333333333333,0.0,0.14831948848710524,0.6573167578843468,0.0,0.0,0.19864794939574817,,,1
9,direct_substitution,F0,validated_combined,0.5,0.06361918811573537,0.11451453860832368,0.4444444444444444,0.0,0.14831948848710524,0.5725726930416184,0.0,0.0,0.19864794939574817,,,1
9,ranking_only,F0,combined,0.0,0.10394052194504472,0.10394052194504472,0.0,0.0,0.14831948848710524,0.9354646975054024,0.0,0.0,0.19864794939574817,,,1
9,ranking_only,F0,combined,0.1,0.09225164462833364,0.10378310020687534,0.1111111111111111,0.0,0.14831948848710524,0.8302648016550028,0.0,0.0,0.19864794939574817,,,1
9,ranking_only,F0,combined,0.2,0.08086711503323173,0.1039720050427265,0.2222222222222222,0.0,0.14831948848710524,0.7278040352990855,0.0,0.0,0.19864794939574817,,,1
9,ranking_only,F0,combined,0.3,0.06949171620192501,0.10423757430288753,0.3333333333333333,0.0,0.14831948848710524,0.6254254458173252,0.0,0.0,0.19864794939574817,,,1
9,ranking_only,F0,combined,0.5,0.05627228659044871,0.10129011586280767,0.4444444444444444,0.5,0.14300281211228105,0.5064505793140384,0.0,0.0,0.19864794939574817,,,1
9,ranking_only,F0,disagreement,0.0,0.10394052194504472,0.10394052194504472,0.0,0.0,0.14831948848710524,0.9354646975054024,0.0,0.0,0.19864794939574817,,,1
9,ranking_only,F0,disagreement,0.1,0.09225164462833364,0.10378310020687534,0.1111111111111111,0.0,0.14831948848710524,0.8302648016550028,0.0,0.0,0.19864794939574817,,,1
9,ranking_only,F0,disagreement,0.2,0.08086711503323173,0.1039720050427265,0.2222222222222222,0.0,0.14831948848710524,0.7278040352990855,0.0,0.0,0.19864794939574817,,,1
9,ranking_only,F0,disagreement,0.3,0.06949171620192501,0.10423757430288753,0.3333333333333333,0.0,0.14831948848710524,0.6254254458173252,0.0,0.0,0.19864794939574817,,,1
9,ranking_only,F0,disagreement,0.5,0.05627228659044871,0.10129011586280767,0.4444444444444444,0.5,0.14300281211228105,0.5064505793140384,0.0,0.0,0.19864794939574817,,,1
9,ranking_only,F0,no_metrology,0.0,0.10394052194504472,0.10394052194504472,0.0,0.0,0.14831948848710524,0.9354646975054024,0.0,0.0,0.19864794939574817,,,1
9,ranking_only,F0,no_metrology,0.1,0.10394052194504472,0.10394052194504472,0.0,0.0,0.14831948848710524,0.9354646975054024,0.0,0.0,0.19864794939574817,,,1
9,ranking_only,F0,no_metrology,0.2,0.10394052194504472,0.10394052194504472,0.0,0.0,0.14831948848710524,0.9354646975054024,0.0,0.0,0.19864794939574817,,,1
9,ranking_only,F0,no_metrology,0.3,0.10394052194504472,0.10394052194504472,0.0,0.0,0.14831948848710524,0.9354646975054024,0.0,0.0,0.19864794939574817,,,1
9,ranking_only,F0,no_metrology,0.5,0.10394052194504472,0.10394052194504472,0.0,0.0,0.14831948848710524,0.9354646975054024,0.0,0.0,0.19864794939574817,,,1
9,ranking_only,F0,ood,0.0,0.10394052194504472,0.10394052194504472,0.0,0.0,0.14831948848710524,0.9354646975054024,0.0,0.0,0.19864794939574817,,,1
9,ranking_only,F0,ood,0.1,0.09225164462833364,0.10378310020687534,0.1111111111111111,0.0,0.14831948848710524,0.8302648016550028,0.0,0.0,0.19864794939574817,,,1
9,ranking_only,F0,ood,0.2,0.08477777038339702,0.10899999049293903,0.2222222222222222,0.0,0.14831948848710524,0.7629999334505733,0.0,0.0,0.19864794939574817,,,1
9,ranking_only,F0,ood,0.3,0.07340237155209031,0.11010355732813544,0.3333333333333333,0.0,0.14831948848710524,0.6606213439688128,0.0,0.0,0.19864794939574817,,,1
9,ranking_only,F0,ood,0.5,0.06018294194061399,0.10832929549310519,0.4444444444444444,0.5,0.14300281211228105,0.541646477465526,0.0,0.0,0.19864794939574817,,,1
9,ranking_only,F0,oracle,0.0,0.10394052194504472,0.10394052194504472,0.0,0.0,0.14831948848710524,0.9354646975054024,0.0,0.0,0.19864794939574817,,,1
9,ranking_only,F0,oracle,0.1,0.08528690307730573,0.09594776596196894,0.1111111111111111,0.5,0.11365819012846264,0.7675821276957515,0.0,0.0,0.19864794939574817,,,1
9,ranking_only,F0,oracle,0.2,0.07206747346582941,0.0926581801703521,0.2222222222222222,1.0,0.10548986367989567,0.6486072611924647,0.0,0.0,0.19864794939574817,,,1
9,ranking_only,F0,oracle,0.3,0.060324898402915376,0.09048734760437306,0.3333333333333333,1.0,0.10410424405260665,0.5429240856262384,0.0,0.0,0.19864794939574817,,,1
9,ranking_only,F0,oracle,0.5,0.04863602108620431,0.08754483795516774,0.4444444444444444,1.0,0.10242789560625447,0.43772418977583877,0.0,0.0,0.19864794939574817,,,1
9,ranking_only,F0,periodic,0.0,0.10394052194504472,0.10394052194504472,0.0,0.0,0.14831948848710524,0.9354646975054024,0.0,0.0,0.19864794939574817,,,1
9,ranking_only,F0,periodic,0.1,0.09225164462833364,0.10378310020687534,0.1111111111111111,0.0,0.14831948848710524,0.8302648016550028,0.0,0.0,0.19864794939574817,,,1
9,ranking_only,F0,periodic,0.2,0.08477777038339702,0.10899999049293903,0.2222222222222222,0.0,0.14831948848710524,0.7629999334505733,0.0,0.0,0.19864794939574817,,,1
9,ranking_only,F0,periodic,0.3,0.06612415151565804,0.09918622727348704,0.3333333333333333,0.5,0.11365819012846264,0.5951173636409224,0.0,0.0,0.19864794939574817,,,1
9,ranking_only,F0,periodic,0.5,0.06257212956180926,0.11262983321125666,0.4444444444444444,0.5,0.14300281211228105,0.5631491660562833,0.0,0.0,0.19864794939574817,,,1
9,ranking_only,F0,validated_combined,0.0,0.10394052194504472,0.10394052194504472,0.0,0.0,0.14831948848710524,0.9354646975054024,0.0,0.0,0.19864794939574817,,,1
9,ranking_only,F0,validated_combined,0.1,0.09225164462833364,0.10378310020687534,0.1111111111111111,0.0,0.14831948848710524,0.8302648016550028,0.0,0.0,0.19864794939574817,,,1
9,ranking_only,F0,validated_combined,0.2,0.08086711503323173,0.1039720050427265,0.2222222222222222,0.0,0.14831948848710524,0.7278040352990855,0.0,0.0,0.19864794939574817,,,1
9,ranking_only,F0,validated_combined,0.3,0.06949171620192501,0.10423757430288753,0.3333333333333333,0.0,0.14831948848710524,0.6254254458173252,0.0,0.0,0.19864794939574817,,,1
9,ranking_only,F0,validated_combined,0.5,0.05627228659044871,0.10129011586280767,0.4444444444444444,0.5,0.14300281211228105,0.5064505793140384,0.0,0.0,0.19864794939574817,,,1
10,causal_feedback,F0,combined,0.0,0.10137289310385035,0.10137289310385035,0.0,0.0,0.15733109026119782,0.4054915724154014,0.0,0.004396899999846937,0.1963658166398896,,,1
10,causal_feedback,F0,combined,0.1,0.10137289310385035,0.10137289310385035,0.0,0.0,0.15733109026119782,0.4054915724154014,0.0,0.003656500000943197,0.1963658166398896,,,1
10,causal_feedback,F0,combined,0.2,0.05878742272786304,0.07838323030381739,0.25,1.0,0.08280451083665381,0.23514969091145216,0.0,0.0017184000007546274,0.1963658166398896,,,1
10,causal_feedback,F0,combined,0.3,0.08305583634831373,0.11074111513108498,0.25,0.0,0.15733109026119782,0.33222334539325493,0.0,0.0030246000005718088,0.1963658166398896,,,1
10,causal_feedback,F0,combined,0.5,0.04047036597232642,0.08094073194465284,0.5,1.0,0.08280451083665381,0.1618814638893057,0.0,0.0027615999988483964,0.1963658166398896,,,1
10,causal_feedback,F1,combined,0.0,0.10137289310385035,0.10137289310385035,0.0,0.0,0.15733109026119782,0.4054915724154014,0.0,0.0032338000000891043,0.1963658166398896,,,1
10,causal_feedback,F1,combined,0.1,0.10137289310385035,0.10137289310385035,0.0,0.0,0.15733109026119782,0.4054915724154014,0.0,0.0030573000003641937,0.1963658166398896,,,1
10,causal_feedback,F1,combined,0.2,0.05878742272786304,0.07838323030381739,0.25,1.0,0.08280451083665381,0.23514969091145216,1.0,0.0033284999990428332,0.1963658166398896,,,1
10,causal_feedback,F1,combined,0.3,0.07467170728740437,0.09956227638320582,0.25,0.0,0.14301730015952813,0.29868682914961747,1.0,0.0023990999998204643,0.1963658166398896,,,1
10,causal_feedback,F1,combined,0.5,0.03596353200770955,0.0719270640154191,0.5,1.0,0.07482247217793261,0.1438541280308382,2.0,0.004299700000046869,0.1963658166398896,,,1
10,causal_feedback,F2,combined,0.0,0.10137289310385035,0.10137289310385035,0.0,0.0,0.15733109026119782,0.4054915724154014,0.0,0.003328100001454004,0.1963658166398896,,,1
10,causal_feedback,F2,combined,0.1,0.10137289310385035,0.10137289310385035,0.0,0.0,0.15733109026119782,0.4054915724154014,0.0,0.002641600000060862,0.1963658166398896,,,1
10,causal_feedback,F2,combined,0.2,0.05878742272786304,0.07838323030381739,0.25,1.0,0.08280451083665381,0.23514969091145216,1.0,0.007506100000682636,0.1963658166398896,,,1
10,causal_feedback,F2,combined,0.3,0.08084681760080534,0.10779575680107378,0.25,0.0,0.1541984520685727,0.32338727040322135,1.0,0.007929600000352366,0.1963658166398896,,,1
10,causal_feedback,F2,combined,0.5,0.03896363038852012,0.07792726077704024,0.5,1.0,0.07842438411819262,0.15585452155408047,2.0,0.012219300000651856,0.1963658166398896,,,1
10,causal_feedback,F3,combined,0.0,0.10137289310385035,0.10137289310385035,0.0,0.0,0.15733109026119782,0.4054915724154014,0.0,0.00507370000013907,0.1963658166398896,,,1
10,causal_feedback,F3,combined,0.1,0.10137289310385035,0.10137289310385035,0.0,0.0,0.15733109026119782,0.4054915724154014,0.0,0.0039056000005075475,0.1963658166398896,,,1
10,causal_feedback,F3,combined,0.2,0.05878742272786304,0.07838323030381739,0.25,1.0,0.08280451083665381,0.23514969091145216,1.0,0.012343800000962801,0.1963658166398896,,,1
10,causal_feedback,F3,combined,0.3,0.08048709988337198,0.1073161331778293,0.25,0.0,0.1538988705165506,0.3219483995334879,1.0,0.010324400000172318,0.1963658166398896,,,1
10,causal_feedback,F3,combined,0.5,0.03869700871073771,0.07739401742147542,0.5,1.0,0.07834348769788181,0.15478803484295084,2.0,0.017535300001327414,0.1963658166398896,,,1
10,direct_substitution,F0,combined,0.0,0.10137289310385035,0.10137289310385035,0.0,0.0,0.15733109026119782,0.4054915724154014,0.0,0.0,0.1963658166398896,,,1
10,direct_substitution,F0,combined,0.1,0.10137289310385035,0.10137289310385035,0.0,0.0,0.15733109026119782,0.4054915724154014,0.0,0.0,0.1963658166398896,,,1
10,direct_substitution,F0,combined,0.2,0.05878742272786304,0.07838323030381739,0.25,1.0,0.08280451083665381,0.23514969091145216,0.0,0.0,0.1963658166398896,,,1
10,direct_substitution,F0,combined,0.3,0.08305583634831373,0.11074111513108498,0.25,0.0,0.15733109026119782,0.33222334539325493,0.0,0.0,0.1963658166398896,,,1
10,direct_substitution,F0,combined,0.5,0.04047036597232642,0.08094073194465284,0.5,1.0,0.08280451083665381,0.1618814638893057,0.0,0.0,0.1963658166398896,,,1
10,direct_substitution,F0,disagreement,0.0,0.10137289310385035,0.10137289310385035,0.0,0.0,0.15733109026119782,0.4054915724154014,0.0,0.0,0.1963658166398896,,,1
10,direct_substitution,F0,disagreement,0.1,0.10137289310385035,0.10137289310385035,0.0,0.0,0.15733109026119782,0.4054915724154014,0.0,0.0,0.1963658166398896,,,1
10,direct_substitution,F0,disagreement,0.2,0.05878742272786304,0.07838323030381739,0.25,1.0,0.08280451083665381,0.23514969091145216,0.0,0.0,0.1963658166398896,,,1
10,direct_substitution,F0,disagreement,0.3,0.08305583634831373,0.11074111513108498,0.25,0.0,0.15733109026119782,0.33222334539325493,0.0,0.0,0.1963658166398896,,,1
10,direct_substitution,F0,disagreement,0.5,0.04047036597232642,0.08094073194465284,0.5,1.0,0.08280451083665381,0.1618814638893057,0.0,0.0,0.1963658166398896,,,1
10,direct_substitution,F0,no_metrology,0.0,0.10137289310385035,0.10137289310385035,0.0,0.0,0.15733109026119782,0.4054915724154014,0.0,0.0,0.1963658166398896,,,1
10,direct_substitution,F0,no_metrology,0.1,0.10137289310385035,0.10137289310385035,0.0,0.0,0.15733109026119782,0.4054915724154014,0.0,0.0,0.1963658166398896,,,1
10,direct_substitution,F0,no_metrology,0.2,0.10137289310385035,0.10137289310385035,0.0,0.0,0.15733109026119782,0.4054915724154014,0.0,0.0,0.1963658166398896,,,1
10,direct_substitution,F0,no_metrology,0.3,0.10137289310385035,0.10137289310385035,0.0,0.0,0.15733109026119782,0.4054915724154014,0.0,0.0,0.1963658166398896,,,1
10,direct_substitution,F0,no_metrology,0.5,0.10137289310385035,0.10137289310385035,0.0,0.0,0.15733109026119782,0.4054915724154014,0.0,0.0,0.1963658166398896,,,1
10,direct_substitution,F0,ood,0.0,0.10137289310385035,0.10137289310385035,0.0,0.0,0.15733109026119782,0.4054915724154014,0.0,0.0,0.1963658166398896,,,1
10,direct_substitution,F0,ood,0.1,0.10137289310385035,0.10137289310385035,0.0,0.0,0.15733109026119782,0.4054915724154014,0.0,0.0,0.1963658166398896,,,1
10,direct_substitution,F0,ood,0.2,0.08305583634831373,0.11074111513108498,0.25,0.0,0.15733109026119782,0.33222334539325493,0.0,0.0,0.1963658166398896,,,1
10,direct_substitution,F0,ood,0.3,0.08305583634831373,0.11074111513108498,0.25,0.0,0.15733109026119782,0.33222334539325493,0.0,0.0,0.1963658166398896,,,1
10,direct_substitution,F0,ood,0.5,0.04047036597232642,0.08094073194465284,0.5,1.0,0.08280451083665381,0.1618814638893057,0.0,0.0,0.1963658166398896,,,1
10,direct_substitution,F0,oracle,0.0,0.10137289310385035,0.10137289310385035,0.0,0.0,0.15733109026119782,0.4054915724154014,0.0,0.0,0.1963658166398896,,,1
10,direct_substitution,F0,oracle,0.1,0.10137289310385035,0.10137289310385035,0.0,0.0,0.15733109026119782,0.4054915724154014,0.0,0.0,0.1963658166398896,,,1
10,direct_substitution,F0,oracle,0.2,0.05878742272786304,0.07838323030381739,0.25,1.0,0.08280451083665381,0.23514969091145216,0.0,0.0,0.1963658166398896,,,1
10,direct_substitution,F0,oracle,0.3,0.08047207479911536,0.10729609973215382,0.25,0.0,0.1565323278789117,0.32188829919646145,0.0,0.0,0.1963658166398896,,,1
10,direct_substitution,F0,oracle,0.5,0.06090252713152393,0.12180505426304786,0.5,0.0,0.1557808333316788,0.24361010852609571,0.0,0.0,0.1963658166398896,,,1
10,direct_substitution,F0,periodic,0.0,0.10137289310385035,0.10137289310385035,0.0,0.0,0.15733109026119782,0.4054915724154014,0.0,0.0,0.1963658166398896,,,1
10,direct_substitution,F0,periodic,0.1,0.10137289310385035,0.10137289310385035,0.0,0.0,0.15733109026119782,0.4054915724154014,0.0,0.0,0.1963658166398896,,,1
10,direct_substitution,F0,periodic,0.2,0.08305583634831373,0.11074111513108498,0.25,0.0,0.15733109026119782,0.33222334539325493,0.0,0.0,0.1963658166398896,,,1
10,direct_substitution,F0,periodic,0.3,0.08305583634831373,0.11074111513108498,0.25,0.0,0.15733109026119782,0.33222334539325493,0.0,0.0,0.1963658166398896,,,1
10,direct_substitution,F0,periodic,0.5,0.04047036597232642,0.08094073194465284,0.5,1.0,0.08280451083665381,0.1618814638893057,0.0,0.0,0.1963658166398896,,,1
10,direct_substitution,F0,random,0.0,0.10137289310385036,0.10137289310385036,0.0,0.0,0.15733109026119782,0.40549157241540146,0.0,0.0,0.19636581663988964,,,100
10,direct_substitution,F0,random,0.1,0.10137289310385036,0.10137289310385036,0.0,0.0,0.15733109026119782,0.40549157241540146,0.0,0.0,0.19636581663988964,,,100
10,direct_substitution,F0,random,0.2,0.07073058879168538,0.09430745172224718,0.25,0.49,0.12073319010494264,0.2829223551667415,0.0,0.0,0.19636581663988964,,,100
10,direct_substitution,F0,random,0.3,0.0740279674255841,0.09870395656744545,0.25,0.35,0.1311669112243788,0.2961118697023364,0.0,0.0,0.19636581663988964,,,100
10,direct_substitution,F0,random,0.5,0.04762228256662909,0.09524456513325819,0.5,0.62,0.1090498632618473,0.19048913026651637,0.0,0.0,0.19636581663988964,,,100
10,direct_substitution,F0,validated_combined,0.0,0.10137289310385035,0.10137289310385035,0.0,0.0,0.15733109026119782,0.4054915724154014,0.0,0.0,0.1963658166398896,,,1
10,direct_substitution,F0,validated_combined,0.1,0.10137289310385035,0.10137289310385035,0.0,0.0,0.15733109026119782,0.4054915724154014,0.0,0.0,0.1963658166398896,,,1
10,direct_substitution,F0,validated_combined,0.2,0.05878742272786304,0.07838323030381739,0.25,1.0,0.08280451083665381,0.23514969091145216,0.0,0.0,0.1963658166398896,,,1
10,direct_substitution,F0,validated_combined,0.3,0.08305583634831373,0.11074111513108498,0.25,0.0,0.15733109026119782,0.33222334539325493,0.0,0.0,0.1963658166398896,,,1
10,direct_substitution,F0,validated_combined,0.5,0.04047036597232642,0.08094073194465284,0.5,1.0,0.08280451083665381,0.1618814638893057,0.0,0.0,0.1963658166398896,,,1
10,ranking_only,F0,combined,0.0,0.10137289310385035,0.10137289310385035,0.0,0.0,0.15733109026119782,0.4054915724154014,0.0,0.0,0.1963658166398896,,,1
10,ranking_only,F0,combined,0.1,0.10137289310385035,0.10137289310385035,0.0,0.0,0.15733109026119782,0.4054915724154014,0.0,0.0,0.1963658166398896,,,1
10,ranking_only,F0,combined,0.2,0.08305583634831373,0.11074111513108498,0.25,0.0,0.15733109026119782,0.33222334539325493,0.0,0.0,0.1963658166398896,,,1
10,ranking_only,F0,combined,0.3,0.08305583634831373,0.11074111513108498,0.25,0.0,0.15733109026119782,0.33222334539325493,0.0,0.0,0.1963658166398896,,,1
10,ranking_only,F0,combined,0.5,0.0634862886807223,0.1269725773614446,0.5,0.0,0.15733109026119782,0.2539451547228892,0.0,0.0,0.1963658166398896,,,1
10,ranking_only,F0,disagreement,0.0,0.10137289310385035,0.10137289310385035,0.0,0.0,0.15733109026119782,0.4054915724154014,0.0,0.0,0.1963658166398896,,,1
10,ranking_only,F0,disagreement,0.1,0.10137289310385035,0.10137289310385035,0.0,0.0,0.15733109026119782,0.4054915724154014,0.0,0.0,0.1963658166398896,,,1
10,ranking_only,F0,disagreement,0.2,0.08305583634831373,0.11074111513108498,0.25,0.0,0.15733109026119782,0.33222334539325493,0.0,0.0,0.1963658166398896,,,1
10,ranking_only,F0,disagreement,0.3,0.08305583634831373,0.11074111513108498,0.25,0.0,0.15733109026119782,0.33222334539325493,0.0,0.0,0.1963658166398896,,,1
10,ranking_only,F0,disagreement,0.5,0.0634862886807223,0.1269725773614446,0.5,0.0,0.15733109026119782,0.2539451547228892,0.0,0.0,0.1963658166398896,,,1
10,ranking_only,F0,no_metrology,0.0,0.10137289310385035,0.10137289310385035,0.0,0.0,0.15733109026119782,0.4054915724154014,0.0,0.0,0.1963658166398896,,,1
10,ranking_only,F0,no_metrology,0.1,0.10137289310385035,0.10137289310385035,0.0,0.0,0.15733109026119782,0.4054915724154014,0.0,0.0,0.1963658166398896,,,1
10,ranking_only,F0,no_metrology,0.2,0.10137289310385035,0.10137289310385035,0.0,0.0,0.15733109026119782,0.4054915724154014,0.0,0.0,0.1963658166398896,,,1
10,ranking_only,F0,no_metrology,0.3,0.10137289310385035,0.10137289310385035,0.0,0.0,0.15733109026119782,0.4054915724154014,0.0,0.0,0.1963658166398896,,,1
10,ranking_only,F0,no_metrology,0.5,0.10137289310385035,0.10137289310385035,0.0,0.0,0.15733109026119782,0.4054915724154014,0.0,0.0,0.1963658166398896,,,1
10,ranking_only,F0,ood,0.0,0.10137289310385035,0.10137289310385035,0.0,0.0,0.15733109026119782,0.4054915724154014,0.0,0.0,0.1963658166398896,,,1
10,ranking_only,F0,ood,0.1,0.10137289310385035,0.10137289310385035,0.0,0.0,0.15733109026119782,0.4054915724154014,0.0,0.0,0.1963658166398896,,,1
10,ranking_only,F0,ood,0.2,0.08305583634831373,0.11074111513108498,0.25,0.0,0.15733109026119782,0.33222334539325493,0.0,0.0,0.1963658166398896,,,1
10,ranking_only,F0,ood,0.3,0.08305583634831373,0.11074111513108498,0.25,0.0,0.15733109026119782,0.33222334539325493,0.0,0.0,0.1963658166398896,,,1
10,ranking_only,F0,ood,0.5,0.0634862886807223,0.1269725773614446,0.5,0.0,0.15733109026119782,0.2539451547228892,0.0,0.0,0.1963658166398896,,,1
10,ranking_only,F0,oracle,0.0,0.10137289310385035,0.10137289310385035,0.0,0.0,0.15733109026119782,0.4054915724154014,0.0,0.0,0.1963658166398896,,,1
10,ranking_only,F0,oracle,0.1,0.10137289310385035,0.10137289310385035,0.0,0.0,0.15733109026119782,0.4054915724154014,0.0,0.0,0.1963658166398896,,,1
10,ranking_only,F0,oracle,0.2,0.05878742272786304,0.07838323030381739,0.25,1.0,0.08280451083665381,0.23514969091145216,0.0,0.0,0.1963658166398896,,,1
10,ranking_only,F0,oracle,0.3,0.05878742272786304,0.07838323030381739,0.25,1.0,0.08280451083665381,0.23514969091145216,0.0,0.0,0.1963658166398896,,,1
10,ranking_only,F0,oracle,0.5,0.03788660442312805,0.0757732088462561,0.5,1.0,0.07752669612313284,0.1515464176925122,0.0,0.0,0.1963658166398896,,,1
10,ranking_only,F0,periodic,0.0,0.10137289310385035,0.10137289310385035,0.0,0.0,0.15733109026119782,0.4054915724154014,0.0,0.0,0.1963658166398896,,,1
10,ranking_only,F0,periodic,0.1,0.10137289310385035,0.10137289310385035,0.0,0.0,0.15733109026119782,0.4054915724154014,0.0,0.0,0.1963658166398896,,,1
10,ranking_only,F0,periodic,0.2,0.08305583634831373,0.11074111513108498,0.25,0.0,0.15733109026119782,0.33222334539325493,0.0,0.0,0.1963658166398896,,,1
10,ranking_only,F0,periodic,0.3,0.08305583634831373,0.11074111513108498,0.25,0.0,0.15733109026119782,0.33222334539325493,0.0,0.0,0.1963658166398896,,,1
10,ranking_only,F0,periodic,0.5,0.04047036597232642,0.08094073194465284,0.5,1.0,0.08280451083665381,0.1618814638893057,0.0,0.0,0.1963658166398896,,,1
10,ranking_only,F0,validated_combined,0.0,0.10137289310385035,0.10137289310385035,0.0,0.0,0.15733109026119782,0.4054915724154014,0.0,0.0,0.1963658166398896,,,1
10,ranking_only,F0,validated_combined,0.1,0.10137289310385035,0.10137289310385035,0.0,0.0,0.15733109026119782,0.4054915724154014,0.0,0.0,0.1963658166398896,,,1
10,ranking_only,F0,validated_combined,0.2,0.08305583634831373,0.11074111513108498,0.25,0.0,0.15733109026119782,0.33222334539325493,0.0,0.0,0.1963658166398896,,,1
10,ranking_only,F0,validated_combined,0.3,0.08305583634831373,0.11074111513108498,0.25,0.0,0.15733109026119782,0.33222334539325493,0.0,0.0,0.1963658166398896,,,1
10,ranking_only,F0,validated_combined,0.5,0.0634862886807223,0.1269725773614446,0.5,0.0,0.15733109026119782,0.2539451547228892,0.0,0.0,0.1963658166398896,,,1
