experiment_key,test_lot,wafer_order,mode,feedback,policy,budget,replicate,risk,measured,vm_error_before_measurement,system_error
2024-07-11_01,4,1,ranking_only,F0,no_metrology,0.0,0,,False,0.22093844780964278,0.22093844780964278
2024-07-11_02,4,2,ranking_only,F0,no_metrology,0.0,0,,False,0.4050493869278443,0.4050493869278443
2024-07-11_03,4,3,ranking_only,F0,no_metrology,0.0,0,,False,0.24730692767245452,0.24730692767245452
2024-07-11_04,4,4,ranking_only,F0,no_metrology,0.0,0,,False,0.18120608158432655,0.18120608158432655
2024-07-11_05,4,5,ranking_only,F0,no_metrology,0.0,0,,False,0.2911589887446905,0.2911589887446905
2024-07-11_06,4,6,ranking_only,F0,no_metrology,0.0,0,,False,0.12914644873128056,0.12914644873128056
2024-07-11_07,4,7,ranking_only,F0,no_metrology,0.0,0,,False,0.21894232278277131,0.21894232278277131
2024-07-11_08,4,8,ranking_only,F0,no_metrology,0.0,0,,False,0.2099225304385408,0.2099225304385408
2024-07-11_09,4,9,ranking_only,F0,no_metrology,0.0,0,,False,0.35452399117134203,0.35452399117134203
2024-07-11_10,4,10,ranking_only,F0,no_metrology,0.0,0,,False,0.22264525859512227,0.22264525859512227
2024-07-11_01,4,1,direct_substitution,F0,no_metrology,0.0,0,,False,0.22093844780964278,0.22093844780964278
2024-07-11_02,4,2,direct_substitution,F0,no_metrology,0.0,0,,False,0.4050493869278443,0.4050493869278443
2024-07-11_03,4,3,direct_substitution,F0,no_metrology,0.0,0,,False,0.24730692767245452,0.24730692767245452
2024-07-11_04,4,4,direct_substitution,F0,no_metrology,0.0,0,,False,0.18120608158432655,0.18120608158432655
2024-07-11_05,4,5,direct_substitution,F0,no_metrology,0.0,0,,False,0.2911589887446905,0.2911589887446905
2024-07-11_06,4,6,direct_substitution,F0,no_metrology,0.0,0,,False,0.12914644873128056,0.12914644873128056
2024-07-11_07,4,7,direct_substitution,F0,no_metrology,0.0,0,,False,0.21894232278277131,0.21894232278277131
2024-07-11_08,4,8,direct_substitution,F0,no_metrology,0.0,0,,False,0.2099225304385408,0.2099225304385408
2024-07-11_09,4,9,direct_substitution,F0,no_metrology,0.0,0,,False,0.35452399117134203,0.35452399117134203
2024-07-11_10,4,10,direct_substitution,F0,no_metrology,0.0,0,,False,0.22264525859512227,0.22264525859512227
2024-07-11_01,4,1,ranking_only,F0,periodic,0.0,0,,False,0.22093844780964278,0.22093844780964278
2024-07-11_02,4,2,ranking_only,F0,periodic,0.0,0,,False,0.4050493869278443,0.4050493869278443
2024-07-11_03,4,3,ranking_only,F0,periodic,0.0,0,,False,0.24730692767245452,0.24730692767245452
2024-07-11_04,4,4,ranking_only,F0,periodic,0.0,0,,False,0.18120608158432655,0.18120608158432655
2024-07-11_05,4,5,ranking_only,F0,periodic,0.0,0,,False,0.2911589887446905,0.2911589887446905
2024-07-11_06,4,6,ranking_only,F0,periodic,0.0,0,,False,0.12914644873128056,0.12914644873128056
2024-07-11_07,4,7,ranking_only,F0,periodic,0.0,0,,False,0.21894232278277131,0.21894232278277131
2024-07-11_08,4,8,ranking_only,F0,periodic,0.0,0,,False,0.2099225304385408,0.2099225304385408
2024-07-11_09,4,9,ranking_only,F0,periodic,0.0,0,,False,0.35452399117134203,0.35452399117134203
2024-07-11_10,4,10,ranking_only,F0,periodic,0.0,0,,False,0.22264525859512227,0.22264525859512227
2024-07-11_01,4,1,direct_substitution,F0,periodic,0.0,0,,False,0.22093844780964278,0.22093844780964278
2024-07-11_02,4,2,direct_substitution,F0,periodic,0.0,0,,False,0.4050493869278443,0.4050493869278443
2024-07-11_03,4,3,direct_substitution,F0,periodic,0.0,0,,False,0.24730692767245452,0.24730692767245452
2024-07-11_04,4,4,direct_substitution,F0,periodic,0.0,0,,False,0.18120608158432655,0.18120608158432655
2024-07-11_05,4,5,direct_substitution,F0,periodic,0.0,0,,False,0.2911589887446905,0.2911589887446905
2024-07-11_06,4,6,direct_substitution,F0,periodic,0.0,0,,False,0.12914644873128056,0.12914644873128056
2024-07-11_07,4,7,direct_substitution,F0,periodic,0.0,0,,False,0.21894232278277131,0.21894232278277131
2024-07-11_08,4,8,direct_substitution,F0,periodic,0.0,0,,False,0.2099225304385408,0.2099225304385408
2024-07-11_09,4,9,direct_substitution,F0,periodic,0.0,0,,False,0.35452399117134203,0.35452399117134203
2024-07-11_10,4,10,direct_substitution,F0,periodic,0.0,0,,False,0.22264525859512227,0.22264525859512227
2024-07-11_01,4,1,ranking_only,F0,ood,0.0,0,1.0,False,0.22093844780964278,0.22093844780964278
2024-07-11_02,4,2,ranking_only,F0,ood,0.0,0,0.9655172413793104,False,0.4050493869278443,0.4050493869278443
2024-07-11_03,4,3,ranking_only,F0,ood,0.0,0,1.0,False,0.24730692767245452,0.24730692767245452
2024-07-11_04,4,4,ranking_only,F0,ood,0.0,0,0.9655172413793104,False,0.18120608158432655,0.18120608158432655
2024-07-11_05,4,5,ranking_only,F0,ood,0.0,0,0.9655172413793104,False,0.2911589887446905,0.2911589887446905
2024-07-11_06,4,6,ranking_only,F0,ood,0.0,0,0.9655172413793104,False,0.12914644873128056,0.12914644873128056
2024-07-11_07,4,7,ranking_only,F0,ood,0.0,0,0.9655172413793104,False,0.21894232278277131,0.21894232278277131
2024-07-11_08,4,8,ranking_only,F0,ood,0.0,0,0.9655172413793104,False,0.2099225304385408,0.2099225304385408
2024-07-11_09,4,9,ranking_only,F0,ood,0.0,0,0.9655172413793104,False,0.35452399117134203,0.35452399117134203
2024-07-11_10,4,10,ranking_only,F0,ood,0.0,0,1.0,False,0.22264525859512227,0.22264525859512227
2024-07-11_01,4,1,direct_substitution,F0,ood,0.0,0,1.0,False,0.22093844780964278,0.22093844780964278
2024-07-11_02,4,2,direct_substitution,F0,ood,0.0,0,0.9655172413793104,False,0.4050493869278443,0.4050493869278443
2024-07-11_03,4,3,direct_substitution,F0,ood,0.0,0,1.0,False,0.24730692767245452,0.24730692767245452
2024-07-11_04,4,4,direct_substitution,F0,ood,0.0,0,0.9655172413793104,False,0.18120608158432655,0.18120608158432655
2024-07-11_05,4,5,direct_substitution,F0,ood,0.0,0,0.9655172413793104,False,0.2911589887446905,0.2911589887446905
2024-07-11_06,4,6,direct_substitution,F0,ood,0.0,0,0.9655172413793104,False,0.12914644873128056,0.12914644873128056
2024-07-11_07,4,7,direct_substitution,F0,ood,0.0,0,0.9655172413793104,False,0.21894232278277131,0.21894232278277131
2024-07-11_08,4,8,direct_substitution,F0,ood,0.0,0,0.9655172413793104,False,0.2099225304385408,0.2099225304385408
2024-07-11_09,4,9,direct_substitution,F0,ood,0.0,0,0.9655172413793104,False,0.35452399117134203,0.35452399117134203
2024-07-11_10,4,10,direct_substitution,F0,ood,0.0,0,1.0,False,0.22264525859512227,0.22264525859512227
2024-07-11_01,4,1,ranking_only,F0,disagreement,0.0,0,0.9655172413793104,False,0.22093844780964278,0.22093844780964278
2024-07-11_02,4,2,ranking_only,F0,disagreement,0.0,0,0.9655172413793104,False,0.4050493869278443,0.4050493869278443
2024-07-11_03,4,3,ranking_only,F0,disagreement,0.0,0,1.0,False,0.24730692767245452,0.24730692767245452
2024-07-11_04,4,4,ranking_only,F0,disagreement,0.0,0,0.9655172413793104,False,0.18120608158432655,0.18120608158432655
2024-07-11_05,4,5,ranking_only,F0,disagreement,0.0,0,1.0,False,0.2911589887446905,0.2911589887446905
2024-07-11_06,4,6,ranking_only,F0,disagreement,0.0,0,0.9655172413793104,False,0.12914644873128056,0.12914644873128056
2024-07-11_07,4,7,ranking_only,F0,disagreement,0.0,0,1.0,False,0.21894232278277131,0.21894232278277131
2024-07-11_08,4,8,ranking_only,F0,disagreement,0.0,0,0.9655172413793104,False,0.2099225304385408,0.2099225304385408
2024-07-11_09,4,9,ranking_only,F0,disagreement,0.0,0,1.0,False,0.35452399117134203,0.35452399117134203
2024-07-11_10,4,10,ranking_only,F0,disagreement,0.0,0,1.0,False,0.22264525859512227,0.22264525859512227
2024-07-11_01,4,1,direct_substitution,F0,disagreement,0.0,0,0.9655172413793104,False,0.22093844780964278,0.22093844780964278
2024-07-11_02,4,2,direct_substitution,F0,disagreement,0.0,0,0.9655172413793104,False,0.4050493869278443,0.4050493869278443
2024-07-11_03,4,3,direct_substitution,F0,disagreement,0.0,0,1.0,False,0.24730692767245452,0.24730692767245452
2024-07-11_04,4,4,direct_substitution,F0,disagreement,0.0,0,0.9655172413793104,False,0.18120608158432655,0.18120608158432655
2024-07-11_05,4,5,direct_substitution,F0,disagreement,0.0,0,1.0,False,0.2911589887446905,0.2911589887446905
2024-07-11_06,4,6,direct_substitution,F0,disagreement,0.0,0,0.9655172413793104,False,0.12914644873128056,0.12914644873128056
2024-07-11_07,4,7,direct_substitution,F0,disagreement,0.0,0,1.0,False,0.21894232278277131,0.21894232278277131
2024-07-11_08,4,8,direct_substitution,F0,disagreement,0.0,0,0.9655172413793104,False,0.2099225304385408,0.2099225304385408
2024-07-11_09,4,9,direct_substitution,F0,disagreement,0.0,0,1.0,False,0.35452399117134203,0.35452399117134203
2024-07-11_10,4,10,direct_substitution,F0,disagreement,0.0,0,1.0,False,0.22264525859512227,0.22264525859512227
2024-07-11_01,4,1,ranking_only,F0,combined,0.0,0,0.7931034482758621,False,0.22093844780964278,0.22093844780964278
2024-07-11_02,4,2,ranking_only,F0,combined,0.0,0,0.6331564986737401,False,0.4050493869278443,0.4050493869278443
2024-07-11_03,4,3,ranking_only,F0,combined,0.0,0,0.976923076923077,False,0.24730692767245452,0.24730692767245452
2024-07-11_04,4,4,ranking_only,F0,combined,0.0,0,0.8477453580901857,False,0.18120608158432655,0.18120608158432655
2024-07-11_05,4,5,ranking_only,F0,combined,0.0,0,0.9700265251989391,False,0.2911589887446905,0.2911589887446905
2024-07-11_06,4,6,ranking_only,F0,combined,0.0,0,0.8793103448275863,False,0.12914644873128056,0.12914644873128056
2024-07-11_07,4,7,ranking_only,F0,combined,0.0,0,0.716976127320955,False,0.21894232278277131,0.21894232278277131
2024-07-11_08,4,8,ranking_only,F0,combined,0.0,0,0.5870026525198939,False,0.2099225304385408,0.2099225304385408
2024-07-11_09,4,9,ranking_only,F0,combined,0.0,0,0.7084880636604776,False,0.35452399117134203,0.35452399117134203
2024-07-11_10,4,10,ranking_only,F0,combined,0.0,0,0.9615384615384617,False,0.22264525859512227,0.22264525859512227
2024-07-11_01,4,1,direct_substitution,F0,combined,0.0,0,0.7931034482758621,False,0.22093844780964278,0.22093844780964278
2024-07-11_02,4,2,direct_substitution,F0,combined,0.0,0,0.6331564986737401,False,0.4050493869278443,0.4050493869278443
2024-07-11_03,4,3,direct_substitution,F0,combined,0.0,0,0.976923076923077,False,0.24730692767245452,0.24730692767245452
2024-07-11_04,4,4,direct_substitution,F0,combined,0.0,0,0.8477453580901857,False,0.18120608158432655,0.18120608158432655
2024-07-11_05,4,5,direct_substitution,F0,combined,0.0,0,0.9700265251989391,False,0.2911589887446905,0.2911589887446905
2024-07-11_06,4,6,direct_substitution,F0,combined,0.0,0,0.8793103448275863,False,0.12914644873128056,0.12914644873128056
2024-07-11_07,4,7,direct_substitution,F0,combined,0.0,0,0.716976127320955,False,0.21894232278277131,0.21894232278277131
2024-07-11_08,4,8,direct_substitution,F0,combined,0.0,0,0.5870026525198939,False,0.2099225304385408,0.2099225304385408
2024-07-11_09,4,9,direct_substitution,F0,combined,0.0,0,0.7084880636604776,False,0.35452399117134203,0.35452399117134203
2024-07-11_10,4,10,direct_substitution,F0,combined,0.0,0,0.9615384615384617,False,0.22264525859512227,0.22264525859512227
2024-07-11_01,4,1,ranking_only,F0,validated_combined,0.0,0,0.7931034482758621,False,0.22093844780964278,0.22093844780964278
2024-07-11_02,4,2,ranking_only,F0,validated_combined,0.0,0,0.6331564986737401,False,0.4050493869278443,0.4050493869278443
2024-07-11_03,4,3,ranking_only,F0,validated_combined,0.0,0,0.976923076923077,False,0.24730692767245452,0.24730692767245452
2024-07-11_04,4,4,ranking_only,F0,validated_combined,0.0,0,0.8477453580901857,False,0.18120608158432655,0.18120608158432655
2024-07-11_05,4,5,ranking_only,F0,validated_combined,0.0,0,0.9700265251989391,False,0.2911589887446905,0.2911589887446905
2024-07-11_06,4,6,ranking_only,F0,validated_combined,0.0,0,0.8793103448275863,False,0.12914644873128056,0.12914644873128056
2024-07-11_07,4,7,ranking_only,F0,validated_combined,0.0,0,0.716976127320955,False,0.21894232278277131,0.21894232278277131
2024-07-11_08,4,8,ranking_only,F0,validated_combined,0.0,0,0.5870026525198939,False,0.2099225304385408,0.2099225304385408
2024-07-11_09,4,9,ranking_only,F0,validated_combined,0.0,0,0.7084880636604776,False,0.35452399117134203,0.35452399117134203
2024-07-11_10,4,10,ranking_only,F0,validated_combined,0.0,0,0.9615384615384617,False,0.22264525859512227,0.22264525859512227
2024-07-11_01,4,1,direct_substitution,F0,validated_combined,0.0,0,0.7931034482758621,False,0.22093844780964278,0.22093844780964278
2024-07-11_02,4,2,direct_substitution,F0,validated_combined,0.0,0,0.6331564986737401,False,0.4050493869278443,0.4050493869278443
2024-07-11_03,4,3,direct_substitution,F0,validated_combined,0.0,0,0.976923076923077,False,0.24730692767245452,0.24730692767245452
2024-07-11_04,4,4,direct_substitution,F0,validated_combined,0.0,0,0.8477453580901857,False,0.18120608158432655,0.18120608158432655
2024-07-11_05,4,5,direct_substitution,F0,validated_combined,0.0,0,0.9700265251989391,False,0.2911589887446905,0.2911589887446905
2024-07-11_06,4,6,direct_substitution,F0,validated_combined,0.0,0,0.8793103448275863,False,0.12914644873128056,0.12914644873128056
2024-07-11_07,4,7,direct_substitution,F0,validated_combined,0.0,0,0.716976127320955,False,0.21894232278277131,0.21894232278277131
2024-07-11_08,4,8,direct_substitution,F0,validated_combined,0.0,0,0.5870026525198939,False,0.2099225304385408,0.2099225304385408
2024-07-11_09,4,9,direct_substitution,F0,validated_combined,0.0,0,0.7084880636604776,False,0.35452399117134203,0.35452399117134203
2024-07-11_10,4,10,direct_substitution,F0,validated_combined,0.0,0,0.9615384615384617,False,0.22264525859512227,0.22264525859512227
2024-07-11_01,4,1,ranking_only,F0,oracle,0.0,0,0.5,False,0.22093844780964278,0.22093844780964278
2024-07-11_02,4,2,ranking_only,F0,oracle,0.0,0,1.0,False,0.4050493869278443,0.4050493869278443
2024-07-11_03,4,3,ranking_only,F0,oracle,0.0,0,0.7,False,0.24730692767245452,0.24730692767245452
2024-07-11_04,4,4,ranking_only,F0,oracle,0.0,0,0.2,False,0.18120608158432655,0.18120608158432655
2024-07-11_05,4,5,ranking_only,F0,oracle,0.0,0,0.8,False,0.2911589887446905,0.2911589887446905
2024-07-11_06,4,6,ranking_only,F0,oracle,0.0,0,0.1,False,0.12914644873128056,0.12914644873128056
2024-07-11_07,4,7,ranking_only,F0,oracle,0.0,0,0.4,False,0.21894232278277131,0.21894232278277131
2024-07-11_08,4,8,ranking_only,F0,oracle,0.0,0,0.3,False,0.2099225304385408,0.2099225304385408
2024-07-11_09,4,9,ranking_only,F0,oracle,0.0,0,0.9,False,0.35452399117134203,0.35452399117134203
2024-07-11_10,4,10,ranking_only,F0,oracle,0.0,0,0.6,False,0.22264525859512227,0.22264525859512227
2024-07-11_01,4,1,direct_substitution,F0,oracle,0.0,0,0.5,False,0.22093844780964278,0.22093844780964278
2024-07-11_02,4,2,direct_substitution,F0,oracle,0.0,0,1.0,False,0.4050493869278443,0.4050493869278443
2024-07-11_03,4,3,direct_substitution,F0,oracle,0.0,0,0.7,False,0.24730692767245452,0.24730692767245452
2024-07-11_04,4,4,direct_substitution,F0,oracle,0.0,0,0.2,False,0.18120608158432655,0.18120608158432655
2024-07-11_05,4,5,direct_substitution,F0,oracle,0.0,0,0.8,False,0.2911589887446905,0.2911589887446905
2024-07-11_06,4,6,direct_substitution,F0,oracle,0.0,0,0.1,False,0.12914644873128056,0.12914644873128056
2024-07-11_07,4,7,direct_substitution,F0,oracle,0.0,0,0.4,False,0.21894232278277131,0.21894232278277131
2024-07-11_08,4,8,direct_substitution,F0,oracle,0.0,0,0.3,False,0.2099225304385408,0.2099225304385408
2024-07-11_09,4,9,direct_substitution,F0,oracle,0.0,0,0.9,False,0.35452399117134203,0.35452399117134203
2024-07-11_10,4,10,direct_substitution,F0,oracle,0.0,0,0.6,False,0.22264525859512227,0.22264525859512227
2024-07-11_01,4,1,causal_feedback,F0,combined,0.0,0,0.7931034482758621,False,0.22093844780964286,0.22093844780964286
2024-07-11_02,4,2,causal_feedback,F0,combined,0.0,0,0.6331564986737401,False,0.4050493869278443,0.4050493869278443
2024-07-11_03,4,3,causal_feedback,F0,combined,0.0,0,0.976923076923077,False,0.24730692767245452,0.24730692767245452
2024-07-11_04,4,4,causal_feedback,F0,combined,0.0,0,0.8477453580901857,False,0.18120608158432655,0.18120608158432655
2024-07-11_05,4,5,causal_feedback,F0,combined,0.0,0,0.9700265251989391,False,0.29115898874469043,0.29115898874469043
2024-07-11_06,4,6,causal_feedback,F0,combined,0.0,0,0.8793103448275863,False,0.12914644873128056,0.12914644873128056
2024-07-11_07,4,7,causal_feedback,F0,combined,0.0,0,0.716976127320955,False,0.21894232278277131,0.21894232278277131
2024-07-11_08,4,8,causal_feedback,F0,combined,0.0,0,0.5870026525198939,False,0.20992253043854064,0.20992253043854064
2024-07-11_09,4,9,causal_feedback,F0,combined,0.0,0,0.7084880636604776,False,0.35452399117134215,0.35452399117134215
2024-07-11_10,4,10,causal_feedback,F0,combined,0.0,0,0.9615384615384617,False,0.22264525859512235,0.22264525859512235
2024-07-11_01,4,1,causal_feedback,F1,combined,0.0,0,0.7931034482758621,False,0.22093844780964286,0.22093844780964286
2024-07-11_02,4,2,causal_feedback,F1,combined,0.0,0,0.6331564986737401,False,0.4050493869278443,0.4050493869278443
2024-07-11_03,4,3,causal_feedback,F1,combined,0.0,0,0.976923076923077,False,0.24730692767245452,0.24730692767245452
2024-07-11_04,4,4,causal_feedback,F1,combined,0.0,0,0.8477453580901857,False,0.18120608158432655,0.18120608158432655
2024-07-11_05,4,5,causal_feedback,F1,combined,0.0,0,0.9700265251989391,False,0.29115898874469043,0.29115898874469043
2024-07-11_06,4,6,causal_feedback,F1,combined,0.0,0,0.8793103448275863,False,0.12914644873128056,0.12914644873128056
2024-07-11_07,4,7,causal_feedback,F1,combined,0.0,0,0.716976127320955,False,0.21894232278277131,0.21894232278277131
2024-07-11_08,4,8,causal_feedback,F1,combined,0.0,0,0.5870026525198939,False,0.20992253043854064,0.20992253043854064
2024-07-11_09,4,9,causal_feedback,F1,combined,0.0,0,0.7084880636604776,False,0.35452399117134215,0.35452399117134215
2024-07-11_10,4,10,causal_feedback,F1,combined,0.0,0,0.9615384615384617,False,0.22264525859512235,0.22264525859512235
2024-07-11_01,4,1,causal_feedback,F2,combined,0.0,0,0.7931034482758621,False,0.22093844780964286,0.22093844780964286
2024-07-11_02,4,2,causal_feedback,F2,combined,0.0,0,0.6331564986737401,False,0.4050493869278443,0.4050493869278443
2024-07-11_03,4,3,causal_feedback,F2,combined,0.0,0,0.976923076923077,False,0.24730692767245452,0.24730692767245452
2024-07-11_04,4,4,causal_feedback,F2,combined,0.0,0,0.8477453580901857,False,0.18120608158432655,0.18120608158432655
2024-07-11_05,4,5,causal_feedback,F2,combined,0.0,0,0.9700265251989391,False,0.29115898874469043,0.29115898874469043
2024-07-11_06,4,6,causal_feedback,F2,combined,0.0,0,0.8793103448275863,False,0.12914644873128056,0.12914644873128056
2024-07-11_07,4,7,causal_feedback,F2,combined,0.0,0,0.716976127320955,False,0.21894232278277131,0.21894232278277131
2024-07-11_08,4,8,causal_feedback,F2,combined,0.0,0,0.5870026525198939,False,0.20992253043854064,0.20992253043854064
2024-07-11_09,4,9,causal_feedback,F2,combined,0.0,0,0.7084880636604776,False,0.35452399117134215,0.35452399117134215
2024-07-11_10,4,10,causal_feedback,F2,combined,0.0,0,0.9615384615384617,False,0.22264525859512235,0.22264525859512235
2024-07-11_01,4,1,causal_feedback,F3,combined,0.0,0,0.7931034482758621,False,0.22093844780964286,0.22093844780964286
2024-07-11_02,4,2,causal_feedback,F3,combined,0.0,0,0.6331564986737401,False,0.4050493869278443,0.4050493869278443
2024-07-11_03,4,3,causal_feedback,F3,combined,0.0,0,0.976923076923077,False,0.24730692767245452,0.24730692767245452
2024-07-11_04,4,4,causal_feedback,F3,combined,0.0,0,0.8477453580901857,False,0.18120608158432655,0.18120608158432655
2024-07-11_05,4,5,causal_feedback,F3,combined,0.0,0,0.9700265251989391,False,0.29115898874469043,0.29115898874469043
2024-07-11_06,4,6,causal_feedback,F3,combined,0.0,0,0.8793103448275863,False,0.12914644873128056,0.12914644873128056
2024-07-11_07,4,7,causal_feedback,F3,combined,0.0,0,0.716976127320955,False,0.21894232278277131,0.21894232278277131
2024-07-11_08,4,8,causal_feedback,F3,combined,0.0,0,0.5870026525198939,False,0.20992253043854064,0.20992253043854064
2024-07-11_09,4,9,causal_feedback,F3,combined,0.0,0,0.7084880636604776,False,0.35452399117134215,0.35452399117134215
2024-07-11_10,4,10,causal_feedback,F3,combined,0.0,0,0.9615384615384617,False,0.22264525859512235,0.22264525859512235
2024-07-11_01,4,1,ranking_only,F0,no_metrology,0.1,0,,False,0.22093844780964278,0.22093844780964278
2024-07-11_02,4,2,ranking_only,F0,no_metrology,0.1,0,,False,0.4050493869278443,0.4050493869278443
2024-07-11_03,4,3,ranking_only,F0,no_metrology,0.1,0,,False,0.24730692767245452,0.24730692767245452
2024-07-11_04,4,4,ranking_only,F0,no_metrology,0.1,0,,False,0.18120608158432655,0.18120608158432655
2024-07-11_05,4,5,ranking_only,F0,no_metrology,0.1,0,,False,0.2911589887446905,0.2911589887446905
2024-07-11_06,4,6,ranking_only,F0,no_metrology,0.1,0,,False,0.12914644873128056,0.12914644873128056
2024-07-11_07,4,7,ranking_only,F0,no_metrology,0.1,0,,False,0.21894232278277131,0.21894232278277131
2024-07-11_08,4,8,ranking_only,F0,no_metrology,0.1,0,,False,0.2099225304385408,0.2099225304385408
2024-07-11_09,4,9,ranking_only,F0,no_metrology,0.1,0,,False,0.35452399117134203,0.35452399117134203
2024-07-11_10,4,10,ranking_only,F0,no_metrology,0.1,0,,False,0.22264525859512227,0.22264525859512227
2024-07-11_01,4,1,direct_substitution,F0,no_metrology,0.1,0,,False,0.22093844780964278,0.22093844780964278
2024-07-11_02,4,2,direct_substitution,F0,no_metrology,0.1,0,,False,0.4050493869278443,0.4050493869278443
2024-07-11_03,4,3,direct_substitution,F0,no_metrology,0.1,0,,False,0.24730692767245452,0.24730692767245452
2024-07-11_04,4,4,direct_substitution,F0,no_metrology,0.1,0,,False,0.18120608158432655,0.18120608158432655
2024-07-11_05,4,5,direct_substitution,F0,no_metrology,0.1,0,,False,0.2911589887446905,0.2911589887446905
2024-07-11_06,4,6,direct_substitution,F0,no_metrology,0.1,0,,False,0.12914644873128056,0.12914644873128056
2024-07-11_07,4,7,direct_substitution,F0,no_metrology,0.1,0,,False,0.21894232278277131,0.21894232278277131
2024-07-11_08,4,8,direct_substitution,F0,no_metrology,0.1,0,,False,0.2099225304385408,0.2099225304385408
2024-07-11_09,4,9,direct_substitution,F0,no_metrology,0.1,0,,False,0.35452399117134203,0.35452399117134203
2024-07-11_10,4,10,direct_substitution,F0,no_metrology,0.1,0,,False,0.22264525859512227,0.22264525859512227
2024-07-11_01,4,1,ranking_only,F0,periodic,0.1,0,,True,0.22093844780964278,0.0
2024-07-11_02,4,2,ranking_only,F0,periodic,0.1,0,,False,0.4050493869278443,0.4050493869278443
2024-07-11_03,4,3,ranking_only,F0,periodic,0.1,0,,False,0.24730692767245452,0.24730692767245452
2024-07-11_04,4,4,ranking_only,F0,periodic,0.1,0,,False,0.18120608158432655,0.18120608158432655
2024-07-11_05,4,5,ranking_only,F0,periodic,0.1,0,,False,0.2911589887446905,0.2911589887446905
2024-07-11_06,4,6,ranking_only,F0,periodic,0.1,0,,False,0.12914644873128056,0.12914644873128056
2024-07-11_07,4,7,ranking_only,F0,periodic,0.1,0,,False,0.21894232278277131,0.21894232278277131
2024-07-11_08,4,8,ranking_only,F0,periodic,0.1,0,,False,0.2099225304385408,0.2099225304385408
2024-07-11_09,4,9,ranking_only,F0,periodic,0.1,0,,False,0.35452399117134203,0.35452399117134203
2024-07-11_10,4,10,ranking_only,F0,periodic,0.1,0,,False,0.22264525859512227,0.22264525859512227
2024-07-11_01,4,1,direct_substitution,F0,periodic,0.1,0,,True,0.22093844780964278,0.0
2024-07-11_02,4,2,direct_substitution,F0,periodic,0.1,0,,False,0.4050493869278443,0.4050493869278443
2024-07-11_03,4,3,direct_substitution,F0,periodic,0.1,0,,False,0.24730692767245452,0.24730692767245452
2024-07-11_04,4,4,direct_substitution,F0,periodic,0.1,0,,False,0.18120608158432655,0.18120608158432655
2024-07-11_05,4,5,direct_substitution,F0,periodic,0.1,0,,False,0.2911589887446905,0.2911589887446905
2024-07-11_06,4,6,direct_substitution,F0,periodic,0.1,0,,False,0.12914644873128056,0.12914644873128056
2024-07-11_07,4,7,direct_substitution,F0,periodic,0.1,0,,False,0.21894232278277131,0.21894232278277131
2024-07-11_08,4,8,direct_substitution,F0,periodic,0.1,0,,False,0.2099225304385408,0.2099225304385408
2024-07-11_09,4,9,direct_substitution,F0,periodic,0.1,0,,False,0.35452399117134203,0.35452399117134203
2024-07-11_10,4,10,direct_substitution,F0,periodic,0.1,0,,False,0.22264525859512227,0.22264525859512227
2024-07-11_01,4,1,ranking_only,F0,ood,0.1,0,1.0,True,0.22093844780964278,0.0
2024-07-11_02,4,2,ranking_only,F0,ood,0.1,0,0.9655172413793104,False,0.4050493869278443,0.4050493869278443
2024-07-11_03,4,3,ranking_only,F0,ood,0.1,0,1.0,False,0.24730692767245452,0.24730692767245452
2024-07-11_04,4,4,ranking_only,F0,ood,0.1,0,0.9655172413793104,False,0.18120608158432655,0.18120608158432655
2024-07-11_05,4,5,ranking_only,F0,ood,0.1,0,0.9655172413793104,False,0.2911589887446905,0.2911589887446905
2024-07-11_06,4,6,ranking_only,F0,ood,0.1,0,0.9655172413793104,False,0.12914644873128056,0.12914644873128056
2024-07-11_07,4,7,ranking_only,F0,ood,0.1,0,0.9655172413793104,False,0.21894232278277131,0.21894232278277131
2024-07-11_08,4,8,ranking_only,F0,ood,0.1,0,0.9655172413793104,False,0.2099225304385408,0.2099225304385408
2024-07-11_09,4,9,ranking_only,F0,ood,0.1,0,0.9655172413793104,False,0.35452399117134203,0.35452399117134203
2024-07-11_10,4,10,ranking_only,F0,ood,0.1,0,1.0,False,0.22264525859512227,0.22264525859512227
2024-07-11_01,4,1,direct_substitution,F0,ood,0.1,0,1.0,True,0.22093844780964278,0.0
2024-07-11_02,4,2,direct_substitution,F0,ood,0.1,0,0.9655172413793104,False,0.4050493869278443,0.4050493869278443
2024-07-11_03,4,3,direct_substitution,F0,ood,0.1,0,1.0,False,0.24730692767245452,0.24730692767245452
2024-07-11_04,4,4,direct_substitution,F0,ood,0.1,0,0.9655172413793104,False,0.18120608158432655,0.18120608158432655
2024-07-11_05,4,5,direct_substitution,F0,ood,0.1,0,0.9655172413793104,False,0.2911589887446905,0.2911589887446905
2024-07-11_06,4,6,direct_substitution,F0,ood,0.1,0,0.9655172413793104,False,0.12914644873128056,0.12914644873128056
2024-07-11_07,4,7,direct_substitution,F0,ood,0.1,0,0.9655172413793104,False,0.21894232278277131,0.21894232278277131
2024-07-11_08,4,8,direct_substitution,F0,ood,0.1,0,0.9655172413793104,False,0.2099225304385408,0.2099225304385408
2024-07-11_09,4,9,direct_substitution,F0,ood,0.1,0,0.9655172413793104,False,0.35452399117134203,0.35452399117134203
2024-07-11_10,4,10,direct_substitution,F0,ood,0.1,0,1.0,False,0.22264525859512227,0.22264525859512227
2024-07-11_01,4,1,ranking_only,F0,disagreement,0.1,0,0.9655172413793104,False,0.22093844780964278,0.22093844780964278
2024-07-11_02,4,2,ranking_only,F0,disagreement,0.1,0,0.9655172413793104,False,0.4050493869278443,0.4050493869278443
2024-07-11_03,4,3,ranking_only,F0,disagreement,0.1,0,1.0,True,0.24730692767245452,0.0
2024-07-11_04,4,4,ranking_only,F0,disagreement,0.1,0,0.9655172413793104,False,0.18120608158432655,0.18120608158432655
2024-07-11_05,4,5,ranking_only,F0,disagreement,0.1,0,1.0,False,0.2911589887446905,0.2911589887446905
2024-07-11_06,4,6,ranking_only,F0,disagreement,0.1,0,0.9655172413793104,False,0.12914644873128056,0.12914644873128056
2024-07-11_07,4,7,ranking_only,F0,disagreement,0.1,0,1.0,False,0.21894232278277131,0.21894232278277131
2024-07-11_08,4,8,ranking_only,F0,disagreement,0.1,0,0.9655172413793104,False,0.2099225304385408,0.2099225304385408
2024-07-11_09,4,9,ranking_only,F0,disagreement,0.1,0,1.0,False,0.35452399117134203,0.35452399117134203
2024-07-11_10,4,10,ranking_only,F0,disagreement,0.1,0,1.0,False,0.22264525859512227,0.22264525859512227
2024-07-11_01,4,1,direct_substitution,F0,disagreement,0.1,0,0.9655172413793104,True,0.22093844780964278,0.0
2024-07-11_02,4,2,direct_substitution,F0,disagreement,0.1,0,0.9655172413793104,False,0.4050493869278443,0.4050493869278443
2024-07-11_03,4,3,direct_substitution,F0,disagreement,0.1,0,1.0,False,0.24730692767245452,0.24730692767245452
2024-07-11_04,4,4,direct_substitution,F0,disagreement,0.1,0,0.9655172413793104,False,0.18120608158432655,0.18120608158432655
2024-07-11_05,4,5,direct_substitution,F0,disagreement,0.1,0,1.0,False,0.2911589887446905,0.2911589887446905
2024-07-11_06,4,6,direct_substitution,F0,disagreement,0.1,0,0.9655172413793104,False,0.12914644873128056,0.12914644873128056
2024-07-11_07,4,7,direct_substitution,F0,disagreement,0.1,0,1.0,False,0.21894232278277131,0.21894232278277131
2024-07-11_08,4,8,direct_substitution,F0,disagreement,0.1,0,0.9655172413793104,False,0.2099225304385408,0.2099225304385408
2024-07-11_09,4,9,direct_substitution,F0,disagreement,0.1,0,1.0,False,0.35452399117134203,0.35452399117134203
2024-07-11_10,4,10,direct_substitution,F0,disagreement,0.1,0,1.0,False,0.22264525859512227,0.22264525859512227
2024-07-11_01,4,1,ranking_only,F0,combined,0.1,0,0.7931034482758621,False,0.22093844780964278,0.22093844780964278
2024-07-11_02,4,2,ranking_only,F0,combined,0.1,0,0.6331564986737401,False,0.4050493869278443,0.4050493869278443
2024-07-11_03,4,3,ranking_only,F0,combined,0.1,0,0.976923076923077,True,0.24730692767245452,0.0
2024-07-11_04,4,4,ranking_only,F0,combined,0.1,0,0.8477453580901857,False,0.18120608158432655,0.18120608158432655
2024-07-11_05,4,5,ranking_only,F0,combined,0.1,0,0.9700265251989391,False,0.2911589887446905,0.2911589887446905
2024-07-11_06,4,6,ranking_only,F0,combined,0.1,0,0.8793103448275863,False,0.12914644873128056,0.12914644873128056
2024-07-11_07,4,7,ranking_only,F0,combined,0.1,0,0.716976127320955,False,0.21894232278277131,0.21894232278277131
2024-07-11_08,4,8,ranking_only,F0,combined,0.1,0,0.5870026525198939,False,0.2099225304385408,0.2099225304385408
2024-07-11_09,4,9,ranking_only,F0,combined,0.1,0,0.7084880636604776,False,0.35452399117134203,0.35452399117134203
2024-07-11_10,4,10,ranking_only,F0,combined,0.1,0,0.9615384615384617,False,0.22264525859512227,0.22264525859512227
2024-07-11_01,4,1,direct_substitution,F0,combined,0.1,0,0.7931034482758621,False,0.22093844780964278,0.22093844780964278
2024-07-11_02,4,2,direct_substitution,F0,combined,0.1,0,0.6331564986737401,False,0.4050493869278443,0.4050493869278443
2024-07-11_03,4,3,direct_substitution,F0,combined,0.1,0,0.976923076923077,True,0.24730692767245452,0.0
2024-07-11_04,4,4,direct_substitution,F0,combined,0.1,0,0.8477453580901857,False,0.18120608158432655,0.18120608158432655
2024-07-11_05,4,5,direct_substitution,F0,combined,0.1,0,0.9700265251989391,False,0.2911589887446905,0.2911589887446905
2024-07-11_06,4,6,direct_substitution,F0,combined,0.1,0,0.8793103448275863,False,0.12914644873128056,0.12914644873128056
2024-07-11_07,4,7,direct_substitution,F0,combined,0.1,0,0.716976127320955,False,0.21894232278277131,0.21894232278277131
2024-07-11_08,4,8,direct_substitution,F0,combined,0.1,0,0.5870026525198939,False,0.2099225304385408,0.2099225304385408
2024-07-11_09,4,9,direct_substitution,F0,combined,0.1,0,0.7084880636604776,False,0.35452399117134203,0.35452399117134203
2024-07-11_10,4,10,direct_substitution,F0,combined,0.1,0,0.9615384615384617,False,0.22264525859512227,0.22264525859512227
2024-07-11_01,4,1,ranking_only,F0,validated_combined,0.1,0,0.7931034482758621,False,0.22093844780964278,0.22093844780964278
2024-07-11_02,4,2,ranking_only,F0,validated_combined,0.1,0,0.6331564986737401,False,0.4050493869278443,0.4050493869278443
2024-07-11_03,4,3,ranking_only,F0,validated_combined,0.1,0,0.976923076923077,True,0.24730692767245452,0.0
2024-07-11_04,4,4,ranking_only,F0,validated_combined,0.1,0,0.8477453580901857,False,0.18120608158432655,0.18120608158432655
2024-07-11_05,4,5,ranking_only,F0,validated_combined,0.1,0,0.9700265251989391,False,0.2911589887446905,0.2911589887446905
2024-07-11_06,4,6,ranking_only,F0,validated_combined,0.1,0,0.8793103448275863,False,0.12914644873128056,0.12914644873128056
2024-07-11_07,4,7,ranking_only,F0,validated_combined,0.1,0,0.716976127320955,False,0.21894232278277131,0.21894232278277131
2024-07-11_08,4,8,ranking_only,F0,validated_combined,0.1,0,0.5870026525198939,False,0.2099225304385408,0.2099225304385408
2024-07-11_09,4,9,ranking_only,F0,validated_combined,0.1,0,0.7084880636604776,False,0.35452399117134203,0.35452399117134203
2024-07-11_10,4,10,ranking_only,F0,validated_combined,0.1,0,0.9615384615384617,False,0.22264525859512227,0.22264525859512227
2024-07-11_01,4,1,direct_substitution,F0,validated_combined,0.1,0,0.7931034482758621,False,0.22093844780964278,0.22093844780964278
2024-07-11_02,4,2,direct_substitution,F0,validated_combined,0.1,0,0.6331564986737401,False,0.4050493869278443,0.4050493869278443
2024-07-11_03,4,3,direct_substitution,F0,validated_combined,0.1,0,0.976923076923077,True,0.24730692767245452,0.0
2024-07-11_04,4,4,direct_substitution,F0,validated_combined,0.1,0,0.8477453580901857,False,0.18120608158432655,0.18120608158432655
2024-07-11_05,4,5,direct_substitution,F0,validated_combined,0.1,0,0.9700265251989391,False,0.2911589887446905,0.2911589887446905
2024-07-11_06,4,6,direct_substitution,F0,validated_combined,0.1,0,0.8793103448275863,False,0.12914644873128056,0.12914644873128056
2024-07-11_07,4,7,direct_substitution,F0,validated_combined,0.1,0,0.716976127320955,False,0.21894232278277131,0.21894232278277131
2024-07-11_08,4,8,direct_substitution,F0,validated_combined,0.1,0,0.5870026525198939,False,0.2099225304385408,0.2099225304385408
2024-07-11_09,4,9,direct_substitution,F0,validated_combined,0.1,0,0.7084880636604776,False,0.35452399117134203,0.35452399117134203
2024-07-11_10,4,10,direct_substitution,F0,validated_combined,0.1,0,0.9615384615384617,False,0.22264525859512227,0.22264525859512227
2024-07-11_01,4,1,ranking_only,F0,oracle,0.1,0,0.5,False,0.22093844780964278,0.22093844780964278
2024-07-11_02,4,2,ranking_only,F0,oracle,0.1,0,1.0,True,0.4050493869278443,0.0
2024-07-11_03,4,3,ranking_only,F0,oracle,0.1,0,0.7,False,0.24730692767245452,0.24730692767245452
2024-07-11_04,4,4,ranking_only,F0,oracle,0.1,0,0.2,False,0.18120608158432655,0.18120608158432655
2024-07-11_05,4,5,ranking_only,F0,oracle,0.1,0,0.8,False,0.2911589887446905,0.2911589887446905
2024-07-11_06,4,6,ranking_only,F0,oracle,0.1,0,0.1,False,0.12914644873128056,0.12914644873128056
2024-07-11_07,4,7,ranking_only,F0,oracle,0.1,0,0.4,False,0.21894232278277131,0.21894232278277131
2024-07-11_08,4,8,ranking_only,F0,oracle,0.1,0,0.3,False,0.2099225304385408,0.2099225304385408
2024-07-11_09,4,9,ranking_only,F0,oracle,0.1,0,0.9,False,0.35452399117134203,0.35452399117134203
2024-07-11_10,4,10,ranking_only,F0,oracle,0.1,0,0.6,False,0.22264525859512227,0.22264525859512227
2024-07-11_01,4,1,direct_substitution,F0,oracle,0.1,0,0.5,False,0.22093844780964278,0.22093844780964278
2024-07-11_02,4,2,direct_substitution,F0,oracle,0.1,0,1.0,True,0.4050493869278443,0.0
2024-07-11_03,4,3,direct_substitution,F0,oracle,0.1,0,0.7,False,0.24730692767245452,0.24730692767245452
2024-07-11_04,4,4,direct_substitution,F0,oracle,0.1,0,0.2,False,0.18120608158432655,0.18120608158432655
2024-07-11_05,4,5,direct_substitution,F0,oracle,0.1,0,0.8,False,0.2911589887446905,0.2911589887446905
2024-07-11_06,4,6,direct_substitution,F0,oracle,0.1,0,0.1,False,0.12914644873128056,0.12914644873128056
2024-07-11_07,4,7,direct_substitution,F0,oracle,0.1,0,0.4,False,0.21894232278277131,0.21894232278277131
2024-07-11_08,4,8,direct_substitution,F0,oracle,0.1,0,0.3,False,0.2099225304385408,0.2099225304385408
2024-07-11_09,4,9,direct_substitution,F0,oracle,0.1,0,0.9,False,0.35452399117134203,0.35452399117134203
2024-07-11_10,4,10,direct_substitution,F0,oracle,0.1,0,0.6,False,0.22264525859512227,0.22264525859512227
2024-07-11_01,4,1,causal_feedback,F0,combined,0.1,0,0.7931034482758621,False,0.22093844780964286,0.22093844780964286
2024-07-11_02,4,2,causal_feedback,F0,combined,0.1,0,0.6331564986737401,False,0.4050493869278443,0.4050493869278443
2024-07-11_03,4,3,causal_feedback,F0,combined,0.1,0,0.976923076923077,True,0.24730692767245452,0.0
2024-07-11_04,4,4,causal_feedback,F0,combined,0.1,0,0.8477453580901857,False,0.18120608158432655,0.18120608158432655
2024-07-11_05,4,5,causal_feedback,F0,combined,0.1,0,0.9700265251989391,False,0.29115898874469043,0.29115898874469043
2024-07-11_06,4,6,causal_feedback,F0,combined,0.1,0,0.8793103448275863,False,0.12914644873128056,0.12914644873128056
2024-07-11_07,4,7,causal_feedback,F0,combined,0.1,0,0.716976127320955,False,0.21894232278277131,0.21894232278277131
2024-07-11_08,4,8,causal_feedback,F0,combined,0.1,0,0.5870026525198939,False,0.20992253043854064,0.20992253043854064
2024-07-11_09,4,9,causal_feedback,F0,combined,0.1,0,0.7084880636604776,False,0.35452399117134215,0.35452399117134215
2024-07-11_10,4,10,causal_feedback,F0,combined,0.1,0,0.9615384615384617,False,0.22264525859512235,0.22264525859512235
2024-07-11_01,4,1,causal_feedback,F1,combined,0.1,0,0.7931034482758621,False,0.22093844780964286,0.22093844780964286
2024-07-11_02,4,2,causal_feedback,F1,combined,0.1,0,0.6331564986737401,False,0.4050493869278443,0.4050493869278443
2024-07-11_03,4,3,causal_feedback,F1,combined,0.1,0,0.976923076923077,True,0.24730692767245452,0.0
2024-07-11_04,4,4,causal_feedback,F1,combined,0.1,0,0.8477453580901857,False,0.14811809274870824,0.14811809274870824
2024-07-11_05,4,5,causal_feedback,F1,combined,0.1,0,0.9700265251989391,False,0.2655762307450932,0.2655762307450932
2024-07-11_06,4,6,causal_feedback,F1,combined,0.1,0,0.8793103448275863,False,0.1266091529796982,0.1266091529796982
2024-07-11_07,4,7,causal_feedback,F1,combined,0.1,0,0.716976127320955,False,0.21512693305567018,0.21512693305567018
2024-07-11_08,4,8,causal_feedback,F1,combined,0.1,0,0.5870026525198939,False,0.20805061747169226,0.20805061747169226
2024-07-11_09,4,9,causal_feedback,F1,combined,0.1,0,0.7084880636604776,False,0.39937697288379903,0.39937697288379903
2024-07-11_10,4,10,causal_feedback,F1,combined,0.1,0,0.9615384615384617,False,0.21858572164590545,0.21858572164590545
2024-07-11_01,4,1,causal_feedback,F2,combined,0.1,0,0.7931034482758621,False,0.22093844780964286,0.22093844780964286
2024-07-11_02,4,2,causal_feedback,F2,combined,0.1,0,0.6331564986737401,False,0.4050493869278443,0.4050493869278443
2024-07-11_03,4,3,causal_feedback,F2,combined,0.1,0,0.976923076923077,True,0.24730692767245452,0.0
2024-07-11_04,4,4,causal_feedback,F2,combined,0.1,0,0.8477453580901857,False,0.11302614329225036,0.11302614329225036
2024-07-11_05,4,5,causal_feedback,F2,combined,0.1,0,0.9700265251989391,False,0.20385657811811886,0.20385657811811886
2024-07-11_06,4,6,causal_feedback,F2,combined,0.1,0,0.8793103448275863,False,0.2601789255421385,0.2601789255421385
2024-07-11_07,4,7,causal_feedback,F2,combined,0.1,0,0.716976127320955,False,0.4253500850814036,0.4253500850814036
2024-07-11_08,4,8,causal_feedback,F2,combined,0.1,0,0.5870026525198939,False,0.4607653188586563,0.4607653188586563
2024-07-11_09,4,9,causal_feedback,F2,combined,0.1,0,0.7084880636604776,False,0.5953424182045898,0.5953424182045898
2024-07-11_10,4,10,causal_feedback,F2,combined,0.1,0,0.9615384615384617,False,0.3669970617737796,0.3669970617737796
2024-07-11_01,4,1,causal_feedback,F3,combined,0.1,0,0.7931034482758621,False,0.22093844780964286,0.22093844780964286
2024-07-11_02,4,2,causal_feedback,F3,combined,0.1,0,0.6331564986737401,False,0.4050493869278443,0.4050493869278443
2024-07-11_03,4,3,causal_feedback,F3,combined,0.1,0,0.976923076923077,True,0.24730692767245452,0.0
2024-07-11_04,4,4,causal_feedback,F3,combined,0.1,0,0.8477453580901857,False,0.0726002565296954,0.0726002565296954
2024-07-11_05,4,5,causal_feedback,F3,combined,0.1,0,0.9700265251989391,False,0.10855868260738269,0.10855868260738269
2024-07-11_06,4,6,causal_feedback,F3,combined,0.1,0,0.8793103448275863,False,0.23813079553351313,0.23813079553351313
2024-07-11_07,4,7,causal_feedback,F3,combined,0.1,0,0.716976127320955,False,0.38006216904485657,0.38006216904485657
2024-07-11_08,4,8,causal_feedback,F3,combined,0.1,0,0.5870026525198939,False,0.42135574897126893,0.42135574897126893
2024-07-11_09,4,9,causal_feedback,F3,combined,0.1,0,0.7084880636604776,False,0.593651184381984,0.593651184381984
2024-07-11_10,4,10,causal_feedback,F3,combined,0.1,0,0.9615384615384617,False,0.3283277522876654,0.3283277522876654
2024-07-11_01,4,1,ranking_only,F0,no_metrology,0.2,0,,False,0.22093844780964278,0.22093844780964278
2024-07-11_02,4,2,ranking_only,F0,no_metrology,0.2,0,,False,0.4050493869278443,0.4050493869278443
2024-07-11_03,4,3,ranking_only,F0,no_metrology,0.2,0,,False,0.24730692767245452,0.24730692767245452
2024-07-11_04,4,4,ranking_only,F0,no_metrology,0.2,0,,False,0.18120608158432655,0.18120608158432655
2024-07-11_05,4,5,ranking_only,F0,no_metrology,0.2,0,,False,0.2911589887446905,0.2911589887446905
2024-07-11_06,4,6,ranking_only,F0,no_metrology,0.2,0,,False,0.12914644873128056,0.12914644873128056
2024-07-11_07,4,7,ranking_only,F0,no_metrology,0.2,0,,False,0.21894232278277131,0.21894232278277131
2024-07-11_08,4,8,ranking_only,F0,no_metrology,0.2,0,,False,0.2099225304385408,0.2099225304385408
2024-07-11_09,4,9,ranking_only,F0,no_metrology,0.2,0,,False,0.35452399117134203,0.35452399117134203
2024-07-11_10,4,10,ranking_only,F0,no_metrology,0.2,0,,False,0.22264525859512227,0.22264525859512227
2024-07-11_01,4,1,direct_substitution,F0,no_metrology,0.2,0,,False,0.22093844780964278,0.22093844780964278
2024-07-11_02,4,2,direct_substitution,F0,no_metrology,0.2,0,,False,0.4050493869278443,0.4050493869278443
2024-07-11_03,4,3,direct_substitution,F0,no_metrology,0.2,0,,False,0.24730692767245452,0.24730692767245452
2024-07-11_04,4,4,direct_substitution,F0,no_metrology,0.2,0,,False,0.18120608158432655,0.18120608158432655
2024-07-11_05,4,5,direct_substitution,F0,no_metrology,0.2,0,,False,0.2911589887446905,0.2911589887446905
2024-07-11_06,4,6,direct_substitution,F0,no_metrology,0.2,0,,False,0.12914644873128056,0.12914644873128056
2024-07-11_07,4,7,direct_substitution,F0,no_metrology,0.2,0,,False,0.21894232278277131,0.21894232278277131
2024-07-11_08,4,8,direct_substitution,F0,no_metrology,0.2,0,,False,0.2099225304385408,0.2099225304385408
2024-07-11_09,4,9,direct_substitution,F0,no_metrology,0.2,0,,False,0.35452399117134203,0.35452399117134203
2024-07-11_10,4,10,direct_substitution,F0,no_metrology,0.2,0,,False,0.22264525859512227,0.22264525859512227
2024-07-11_01,4,1,ranking_only,F0,periodic,0.2,0,,True,0.22093844780964278,0.0
2024-07-11_02,4,2,ranking_only,F0,periodic,0.2,0,,False,0.4050493869278443,0.4050493869278443
2024-07-11_03,4,3,ranking_only,F0,periodic,0.2,0,,False,0.24730692767245452,0.24730692767245452
2024-07-11_04,4,4,ranking_only,F0,periodic,0.2,0,,False,0.18120608158432655,0.18120608158432655
2024-07-11_05,4,5,ranking_only,F0,periodic,0.2,0,,False,0.2911589887446905,0.2911589887446905
2024-07-11_06,4,6,ranking_only,F0,periodic,0.2,0,,False,0.12914644873128056,0.12914644873128056
2024-07-11_07,4,7,ranking_only,F0,periodic,0.2,0,,False,0.21894232278277131,0.21894232278277131
2024-07-11_08,4,8,ranking_only,F0,periodic,0.2,0,,False,0.2099225304385408,0.2099225304385408
2024-07-11_09,4,9,ranking_only,F0,periodic,0.2,0,,False,0.35452399117134203,0.35452399117134203
2024-07-11_10,4,10,ranking_only,F0,periodic,0.2,0,,True,0.22264525859512227,0.0
2024-07-11_01,4,1,direct_substitution,F0,periodic,0.2,0,,True,0.22093844780964278,0.0
2024-07-11_02,4,2,direct_substitution,F0,periodic,0.2,0,,False,0.4050493869278443,0.4050493869278443
2024-07-11_03,4,3,direct_substitution,F0,periodic,0.2,0,,False,0.24730692767245452,0.24730692767245452
2024-07-11_04,4,4,direct_substitution,F0,periodic,0.2,0,,False,0.18120608158432655,0.18120608158432655
2024-07-11_05,4,5,direct_substitution,F0,periodic,0.2,0,,False,0.2911589887446905,0.2911589887446905
2024-07-11_06,4,6,direct_substitution,F0,periodic,0.2,0,,False,0.12914644873128056,0.12914644873128056
2024-07-11_07,4,7,direct_substitution,F0,periodic,0.2,0,,False,0.21894232278277131,0.21894232278277131
2024-07-11_08,4,8,direct_substitution,F0,periodic,0.2,0,,False,0.2099225304385408,0.2099225304385408
2024-07-11_09,4,9,direct_substitution,F0,periodic,0.2,0,,False,0.35452399117134203,0.35452399117134203
2024-07-11_10,4,10,direct_substitution,F0,periodic,0.2,0,,True,0.22264525859512227,0.0
2024-07-11_01,4,1,ranking_only,F0,ood,0.2,0,1.0,True,0.22093844780964278,0.0
2024-07-11_02,4,2,ranking_only,F0,ood,0.2,0,0.9655172413793104,False,0.4050493869278443,0.4050493869278443
2024-07-11_03,4,3,ranking_only,F0,ood,0.2,0,1.0,True,0.24730692767245452,0.0
2024-07-11_04,4,4,ranking_only,F0,ood,0.2,0,0.9655172413793104,False,0.18120608158432655,0.18120608158432655
2024-07-11_05,4,5,ranking_only,F0,ood,0.2,0,0.9655172413793104,False,0.2911589887446905,0.2911589887446905
2024-07-11_06,4,6,ranking_only,F0,ood,0.2,0,0.9655172413793104,False,0.12914644873128056,0.12914644873128056
2024-07-11_07,4,7,ranking_only,F0,ood,0.2,0,0.9655172413793104,False,0.21894232278277131,0.21894232278277131
2024-07-11_08,4,8,ranking_only,F0,ood,0.2,0,0.9655172413793104,False,0.2099225304385408,0.2099225304385408
2024-07-11_09,4,9,ranking_only,F0,ood,0.2,0,0.9655172413793104,False,0.35452399117134203,0.35452399117134203
2024-07-11_10,4,10,ranking_only,F0,ood,0.2,0,1.0,False,0.22264525859512227,0.22264525859512227
2024-07-11_01,4,1,direct_substitution,F0,ood,0.2,0,1.0,True,0.22093844780964278,0.0
2024-07-11_02,4,2,direct_substitution,F0,ood,0.2,0,0.9655172413793104,False,0.4050493869278443,0.4050493869278443
2024-07-11_03,4,3,direct_substitution,F0,ood,0.2,0,1.0,False,0.24730692767245452,0.24730692767245452
2024-07-11_04,4,4,direct_substitution,F0,ood,0.2,0,0.9655172413793104,False,0.18120608158432655,0.18120608158432655
2024-07-11_05,4,5,direct_substitution,F0,ood,0.2,0,0.9655172413793104,False,0.2911589887446905,0.2911589887446905
2024-07-11_06,4,6,direct_substitution,F0,ood,0.2,0,0.9655172413793104,True,0.12914644873128056,0.0
2024-07-11_07,4,7,direct_substitution,F0,ood,0.2,0,0.9655172413793104,False,0.21894232278277131,0.21894232278277131
2024-07-11_08,4,8,direct_substitution,F0,ood,0.2,0,0.9655172413793104,False,0.2099225304385408,0.2099225304385408
2024-07-11_09,4,9,direct_substitution,F0,ood,0.2,0,0.9655172413793104,False,0.35452399117134203,0.35452399117134203
2024-07-11_10,4,10,direct_substitution,F0,ood,0.2,0,1.0,False,0.22264525859512227,0.22264525859512227
2024-07-11_01,4,1,ranking_only,F0,disagreement,0.2,0,0.9655172413793104,False,0.22093844780964278,0.22093844780964278
2024-07-11_02,4,2,ranking_only,F0,disagreement,0.2,0,0.9655172413793104,False,0.4050493869278443,0.4050493869278443
2024-07-11_03,4,3,ranking_only,F0,disagreement,0.2,0,1.0,True,0.24730692767245452,0.0
2024-07-11_04,4,4,ranking_only,F0,disagreement,0.2,0,0.9655172413793104,False,0.18120608158432655,0.18120608158432655
2024-07-11_05,4,5,ranking_only,F0,disagreement,0.2,0,1.0,True,0.2911589887446905,0.0
2024-07-11_06,4,6,ranking_only,F0,disagreement,0.2,0,0.9655172413793104,False,0.12914644873128056,0.12914644873128056
2024-07-11_07,4,7,ranking_only,F0,disagreement,0.2,0,1.0,False,0.21894232278277131,0.21894232278277131
2024-07-11_08,4,8,ranking_only,F0,disagreement,0.2,0,0.9655172413793104,False,0.2099225304385408,0.2099225304385408
2024-07-11_09,4,9,ranking_only,F0,disagreement,0.2,0,1.0,False,0.35452399117134203,0.35452399117134203
2024-07-11_10,4,10,ranking_only,F0,disagreement,0.2,0,1.0,False,0.22264525859512227,0.22264525859512227
2024-07-11_01,4,1,direct_substitution,F0,disagreement,0.2,0,0.9655172413793104,True,0.22093844780964278,0.0
2024-07-11_02,4,2,direct_substitution,F0,disagreement,0.2,0,0.9655172413793104,False,0.4050493869278443,0.4050493869278443
2024-07-11_03,4,3,direct_substitution,F0,disagreement,0.2,0,1.0,False,0.24730692767245452,0.24730692767245452
2024-07-11_04,4,4,direct_substitution,F0,disagreement,0.2,0,0.9655172413793104,False,0.18120608158432655,0.18120608158432655
2024-07-11_05,4,5,direct_substitution,F0,disagreement,0.2,0,1.0,False,0.2911589887446905,0.2911589887446905
2024-07-11_06,4,6,direct_substitution,F0,disagreement,0.2,0,0.9655172413793104,True,0.12914644873128056,0.0
2024-07-11_07,4,7,direct_substitution,F0,disagreement,0.2,0,1.0,False,0.21894232278277131,0.21894232278277131
2024-07-11_08,4,8,direct_substitution,F0,disagreement,0.2,0,0.9655172413793104,False,0.2099225304385408,0.2099225304385408
2024-07-11_09,4,9,direct_substitution,F0,disagreement,0.2,0,1.0,False,0.35452399117134203,0.35452399117134203
2024-07-11_10,4,10,direct_substitution,F0,disagreement,0.2,0,1.0,False,0.22264525859512227,0.22264525859512227
2024-07-11_01,4,1,ranking_only,F0,combined,0.2,0,0.7931034482758621,False,0.22093844780964278,0.22093844780964278
2024-07-11_02,4,2,ranking_only,F0,combined,0.2,0,0.6331564986737401,False,0.4050493869278443,0.4050493869278443
2024-07-11_03,4,3,ranking_only,F0,combined,0.2,0,0.976923076923077,True,0.24730692767245452,0.0
2024-07-11_04,4,4,ranking_only,F0,combined,0.2,0,0.8477453580901857,False,0.18120608158432655,0.18120608158432655
2024-07-11_05,4,5,ranking_only,F0,combined,0.2,0,0.9700265251989391,True,0.2911589887446905,0.0
2024-07-11_06,4,6,ranking_only,F0,combined,0.2,0,0.8793103448275863,False,0.12914644873128056,0.12914644873128056
2024-07-11_07,4,7,ranking_only,F0,combined,0.2,0,0.716976127320955,False,0.21894232278277131,0.21894232278277131
2024-07-11_08,4,8,ranking_only,F0,combined,0.2,0,0.5870026525198939,False,0.2099225304385408,0.2099225304385408
2024-07-11_09,4,9,ranking_only,F0,combined,0.2,0,0.7084880636604776,False,0.35452399117134203,0.35452399117134203
2024-07-11_10,4,10,ranking_only,F0,combined,0.2,0,0.9615384615384617,False,0.22264525859512227,0.22264525859512227
2024-07-11_01,4,1,direct_substitution,F0,combined,0.2,0,0.7931034482758621,False,0.22093844780964278,0.22093844780964278
2024-07-11_02,4,2,direct_substitution,F0,combined,0.2,0,0.6331564986737401,False,0.4050493869278443,0.4050493869278443
2024-07-11_03,4,3,direct_substitution,F0,combined,0.2,0,0.976923076923077,True,0.24730692767245452,0.0
2024-07-11_04,4,4,direct_substitution,F0,combined,0.2,0,0.8477453580901857,False,0.18120608158432655,0.18120608158432655
2024-07-11_05,4,5,direct_substitution,F0,combined,0.2,0,0.9700265251989391,False,0.2911589887446905,0.2911589887446905
2024-07-11_06,4,6,direct_substitution,F0,combined,0.2,0,0.8793103448275863,True,0.12914644873128056,0.0
2024-07-11_07,4,7,direct_substitution,F0,combined,0.2,0,0.716976127320955,False,0.21894232278277131,0.21894232278277131
2024-07-11_08,4,8,direct_substitution,F0,combined,0.2,0,0.5870026525198939,False,0.2099225304385408,0.2099225304385408
2024-07-11_09,4,9,direct_substitution,F0,combined,0.2,0,0.7084880636604776,False,0.35452399117134203,0.35452399117134203
2024-07-11_10,4,10,direct_substitution,F0,combined,0.2,0,0.9615384615384617,False,0.22264525859512227,0.22264525859512227
2024-07-11_01,4,1,ranking_only,F0,validated_combined,0.2,0,0.7931034482758621,False,0.22093844780964278,0.22093844780964278
2024-07-11_02,4,2,ranking_only,F0,validated_combined,0.2,0,0.6331564986737401,False,0.4050493869278443,0.4050493869278443
2024-07-11_03,4,3,ranking_only,F0,validated_combined,0.2,0,0.976923076923077,True,0.24730692767245452,0.0
2024-07-11_04,4,4,ranking_only,F0,validated_combined,0.2,0,0.8477453580901857,False,0.18120608158432655,0.18120608158432655
2024-07-11_05,4,5,ranking_only,F0,validated_combined,0.2,0,0.9700265251989391,True,0.2911589887446905,0.0
2024-07-11_06,4,6,ranking_only,F0,validated_combined,0.2,0,0.8793103448275863,False,0.12914644873128056,0.12914644873128056
2024-07-11_07,4,7,ranking_only,F0,validated_combined,0.2,0,0.716976127320955,False,0.21894232278277131,0.21894232278277131
2024-07-11_08,4,8,ranking_only,F0,validated_combined,0.2,0,0.5870026525198939,False,0.2099225304385408,0.2099225304385408
2024-07-11_09,4,9,ranking_only,F0,validated_combined,0.2,0,0.7084880636604776,False,0.35452399117134203,0.35452399117134203
2024-07-11_10,4,10,ranking_only,F0,validated_combined,0.2,0,0.9615384615384617,False,0.22264525859512227,0.22264525859512227
2024-07-11_01,4,1,direct_substitution,F0,validated_combined,0.2,0,0.7931034482758621,False,0.22093844780964278,0.22093844780964278
2024-07-11_02,4,2,direct_substitution,F0,validated_combined,0.2,0,0.6331564986737401,False,0.4050493869278443,0.4050493869278443
2024-07-11_03,4,3,direct_substitution,F0,validated_combined,0.2,0,0.976923076923077,True,0.24730692767245452,0.0
2024-07-11_04,4,4,direct_substitution,F0,validated_combined,0.2,0,0.8477453580901857,False,0.18120608158432655,0.18120608158432655
2024-07-11_05,4,5,direct_substitution,F0,validated_combined,0.2,0,0.9700265251989391,False,0.2911589887446905,0.2911589887446905
2024-07-11_06,4,6,direct_substitution,F0,validated_combined,0.2,0,0.8793103448275863,True,0.12914644873128056,0.0
2024-07-11_07,4,7,direct_substitution,F0,validated_combined,0.2,0,0.716976127320955,False,0.21894232278277131,0.21894232278277131
2024-07-11_08,4,8,direct_substitution,F0,validated_combined,0.2,0,0.5870026525198939,False,0.2099225304385408,0.2099225304385408
2024-07-11_09,4,9,direct_substitution,F0,validated_combined,0.2,0,0.7084880636604776,False,0.35452399117134203,0.35452399117134203
2024-07-11_10,4,10,direct_substitution,F0,validated_combined,0.2,0,0.9615384615384617,False,0.22264525859512227,0.22264525859512227
2024-07-11_01,4,1,ranking_only,F0,oracle,0.2,0,0.5,False,0.22093844780964278,0.22093844780964278
2024-07-11_02,4,2,ranking_only,F0,oracle,0.2,0,1.0,True,0.4050493869278443,0.0
2024-07-11_03,4,3,ranking_only,F0,oracle,0.2,0,0.7,False,0.24730692767245452,0.24730692767245452
2024-07-11_04,4,4,ranking_only,F0,oracle,0.2,0,0.2,False,0.18120608158432655,0.18120608158432655
2024-07-11_05,4,5,ranking_only,F0,oracle,0.2,0,0.8,False,0.2911589887446905,0.2911589887446905
2024-07-11_06,4,6,ranking_only,F0,oracle,0.2,0,0.1,False,0.12914644873128056,0.12914644873128056
2024-07-11_07,4,7,ranking_only,F0,oracle,0.2,0,0.4,False,0.21894232278277131,0.21894232278277131
2024-07-11_08,4,8,ranking_only,F0,oracle,0.2,0,0.3,False,0.2099225304385408,0.2099225304385408
2024-07-11_09,4,9,ranking_only,F0,oracle,0.2,0,0.9,True,0.35452399117134203,0.0
2024-07-11_10,4,10,ranking_only,F0,oracle,0.2,0,0.6,False,0.22264525859512227,0.22264525859512227
2024-07-11_01,4,1,direct_substitution,F0,oracle,0.2,0,0.5,False,0.22093844780964278,0.22093844780964278
2024-07-11_02,4,2,direct_substitution,F0,oracle,0.2,0,1.0,True,0.4050493869278443,0.0
2024-07-11_03,4,3,direct_substitution,F0,oracle,0.2,0,0.7,False,0.24730692767245452,0.24730692767245452
2024-07-11_04,4,4,direct_substitution,F0,oracle,0.2,0,0.2,False,0.18120608158432655,0.18120608158432655
2024-07-11_05,4,5,direct_substitution,F0,oracle,0.2,0,0.8,False,0.2911589887446905,0.2911589887446905
2024-07-11_06,4,6,direct_substitution,F0,oracle,0.2,0,0.1,False,0.12914644873128056,0.12914644873128056
2024-07-11_07,4,7,direct_substitution,F0,oracle,0.2,0,0.4,False,0.21894232278277131,0.21894232278277131
2024-07-11_08,4,8,direct_substitution,F0,oracle,0.2,0,0.3,False,0.2099225304385408,0.2099225304385408
2024-07-11_09,4,9,direct_substitution,F0,oracle,0.2,0,0.9,True,0.35452399117134203,0.0
2024-07-11_10,4,10,direct_substitution,F0,oracle,0.2,0,0.6,False,0.22264525859512227,0.22264525859512227
2024-07-11_01,4,1,causal_feedback,F0,combined,0.2,0,0.7931034482758621,False,0.22093844780964286,0.22093844780964286
2024-07-11_02,4,2,causal_feedback,F0,combined,0.2,0,0.6331564986737401,False,0.4050493869278443,0.4050493869278443
2024-07-11_03,4,3,causal_feedback,F0,combined,0.2,0,0.976923076923077,True,0.24730692767245452,0.0
2024-07-11_04,4,4,causal_feedback,F0,combined,0.2,0,0.8477453580901857,False,0.18120608158432655,0.18120608158432655
2024-07-11_05,4,5,causal_feedback,F0,combined,0.2,0,0.9700265251989391,False,0.29115898874469043,0.29115898874469043
2024-07-11_06,4,6,causal_feedback,F0,combined,0.2,0,0.8793103448275863,True,0.12914644873128056,0.0
2024-07-11_07,4,7,causal_feedback,F0,combined,0.2,0,0.716976127320955,False,0.21894232278277131,0.21894232278277131
2024-07-11_08,4,8,causal_feedback,F0,combined,0.2,0,0.5870026525198939,False,0.20992253043854064,0.20992253043854064
2024-07-11_09,4,9,causal_feedback,F0,combined,0.2,0,0.7084880636604776,False,0.35452399117134215,0.35452399117134215
2024-07-11_10,4,10,causal_feedback,F0,combined,0.2,0,0.9615384615384617,False,0.22264525859512235,0.22264525859512235
2024-07-11_01,4,1,causal_feedback,F1,combined,0.2,0,0.7931034482758621,False,0.22093844780964286,0.22093844780964286
2024-07-11_02,4,2,causal_feedback,F1,combined,0.2,0,0.6331564986737401,False,0.4050493869278443,0.4050493869278443
2024-07-11_03,4,3,causal_feedback,F1,combined,0.2,0,0.976923076923077,True,0.24730692767245452,0.0
2024-07-11_04,4,4,causal_feedback,F1,combined,0.2,0,0.8477453580901857,False,0.14811809274870824,0.14811809274870824
2024-07-11_05,4,5,causal_feedback,F1,combined,0.2,0,0.9700265251989391,False,0.2655762307450932,0.2655762307450932
2024-07-11_06,4,6,causal_feedback,F1,combined,0.2,0,0.8793103448275863,True,0.1266091529796982,0.0
2024-07-11_07,4,7,causal_feedback,F1,combined,0.2,0,0.716976127320955,False,0.21514971091949622,0.21514971091949622
2024-07-11_08,4,8,causal_feedback,F1,combined,0.2,0,0.5870026525198939,False,0.20812155809841726,0.20812155809841726
2024-07-11_09,4,9,causal_feedback,F1,combined,0.2,0,0.7084880636604776,False,0.39261402502545995,0.39261402502545995
2024-07-11_10,4,10,causal_feedback,F1,combined,0.2,0,0.9615384615384617,False,0.2189743968101778,0.2189743968101778
2024-07-11_01,4,1,causal_feedback,F2,combined,0.2,0,0.7931034482758621,False,0.22093844780964286,0.22093844780964286
2024-07-11_02,4,2,causal_feedback,F2,combined,0.2,0,0.6331564986737401,False,0.4050493869278443,0.4050493869278443
2024-07-11_03,4,3,causal_feedback,F2,combined,0.2,0,0.976923076923077,True,0.24730692767245452,0.0
2024-07-11_04,4,4,causal_feedback,F2,combined,0.2,0,0.8477453580901857,False,0.11302614329225036,0.11302614329225036
2024-07-11_05,4,5,causal_feedback,F2,combined,0.2,0,0.9700265251989391,False,0.20385657811811886,0.20385657811811886
2024-07-11_06,4,6,causal_feedback,F2,combined,0.2,0,0.8793103448275863,True,0.2601789255421385,0.0
2024-07-11_07,4,7,causal_feedback,F2,combined,0.2,0,0.716976127320955,False,0.27172792197714096,0.27172792197714096
2024-07-11_08,4,8,causal_feedback,F2,combined,0.2,0,0.5870026525198939,False,0.3001890386948517,0.3001890386948517
2024-07-11_09,4,9,causal_feedback,F2,combined,0.2,0,0.7084880636604776,False,0.39248649500811417,0.39248649500811417
2024-07-11_10,4,10,causal_feedback,F2,combined,0.2,0,0.9615384615384617,False,0.3400094429475668,0.3400094429475668
2024-07-11_01,4,1,causal_feedback,F3,combined,0.2,0,0.7931034482758621,False,0.22093844780964286,0.22093844780964286
2024-07-11_02,4,2,causal_feedback,F3,combined,0.2,0,0.6331564986737401,False,0.4050493869278443,0.4050493869278443
2024-07-11_03,4,3,causal_feedback,F3,combined,0.2,0,0.976923076923077,True,0.24730692767245452,0.0
2024-07-11_04,4,4,causal_feedback,F3,combined,0.2,0,0.8477453580901857,False,0.0726002565296954,0.0726002565296954
2024-07-11_05,4,5,causal_feedback,F3,combined,0.2,0,0.9700265251989391,False,0.10855868260738269,0.10855868260738269
2024-07-11_06,4,6,causal_feedback,F3,combined,0.2,0,0.8793103448275863,True,0.23813079553351313,0.0
2024-07-11_07,4,7,causal_feedback,F3,combined,0.2,0,0.716976127320955,False,0.2185894603041001,0.2185894603041001
2024-07-11_08,4,8,causal_feedback,F3,combined,0.2,0,0.5870026525198939,False,0.2572608909611586,0.2572608909611586
2024-07-11_09,4,9,causal_feedback,F3,combined,0.2,0,0.7084880636604776,False,0.38752884606735577,0.38752884606735577
2024-07-11_10,4,10,causal_feedback,F3,combined,0.2,0,0.9615384615384617,False,0.3015222091987228,0.3015222091987228
2024-07-11_01,4,1,ranking_only,F0,no_metrology,0.3,0,,False,0.22093844780964278,0.22093844780964278
2024-07-11_02,4,2,ranking_only,F0,no_metrology,0.3,0,,False,0.4050493869278443,0.4050493869278443
2024-07-11_03,4,3,ranking_only,F0,no_metrology,0.3,0,,False,0.24730692767245452,0.24730692767245452
2024-07-11_04,4,4,ranking_only,F0,no_metrology,0.3,0,,False,0.18120608158432655,0.18120608158432655
2024-07-11_05,4,5,ranking_only,F0,no_metrology,0.3,0,,False,0.2911589887446905,0.2911589887446905
2024-07-11_06,4,6,ranking_only,F0,no_metrology,0.3,0,,False,0.12914644873128056,0.12914644873128056
2024-07-11_07,4,7,ranking_only,F0,no_metrology,0.3,0,,False,0.21894232278277131,0.21894232278277131
2024-07-11_08,4,8,ranking_only,F0,no_metrology,0.3,0,,False,0.2099225304385408,0.2099225304385408
2024-07-11_09,4,9,ranking_only,F0,no_metrology,0.3,0,,False,0.35452399117134203,0.35452399117134203
2024-07-11_10,4,10,ranking_only,F0,no_metrology,0.3,0,,False,0.22264525859512227,0.22264525859512227
2024-07-11_01,4,1,direct_substitution,F0,no_metrology,0.3,0,,False,0.22093844780964278,0.22093844780964278
2024-07-11_02,4,2,direct_substitution,F0,no_metrology,0.3,0,,False,0.4050493869278443,0.4050493869278443
2024-07-11_03,4,3,direct_substitution,F0,no_metrology,0.3,0,,False,0.24730692767245452,0.24730692767245452
2024-07-11_04,4,4,direct_substitution,F0,no_metrology,0.3,0,,False,0.18120608158432655,0.18120608158432655
2024-07-11_05,4,5,direct_substitution,F0,no_metrology,0.3,0,,False,0.2911589887446905,0.2911589887446905
2024-07-11_06,4,6,direct_substitution,F0,no_metrology,0.3,0,,False,0.12914644873128056,0.12914644873128056
2024-07-11_07,4,7,direct_substitution,F0,no_metrology,0.3,0,,False,0.21894232278277131,0.21894232278277131
2024-07-11_08,4,8,direct_substitution,F0,no_metrology,0.3,0,,False,0.2099225304385408,0.2099225304385408
2024-07-11_09,4,9,direct_substitution,F0,no_metrology,0.3,0,,False,0.35452399117134203,0.35452399117134203
2024-07-11_10,4,10,direct_substitution,F0,no_metrology,0.3,0,,False,0.22264525859512227,0.22264525859512227
2024-07-11_01,4,1,ranking_only,F0,periodic,0.3,0,,True,0.22093844780964278,0.0
2024-07-11_02,4,2,ranking_only,F0,periodic,0.3,0,,False,0.4050493869278443,0.4050493869278443
2024-07-11_03,4,3,ranking_only,F0,periodic,0.3,0,,False,0.24730692767245452,0.24730692767245452
2024-07-11_04,4,4,ranking_only,F0,periodic,0.3,0,,False,0.18120608158432655,0.18120608158432655
2024-07-11_05,4,5,ranking_only,F0,periodic,0.3,0,,True,0.2911589887446905,0.0
2024-07-11_06,4,6,ranking_only,F0,periodic,0.3,0,,False,0.12914644873128056,0.12914644873128056
2024-07-11_07,4,7,ranking_only,F0,periodic,0.3,0,,False,0.21894232278277131,0.21894232278277131
2024-07-11_08,4,8,ranking_only,F0,periodic,0.3,0,,False,0.2099225304385408,0.2099225304385408
2024-07-11_09,4,9,ranking_only,F0,periodic,0.3,0,,False,0.35452399117134203,0.35452399117134203
2024-07-11_10,4,10,ranking_only,F0,periodic,0.3,0,,True,0.22264525859512227,0.0
2024-07-11_01,4,1,direct_substitution,F0,periodic,0.3,0,,True,0.22093844780964278,0.0
2024-07-11_02,4,2,direct_substitution,F0,periodic,0.3,0,,False,0.4050493869278443,0.4050493869278443
2024-07-11_03,4,3,direct_substitution,F0,periodic,0.3,0,,False,0.24730692767245452,0.24730692767245452
2024-07-11_04,4,4,direct_substitution,F0,periodic,0.3,0,,False,0.18120608158432655,0.18120608158432655
2024-07-11_05,4,5,direct_substitution,F0,periodic,0.3,0,,True,0.2911589887446905,0.0
2024-07-11_06,4,6,direct_substitution,F0,periodic,0.3,0,,False,0.12914644873128056,0.12914644873128056
2024-07-11_07,4,7,direct_substitution,F0,periodic,0.3,0,,False,0.21894232278277131,0.21894232278277131
2024-07-11_08,4,8,direct_substitution,F0,periodic,0.3,0,,False,0.2099225304385408,0.2099225304385408
2024-07-11_09,4,9,direct_substitution,F0,periodic,0.3,0,,False,0.35452399117134203,0.35452399117134203
2024-07-11_10,4,10,direct_substitution,F0,periodic,0.3,0,,True,0.22264525859512227,0.0
2024-07-11_01,4,1,ranking_only,F0,ood,0.3,0,1.0,True,0.22093844780964278,0.0
2024-07-11_02,4,2,ranking_only,F0,ood,0.3,0,0.9655172413793104,False,0.4050493869278443,0.4050493869278443
2024-07-11_03,4,3,ranking_only,F0,ood,0.3,0,1.0,True,0.24730692767245452,0.0
2024-07-11_04,4,4,ranking_only,F0,ood,0.3,0,0.9655172413793104,False,0.18120608158432655,0.18120608158432655
2024-07-11_05,4,5,ranking_only,F0,ood,0.3,0,0.9655172413793104,False,0.2911589887446905,0.2911589887446905
2024-07-11_06,4,6,ranking_only,F0,ood,0.3,0,0.9655172413793104,False,0.12914644873128056,0.12914644873128056
2024-07-11_07,4,7,ranking_only,F0,ood,0.3,0,0.9655172413793104,False,0.21894232278277131,0.21894232278277131
2024-07-11_08,4,8,ranking_only,F0,ood,0.3,0,0.9655172413793104,False,0.2099225304385408,0.2099225304385408
2024-07-11_09,4,9,ranking_only,F0,ood,0.3,0,0.9655172413793104,False,0.35452399117134203,0.35452399117134203
2024-07-11_10,4,10,ranking_only,F0,ood,0.3,0,1.0,True,0.22264525859512227,0.0
2024-07-11_01,4,1,direct_substitution,F0,ood,0.3,0,1.0,True,0.22093844780964278,0.0
2024-07-11_02,4,2,direct_substitution,F0,ood,0.3,0,0.9655172413793104,False,0.4050493869278443,0.4050493869278443
2024-07-11_03,4,3,direct_substitution,F0,ood,0.3,0,1.0,False,0.24730692767245452,0.24730692767245452
2024-07-11_04,4,4,direct_substitution,F0,ood,0.3,0,0.9655172413793104,True,0.18120608158432655,0.0
2024-07-11_05,4,5,direct_substitution,F0,ood,0.3,0,0.9655172413793104,False,0.2911589887446905,0.2911589887446905
2024-07-11_06,4,6,direct_substitution,F0,ood,0.3,0,0.9655172413793104,False,0.12914644873128056,0.12914644873128056
2024-07-11_07,4,7,direct_substitution,F0,ood,0.3,0,0.9655172413793104,True,0.21894232278277131,0.0
2024-07-11_08,4,8,direct_substitution,F0,ood,0.3,0,0.9655172413793104,False,0.2099225304385408,0.2099225304385408
2024-07-11_09,4,9,direct_substitution,F0,ood,0.3,0,0.9655172413793104,False,0.35452399117134203,0.35452399117134203
2024-07-11_10,4,10,direct_substitution,F0,ood,0.3,0,1.0,False,0.22264525859512227,0.22264525859512227
2024-07-11_01,4,1,ranking_only,F0,disagreement,0.3,0,0.9655172413793104,False,0.22093844780964278,0.22093844780964278
2024-07-11_02,4,2,ranking_only,F0,disagreement,0.3,0,0.9655172413793104,False,0.4050493869278443,0.4050493869278443
2024-07-11_03,4,3,ranking_only,F0,disagreement,0.3,0,1.0,True,0.24730692767245452,0.0
2024-07-11_04,4,4,ranking_only,F0,disagreement,0.3,0,0.9655172413793104,False,0.18120608158432655,0.18120608158432655
2024-07-11_05,4,5,ranking_only,F0,disagreement,0.3,0,1.0,True,0.2911589887446905,0.0
2024-07-11_06,4,6,ranking_only,F0,disagreement,0.3,0,0.9655172413793104,False,0.12914644873128056,0.12914644873128056
2024-07-11_07,4,7,ranking_only,F0,disagreement,0.3,0,1.0,True,0.21894232278277131,0.0
2024-07-11_08,4,8,ranking_only,F0,disagreement,0.3,0,0.9655172413793104,False,0.2099225304385408,0.2099225304385408
2024-07-11_09,4,9,ranking_only,F0,disagreement,0.3,0,1.0,False,0.35452399117134203,0.35452399117134203
2024-07-11_10,4,10,ranking_only,F0,disagreement,0.3,0,1.0,False,0.22264525859512227,0.22264525859512227
2024-07-11_01,4,1,direct_substitution,F0,disagreement,0.3,0,0.9655172413793104,True,0.22093844780964278,0.0
2024-07-11_02,4,2,direct_substitution,F0,disagreement,0.3,0,0.9655172413793104,False,0.4050493869278443,0.4050493869278443
2024-07-11_03,4,3,direct_substitution,F0,disagreement,0.3,0,1.0,False,0.24730692767245452,0.24730692767245452
2024-07-11_04,4,4,direct_substitution,F0,disagreement,0.3,0,0.9655172413793104,True,0.18120608158432655,0.0
2024-07-11_05,4,5,direct_substitution,F0,disagreement,0.3,0,1.0,False,0.2911589887446905,0.2911589887446905
2024-07-11_06,4,6,direct_substitution,F0,disagreement,0.3,0,0.9655172413793104,False,0.12914644873128056,0.12914644873128056
2024-07-11_07,4,7,direct_substitution,F0,disagreement,0.3,0,1.0,True,0.21894232278277131,0.0
2024-07-11_08,4,8,direct_substitution,F0,disagreement,0.3,0,0.9655172413793104,False,0.2099225304385408,0.2099225304385408
2024-07-11_09,4,9,direct_substitution,F0,disagreement,0.3,0,1.0,False,0.35452399117134203,0.35452399117134203
2024-07-11_10,4,10,direct_substitution,F0,disagreement,0.3,0,1.0,False,0.22264525859512227,0.22264525859512227
2024-07-11_01,4,1,ranking_only,F0,combined,0.3,0,0.7931034482758621,False,0.22093844780964278,0.22093844780964278
2024-07-11_02,4,2,ranking_only,F0,combined,0.3,0,0.6331564986737401,False,0.4050493869278443,0.4050493869278443
2024-07-11_03,4,3,ranking_only,F0,combined,0.3,0,0.976923076923077,True,0.24730692767245452,0.0
2024-07-11_04,4,4,ranking_only,F0,combined,0.3,0,0.8477453580901857,False,0.18120608158432655,0.18120608158432655
2024-07-11_05,4,5,ranking_only,F0,combined,0.3,0,0.9700265251989391,True,0.2911589887446905,0.0
2024-07-11_06,4,6,ranking_only,F0,combined,0.3,0,0.8793103448275863,False,0.12914644873128056,0.12914644873128056
2024-07-11_07,4,7,ranking_only,F0,combined,0.3,0,0.716976127320955,False,0.21894232278277131,0.21894232278277131
2024-07-11_08,4,8,ranking_only,F0,combined,0.3,0,0.5870026525198939,False,0.2099225304385408,0.2099225304385408
2024-07-11_09,4,9,ranking_only,F0,combined,0.3,0,0.7084880636604776,False,0.35452399117134203,0.35452399117134203
2024-07-11_10,4,10,ranking_only,F0,combined,0.3,0,0.9615384615384617,True,0.22264525859512227,0.0
2024-07-11_01,4,1,direct_substitution,F0,combined,0.3,0,0.7931034482758621,True,0.22093844780964278,0.0
2024-07-11_02,4,2,direct_substitution,F0,combined,0.3,0,0.6331564986737401,False,0.4050493869278443,0.4050493869278443
2024-07-11_03,4,3,direct_substitution,F0,combined,0.3,0,0.976923076923077,False,0.24730692767245452,0.24730692767245452
2024-07-11_04,4,4,direct_substitution,F0,combined,0.3,0,0.8477453580901857,True,0.18120608158432655,0.0
2024-07-11_05,4,5,direct_substitution,F0,combined,0.3,0,0.9700265251989391,False,0.2911589887446905,0.2911589887446905
2024-07-11_06,4,6,direct_substitution,F0,combined,0.3,0,0.8793103448275863,False,0.12914644873128056,0.12914644873128056
2024-07-11_07,4,7,direct_substitution,F0,combined,0.3,0,0.716976127320955,True,0.21894232278277131,0.0
2024-07-11_08,4,8,direct_substitution,F0,combined,0.3,0,0.5870026525198939,False,0.2099225304385408,0.2099225304385408
2024-07-11_09,4,9,direct_substitution,F0,combined,0.3,0,0.7084880636604776,False,0.35452399117134203,0.35452399117134203
2024-07-11_10,4,10,direct_substitution,F0,combined,0.3,0,0.9615384615384617,False,0.22264525859512227,0.22264525859512227
2024-07-11_01,4,1,ranking_only,F0,validated_combined,0.3,0,0.7931034482758621,False,0.22093844780964278,0.22093844780964278
2024-07-11_02,4,2,ranking_only,F0,validated_combined,0.3,0,0.6331564986737401,False,0.4050493869278443,0.4050493869278443
2024-07-11_03,4,3,ranking_only,F0,validated_combined,0.3,0,0.976923076923077,True,0.24730692767245452,0.0
2024-07-11_04,4,4,ranking_only,F0,validated_combined,0.3,0,0.8477453580901857,False,0.18120608158432655,0.18120608158432655
2024-07-11_05,4,5,ranking_only,F0,validated_combined,0.3,0,0.9700265251989391,True,0.2911589887446905,0.0
2024-07-11_06,4,6,ranking_only,F0,validated_combined,0.3,0,0.8793103448275863,False,0.12914644873128056,0.12914644873128056
2024-07-11_07,4,7,ranking_only,F0,validated_combined,0.3,0,0.716976127320955,False,0.21894232278277131,0.21894232278277131
2024-07-11_08,4,8,ranking_only,F0,validated_combined,0.3,0,0.5870026525198939,False,0.2099225304385408,0.2099225304385408
2024-07-11_09,4,9,ranking_only,F0,validated_combined,0.3,0,0.7084880636604776,False,0.35452399117134203,0.35452399117134203
2024-07-11_10,4,10,ranking_only,F0,validated_combined,0.3,0,0.9615384615384617,True,0.22264525859512227,0.0
2024-07-11_01,4,1,direct_substitution,F0,validated_combined,0.3,0,0.7931034482758621,True,0.22093844780964278,0.0
2024-07-11_02,4,2,direct_substitution,F0,validated_combined,0.3,0,0.6331564986737401,False,0.4050493869278443,0.4050493869278443
2024-07-11_03,4,3,direct_substitution,F0,validated_combined,0.3,0,0.976923076923077,False,0.24730692767245452,0.24730692767245452
2024-07-11_04,4,4,direct_substitution,F0,validated_combined,0.3,0,0.8477453580901857,True,0.18120608158432655,0.0
2024-07-11_05,4,5,direct_substitution,F0,validated_combined,0.3,0,0.9700265251989391,False,0.2911589887446905,0.2911589887446905
2024-07-11_06,4,6,direct_substitution,F0,validated_combined,0.3,0,0.8793103448275863,False,0.12914644873128056,0.12914644873128056
2024-07-11_07,4,7,direct_substitution,F0,validated_combined,0.3,0,0.716976127320955,True,0.21894232278277131,0.0
2024-07-11_08,4,8,direct_substitution,F0,validated_combined,0.3,0,0.5870026525198939,False,0.2099225304385408,0.2099225304385408
2024-07-11_09,4,9,direct_substitution,F0,validated_combined,0.3,0,0.7084880636604776,False,0.35452399117134203,0.35452399117134203
2024-07-11_10,4,10,direct_substitution,F0,validated_combined,0.3,0,0.9615384615384617,False,0.22264525859512227,0.22264525859512227
2024-07-11_01,4,1,ranking_only,F0,oracle,0.3,0,0.5,False,0.22093844780964278,0.22093844780964278
2024-07-11_02,4,2,ranking_only,F0,oracle,0.3,0,1.0,True,0.4050493869278443,0.0
2024-07-11_03,4,3,ranking_only,F0,oracle,0.3,0,0.7,False,0.24730692767245452,0.24730692767245452
2024-07-11_04,4,4,ranking_only,F0,oracle,0.3,0,0.2,False,0.18120608158432655,0.18120608158432655
2024-07-11_05,4,5,ranking_only,F0,oracle,0.3,0,0.8,True,0.2911589887446905,0.0
2024-07-11_06,4,6,ranking_only,F0,oracle,0.3,0,0.1,False,0.12914644873128056,0.12914644873128056
2024-07-11_07,4,7,ranking_only,F0,oracle,0.3,0,0.4,False,0.21894232278277131,0.21894232278277131
2024-07-11_08,4,8,ranking_only,F0,oracle,0.3,0,0.3,False,0.2099225304385408,0.2099225304385408
2024-07-11_09,4,9,ranking_only,F0,oracle,0.3,0,0.9,True,0.35452399117134203,0.0
2024-07-11_10,4,10,ranking_only,F0,oracle,0.3,0,0.6,False,0.22264525859512227,0.22264525859512227
2024-07-11_01,4,1,direct_substitution,F0,oracle,0.3,0,0.5,False,0.22093844780964278,0.22093844780964278
2024-07-11_02,4,2,direct_substitution,F0,oracle,0.3,0,1.0,True,0.4050493869278443,0.0
2024-07-11_03,4,3,direct_substitution,F0,oracle,0.3,0,0.7,False,0.24730692767245452,0.24730692767245452
2024-07-11_04,4,4,direct_substitution,F0,oracle,0.3,0,0.2,False,0.18120608158432655,0.18120608158432655
2024-07-11_05,4,5,direct_substitution,F0,oracle,0.3,0,0.8,True,0.2911589887446905,0.0
2024-07-11_06,4,6,direct_substitution,F0,oracle,0.3,0,0.1,False,0.12914644873128056,0.12914644873128056
2024-07-11_07,4,7,direct_substitution,F0,oracle,0.3,0,0.4,False,0.21894232278277131,0.21894232278277131
2024-07-11_08,4,8,direct_substitution,F0,oracle,0.3,0,0.3,False,0.2099225304385408,0.2099225304385408
2024-07-11_09,4,9,direct_substitution,F0,oracle,0.3,0,0.9,True,0.35452399117134203,0.0
2024-07-11_10,4,10,direct_substitution,F0,oracle,0.3,0,0.6,False,0.22264525859512227,0.22264525859512227
2024-07-11_01,4,1,causal_feedback,F0,combined,0.3,0,0.7931034482758621,True,0.22093844780964286,0.0
2024-07-11_02,4,2,causal_feedback,F0,combined,0.3,0,0.6331564986737401,False,0.4050493869278443,0.4050493869278443
2024-07-11_03,4,3,causal_feedback,F0,combined,0.3,0,0.976923076923077,False,0.24730692767245452,0.24730692767245452
2024-07-11_04,4,4,causal_feedback,F0,combined,0.3,0,0.8477453580901857,True,0.18120608158432655,0.0
2024-07-11_05,4,5,causal_feedback,F0,combined,0.3,0,0.9700265251989391,False,0.29115898874469043,0.29115898874469043
2024-07-11_06,4,6,causal_feedback,F0,combined,0.3,0,0.8793103448275863,False,0.12914644873128056,0.12914644873128056
2024-07-11_07,4,7,causal_feedback,F0,combined,0.3,0,0.716976127320955,True,0.21894232278277131,0.0
2024-07-11_08,4,8,causal_feedback,F0,combined,0.3,0,0.5870026525198939,False,0.20992253043854064,0.20992253043854064
2024-07-11_09,4,9,causal_feedback,F0,combined,0.3,0,0.7084880636604776,False,0.35452399117134215,0.35452399117134215
2024-07-11_10,4,10,causal_feedback,F0,combined,0.3,0,0.9615384615384617,False,0.22264525859512235,0.22264525859512235
2024-07-11_01,4,1,causal_feedback,F1,combined,0.3,0,0.7931034482758621,True,0.22093844780964286,0.0
2024-07-11_02,4,2,causal_feedback,F1,combined,0.3,0,0.6331564986737401,False,0.3387914959506676,0.3387914959506676
2024-07-11_03,4,3,causal_feedback,F1,combined,0.3,0,0.976923076923077,False,0.21960777536546222,0.21960777536546222
2024-07-11_04,4,4,causal_feedback,F1,combined,0.3,0,0.8477453580901857,True,0.1357620607802119,0.0
2024-07-11_05,4,5,causal_feedback,F1,combined,0.3,0,0.9700265251989391,False,0.24065722122310892,0.24065722122310892
2024-07-11_06,4,6,causal_feedback,F1,combined,0.3,0,0.8793103448275863,False,0.13740233071224778,0.13740233071224778
2024-07-11_07,4,7,causal_feedback,F1,combined,0.3,0,0.716976127320955,True,0.22116263422433444,0.0
2024-07-11_08,4,8,causal_feedback,F1,combined,0.3,0,0.5870026525198939,False,0.20899428346124405,0.20899428346124405
2024-07-11_09,4,9,causal_feedback,F1,combined,0.3,0,0.7084880636604776,False,0.4186534367731652,0.4186534367731652
2024-07-11_10,4,10,causal_feedback,F1,combined,0.3,0,0.9615384615384617,False,0.2178076000178436,0.2178076000178436
2024-07-11_01,4,1,causal_feedback,F2,combined,0.3,0,0.7931034482758621,True,0.22093844780964286,0.0
2024-07-11_02,4,2,causal_feedback,F2,combined,0.3,0,0.6331564986737401,False,0.33384260257681736,0.33384260257681736
2024-07-11_03,4,3,causal_feedback,F2,combined,0.3,0,0.976923076923077,False,0.25101274738182194,0.25101274738182194
2024-07-11_04,4,4,causal_feedback,F2,combined,0.3,0,0.8477453580901857,True,0.21106944345094675,0.0
2024-07-11_05,4,5,causal_feedback,F2,combined,0.3,0,0.9700265251989391,False,0.20083158854997568,0.20083158854997568
2024-07-11_06,4,6,causal_feedback,F2,combined,0.3,0,0.8793103448275863,False,0.21739983315265413,0.21739983315265413
2024-07-11_07,4,7,causal_feedback,F2,combined,0.3,0,0.716976127320955,True,0.39999607884552224,0.0
2024-07-11_08,4,8,causal_feedback,F2,combined,0.3,0,0.5870026525198939,False,0.29359666081960617,0.29359666081960617
2024-07-11_09,4,9,causal_feedback,F2,combined,0.3,0,0.7084880636604776,False,0.43805693974581295,0.43805693974581295
2024-07-11_10,4,10,causal_feedback,F2,combined,0.3,0,0.9615384615384617,False,0.22658696923967897,0.22658696923967897
2024-07-11_01,4,1,causal_feedback,F3,combined,0.3,0,0.7931034482758621,True,0.22093844780964286,0.0
2024-07-11_02,4,2,causal_feedback,F3,combined,0.3,0,0.6331564986737401,False,0.35056866170469975,0.35056866170469975
2024-07-11_03,4,3,causal_feedback,F3,combined,0.3,0,0.976923076923077,False,0.23326962502147863,0.23326962502147863
2024-07-11_04,4,4,causal_feedback,F3,combined,0.3,0,0.8477453580901857,True,0.28607440456943645,0.0
2024-07-11_05,4,5,causal_feedback,F3,combined,0.3,0,0.9700265251989391,False,0.1477464407453424,0.1477464407453424
2024-07-11_06,4,6,causal_feedback,F3,combined,0.3,0,0.8793103448275863,False,0.195465029830547,0.195465029830547
2024-07-11_07,4,7,causal_feedback,F3,combined,0.3,0,0.716976127320955,True,0.3534382604354903,0.0
2024-07-11_08,4,8,causal_feedback,F3,combined,0.3,0,0.5870026525198939,False,0.24956995813802724,0.24956995813802724
2024-07-11_09,4,9,causal_feedback,F3,combined,0.3,0,0.7084880636604776,False,0.43274994779771503,0.43274994779771503
2024-07-11_10,4,10,causal_feedback,F3,combined,0.3,0,0.9615384615384617,False,0.15634800669070384,0.15634800669070384
2024-07-11_01,4,1,ranking_only,F0,no_metrology,0.5,0,,False,0.22093844780964278,0.22093844780964278
2024-07-11_02,4,2,ranking_only,F0,no_metrology,0.5,0,,False,0.4050493869278443,0.4050493869278443
2024-07-11_03,4,3,ranking_only,F0,no_metrology,0.5,0,,False,0.24730692767245452,0.24730692767245452
2024-07-11_04,4,4,ranking_only,F0,no_metrology,0.5,0,,False,0.18120608158432655,0.18120608158432655
2024-07-11_05,4,5,ranking_only,F0,no_metrology,0.5,0,,False,0.2911589887446905,0.2911589887446905
2024-07-11_06,4,6,ranking_only,F0,no_metrology,0.5,0,,False,0.12914644873128056,0.12914644873128056
2024-07-11_07,4,7,ranking_only,F0,no_metrology,0.5,0,,False,0.21894232278277131,0.21894232278277131
2024-07-11_08,4,8,ranking_only,F0,no_metrology,0.5,0,,False,0.2099225304385408,0.2099225304385408
2024-07-11_09,4,9,ranking_only,F0,no_metrology,0.5,0,,False,0.35452399117134203,0.35452399117134203
2024-07-11_10,4,10,ranking_only,F0,no_metrology,0.5,0,,False,0.22264525859512227,0.22264525859512227
2024-07-11_01,4,1,direct_substitution,F0,no_metrology,0.5,0,,False,0.22093844780964278,0.22093844780964278
2024-07-11_02,4,2,direct_substitution,F0,no_metrology,0.5,0,,False,0.4050493869278443,0.4050493869278443
2024-07-11_03,4,3,direct_substitution,F0,no_metrology,0.5,0,,False,0.24730692767245452,0.24730692767245452
2024-07-11_04,4,4,direct_substitution,F0,no_metrology,0.5,0,,False,0.18120608158432655,0.18120608158432655
2024-07-11_05,4,5,direct_substitution,F0,no_metrology,0.5,0,,False,0.2911589887446905,0.2911589887446905
2024-07-11_06,4,6,direct_substitution,F0,no_metrology,0.5,0,,False,0.12914644873128056,0.12914644873128056
2024-07-11_07,4,7,direct_substitution,F0,no_metrology,0.5,0,,False,0.21894232278277131,0.21894232278277131
2024-07-11_08,4,8,direct_substitution,F0,no_metrology,0.5,0,,False,0.2099225304385408,0.2099225304385408
2024-07-11_09,4,9,direct_substitution,F0,no_metrology,0.5,0,,False,0.35452399117134203,0.35452399117134203
2024-07-11_10,4,10,direct_substitution,F0,no_metrology,0.5,0,,False,0.22264525859512227,0.22264525859512227
2024-07-11_01,4,1,ranking_only,F0,periodic,0.5,0,,True,0.22093844780964278,0.0
2024-07-11_02,4,2,ranking_only,F0,periodic,0.5,0,,False,0.4050493869278443,0.4050493869278443
2024-07-11_03,4,3,ranking_only,F0,periodic,0.5,0,,True,0.24730692767245452,0.0
2024-07-11_04,4,4,ranking_only,F0,periodic,0.5,0,,False,0.18120608158432655,0.18120608158432655
2024-07-11_05,4,5,ranking_only,F0,periodic,0.5,0,,True,0.2911589887446905,0.0
2024-07-11_06,4,6,ranking_only,F0,periodic,0.5,0,,False,0.12914644873128056,0.12914644873128056
2024-07-11_07,4,7,ranking_only,F0,periodic,0.5,0,,False,0.21894232278277131,0.21894232278277131
2024-07-11_08,4,8,ranking_only,F0,periodic,0.5,0,,True,0.2099225304385408,0.0
2024-07-11_09,4,9,ranking_only,F0,periodic,0.5,0,,False,0.35452399117134203,0.35452399117134203
2024-07-11_10,4,10,ranking_only,F0,periodic,0.5,0,,True,0.22264525859512227,0.0
2024-07-11_01,4,1,direct_substitution,F0,periodic,0.5,0,,True,0.22093844780964278,0.0
2024-07-11_02,4,2,direct_substitution,F0,periodic,0.5,0,,False,0.4050493869278443,0.4050493869278443
2024-07-11_03,4,3,direct_substitution,F0,periodic,0.5,0,,True,0.24730692767245452,0.0
2024-07-11_04,4,4,direct_substitution,F0,periodic,0.5,0,,False,0.18120608158432655,0.18120608158432655
2024-07-11_05,4,5,direct_substitution,F0,periodic,0.5,0,,True,0.2911589887446905,0.0
2024-07-11_06,4,6,direct_substitution,F0,periodic,0.5,0,,False,0.12914644873128056,0.12914644873128056
2024-07-11_07,4,7,direct_substitution,F0,periodic,0.5,0,,False,0.21894232278277131,0.21894232278277131
2024-07-11_08,4,8,direct_substitution,F0,periodic,0.5,0,,True,0.2099225304385408,0.0
2024-07-11_09,4,9,direct_substitution,F0,periodic,0.5,0,,False,0.35452399117134203,0.35452399117134203
2024-07-11_10,4,10,direct_substitution,F0,periodic,0.5,0,,True,0.22264525859512227,0.0
2024-07-11_01,4,1,ranking_only,F0,ood,0.5,0,1.0,True,0.22093844780964278,0.0
2024-07-11_02,4,2,ranking_only,F0,ood,0.5,0,0.9655172413793104,True,0.4050493869278443,0.0
2024-07-11_03,4,3,ranking_only,F0,ood,0.5,0,1.0,True,0.24730692767245452,0.0
2024-07-11_04,4,4,ranking_only,F0,ood,0.5,0,0.9655172413793104,True,0.18120608158432655,0.0
2024-07-11_05,4,5,ranking_only,F0,ood,0.5,0,0.9655172413793104,False,0.2911589887446905,0.2911589887446905
2024-07-11_06,4,6,ranking_only,F0,ood,0.5,0,0.9655172413793104,False,0.12914644873128056,0.12914644873128056
2024-07-11_07,4,7,ranking_only,F0,ood,0.5,0,0.9655172413793104,False,0.21894232278277131,0.21894232278277131
2024-07-11_08,4,8,ranking_only,F0,ood,0.5,0,0.9655172413793104,False,0.2099225304385408,0.2099225304385408
2024-07-11_09,4,9,ranking_only,F0,ood,0.5,0,0.9655172413793104,False,0.35452399117134203,0.35452399117134203
2024-07-11_10,4,10,ranking_only,F0,ood,0.5,0,1.0,True,0.22264525859512227,0.0
2024-07-11_01,4,1,direct_substitution,F0,ood,0.5,0,1.0,True,0.22093844780964278,0.0
2024-07-11_02,4,2,direct_substitution,F0,ood,0.5,0,0.9655172413793104,False,0.4050493869278443,0.4050493869278443
2024-07-11_03,4,3,direct_substitution,F0,ood,0.5,0,1.0,True,0.24730692767245452,0.0
2024-07-11_04,4,4,direct_substitution,F0,ood,0.5,0,0.9655172413793104,False,0.18120608158432655,0.18120608158432655
2024-07-11_05,4,5,direct_substitution,F0,ood,0.5,0,0.9655172413793104,True,0.2911589887446905,0.0
2024-07-11_06,4,6,direct_substitution,F0,ood,0.5,0,0.9655172413793104,False,0.12914644873128056,0.12914644873128056
2024-07-11_07,4,7,direct_substitution,F0,ood,0.5,0,0.9655172413793104,True,0.21894232278277131,0.0
2024-07-11_08,4,8,direct_substitution,F0,ood,0.5,0,0.9655172413793104,False,0.2099225304385408,0.2099225304385408
2024-07-11_09,4,9,direct_substitution,F0,ood,0.5,0,0.9655172413793104,True,0.35452399117134203,0.0
2024-07-11_10,4,10,direct_substitution,F0,ood,0.5,0,1.0,False,0.22264525859512227,0.22264525859512227
2024-07-11_01,4,1,ranking_only,F0,disagreement,0.5,0,0.9655172413793104,False,0.22093844780964278,0.22093844780964278
2024-07-11_02,4,2,ranking_only,F0,disagreement,0.5,0,0.9655172413793104,False,0.4050493869278443,0.4050493869278443
2024-07-11_03,4,3,ranking_only,F0,disagreement,0.5,0,1.0,True,0.24730692767245452,0.0
2024-07-11_04,4,4,ranking_only,F0,disagreement,0.5,0,0.9655172413793104,False,0.18120608158432655,0.18120608158432655
2024-07-11_05,4,5,ranking_only,F0,disagreement,0.5,0,1.0,True,0.2911589887446905,0.0
2024-07-11_06,4,6,ranking_only,F0,disagreement,0.5,0,0.9655172413793104,False,0.12914644873128056,0.12914644873128056
2024-07-11_07,4,7,ranking_only,F0,disagreement,0.5,0,1.0,True,0.21894232278277131,0.0
2024-07-11_08,4,8,ranking_only,F0,disagreement,0.5,0,0.9655172413793104,False,0.2099225304385408,0.2099225304385408
2024-07-11_09,4,9,ranking_only,F0,disagreement,0.5,0,1.0,True,0.35452399117134203,0.0
2024-07-11_10,4,10,ranking_only,F0,disagreement,0.5,0,1.0,True,0.22264525859512227,0.0
2024-07-11_01,4,1,direct_substitution,F0,disagreement,0.5,0,0.9655172413793104,True,0.22093844780964278,0.0
2024-07-11_02,4,2,direct_substitution,F0,disagreement,0.5,0,0.9655172413793104,False,0.4050493869278443,0.4050493869278443
2024-07-11_03,4,3,direct_substitution,F0,disagreement,0.5,0,1.0,True,0.24730692767245452,0.0
2024-07-11_04,4,4,direct_substitution,F0,disagreement,0.5,0,0.9655172413793104,False,0.18120608158432655,0.18120608158432655
2024-07-11_05,4,5,direct_substitution,F0,disagreement,0.5,0,1.0,True,0.2911589887446905,0.0
2024-07-11_06,4,6,direct_substitution,F0,disagreement,0.5,0,0.9655172413793104,False,0.12914644873128056,0.12914644873128056
2024-07-11_07,4,7,direct_substitution,F0,disagreement,0.5,0,1.0,True,0.21894232278277131,0.0
2024-07-11_08,4,8,direct_substitution,F0,disagreement,0.5,0,0.9655172413793104,False,0.2099225304385408,0.2099225304385408
2024-07-11_09,4,9,direct_substitution,F0,disagreement,0.5,0,1.0,True,0.35452399117134203,0.0
2024-07-11_10,4,10,direct_substitution,F0,disagreement,0.5,0,1.0,False,0.22264525859512227,0.22264525859512227
2024-07-11_01,4,1,ranking_only,F0,combined,0.5,0,0.7931034482758621,False,0.22093844780964278,0.22093844780964278
2024-07-11_02,4,2,ranking_only,F0,combined,0.5,0,0.6331564986737401,False,0.4050493869278443,0.4050493869278443
2024-07-11_03,4,3,ranking_only,F0,combined,0.5,0,0.976923076923077,True,0.24730692767245452,0.0
2024-07-11_04,4,4,ranking_only,F0,combined,0.5,0,0.8477453580901857,True,0.18120608158432655,0.0
2024-07-11_05,4,5,ranking_only,F0,combined,0.5,0,0.9700265251989391,True,0.2911589887446905,0.0
2024-07-11_06,4,6,ranking_only,F0,combined,0.5,0,0.8793103448275863,True,0.12914644873128056,0.0
2024-07-11_07,4,7,ranking_only,F0,combined,0.5,0,0.716976127320955,False,0.21894232278277131,0.21894232278277131
2024-07-11_08,4,8,ranking_only,F0,combined,0.5,0,0.5870026525198939,False,0.2099225304385408,0.2099225304385408
2024-07-11_09,4,9,ranking_only,F0,combined,0.5,0,0.7084880636604776,False,0.35452399117134203,0.35452399117134203
2024-07-11_10,4,10,ranking_only,F0,combined,0.5,0,0.9615384615384617,True,0.22264525859512227,0.0
2024-07-11_01,4,1,direct_substitution,F0,combined,0.5,0,0.7931034482758621,True,0.22093844780964278,0.0
2024-07-11_02,4,2,direct_substitution,F0,combined,0.5,0,0.6331564986737401,False,0.4050493869278443,0.4050493869278443
2024-07-11_03,4,3,direct_substitution,F0,combined,0.5,0,0.976923076923077,True,0.24730692767245452,0.0
2024-07-11_04,4,4,direct_substitution,F0,combined,0.5,0,0.8477453580901857,False,0.18120608158432655,0.18120608158432655
2024-07-11_05,4,5,direct_substitution,F0,combined,0.5,0,0.9700265251989391,True,0.2911589887446905,0.0
2024-07-11_06,4,6,direct_substitution,F0,combined,0.5,0,0.8793103448275863,False,0.12914644873128056,0.12914644873128056
2024-07-11_07,4,7,direct_substitution,F0,combined,0.5,0,0.716976127320955,True,0.21894232278277131,0.0
2024-07-11_08,4,8,direct_substitution,F0,combined,0.5,0,0.5870026525198939,False,0.2099225304385408,0.2099225304385408
2024-07-11_09,4,9,direct_substitution,F0,combined,0.5,0,0.7084880636604776,True,0.35452399117134203,0.0
2024-07-11_10,4,10,direct_substitution,F0,combined,0.5,0,0.9615384615384617,False,0.22264525859512227,0.22264525859512227
2024-07-11_01,4,1,ranking_only,F0,validated_combined,0.5,0,0.7931034482758621,False,0.22093844780964278,0.22093844780964278
2024-07-11_02,4,2,ranking_only,F0,validated_combined,0.5,0,0.6331564986737401,False,0.4050493869278443,0.4050493869278443
2024-07-11_03,4,3,ranking_only,F0,validated_combined,0.5,0,0.976923076923077,True,0.24730692767245452,0.0
2024-07-11_04,4,4,ranking_only,F0,validated_combined,0.5,0,0.8477453580901857,True,0.18120608158432655,0.0
2024-07-11_05,4,5,ranking_only,F0,validated_combined,0.5,0,0.9700265251989391,True,0.2911589887446905,0.0
2024-07-11_06,4,6,ranking_only,F0,validated_combined,0.5,0,0.8793103448275863,True,0.12914644873128056,0.0
2024-07-11_07,4,7,ranking_only,F0,validated_combined,0.5,0,0.716976127320955,False,0.21894232278277131,0.21894232278277131
2024-07-11_08,4,8,ranking_only,F0,validated_combined,0.5,0,0.5870026525198939,False,0.2099225304385408,0.2099225304385408
2024-07-11_09,4,9,ranking_only,F0,validated_combined,0.5,0,0.7084880636604776,False,0.35452399117134203,0.35452399117134203
2024-07-11_10,4,10,ranking_only,F0,validated_combined,0.5,0,0.9615384615384617,True,0.22264525859512227,0.0
2024-07-11_01,4,1,direct_substitution,F0,validated_combined,0.5,0,0.7931034482758621,True,0.22093844780964278,0.0
2024-07-11_02,4,2,direct_substitution,F0,validated_combined,0.5,0,0.6331564986737401,False,0.4050493869278443,0.4050493869278443
2024-07-11_03,4,3,direct_substitution,F0,validated_combined,0.5,0,0.976923076923077,True,0.24730692767245452,0.0
2024-07-11_04,4,4,direct_substitution,F0,validated_combined,0.5,0,0.8477453580901857,False,0.18120608158432655,0.18120608158432655
2024-07-11_05,4,5,direct_substitution,F0,validated_combined,0.5,0,0.9700265251989391,True,0.2911589887446905,0.0
2024-07-11_06,4,6,direct_substitution,F0,validated_combined,0.5,0,0.8793103448275863,False,0.12914644873128056,0.12914644873128056
2024-07-11_07,4,7,direct_substitution,F0,validated_combined,0.5,0,0.716976127320955,True,0.21894232278277131,0.0
2024-07-11_08,4,8,direct_substitution,F0,validated_combined,0.5,0,0.5870026525198939,False,0.2099225304385408,0.2099225304385408
2024-07-11_09,4,9,direct_substitution,F0,validated_combined,0.5,0,0.7084880636604776,True,0.35452399117134203,0.0
2024-07-11_10,4,10,direct_substitution,F0,validated_combined,0.5,0,0.9615384615384617,False,0.22264525859512227,0.22264525859512227
2024-07-11_01,4,1,ranking_only,F0,oracle,0.5,0,0.5,False,0.22093844780964278,0.22093844780964278
2024-07-11_02,4,2,ranking_only,F0,oracle,0.5,0,1.0,True,0.4050493869278443,0.0
2024-07-11_03,4,3,ranking_only,F0,oracle,0.5,0,0.7,True,0.24730692767245452,0.0
2024-07-11_04,4,4,ranking_only,F0,oracle,0.5,0,0.2,False,0.18120608158432655,0.18120608158432655
2024-07-11_05,4,5,ranking_only,F0,oracle,0.5,0,0.8,True,0.2911589887446905,0.0
2024-07-11_06,4,6,ranking_only,F0,oracle,0.5,0,0.1,False,0.12914644873128056,0.12914644873128056
2024-07-11_07,4,7,ranking_only,F0,oracle,0.5,0,0.4,False,0.21894232278277131,0.21894232278277131
2024-07-11_08,4,8,ranking_only,F0,oracle,0.5,0,0.3,False,0.2099225304385408,0.2099225304385408
2024-07-11_09,4,9,ranking_only,F0,oracle,0.5,0,0.9,True,0.35452399117134203,0.0
2024-07-11_10,4,10,ranking_only,F0,oracle,0.5,0,0.6,True,0.22264525859512227,0.0
2024-07-11_01,4,1,direct_substitution,F0,oracle,0.5,0,0.5,True,0.22093844780964278,0.0
2024-07-11_02,4,2,direct_substitution,F0,oracle,0.5,0,1.0,False,0.4050493869278443,0.4050493869278443
2024-07-11_03,4,3,direct_substitution,F0,oracle,0.5,0,0.7,True,0.24730692767245452,0.0
2024-07-11_04,4,4,direct_substitution,F0,oracle,0.5,0,0.2,False,0.18120608158432655,0.18120608158432655
2024-07-11_05,4,5,direct_substitution,F0,oracle,0.5,0,0.8,True,0.2911589887446905,0.0
2024-07-11_06,4,6,direct_substitution,F0,oracle,0.5,0,0.1,False,0.12914644873128056,0.12914644873128056
2024-07-11_07,4,7,direct_substitution,F0,oracle,0.5,0,0.4,False,0.21894232278277131,0.21894232278277131
2024-07-11_08,4,8,direct_substitution,F0,oracle,0.5,0,0.3,False,0.2099225304385408,0.2099225304385408
2024-07-11_09,4,9,direct_substitution,F0,oracle,0.5,0,0.9,True,0.35452399117134203,0.0
2024-07-11_10,4,10,direct_substitution,F0,oracle,0.5,0,0.6,True,0.22264525859512227,0.0
2024-07-11_01,4,1,causal_feedback,F0,combined,0.5,0,0.7931034482758621,True,0.22093844780964286,0.0
2024-07-11_02,4,2,causal_feedback,F0,combined,0.5,0,0.6331564986737401,False,0.4050493869278443,0.4050493869278443
2024-07-11_03,4,3,causal_feedback,F0,combined,0.5,0,0.976923076923077,True,0.24730692767245452,0.0
2024-07-11_04,4,4,causal_feedback,F0,combined,0.5,0,0.8477453580901857,False,0.18120608158432655,0.18120608158432655
2024-07-11_05,4,5,causal_feedback,F0,combined,0.5,0,0.9700265251989391,True,0.29115898874469043,0.0
2024-07-11_06,4,6,causal_feedback,F0,combined,0.5,0,0.8793103448275863,False,0.12914644873128056,0.12914644873128056
2024-07-11_07,4,7,causal_feedback,F0,combined,0.5,0,0.716976127320955,True,0.21894232278277131,0.0
2024-07-11_08,4,8,causal_feedback,F0,combined,0.5,0,0.5870026525198939,False,0.20992253043854064,0.20992253043854064
2024-07-11_09,4,9,causal_feedback,F0,combined,0.5,0,0.7084880636604776,True,0.35452399117134215,0.0
2024-07-11_10,4,10,causal_feedback,F0,combined,0.5,0,0.9615384615384617,False,0.22264525859512235,0.22264525859512235
2024-07-11_01,4,1,causal_feedback,F1,combined,0.5,0,0.7931034482758621,True,0.22093844780964286,0.0
2024-07-11_02,4,2,causal_feedback,F1,combined,0.5,0,0.6331564986737401,False,0.3387914959506676,0.3387914959506676
2024-07-11_03,4,3,causal_feedback,F1,combined,0.5,0,0.976923076923077,True,0.21960777536546222,0.0
2024-07-11_04,4,4,causal_feedback,F1,combined,0.5,0,0.8477453580901857,False,0.12269745239599919,0.12269745239599919
2024-07-11_05,4,5,causal_feedback,F1,combined,0.5,0,0.9700265251989391,True,0.2427328728939656,0.0
2024-07-11_06,4,6,causal_feedback,F1,combined,0.5,0,0.8793103448275863,False,0.15240592326783206,0.15240592326783206
2024-07-11_07,4,7,causal_feedback,F1,combined,0.5,0,0.716976127320955,True,0.2318986439346903,0.0
2024-07-11_08,4,8,causal_feedback,F1,combined,0.5,0,0.5870026525198939,False,0.2126839537916607,0.2126839537916607
2024-07-11_09,4,9,causal_feedback,F1,combined,0.5,0,0.7084880636604776,True,0.4432677105289354,0.0
2024-07-11_10,4,10,causal_feedback,F1,combined,0.5,0,0.9615384615384617,False,0.2306136620720525,0.2306136620720525
2024-07-11_01,4,1,causal_feedback,F2,combined,0.5,0,0.7931034482758621,True,0.22093844780964286,0.0
2024-07-11_02,4,2,causal_feedback,F2,combined,0.5,0,0.6331564986737401,False,0.33384260257681736,0.33384260257681736
2024-07-11_03,4,3,causal_feedback,F2,combined,0.5,0,0.976923076923077,True,0.25101274738182194,0.0
2024-07-11_04,4,4,causal_feedback,F2,combined,0.5,0,0.8477453580901857,False,0.1392164173549585,0.1392164173549585
2024-07-11_05,4,5,causal_feedback,F2,combined,0.5,0,0.9700265251989391,True,0.20083121969446727,0.0
2024-07-11_06,4,6,causal_feedback,F2,combined,0.5,0,0.8793103448275863,False,0.269763180991502,0.269763180991502
2024-07-11_07,4,7,causal_feedback,F2,combined,0.5,0,0.716976127320955,True,0.4452441592027318,0.0
2024-07-11_08,4,8,causal_feedback,F2,combined,0.5,0,0.5870026525198939,False,0.2624316870232973,0.2624316870232973
2024-07-11_09,4,9,causal_feedback,F2,combined,0.5,0,0.7084880636604776,True,0.3657746945574374,0.0
2024-07-11_10,4,10,causal_feedback,F2,combined,0.5,0,0.9615384615384617,False,0.32376094376954273,0.32376094376954273
2024-07-11_01,4,1,causal_feedback,F3,combined,0.5,0,0.7931034482758621,True,0.22093844780964286,0.0
2024-07-11_02,4,2,causal_feedback,F3,combined,0.5,0,0.6331564986737401,False,0.35056866170469975,0.35056866170469975
2024-07-11_03,4,3,causal_feedback,F3,combined,0.5,0,0.976923076923077,True,0.23326962502147863,0.0
2024-07-11_04,4,4,causal_feedback,F3,combined,0.5,0,0.8477453580901857,False,0.18687638444483237,0.18687638444483237
2024-07-11_05,4,5,causal_feedback,F3,combined,0.5,0,0.9700265251989391,True,0.16836979036952582,0.0
2024-07-11_06,4,6,causal_feedback,F3,combined,0.5,0,0.8793103448275863,False,0.247935378694354,0.247935378694354
2024-07-11_07,4,7,causal_feedback,F3,combined,0.5,0,0.716976127320955,True,0.3997265265480391,0.0
2024-07-11_08,4,8,causal_feedback,F3,combined,0.5,0,0.5870026525198939,False,0.21217160781288644,0.21217160781288644
2024-07-11_09,4,9,causal_feedback,F3,combined,0.5,0,0.7084880636604776,True,0.35880604180041253,0.0
2024-07-11_10,4,10,causal_feedback,F3,combined,0.5,0,0.9615384615384617,False,0.28405938035022366,0.28405938035022366
2024-07-19_01,5,1,ranking_only,F0,no_metrology,0.0,0,,False,0.13969490689514677,0.13969490689514677
2024-07-19_02,5,2,ranking_only,F0,no_metrology,0.0,0,,False,0.23608607448057867,0.23608607448057867
2024-07-19_03,5,3,ranking_only,F0,no_metrology,0.0,0,,False,0.11674819508046788,0.11674819508046788
2024-07-19_04,5,4,ranking_only,F0,no_metrology,0.0,0,,False,0.16075980936496376,0.16075980936496376
2024-07-19_05,5,5,ranking_only,F0,no_metrology,0.0,0,,False,0.10108111651795924,0.10108111651795924
2024-07-19_06,5,6,ranking_only,F0,no_metrology,0.0,0,,False,0.1743385691392052,0.1743385691392052
2024-07-19_07,5,7,ranking_only,F0,no_metrology,0.0,0,,False,0.04840630163830232,0.04840630163830232
2024-07-19_08,5,8,ranking_only,F0,no_metrology,0.0,0,,False,0.12670811613831856,0.12670811613831856
2024-07-19_09,5,9,ranking_only,F0,no_metrology,0.0,0,,False,0.2592656984548548,0.2592656984548548
2024-07-19_10,5,10,ranking_only,F0,no_metrology,0.0,0,,False,0.09188415822755439,0.09188415822755439
2024-07-19_01,5,1,direct_substitution,F0,no_metrology,0.0,0,,False,0.13969490689514677,0.13969490689514677
2024-07-19_02,5,2,direct_substitution,F0,no_metrology,0.0,0,,False,0.23608607448057867,0.23608607448057867
2024-07-19_03,5,3,direct_substitution,F0,no_metrology,0.0,0,,False,0.11674819508046788,0.11674819508046788
2024-07-19_04,5,4,direct_substitution,F0,no_metrology,0.0,0,,False,0.16075980936496376,0.16075980936496376
2024-07-19_05,5,5,direct_substitution,F0,no_metrology,0.0,0,,False,0.10108111651795924,0.10108111651795924
2024-07-19_06,5,6,direct_substitution,F0,no_metrology,0.0,0,,False,0.1743385691392052,0.1743385691392052
2024-07-19_07,5,7,direct_substitution,F0,no_metrology,0.0,0,,False,0.04840630163830232,0.04840630163830232
2024-07-19_08,5,8,direct_substitution,F0,no_metrology,0.0,0,,False,0.12670811613831856,0.12670811613831856
2024-07-19_09,5,9,direct_substitution,F0,no_metrology,0.0,0,,False,0.2592656984548548,0.2592656984548548
2024-07-19_10,5,10,direct_substitution,F0,no_metrology,0.0,0,,False,0.09188415822755439,0.09188415822755439
2024-07-19_01,5,1,ranking_only,F0,periodic,0.0,0,,False,0.13969490689514677,0.13969490689514677
2024-07-19_02,5,2,ranking_only,F0,periodic,0.0,0,,False,0.23608607448057867,0.23608607448057867
2024-07-19_03,5,3,ranking_only,F0,periodic,0.0,0,,False,0.11674819508046788,0.11674819508046788
2024-07-19_04,5,4,ranking_only,F0,periodic,0.0,0,,False,0.16075980936496376,0.16075980936496376
2024-07-19_05,5,5,ranking_only,F0,periodic,0.0,0,,False,0.10108111651795924,0.10108111651795924
2024-07-19_06,5,6,ranking_only,F0,periodic,0.0,0,,False,0.1743385691392052,0.1743385691392052
2024-07-19_07,5,7,ranking_only,F0,periodic,0.0,0,,False,0.04840630163830232,0.04840630163830232
2024-07-19_08,5,8,ranking_only,F0,periodic,0.0,0,,False,0.12670811613831856,0.12670811613831856
2024-07-19_09,5,9,ranking_only,F0,periodic,0.0,0,,False,0.2592656984548548,0.2592656984548548
2024-07-19_10,5,10,ranking_only,F0,periodic,0.0,0,,False,0.09188415822755439,0.09188415822755439
2024-07-19_01,5,1,direct_substitution,F0,periodic,0.0,0,,False,0.13969490689514677,0.13969490689514677
2024-07-19_02,5,2,direct_substitution,F0,periodic,0.0,0,,False,0.23608607448057867,0.23608607448057867
2024-07-19_03,5,3,direct_substitution,F0,periodic,0.0,0,,False,0.11674819508046788,0.11674819508046788
2024-07-19_04,5,4,direct_substitution,F0,periodic,0.0,0,,False,0.16075980936496376,0.16075980936496376
2024-07-19_05,5,5,direct_substitution,F0,periodic,0.0,0,,False,0.10108111651795924,0.10108111651795924
2024-07-19_06,5,6,direct_substitution,F0,periodic,0.0,0,,False,0.1743385691392052,0.1743385691392052
2024-07-19_07,5,7,direct_substitution,F0,periodic,0.0,0,,False,0.04840630163830232,0.04840630163830232
2024-07-19_08,5,8,direct_substitution,F0,periodic,0.0,0,,False,0.12670811613831856,0.12670811613831856
2024-07-19_09,5,9,direct_substitution,F0,periodic,0.0,0,,False,0.2592656984548548,0.2592656984548548
2024-07-19_10,5,10,direct_substitution,F0,periodic,0.0,0,,False,0.09188415822755439,0.09188415822755439
2024-07-19_01,5,1,ranking_only,F0,ood,0.0,0,1.0,False,0.13969490689514677,0.13969490689514677
2024-07-19_02,5,2,ranking_only,F0,ood,0.0,0,0.4358974358974359,False,0.23608607448057867,0.23608607448057867
2024-07-19_03,5,3,ranking_only,F0,ood,0.0,0,0.1282051282051282,False,0.11674819508046788,0.11674819508046788
2024-07-19_04,5,4,ranking_only,F0,ood,0.0,0,0.1794871794871795,False,0.16075980936496376,0.16075980936496376
2024-07-19_05,5,5,ranking_only,F0,ood,0.0,0,0.38461538461538464,False,0.10108111651795924,0.10108111651795924
2024-07-19_06,5,6,ranking_only,F0,ood,0.0,0,0.1282051282051282,False,0.1743385691392052,0.1743385691392052
2024-07-19_07,5,7,ranking_only,F0,ood,0.0,0,0.1794871794871795,False,0.04840630163830232,0.04840630163830232
2024-07-19_08,5,8,ranking_only,F0,ood,0.0,0,0.1282051282051282,False,0.12670811613831856,0.12670811613831856
2024-07-19_09,5,9,ranking_only,F0,ood,0.0,0,0.5384615384615384,False,0.2592656984548548,0.2592656984548548
2024-07-19_10,5,10,ranking_only,F0,ood,0.0,0,0.3333333333333333,False,0.09188415822755439,0.09188415822755439
2024-07-19_01,5,1,direct_substitution,F0,ood,0.0,0,1.0,False,0.13969490689514677,0.13969490689514677
2024-07-19_02,5,2,direct_substitution,F0,ood,0.0,0,0.4358974358974359,False,0.23608607448057867,0.23608607448057867
2024-07-19_03,5,3,direct_substitution,F0,ood,0.0,0,0.1282051282051282,False,0.11674819508046788,0.11674819508046788
2024-07-19_04,5,4,direct_substitution,F0,ood,0.0,0,0.1794871794871795,False,0.16075980936496376,0.16075980936496376
2024-07-19_05,5,5,direct_substitution,F0,ood,0.0,0,0.38461538461538464,False,0.10108111651795924,0.10108111651795924
2024-07-19_06,5,6,direct_substitution,F0,ood,0.0,0,0.1282051282051282,False,0.1743385691392052,0.1743385691392052
2024-07-19_07,5,7,direct_substitution,F0,ood,0.0,0,0.1794871794871795,False,0.04840630163830232,0.04840630163830232
2024-07-19_08,5,8,direct_substitution,F0,ood,0.0,0,0.1282051282051282,False,0.12670811613831856,0.12670811613831856
2024-07-19_09,5,9,direct_substitution,F0,ood,0.0,0,0.5384615384615384,False,0.2592656984548548,0.2592656984548548
2024-07-19_10,5,10,direct_substitution,F0,ood,0.0,0,0.3333333333333333,False,0.09188415822755439,0.09188415822755439
2024-07-19_01,5,1,ranking_only,F0,disagreement,0.0,0,0.9487179487179487,False,0.13969490689514677,0.13969490689514677
2024-07-19_02,5,2,ranking_only,F0,disagreement,0.0,0,0.5128205128205128,False,0.23608607448057867,0.23608607448057867
2024-07-19_03,5,3,ranking_only,F0,disagreement,0.0,0,0.1282051282051282,False,0.11674819508046788,0.11674819508046788
2024-07-19_04,5,4,ranking_only,F0,disagreement,0.0,0,0.28205128205128205,False,0.16075980936496376,0.16075980936496376
2024-07-19_05,5,5,ranking_only,F0,disagreement,0.0,0,0.28205128205128205,False,0.10108111651795924,0.10108111651795924
2024-07-19_06,5,6,ranking_only,F0,disagreement,0.0,0,0.15384615384615385,False,0.1743385691392052,0.1743385691392052
2024-07-19_07,5,7,ranking_only,F0,disagreement,0.0,0,0.28205128205128205,False,0.04840630163830232,0.04840630163830232
2024-07-19_08,5,8,ranking_only,F0,disagreement,0.0,0,0.1282051282051282,False,0.12670811613831856,0.12670811613831856
2024-07-19_09,5,9,ranking_only,F0,disagreement,0.0,0,0.5128205128205128,False,0.2592656984548548,0.2592656984548548
2024-07-19_10,5,10,ranking_only,F0,disagreement,0.0,0,0.6666666666666666,False,0.09188415822755439,0.09188415822755439
2024-07-19_01,5,1,direct_substitution,F0,disagreement,0.0,0,0.9487179487179487,False,0.13969490689514677,0.13969490689514677
2024-07-19_02,5,2,direct_substitution,F0,disagreement,0.0,0,0.5128205128205128,False,0.23608607448057867,0.23608607448057867
2024-07-19_03,5,3,direct_substitution,F0,disagreement,0.0,0,0.1282051282051282,False,0.11674819508046788,0.11674819508046788
2024-07-19_04,5,4,direct_substitution,F0,disagreement,0.0,0,0.28205128205128205,False,0.16075980936496376,0.16075980936496376
2024-07-19_05,5,5,direct_substitution,F0,disagreement,0.0,0,0.28205128205128205,False,0.10108111651795924,0.10108111651795924
2024-07-19_06,5,6,direct_substitution,F0,disagreement,0.0,0,0.15384615384615385,False,0.1743385691392052,0.1743385691392052
2024-07-19_07,5,7,direct_substitution,F0,disagreement,0.0,0,0.28205128205128205,False,0.04840630163830232,0.04840630163830232
2024-07-19_08,5,8,direct_substitution,F0,disagreement,0.0,0,0.1282051282051282,False,0.12670811613831856,0.12670811613831856
2024-07-19_09,5,9,direct_substitution,F0,disagreement,0.0,0,0.5128205128205128,False,0.2592656984548548,0.2592656984548548
2024-07-19_10,5,10,direct_substitution,F0,disagreement,0.0,0,0.6666666666666666,False,0.09188415822755439,0.09188415822755439
2024-07-19_01,5,1,ranking_only,F0,combined,0.0,0,0.7897435897435898,False,0.13969490689514677,0.13969490689514677
2024-07-19_02,5,2,ranking_only,F0,combined,0.0,0,0.6,False,0.23608607448057867,0.23608607448057867
2024-07-19_03,5,3,ranking_only,F0,combined,0.0,0,0.21699633699633702,False,0.11674819508046788,0.11674819508046788
2024-07-19_04,5,4,ranking_only,F0,combined,0.0,0,0.2956776556776557,False,0.16075980936496376,0.16075980936496376
2024-07-19_05,5,5,ranking_only,F0,combined,0.0,0,0.36351648351648347,False,0.10108111651795924,0.10108111651795924
2024-07-19_06,5,6,ranking_only,F0,combined,0.0,0,0.11926739926739927,False,0.1743385691392052,0.1743385691392052
2024-07-19_07,5,7,ranking_only,F0,combined,0.0,0,0.24864468864468864,False,0.04840630163830232,0.04840630163830232
2024-07-19_08,5,8,ranking_only,F0,combined,0.0,0,0.13347985347985347,False,0.12670811613831856,0.12670811613831856
2024-07-19_09,5,9,ranking_only,F0,combined,0.0,0,0.7434432234432234,False,0.2592656984548548,0.2592656984548548
2024-07-19_10,5,10,ranking_only,F0,combined,0.0,0,0.46329670329670325,False,0.09188415822755439,0.09188415822755439
2024-07-19_01,5,1,direct_substitution,F0,combined,0.0,0,0.7897435897435898,False,0.13969490689514677,0.13969490689514677
2024-07-19_02,5,2,direct_substitution,F0,combined,0.0,0,0.6,False,0.23608607448057867,0.23608607448057867
2024-07-19_03,5,3,direct_substitution,F0,combined,0.0,0,0.21699633699633702,False,0.11674819508046788,0.11674819508046788
2024-07-19_04,5,4,direct_substitution,F0,combined,0.0,0,0.2956776556776557,False,0.16075980936496376,0.16075980936496376
2024-07-19_05,5,5,direct_substitution,F0,combined,0.0,0,0.36351648351648347,False,0.10108111651795924,0.10108111651795924
2024-07-19_06,5,6,direct_substitution,F0,combined,0.0,0,0.11926739926739927,False,0.1743385691392052,0.1743385691392052
2024-07-19_07,5,7,direct_substitution,F0,combined,0.0,0,0.24864468864468864,False,0.04840630163830232,0.04840630163830232
2024-07-19_08,5,8,direct_substitution,F0,combined,0.0,0,0.13347985347985347,False,0.12670811613831856,0.12670811613831856
2024-07-19_09,5,9,direct_substitution,F0,combined,0.0,0,0.7434432234432234,False,0.2592656984548548,0.2592656984548548
2024-07-19_10,5,10,direct_substitution,F0,combined,0.0,0,0.46329670329670325,False,0.09188415822755439,0.09188415822755439
2024-07-19_01,5,1,ranking_only,F0,validated_combined,0.0,0,0.7897435897435898,False,0.13969490689514677,0.13969490689514677
2024-07-19_02,5,2,ranking_only,F0,validated_combined,0.0,0,0.6,False,0.23608607448057867,0.23608607448057867
2024-07-19_03,5,3,ranking_only,F0,validated_combined,0.0,0,0.21699633699633702,False,0.11674819508046788,0.11674819508046788
2024-07-19_04,5,4,ranking_only,F0,validated_combined,0.0,0,0.2956776556776557,False,0.16075980936496376,0.16075980936496376
2024-07-19_05,5,5,ranking_only,F0,validated_combined,0.0,0,0.36351648351648347,False,0.10108111651795924,0.10108111651795924
2024-07-19_06,5,6,ranking_only,F0,validated_combined,0.0,0,0.11926739926739927,False,0.1743385691392052,0.1743385691392052
2024-07-19_07,5,7,ranking_only,F0,validated_combined,0.0,0,0.24864468864468864,False,0.04840630163830232,0.04840630163830232
2024-07-19_08,5,8,ranking_only,F0,validated_combined,0.0,0,0.13347985347985347,False,0.12670811613831856,0.12670811613831856
2024-07-19_09,5,9,ranking_only,F0,validated_combined,0.0,0,0.7434432234432234,False,0.2592656984548548,0.2592656984548548
2024-07-19_10,5,10,ranking_only,F0,validated_combined,0.0,0,0.46329670329670325,False,0.09188415822755439,0.09188415822755439
2024-07-19_01,5,1,direct_substitution,F0,validated_combined,0.0,0,0.7897435897435898,False,0.13969490689514677,0.13969490689514677
2024-07-19_02,5,2,direct_substitution,F0,validated_combined,0.0,0,0.6,False,0.23608607448057867,0.23608607448057867
2024-07-19_03,5,3,direct_substitution,F0,validated_combined,0.0,0,0.21699633699633702,False,0.11674819508046788,0.11674819508046788
2024-07-19_04,5,4,direct_substitution,F0,validated_combined,0.0,0,0.2956776556776557,False,0.16075980936496376,0.16075980936496376
2024-07-19_05,5,5,direct_substitution,F0,validated_combined,0.0,0,0.36351648351648347,False,0.10108111651795924,0.10108111651795924
2024-07-19_06,5,6,direct_substitution,F0,validated_combined,0.0,0,0.11926739926739927,False,0.1743385691392052,0.1743385691392052
2024-07-19_07,5,7,direct_substitution,F0,validated_combined,0.0,0,0.24864468864468864,False,0.04840630163830232,0.04840630163830232
2024-07-19_08,5,8,direct_substitution,F0,validated_combined,0.0,0,0.13347985347985347,False,0.12670811613831856,0.12670811613831856
2024-07-19_09,5,9,direct_substitution,F0,validated_combined,0.0,0,0.7434432234432234,False,0.2592656984548548,0.2592656984548548
2024-07-19_10,5,10,direct_substitution,F0,validated_combined,0.0,0,0.46329670329670325,False,0.09188415822755439,0.09188415822755439
2024-07-19_01,5,1,ranking_only,F0,oracle,0.0,0,0.6,False,0.13969490689514677,0.13969490689514677
2024-07-19_02,5,2,ranking_only,F0,oracle,0.0,0,0.9,False,0.23608607448057867,0.23608607448057867
2024-07-19_03,5,3,ranking_only,F0,oracle,0.0,0,0.4,False,0.11674819508046788,0.11674819508046788
2024-07-19_04,5,4,ranking_only,F0,oracle,0.0,0,0.7,False,0.16075980936496376,0.16075980936496376
2024-07-19_05,5,5,ranking_only,F0,oracle,0.0,0,0.3,False,0.10108111651795924,0.10108111651795924
2024-07-19_06,5,6,ranking_only,F0,oracle,0.0,0,0.8,False,0.1743385691392052,0.1743385691392052
2024-07-19_07,5,7,ranking_only,F0,oracle,0.0,0,0.1,False,0.04840630163830232,0.04840630163830232
2024-07-19_08,5,8,ranking_only,F0,oracle,0.0,0,0.5,False,0.12670811613831856,0.12670811613831856
2024-07-19_09,5,9,ranking_only,F0,oracle,0.0,0,1.0,False,0.2592656984548548,0.2592656984548548
2024-07-19_10,5,10,ranking_only,F0,oracle,0.0,0,0.2,False,0.09188415822755439,0.09188415822755439
2024-07-19_01,5,1,direct_substitution,F0,oracle,0.0,0,0.6,False,0.13969490689514677,0.13969490689514677
2024-07-19_02,5,2,direct_substitution,F0,oracle,0.0,0,0.9,False,0.23608607448057867,0.23608607448057867
2024-07-19_03,5,3,direct_substitution,F0,oracle,0.0,0,0.4,False,0.11674819508046788,0.11674819508046788
2024-07-19_04,5,4,direct_substitution,F0,oracle,0.0,0,0.7,False,0.16075980936496376,0.16075980936496376
2024-07-19_05,5,5,direct_substitution,F0,oracle,0.0,0,0.3,False,0.10108111651795924,0.10108111651795924
2024-07-19_06,5,6,direct_substitution,F0,oracle,0.0,0,0.8,False,0.1743385691392052,0.1743385691392052
2024-07-19_07,5,7,direct_substitution,F0,oracle,0.0,0,0.1,False,0.04840630163830232,0.04840630163830232
2024-07-19_08,5,8,direct_substitution,F0,oracle,0.0,0,0.5,False,0.12670811613831856,0.12670811613831856
2024-07-19_09,5,9,direct_substitution,F0,oracle,0.0,0,1.0,False,0.2592656984548548,0.2592656984548548
2024-07-19_10,5,10,direct_substitution,F0,oracle,0.0,0,0.2,False,0.09188415822755439,0.09188415822755439
2024-07-19_01,5,1,causal_feedback,F0,combined,0.0,0,0.7897435897435898,False,0.13969490689514677,0.13969490689514677
2024-07-19_02,5,2,causal_feedback,F0,combined,0.0,0,0.6,False,0.23608607448057867,0.23608607448057867
2024-07-19_03,5,3,causal_feedback,F0,combined,0.0,0,0.21699633699633702,False,0.11674819508046788,0.11674819508046788
2024-07-19_04,5,4,causal_feedback,F0,combined,0.0,0,0.2956776556776557,False,0.16075980936496376,0.16075980936496376
2024-07-19_05,5,5,causal_feedback,F0,combined,0.0,0,0.36351648351648347,False,0.10108111651795924,0.10108111651795924
2024-07-19_06,5,6,causal_feedback,F0,combined,0.0,0,0.11926739926739927,False,0.1743385691392052,0.1743385691392052
2024-07-19_07,5,7,causal_feedback,F0,combined,0.0,0,0.24864468864468864,False,0.04840630163830232,0.04840630163830232
2024-07-19_08,5,8,causal_feedback,F0,combined,0.0,0,0.13347985347985347,False,0.12670811613831856,0.12670811613831856
2024-07-19_09,5,9,causal_feedback,F0,combined,0.0,0,0.7434432234432234,False,0.2592656984548548,0.2592656984548548
2024-07-19_10,5,10,causal_feedback,F0,combined,0.0,0,0.46329670329670325,False,0.09188415822755439,0.09188415822755439
2024-07-19_01,5,1,causal_feedback,F1,combined,0.0,0,0.7897435897435898,False,0.13969490689514677,0.13969490689514677
2024-07-19_02,5,2,causal_feedback,F1,combined,0.0,0,0.6,False,0.23608607448057867,0.23608607448057867
2024-07-19_03,5,3,causal_feedback,F1,combined,0.0,0,0.21699633699633702,False,0.11674819508046788,0.11674819508046788
2024-07-19_04,5,4,causal_feedback,F1,combined,0.0,0,0.2956776556776557,False,0.16075980936496376,0.16075980936496376
2024-07-19_05,5,5,causal_feedback,F1,combined,0.0,0,0.36351648351648347,False,0.10108111651795924,0.10108111651795924
2024-07-19_06,5,6,causal_feedback,F1,combined,0.0,0,0.11926739926739927,False,0.1743385691392052,0.1743385691392052
2024-07-19_07,5,7,causal_feedback,F1,combined,0.0,0,0.24864468864468864,False,0.04840630163830232,0.04840630163830232
2024-07-19_08,5,8,causal_feedback,F1,combined,0.0,0,0.13347985347985347,False,0.12670811613831856,0.12670811613831856
2024-07-19_09,5,9,causal_feedback,F1,combined,0.0,0,0.7434432234432234,False,0.2592656984548548,0.2592656984548548
2024-07-19_10,5,10,causal_feedback,F1,combined,0.0,0,0.46329670329670325,False,0.09188415822755439,0.09188415822755439
2024-07-19_01,5,1,causal_feedback,F2,combined,0.0,0,0.7897435897435898,False,0.13969490689514677,0.13969490689514677
2024-07-19_02,5,2,causal_feedback,F2,combined,0.0,0,0.6,False,0.23608607448057867,0.23608607448057867
2024-07-19_03,5,3,causal_feedback,F2,combined,0.0,0,0.21699633699633702,False,0.11674819508046788,0.11674819508046788
2024-07-19_04,5,4,causal_feedback,F2,combined,0.0,0,0.2956776556776557,False,0.16075980936496376,0.16075980936496376
2024-07-19_05,5,5,causal_feedback,F2,combined,0.0,0,0.36351648351648347,False,0.10108111651795924,0.10108111651795924
2024-07-19_06,5,6,causal_feedback,F2,combined,0.0,0,0.11926739926739927,False,0.1743385691392052,0.1743385691392052
2024-07-19_07,5,7,causal_feedback,F2,combined,0.0,0,0.24864468864468864,False,0.04840630163830232,0.04840630163830232
2024-07-19_08,5,8,causal_feedback,F2,combined,0.0,0,0.13347985347985347,False,0.12670811613831856,0.12670811613831856
2024-07-19_09,5,9,causal_feedback,F2,combined,0.0,0,0.7434432234432234,False,0.2592656984548548,0.2592656984548548
2024-07-19_10,5,10,causal_feedback,F2,combined,0.0,0,0.46329670329670325,False,0.09188415822755439,0.09188415822755439
2024-07-19_01,5,1,causal_feedback,F3,combined,0.0,0,0.7897435897435898,False,0.13969490689514677,0.13969490689514677
2024-07-19_02,5,2,causal_feedback,F3,combined,0.0,0,0.6,False,0.23608607448057867,0.23608607448057867
2024-07-19_03,5,3,causal_feedback,F3,combined,0.0,0,0.21699633699633702,False,0.11674819508046788,0.11674819508046788
2024-07-19_04,5,4,causal_feedback,F3,combined,0.0,0,0.2956776556776557,False,0.16075980936496376,0.16075980936496376
2024-07-19_05,5,5,causal_feedback,F3,combined,0.0,0,0.36351648351648347,False,0.10108111651795924,0.10108111651795924
2024-07-19_06,5,6,causal_feedback,F3,combined,0.0,0,0.11926739926739927,False,0.1743385691392052,0.1743385691392052
2024-07-19_07,5,7,causal_feedback,F3,combined,0.0,0,0.24864468864468864,False,0.04840630163830232,0.04840630163830232
2024-07-19_08,5,8,causal_feedback,F3,combined,0.0,0,0.13347985347985347,False,0.12670811613831856,0.12670811613831856
2024-07-19_09,5,9,causal_feedback,F3,combined,0.0,0,0.7434432234432234,False,0.2592656984548548,0.2592656984548548
2024-07-19_10,5,10,causal_feedback,F3,combined,0.0,0,0.46329670329670325,False,0.09188415822755439,0.09188415822755439
2024-07-19_01,5,1,ranking_only,F0,no_metrology,0.1,0,,False,0.13969490689514677,0.13969490689514677
2024-07-19_02,5,2,ranking_only,F0,no_metrology,0.1,0,,False,0.23608607448057867,0.23608607448057867
2024-07-19_03,5,3,ranking_only,F0,no_metrology,0.1,0,,False,0.11674819508046788,0.11674819508046788
2024-07-19_04,5,4,ranking_only,F0,no_metrology,0.1,0,,False,0.16075980936496376,0.16075980936496376
2024-07-19_05,5,5,ranking_only,F0,no_metrology,0.1,0,,False,0.10108111651795924,0.10108111651795924
2024-07-19_06,5,6,ranking_only,F0,no_metrology,0.1,0,,False,0.1743385691392052,0.1743385691392052
2024-07-19_07,5,7,ranking_only,F0,no_metrology,0.1,0,,False,0.04840630163830232,0.04840630163830232
2024-07-19_08,5,8,ranking_only,F0,no_metrology,0.1,0,,False,0.12670811613831856,0.12670811613831856
2024-07-19_09,5,9,ranking_only,F0,no_metrology,0.1,0,,False,0.2592656984548548,0.2592656984548548
2024-07-19_10,5,10,ranking_only,F0,no_metrology,0.1,0,,False,0.09188415822755439,0.09188415822755439
2024-07-19_01,5,1,direct_substitution,F0,no_metrology,0.1,0,,False,0.13969490689514677,0.13969490689514677
2024-07-19_02,5,2,direct_substitution,F0,no_metrology,0.1,0,,False,0.23608607448057867,0.23608607448057867
2024-07-19_03,5,3,direct_substitution,F0,no_metrology,0.1,0,,False,0.11674819508046788,0.11674819508046788
2024-07-19_04,5,4,direct_substitution,F0,no_metrology,0.1,0,,False,0.16075980936496376,0.16075980936496376
2024-07-19_05,5,5,direct_substitution,F0,no_metrology,0.1,0,,False,0.10108111651795924,0.10108111651795924
2024-07-19_06,5,6,direct_substitution,F0,no_metrology,0.1,0,,False,0.1743385691392052,0.1743385691392052
2024-07-19_07,5,7,direct_substitution,F0,no_metrology,0.1,0,,False,0.04840630163830232,0.04840630163830232
2024-07-19_08,5,8,direct_substitution,F0,no_metrology,0.1,0,,False,0.12670811613831856,0.12670811613831856
2024-07-19_09,5,9,direct_substitution,F0,no_metrology,0.1,0,,False,0.2592656984548548,0.2592656984548548
2024-07-19_10,5,10,direct_substitution,F0,no_metrology,0.1,0,,False,0.09188415822755439,0.09188415822755439
2024-07-19_01,5,1,ranking_only,F0,periodic,0.1,0,,True,0.13969490689514677,0.0
2024-07-19_02,5,2,ranking_only,F0,periodic,0.1,0,,False,0.23608607448057867,0.23608607448057867
2024-07-19_03,5,3,ranking_only,F0,periodic,0.1,0,,False,0.11674819508046788,0.11674819508046788
2024-07-19_04,5,4,ranking_only,F0,periodic,0.1,0,,False,0.16075980936496376,0.16075980936496376
2024-07-19_05,5,5,ranking_only,F0,periodic,0.1,0,,False,0.10108111651795924,0.10108111651795924
2024-07-19_06,5,6,ranking_only,F0,periodic,0.1,0,,False,0.1743385691392052,0.1743385691392052
2024-07-19_07,5,7,ranking_only,F0,periodic,0.1,0,,False,0.04840630163830232,0.04840630163830232
2024-07-19_08,5,8,ranking_only,F0,periodic,0.1,0,,False,0.12670811613831856,0.12670811613831856
2024-07-19_09,5,9,ranking_only,F0,periodic,0.1,0,,False,0.2592656984548548,0.2592656984548548
2024-07-19_10,5,10,ranking_only,F0,periodic,0.1,0,,False,0.09188415822755439,0.09188415822755439
2024-07-19_01,5,1,direct_substitution,F0,periodic,0.1,0,,True,0.13969490689514677,0.0
2024-07-19_02,5,2,direct_substitution,F0,periodic,0.1,0,,False,0.23608607448057867,0.23608607448057867
2024-07-19_03,5,3,direct_substitution,F0,periodic,0.1,0,,False,0.11674819508046788,0.11674819508046788
2024-07-19_04,5,4,direct_substitution,F0,periodic,0.1,0,,False,0.16075980936496376,0.16075980936496376
2024-07-19_05,5,5,direct_substitution,F0,periodic,0.1,0,,False,0.10108111651795924,0.10108111651795924
2024-07-19_06,5,6,direct_substitution,F0,periodic,0.1,0,,False,0.1743385691392052,0.1743385691392052
2024-07-19_07,5,7,direct_substitution,F0,periodic,0.1,0,,False,0.04840630163830232,0.04840630163830232
2024-07-19_08,5,8,direct_substitution,F0,periodic,0.1,0,,False,0.12670811613831856,0.12670811613831856
2024-07-19_09,5,9,direct_substitution,F0,periodic,0.1,0,,False,0.2592656984548548,0.2592656984548548
2024-07-19_10,5,10,direct_substitution,F0,periodic,0.1,0,,False,0.09188415822755439,0.09188415822755439
2024-07-19_01,5,1,ranking_only,F0,ood,0.1,0,1.0,True,0.13969490689514677,0.0
2024-07-19_02,5,2,ranking_only,F0,ood,0.1,0,0.4358974358974359,False,0.23608607448057867,0.23608607448057867
2024-07-19_03,5,3,ranking_only,F0,ood,0.1,0,0.1282051282051282,False,0.11674819508046788,0.11674819508046788
2024-07-19_04,5,4,ranking_only,F0,ood,0.1,0,0.1794871794871795,False,0.16075980936496376,0.16075980936496376
2024-07-19_05,5,5,ranking_only,F0,ood,0.1,0,0.38461538461538464,False,0.10108111651795924,0.10108111651795924
2024-07-19_06,5,6,ranking_only,F0,ood,0.1,0,0.1282051282051282,False,0.1743385691392052,0.1743385691392052
2024-07-19_07,5,7,ranking_only,F0,ood,0.1,0,0.1794871794871795,False,0.04840630163830232,0.04840630163830232
2024-07-19_08,5,8,ranking_only,F0,ood,0.1,0,0.1282051282051282,False,0.12670811613831856,0.12670811613831856
2024-07-19_09,5,9,ranking_only,F0,ood,0.1,0,0.5384615384615384,False,0.2592656984548548,0.2592656984548548
2024-07-19_10,5,10,ranking_only,F0,ood,0.1,0,0.3333333333333333,False,0.09188415822755439,0.09188415822755439
2024-07-19_01,5,1,direct_substitution,F0,ood,0.1,0,1.0,True,0.13969490689514677,0.0
2024-07-19_02,5,2,direct_substitution,F0,ood,0.1,0,0.4358974358974359,False,0.23608607448057867,0.23608607448057867
2024-07-19_03,5,3,direct_substitution,F0,ood,0.1,0,0.1282051282051282,False,0.11674819508046788,0.11674819508046788
2024-07-19_04,5,4,direct_substitution,F0,ood,0.1,0,0.1794871794871795,False,0.16075980936496376,0.16075980936496376
2024-07-19_05,5,5,direct_substitution,F0,ood,0.1,0,0.38461538461538464,False,0.10108111651795924,0.10108111651795924
2024-07-19_06,5,6,direct_substitution,F0,ood,0.1,0,0.1282051282051282,False,0.1743385691392052,0.1743385691392052
2024-07-19_07,5,7,direct_substitution,F0,ood,0.1,0,0.1794871794871795,False,0.04840630163830232,0.04840630163830232
2024-07-19_08,5,8,direct_substitution,F0,ood,0.1,0,0.1282051282051282,False,0.12670811613831856,0.12670811613831856
2024-07-19_09,5,9,direct_substitution,F0,ood,0.1,0,0.5384615384615384,False,0.2592656984548548,0.2592656984548548
2024-07-19_10,5,10,direct_substitution,F0,ood,0.1,0,0.3333333333333333,False,0.09188415822755439,0.09188415822755439
2024-07-19_01,5,1,ranking_only,F0,disagreement,0.1,0,0.9487179487179487,True,0.13969490689514677,0.0
2024-07-19_02,5,2,ranking_only,F0,disagreement,0.1,0,0.5128205128205128,False,0.23608607448057867,0.23608607448057867
2024-07-19_03,5,3,ranking_only,F0,disagreement,0.1,0,0.1282051282051282,False,0.11674819508046788,0.11674819508046788
2024-07-19_04,5,4,ranking_only,F0,disagreement,0.1,0,0.28205128205128205,False,0.16075980936496376,0.16075980936496376
2024-07-19_05,5,5,ranking_only,F0,disagreement,0.1,0,0.28205128205128205,False,0.10108111651795924,0.10108111651795924
2024-07-19_06,5,6,ranking_only,F0,disagreement,0.1,0,0.15384615384615385,False,0.1743385691392052,0.1743385691392052
2024-07-19_07,5,7,ranking_only,F0,disagreement,0.1,0,0.28205128205128205,False,0.04840630163830232,0.04840630163830232
2024-07-19_08,5,8,ranking_only,F0,disagreement,0.1,0,0.1282051282051282,False,0.12670811613831856,0.12670811613831856
2024-07-19_09,5,9,ranking_only,F0,disagreement,0.1,0,0.5128205128205128,False,0.2592656984548548,0.2592656984548548
2024-07-19_10,5,10,ranking_only,F0,disagreement,0.1,0,0.6666666666666666,False,0.09188415822755439,0.09188415822755439
2024-07-19_01,5,1,direct_substitution,F0,disagreement,0.1,0,0.9487179487179487,True,0.13969490689514677,0.0
2024-07-19_02,5,2,direct_substitution,F0,disagreement,0.1,0,0.5128205128205128,False,0.23608607448057867,0.23608607448057867
2024-07-19_03,5,3,direct_substitution,F0,disagreement,0.1,0,0.1282051282051282,False,0.11674819508046788,0.11674819508046788
2024-07-19_04,5,4,direct_substitution,F0,disagreement,0.1,0,0.28205128205128205,False,0.16075980936496376,0.16075980936496376
2024-07-19_05,5,5,direct_substitution,F0,disagreement,0.1,0,0.28205128205128205,False,0.10108111651795924,0.10108111651795924
2024-07-19_06,5,6,direct_substitution,F0,disagreement,0.1,0,0.15384615384615385,False,0.1743385691392052,0.1743385691392052
2024-07-19_07,5,7,direct_substitution,F0,disagreement,0.1,0,0.28205128205128205,False,0.04840630163830232,0.04840630163830232
2024-07-19_08,5,8,direct_substitution,F0,disagreement,0.1,0,0.1282051282051282,False,0.12670811613831856,0.12670811613831856
2024-07-19_09,5,9,direct_substitution,F0,disagreement,0.1,0,0.5128205128205128,False,0.2592656984548548,0.2592656984548548
2024-07-19_10,5,10,direct_substitution,F0,disagreement,0.1,0,0.6666666666666666,False,0.09188415822755439,0.09188415822755439
2024-07-19_01,5,1,ranking_only,F0,combined,0.1,0,0.7897435897435898,True,0.13969490689514677,0.0
2024-07-19_02,5,2,ranking_only,F0,combined,0.1,0,0.6,False,0.23608607448057867,0.23608607448057867
2024-07-19_03,5,3,ranking_only,F0,combined,0.1,0,0.21699633699633702,False,0.11674819508046788,0.11674819508046788
2024-07-19_04,5,4,ranking_only,F0,combined,0.1,0,0.2956776556776557,False,0.16075980936496376,0.16075980936496376
2024-07-19_05,5,5,ranking_only,F0,combined,0.1,0,0.36351648351648347,False,0.10108111651795924,0.10108111651795924
2024-07-19_06,5,6,ranking_only,F0,combined,0.1,0,0.11926739926739927,False,0.1743385691392052,0.1743385691392052
2024-07-19_07,5,7,ranking_only,F0,combined,0.1,0,0.24864468864468864,False,0.04840630163830232,0.04840630163830232
2024-07-19_08,5,8,ranking_only,F0,combined,0.1,0,0.13347985347985347,False,0.12670811613831856,0.12670811613831856
2024-07-19_09,5,9,ranking_only,F0,combined,0.1,0,0.7434432234432234,False,0.2592656984548548,0.2592656984548548
2024-07-19_10,5,10,ranking_only,F0,combined,0.1,0,0.46329670329670325,False,0.09188415822755439,0.09188415822755439
2024-07-19_01,5,1,direct_substitution,F0,combined,0.1,0,0.7897435897435898,False,0.13969490689514677,0.13969490689514677
2024-07-19_02,5,2,direct_substitution,F0,combined,0.1,0,0.6,False,0.23608607448057867,0.23608607448057867
2024-07-19_03,5,3,direct_substitution,F0,combined,0.1,0,0.21699633699633702,False,0.11674819508046788,0.11674819508046788
2024-07-19_04,5,4,direct_substitution,F0,combined,0.1,0,0.2956776556776557,False,0.16075980936496376,0.16075980936496376
2024-07-19_05,5,5,direct_substitution,F0,combined,0.1,0,0.36351648351648347,False,0.10108111651795924,0.10108111651795924
2024-07-19_06,5,6,direct_substitution,F0,combined,0.1,0,0.11926739926739927,False,0.1743385691392052,0.1743385691392052
2024-07-19_07,5,7,direct_substitution,F0,combined,0.1,0,0.24864468864468864,False,0.04840630163830232,0.04840630163830232
2024-07-19_08,5,8,direct_substitution,F0,combined,0.1,0,0.13347985347985347,False,0.12670811613831856,0.12670811613831856
2024-07-19_09,5,9,direct_substitution,F0,combined,0.1,0,0.7434432234432234,False,0.2592656984548548,0.2592656984548548
2024-07-19_10,5,10,direct_substitution,F0,combined,0.1,0,0.46329670329670325,True,0.09188415822755439,0.0
2024-07-19_01,5,1,ranking_only,F0,validated_combined,0.1,0,0.7897435897435898,True,0.13969490689514677,0.0
2024-07-19_02,5,2,ranking_only,F0,validated_combined,0.1,0,0.6,False,0.23608607448057867,0.23608607448057867
2024-07-19_03,5,3,ranking_only,F0,validated_combined,0.1,0,0.21699633699633702,False,0.11674819508046788,0.11674819508046788
2024-07-19_04,5,4,ranking_only,F0,validated_combined,0.1,0,0.2956776556776557,False,0.16075980936496376,0.16075980936496376
2024-07-19_05,5,5,ranking_only,F0,validated_combined,0.1,0,0.36351648351648347,False,0.10108111651795924,0.10108111651795924
2024-07-19_06,5,6,ranking_only,F0,validated_combined,0.1,0,0.11926739926739927,False,0.1743385691392052,0.1743385691392052
2024-07-19_07,5,7,ranking_only,F0,validated_combined,0.1,0,0.24864468864468864,False,0.04840630163830232,0.04840630163830232
2024-07-19_08,5,8,ranking_only,F0,validated_combined,0.1,0,0.13347985347985347,False,0.12670811613831856,0.12670811613831856
2024-07-19_09,5,9,ranking_only,F0,validated_combined,0.1,0,0.7434432234432234,False,0.2592656984548548,0.2592656984548548
2024-07-19_10,5,10,ranking_only,F0,validated_combined,0.1,0,0.46329670329670325,False,0.09188415822755439,0.09188415822755439
2024-07-19_01,5,1,direct_substitution,F0,validated_combined,0.1,0,0.7897435897435898,False,0.13969490689514677,0.13969490689514677
2024-07-19_02,5,2,direct_substitution,F0,validated_combined,0.1,0,0.6,False,0.23608607448057867,0.23608607448057867
2024-07-19_03,5,3,direct_substitution,F0,validated_combined,0.1,0,0.21699633699633702,False,0.11674819508046788,0.11674819508046788
2024-07-19_04,5,4,direct_substitution,F0,validated_combined,0.1,0,0.2956776556776557,False,0.16075980936496376,0.16075980936496376
2024-07-19_05,5,5,direct_substitution,F0,validated_combined,0.1,0,0.36351648351648347,False,0.10108111651795924,0.10108111651795924
2024-07-19_06,5,6,direct_substitution,F0,validated_combined,0.1,0,0.11926739926739927,False,0.1743385691392052,0.1743385691392052
2024-07-19_07,5,7,direct_substitution,F0,validated_combined,0.1,0,0.24864468864468864,False,0.04840630163830232,0.04840630163830232
2024-07-19_08,5,8,direct_substitution,F0,validated_combined,0.1,0,0.13347985347985347,False,0.12670811613831856,0.12670811613831856
2024-07-19_09,5,9,direct_substitution,F0,validated_combined,0.1,0,0.7434432234432234,False,0.2592656984548548,0.2592656984548548
2024-07-19_10,5,10,direct_substitution,F0,validated_combined,0.1,0,0.46329670329670325,True,0.09188415822755439,0.0
2024-07-19_01,5,1,ranking_only,F0,oracle,0.1,0,0.6,False,0.13969490689514677,0.13969490689514677
2024-07-19_02,5,2,ranking_only,F0,oracle,0.1,0,0.9,False,0.23608607448057867,0.23608607448057867
2024-07-19_03,5,3,ranking_only,F0,oracle,0.1,0,0.4,False,0.11674819508046788,0.11674819508046788
2024-07-19_04,5,4,ranking_only,F0,oracle,0.1,0,0.7,False,0.16075980936496376,0.16075980936496376
2024-07-19_05,5,5,ranking_only,F0,oracle,0.1,0,0.3,False,0.10108111651795924,0.10108111651795924
2024-07-19_06,5,6,ranking_only,F0,oracle,0.1,0,0.8,False,0.1743385691392052,0.1743385691392052
2024-07-19_07,5,7,ranking_only,F0,oracle,0.1,0,0.1,False,0.04840630163830232,0.04840630163830232
2024-07-19_08,5,8,ranking_only,F0,oracle,0.1,0,0.5,False,0.12670811613831856,0.12670811613831856
2024-07-19_09,5,9,ranking_only,F0,oracle,0.1,0,1.0,True,0.2592656984548548,0.0
2024-07-19_10,5,10,ranking_only,F0,oracle,0.1,0,0.2,False,0.09188415822755439,0.09188415822755439
2024-07-19_01,5,1,direct_substitution,F0,oracle,0.1,0,0.6,False,0.13969490689514677,0.13969490689514677
2024-07-19_02,5,2,direct_substitution,F0,oracle,0.1,0,0.9,True,0.23608607448057867,0.0
2024-07-19_03,5,3,direct_substitution,F0,oracle,0.1,0,0.4,False,0.11674819508046788,0.11674819508046788
2024-07-19_04,5,4,direct_substitution,F0,oracle,0.1,0,0.7,False,0.16075980936496376,0.16075980936496376
2024-07-19_05,5,5,direct_substitution,F0,oracle,0.1,0,0.3,False,0.10108111651795924,0.10108111651795924
2024-07-19_06,5,6,direct_substitution,F0,oracle,0.1,0,0.8,False,0.1743385691392052,0.1743385691392052
2024-07-19_07,5,7,direct_substitution,F0,oracle,0.1,0,0.1,False,0.04840630163830232,0.04840630163830232
2024-07-19_08,5,8,direct_substitution,F0,oracle,0.1,0,0.5,False,0.12670811613831856,0.12670811613831856
2024-07-19_09,5,9,direct_substitution,F0,oracle,0.1,0,1.0,False,0.2592656984548548,0.2592656984548548
2024-07-19_10,5,10,direct_substitution,F0,oracle,0.1,0,0.2,False,0.09188415822755439,0.09188415822755439
2024-07-19_01,5,1,causal_feedback,F0,combined,0.1,0,0.7897435897435898,False,0.13969490689514677,0.13969490689514677
2024-07-19_02,5,2,causal_feedback,F0,combined,0.1,0,0.6,False,0.23608607448057867,0.23608607448057867
2024-07-19_03,5,3,causal_feedback,F0,combined,0.1,0,0.21699633699633702,False,0.11674819508046788,0.11674819508046788
2024-07-19_04,5,4,causal_feedback,F0,combined,0.1,0,0.2956776556776557,False,0.16075980936496376,0.16075980936496376
2024-07-19_05,5,5,causal_feedback,F0,combined,0.1,0,0.36351648351648347,False,0.10108111651795924,0.10108111651795924
2024-07-19_06,5,6,causal_feedback,F0,combined,0.1,0,0.11926739926739927,False,0.1743385691392052,0.1743385691392052
2024-07-19_07,5,7,causal_feedback,F0,combined,0.1,0,0.24864468864468864,False,0.04840630163830232,0.04840630163830232
2024-07-19_08,5,8,causal_feedback,F0,combined,0.1,0,0.13347985347985347,False,0.12670811613831856,0.12670811613831856
2024-07-19_09,5,9,causal_feedback,F0,combined,0.1,0,0.7434432234432234,False,0.2592656984548548,0.2592656984548548
2024-07-19_10,5,10,causal_feedback,F0,combined,0.1,0,0.46329670329670325,True,0.09188415822755439,0.0
2024-07-19_01,5,1,causal_feedback,F1,combined,0.1,0,0.7897435897435898,False,0.13969490689514677,0.13969490689514677
2024-07-19_02,5,2,causal_feedback,F1,combined,0.1,0,0.6,False,0.23608607448057867,0.23608607448057867
2024-07-19_03,5,3,causal_feedback,F1,combined,0.1,0,0.21699633699633702,False,0.11674819508046788,0.11674819508046788
2024-07-19_04,5,4,causal_feedback,F1,combined,0.1,0,0.2956776556776557,False,0.16075980936496376,0.16075980936496376
2024-07-19_05,5,5,causal_feedback,F1,combined,0.1,0,0.36351648351648347,False,0.10108111651795924,0.10108111651795924
2024-07-19_06,5,6,causal_feedback,F1,combined,0.1,0,0.11926739926739927,False,0.1743385691392052,0.1743385691392052
2024-07-19_07,5,7,causal_feedback,F1,combined,0.1,0,0.24864468864468864,False,0.04840630163830232,0.04840630163830232
2024-07-19_08,5,8,causal_feedback,F1,combined,0.1,0,0.13347985347985347,False,0.12670811613831856,0.12670811613831856
2024-07-19_09,5,9,causal_feedback,F1,combined,0.1,0,0.7434432234432234,False,0.2592656984548548,0.2592656984548548
2024-07-19_10,5,10,causal_feedback,F1,combined,0.1,0,0.46329670329670325,True,0.09188415822755439,0.0
2024-07-19_01,5,1,causal_feedback,F2,combined,0.1,0,0.7897435897435898,False,0.13969490689514677,0.13969490689514677
2024-07-19_02,5,2,causal_feedback,F2,combined,0.1,0,0.6,False,0.23608607448057867,0.23608607448057867
2024-07-19_03,5,3,causal_feedback,F2,combined,0.1,0,0.21699633699633702,False,0.11674819508046788,0.11674819508046788
2024-07-19_04,5,4,causal_feedback,F2,combined,0.1,0,0.2956776556776557,False,0.16075980936496376,0.16075980936496376
2024-07-19_05,5,5,causal_feedback,F2,combined,0.1,0,0.36351648351648347,False,0.10108111651795924,0.10108111651795924
2024-07-19_06,5,6,causal_feedback,F2,combined,0.1,0,0.11926739926739927,False,0.1743385691392052,0.1743385691392052
2024-07-19_07,5,7,causal_feedback,F2,combined,0.1,0,0.24864468864468864,False,0.04840630163830232,0.04840630163830232
2024-07-19_08,5,8,causal_feedback,F2,combined,0.1,0,0.13347985347985347,False,0.12670811613831856,0.12670811613831856
2024-07-19_09,5,9,causal_feedback,F2,combined,0.1,0,0.7434432234432234,False,0.2592656984548548,0.2592656984548548
2024-07-19_10,5,10,causal_feedback,F2,combined,0.1,0,0.46329670329670325,True,0.09188415822755439,0.0
2024-07-19_01,5,1,causal_feedback,F3,combined,0.1,0,0.7897435897435898,False,0.13969490689514677,0.13969490689514677
2024-07-19_02,5,2,causal_feedback,F3,combined,0.1,0,0.6,False,0.23608607448057867,0.23608607448057867
2024-07-19_03,5,3,causal_feedback,F3,combined,0.1,0,0.21699633699633702,False,0.11674819508046788,0.11674819508046788
2024-07-19_04,5,4,causal_feedback,F3,combined,0.1,0,0.2956776556776557,False,0.16075980936496376,0.16075980936496376
2024-07-19_05,5,5,causal_feedback,F3,combined,0.1,0,0.36351648351648347,False,0.10108111651795924,0.10108111651795924
2024-07-19_06,5,6,causal_feedback,F3,combined,0.1,0,0.11926739926739927,False,0.1743385691392052,0.1743385691392052
2024-07-19_07,5,7,causal_feedback,F3,combined,0.1,0,0.24864468864468864,False,0.04840630163830232,0.04840630163830232
2024-07-19_08,5,8,causal_feedback,F3,combined,0.1,0,0.13347985347985347,False,0.12670811613831856,0.12670811613831856
2024-07-19_09,5,9,causal_feedback,F3,combined,0.1,0,0.7434432234432234,False,0.2592656984548548,0.2592656984548548
2024-07-19_10,5,10,causal_feedback,F3,combined,0.1,0,0.46329670329670325,True,0.09188415822755439,0.0
2024-07-19_01,5,1,ranking_only,F0,no_metrology,0.2,0,,False,0.13969490689514677,0.13969490689514677
2024-07-19_02,5,2,ranking_only,F0,no_metrology,0.2,0,,False,0.23608607448057867,0.23608607448057867
2024-07-19_03,5,3,ranking_only,F0,no_metrology,0.2,0,,False,0.11674819508046788,0.11674819508046788
2024-07-19_04,5,4,ranking_only,F0,no_metrology,0.2,0,,False,0.16075980936496376,0.16075980936496376
2024-07-19_05,5,5,ranking_only,F0,no_metrology,0.2,0,,False,0.10108111651795924,0.10108111651795924
2024-07-19_06,5,6,ranking_only,F0,no_metrology,0.2,0,,False,0.1743385691392052,0.1743385691392052
2024-07-19_07,5,7,ranking_only,F0,no_metrology,0.2,0,,False,0.04840630163830232,0.04840630163830232
2024-07-19_08,5,8,ranking_only,F0,no_metrology,0.2,0,,False,0.12670811613831856,0.12670811613831856
2024-07-19_09,5,9,ranking_only,F0,no_metrology,0.2,0,,False,0.2592656984548548,0.2592656984548548
2024-07-19_10,5,10,ranking_only,F0,no_metrology,0.2,0,,False,0.09188415822755439,0.09188415822755439
2024-07-19_01,5,1,direct_substitution,F0,no_metrology,0.2,0,,False,0.13969490689514677,0.13969490689514677
2024-07-19_02,5,2,direct_substitution,F0,no_metrology,0.2,0,,False,0.23608607448057867,0.23608607448057867
2024-07-19_03,5,3,direct_substitution,F0,no_metrology,0.2,0,,False,0.11674819508046788,0.11674819508046788
2024-07-19_04,5,4,direct_substitution,F0,no_metrology,0.2,0,,False,0.16075980936496376,0.16075980936496376
2024-07-19_05,5,5,direct_substitution,F0,no_metrology,0.2,0,,False,0.10108111651795924,0.10108111651795924
2024-07-19_06,5,6,direct_substitution,F0,no_metrology,0.2,0,,False,0.1743385691392052,0.1743385691392052
2024-07-19_07,5,7,direct_substitution,F0,no_metrology,0.2,0,,False,0.04840630163830232,0.04840630163830232
2024-07-19_08,5,8,direct_substitution,F0,no_metrology,0.2,0,,False,0.12670811613831856,0.12670811613831856
2024-07-19_09,5,9,direct_substitution,F0,no_metrology,0.2,0,,False,0.2592656984548548,0.2592656984548548
2024-07-19_10,5,10,direct_substitution,F0,no_metrology,0.2,0,,False,0.09188415822755439,0.09188415822755439
2024-07-19_01,5,1,ranking_only,F0,periodic,0.2,0,,True,0.13969490689514677,0.0
2024-07-19_02,5,2,ranking_only,F0,periodic,0.2,0,,False,0.23608607448057867,0.23608607448057867
2024-07-19_03,5,3,ranking_only,F0,periodic,0.2,0,,False,0.11674819508046788,0.11674819508046788
2024-07-19_04,5,4,ranking_only,F0,periodic,0.2,0,,False,0.16075980936496376,0.16075980936496376
2024-07-19_05,5,5,ranking_only,F0,periodic,0.2,0,,False,0.10108111651795924,0.10108111651795924
2024-07-19_06,5,6,ranking_only,F0,periodic,0.2,0,,False,0.1743385691392052,0.1743385691392052
2024-07-19_07,5,7,ranking_only,F0,periodic,0.2,0,,False,0.04840630163830232,0.04840630163830232
2024-07-19_08,5,8,ranking_only,F0,periodic,0.2,0,,False,0.12670811613831856,0.12670811613831856
2024-07-19_09,5,9,ranking_only,F0,periodic,0.2,0,,False,0.2592656984548548,0.2592656984548548
2024-07-19_10,5,10,ranking_only,F0,periodic,0.2,0,,True,0.09188415822755439,0.0
2024-07-19_01,5,1,direct_substitution,F0,periodic,0.2,0,,True,0.13969490689514677,0.0
2024-07-19_02,5,2,direct_substitution,F0,periodic,0.2,0,,False,0.23608607448057867,0.23608607448057867
2024-07-19_03,5,3,direct_substitution,F0,periodic,0.2,0,,False,0.11674819508046788,0.11674819508046788
2024-07-19_04,5,4,direct_substitution,F0,periodic,0.2,0,,False,0.16075980936496376,0.16075980936496376
2024-07-19_05,5,5,direct_substitution,F0,periodic,0.2,0,,False,0.10108111651795924,0.10108111651795924
2024-07-19_06,5,6,direct_substitution,F0,periodic,0.2,0,,False,0.1743385691392052,0.1743385691392052
2024-07-19_07,5,7,direct_substitution,F0,periodic,0.2,0,,False,0.04840630163830232,0.04840630163830232
2024-07-19_08,5,8,direct_substitution,F0,periodic,0.2,0,,False,0.12670811613831856,0.12670811613831856
2024-07-19_09,5,9,direct_substitution,F0,periodic,0.2,0,,False,0.2592656984548548,0.2592656984548548
2024-07-19_10,5,10,direct_substitution,F0,periodic,0.2,0,,True,0.09188415822755439,0.0
2024-07-19_01,5,1,ranking_only,F0,ood,0.2,0,1.0,True,0.13969490689514677,0.0
2024-07-19_02,5,2,ranking_only,F0,ood,0.2,0,0.4358974358974359,False,0.23608607448057867,0.23608607448057867
2024-07-19_03,5,3,ranking_only,F0,ood,0.2,0,0.1282051282051282,False,0.11674819508046788,0.11674819508046788
2024-07-19_04,5,4,ranking_only,F0,ood,0.2,0,0.1794871794871795,False,0.16075980936496376,0.16075980936496376
2024-07-19_05,5,5,ranking_only,F0,ood,0.2,0,0.38461538461538464,False,0.10108111651795924,0.10108111651795924
2024-07-19_06,5,6,ranking_only,F0,ood,0.2,0,0.1282051282051282,False,0.1743385691392052,0.1743385691392052
2024-07-19_07,5,7,ranking_only,F0,ood,0.2,0,0.1794871794871795,False,0.04840630163830232,0.04840630163830232
2024-07-19_08,5,8,ranking_only,F0,ood,0.2,0,0.1282051282051282,False,0.12670811613831856,0.12670811613831856
2024-07-19_09,5,9,ranking_only,F0,ood,0.2,0,0.5384615384615384,True,0.2592656984548548,0.0
2024-07-19_10,5,10,ranking_only,F0,ood,0.2,0,0.3333333333333333,False,0.09188415822755439,0.09188415822755439
2024-07-19_01,5,1,direct_substitution,F0,ood,0.2,0,1.0,True,0.13969490689514677,0.0
2024-07-19_02,5,2,direct_substitution,F0,ood,0.2,0,0.4358974358974359,False,0.23608607448057867,0.23608607448057867
2024-07-19_03,5,3,direct_substitution,F0,ood,0.2,0,0.1282051282051282,False,0.11674819508046788,0.11674819508046788
2024-07-19_04,5,4,direct_substitution,F0,ood,0.2,0,0.1794871794871795,False,0.16075980936496376,0.16075980936496376
2024-07-19_05,5,5,direct_substitution,F0,ood,0.2,0,0.38461538461538464,False,0.10108111651795924,0.10108111651795924
2024-07-19_06,5,6,direct_substitution,F0,ood,0.2,0,0.1282051282051282,False,0.1743385691392052,0.1743385691392052
2024-07-19_07,5,7,direct_substitution,F0,ood,0.2,0,0.1794871794871795,False,0.04840630163830232,0.04840630163830232
2024-07-19_08,5,8,direct_substitution,F0,ood,0.2,0,0.1282051282051282,False,0.12670811613831856,0.12670811613831856
2024-07-19_09,5,9,direct_substitution,F0,ood,0.2,0,0.5384615384615384,False,0.2592656984548548,0.2592656984548548
2024-07-19_10,5,10,direct_substitution,F0,ood,0.2,0,0.3333333333333333,True,0.09188415822755439,0.0
2024-07-19_01,5,1,ranking_only,F0,disagreement,0.2,0,0.9487179487179487,True,0.13969490689514677,0.0
2024-07-19_02,5,2,ranking_only,F0,disagreement,0.2,0,0.5128205128205128,False,0.23608607448057867,0.23608607448057867
2024-07-19_03,5,3,ranking_only,F0,disagreement,0.2,0,0.1282051282051282,False,0.11674819508046788,0.11674819508046788
2024-07-19_04,5,4,ranking_only,F0,disagreement,0.2,0,0.28205128205128205,False,0.16075980936496376,0.16075980936496376
2024-07-19_05,5,5,ranking_only,F0,disagreement,0.2,0,0.28205128205128205,False,0.10108111651795924,0.10108111651795924
2024-07-19_06,5,6,ranking_only,F0,disagreement,0.2,0,0.15384615384615385,False,0.1743385691392052,0.1743385691392052
2024-07-19_07,5,7,ranking_only,F0,disagreement,0.2,0,0.28205128205128205,False,0.04840630163830232,0.04840630163830232
2024-07-19_08,5,8,ranking_only,F0,disagreement,0.2,0,0.1282051282051282,False,0.12670811613831856,0.12670811613831856
2024-07-19_09,5,9,ranking_only,F0,disagreement,0.2,0,0.5128205128205128,False,0.2592656984548548,0.2592656984548548
2024-07-19_10,5,10,ranking_only,F0,disagreement,0.2,0,0.6666666666666666,True,0.09188415822755439,0.0
2024-07-19_01,5,1,direct_substitution,F0,disagreement,0.2,0,0.9487179487179487,True,0.13969490689514677,0.0
2024-07-19_02,5,2,direct_substitution,F0,disagreement,0.2,0,0.5128205128205128,False,0.23608607448057867,0.23608607448057867
2024-07-19_03,5,3,direct_substitution,F0,disagreement,0.2,0,0.1282051282051282,False,0.11674819508046788,0.11674819508046788
2024-07-19_04,5,4,direct_substitution,F0,disagreement,0.2,0,0.28205128205128205,False,0.16075980936496376,0.16075980936496376
2024-07-19_05,5,5,direct_substitution,F0,disagreement,0.2,0,0.28205128205128205,False,0.10108111651795924,0.10108111651795924
2024-07-19_06,5,6,direct_substitution,F0,disagreement,0.2,0,0.15384615384615385,False,0.1743385691392052,0.1743385691392052
2024-07-19_07,5,7,direct_substitution,F0,disagreement,0.2,0,0.28205128205128205,False,0.04840630163830232,0.04840630163830232
2024-07-19_08,5,8,direct_substitution,F0,disagreement,0.2,0,0.1282051282051282,False,0.12670811613831856,0.12670811613831856
2024-07-19_09,5,9,direct_substitution,F0,disagreement,0.2,0,0.5128205128205128,False,0.2592656984548548,0.2592656984548548
2024-07-19_10,5,10,direct_substitution,F0,disagreement,0.2,0,0.6666666666666666,True,0.09188415822755439,0.0
2024-07-19_01,5,1,ranking_only,F0,combined,0.2,0,0.7897435897435898,True,0.13969490689514677,0.0
2024-07-19_02,5,2,ranking_only,F0,combined,0.2,0,0.6,False,0.23608607448057867,0.23608607448057867
2024-07-19_03,5,3,ranking_only,F0,combined,0.2,0,0.21699633699633702,False,0.11674819508046788,0.11674819508046788
2024-07-19_04,5,4,ranking_only,F0,combined,0.2,0,0.2956776556776557,False,0.16075980936496376,0.16075980936496376
2024-07-19_05,5,5,ranking_only,F0,combined,0.2,0,0.36351648351648347,False,0.10108111651795924,0.10108111651795924
2024-07-19_06,5,6,ranking_only,F0,combined,0.2,0,0.11926739926739927,False,0.1743385691392052,0.1743385691392052
2024-07-19_07,5,7,ranking_only,F0,combined,0.2,0,0.24864468864468864,False,0.04840630163830232,0.04840630163830232
2024-07-19_08,5,8,ranking_only,F0,combined,0.2,0,0.13347985347985347,False,0.12670811613831856,0.12670811613831856
2024-07-19_09,5,9,ranking_only,F0,combined,0.2,0,0.7434432234432234,True,0.2592656984548548,0.0
2024-07-19_10,5,10,ranking_only,F0,combined,0.2,0,0.46329670329670325,False,0.09188415822755439,0.09188415822755439
2024-07-19_01,5,1,direct_substitution,F0,combined,0.2,0,0.7897435897435898,False,0.13969490689514677,0.13969490689514677
2024-07-19_02,5,2,direct_substitution,F0,combined,0.2,0,0.6,False,0.23608607448057867,0.23608607448057867
2024-07-19_03,5,3,direct_substitution,F0,combined,0.2,0,0.21699633699633702,False,0.11674819508046788,0.11674819508046788
2024-07-19_04,5,4,direct_substitution,F0,combined,0.2,0,0.2956776556776557,False,0.16075980936496376,0.16075980936496376
2024-07-19_05,5,5,direct_substitution,F0,combined,0.2,0,0.36351648351648347,False,0.10108111651795924,0.10108111651795924
2024-07-19_06,5,6,direct_substitution,F0,combined,0.2,0,0.11926739926739927,False,0.1743385691392052,0.1743385691392052
2024-07-19_07,5,7,direct_substitution,F0,combined,0.2,0,0.24864468864468864,False,0.04840630163830232,0.04840630163830232
2024-07-19_08,5,8,direct_substitution,F0,combined,0.2,0,0.13347985347985347,False,0.12670811613831856,0.12670811613831856
2024-07-19_09,5,9,direct_substitution,F0,combined,0.2,0,0.7434432234432234,True,0.2592656984548548,0.0
2024-07-19_10,5,10,direct_substitution,F0,combined,0.2,0,0.46329670329670325,True,0.09188415822755439,0.0
2024-07-19_01,5,1,ranking_only,F0,validated_combined,0.2,0,0.7897435897435898,True,0.13969490689514677,0.0
2024-07-19_02,5,2,ranking_only,F0,validated_combined,0.2,0,0.6,False,0.23608607448057867,0.23608607448057867
2024-07-19_03,5,3,ranking_only,F0,validated_combined,0.2,0,0.21699633699633702,False,0.11674819508046788,0.11674819508046788
2024-07-19_04,5,4,ranking_only,F0,validated_combined,0.2,0,0.2956776556776557,False,0.16075980936496376,0.16075980936496376
2024-07-19_05,5,5,ranking_only,F0,validated_combined,0.2,0,0.36351648351648347,False,0.10108111651795924,0.10108111651795924
2024-07-19_06,5,6,ranking_only,F0,validated_combined,0.2,0,0.11926739926739927,False,0.1743385691392052,0.1743385691392052
2024-07-19_07,5,7,ranking_only,F0,validated_combined,0.2,0,0.24864468864468864,False,0.04840630163830232,0.04840630163830232
2024-07-19_08,5,8,ranking_only,F0,validated_combined,0.2,0,0.13347985347985347,False,0.12670811613831856,0.12670811613831856
2024-07-19_09,5,9,ranking_only,F0,validated_combined,0.2,0,0.7434432234432234,True,0.2592656984548548,0.0
2024-07-19_10,5,10,ranking_only,F0,validated_combined,0.2,0,0.46329670329670325,False,0.09188415822755439,0.09188415822755439
2024-07-19_01,5,1,direct_substitution,F0,validated_combined,0.2,0,0.7897435897435898,False,0.13969490689514677,0.13969490689514677
2024-07-19_02,5,2,direct_substitution,F0,validated_combined,0.2,0,0.6,False,0.23608607448057867,0.23608607448057867
2024-07-19_03,5,3,direct_substitution,F0,validated_combined,0.2,0,0.21699633699633702,False,0.11674819508046788,0.11674819508046788
2024-07-19_04,5,4,direct_substitution,F0,validated_combined,0.2,0,0.2956776556776557,False,0.16075980936496376,0.16075980936496376
2024-07-19_05,5,5,direct_substitution,F0,validated_combined,0.2,0,0.36351648351648347,False,0.10108111651795924,0.10108111651795924
2024-07-19_06,5,6,direct_substitution,F0,validated_combined,0.2,0,0.11926739926739927,False,0.1743385691392052,0.1743385691392052
2024-07-19_07,5,7,direct_substitution,F0,validated_combined,0.2,0,0.24864468864468864,False,0.04840630163830232,0.04840630163830232
2024-07-19_08,5,8,direct_substitution,F0,validated_combined,0.2,0,0.13347985347985347,False,0.12670811613831856,0.12670811613831856
2024-07-19_09,5,9,direct_substitution,F0,validated_combined,0.2,0,0.7434432234432234,True,0.2592656984548548,0.0
2024-07-19_10,5,10,direct_substitution,F0,validated_combined,0.2,0,0.46329670329670325,True,0.09188415822755439,0.0
2024-07-19_01,5,1,ranking_only,F0,oracle,0.2,0,0.6,False,0.13969490689514677,0.13969490689514677
2024-07-19_02,5,2,ranking_only,F0,oracle,0.2,0,0.9,True,0.23608607448057867,0.0
2024-07-19_03,5,3,ranking_only,F0,oracle,0.2,0,0.4,False,0.11674819508046788,0.11674819508046788
2024-07-19_04,5,4,ranking_only,F0,oracle,0.2,0,0.7,False,0.16075980936496376,0.16075980936496376
2024-07-19_05,5,5,ranking_only,F0,oracle,0.2,0,0.3,False,0.10108111651795924,0.10108111651795924
2024-07-19_06,5,6,ranking_only,F0,oracle,0.2,0,0.8,False,0.1743385691392052,0.1743385691392052
2024-07-19_07,5,7,ranking_only,F0,oracle,0.2,0,0.1,False,0.04840630163830232,0.04840630163830232
2024-07-19_08,5,8,ranking_only,F0,oracle,0.2,0,0.5,False,0.12670811613831856,0.12670811613831856
2024-07-19_09,5,9,ranking_only,F0,oracle,0.2,0,1.0,True,0.2592656984548548,0.0
2024-07-19_10,5,10,ranking_only,F0,oracle,0.2,0,0.2,False,0.09188415822755439,0.09188415822755439
2024-07-19_01,5,1,direct_substitution,F0,oracle,0.2,0,0.6,False,0.13969490689514677,0.13969490689514677
2024-07-19_02,5,2,direct_substitution,F0,oracle,0.2,0,0.9,True,0.23608607448057867,0.0
2024-07-19_03,5,3,direct_substitution,F0,oracle,0.2,0,0.4,False,0.11674819508046788,0.11674819508046788
2024-07-19_04,5,4,direct_substitution,F0,oracle,0.2,0,0.7,False,0.16075980936496376,0.16075980936496376
2024-07-19_05,5,5,direct_substitution,F0,oracle,0.2,0,0.3,False,0.10108111651795924,0.10108111651795924
2024-07-19_06,5,6,direct_substitution,F0,oracle,0.2,0,0.8,True,0.1743385691392052,0.0
2024-07-19_07,5,7,direct_substitution,F0,oracle,0.2,0,0.1,False,0.04840630163830232,0.04840630163830232
2024-07-19_08,5,8,direct_substitution,F0,oracle,0.2,0,0.5,False,0.12670811613831856,0.12670811613831856
2024-07-19_09,5,9,direct_substitution,F0,oracle,0.2,0,1.0,False,0.2592656984548548,0.2592656984548548
2024-07-19_10,5,10,direct_substitution,F0,oracle,0.2,0,0.2,False,0.09188415822755439,0.09188415822755439
2024-07-19_01,5,1,causal_feedback,F0,combined,0.2,0,0.7897435897435898,False,0.13969490689514677,0.13969490689514677
2024-07-19_02,5,2,causal_feedback,F0,combined,0.2,0,0.6,False,0.23608607448057867,0.23608607448057867
2024-07-19_03,5,3,causal_feedback,F0,combined,0.2,0,0.21699633699633702,False,0.11674819508046788,0.11674819508046788
2024-07-19_04,5,4,causal_feedback,F0,combined,0.2,0,0.2956776556776557,False,0.16075980936496376,0.16075980936496376
2024-07-19_05,5,5,causal_feedback,F0,combined,0.2,0,0.36351648351648347,False,0.10108111651795924,0.10108111651795924
2024-07-19_06,5,6,causal_feedback,F0,combined,0.2,0,0.11926739926739927,False,0.1743385691392052,0.1743385691392052
2024-07-19_07,5,7,causal_feedback,F0,combined,0.2,0,0.24864468864468864,False,0.04840630163830232,0.04840630163830232
2024-07-19_08,5,8,causal_feedback,F0,combined,0.2,0,0.13347985347985347,False,0.12670811613831856,0.12670811613831856
2024-07-19_09,5,9,causal_feedback,F0,combined,0.2,0,0.7434432234432234,True,0.2592656984548548,0.0
2024-07-19_10,5,10,causal_feedback,F0,combined,0.2,0,0.46329670329670325,True,0.09188415822755439,0.0
2024-07-19_01,5,1,causal_feedback,F1,combined,0.2,0,0.7897435897435898,False,0.13969490689514677,0.13969490689514677
2024-07-19_02,5,2,causal_feedback,F1,combined,0.2,0,0.6,False,0.23608607448057867,0.23608607448057867
2024-07-19_03,5,3,causal_feedback,F1,combined,0.2,0,0.21699633699633702,False,0.11674819508046788,0.11674819508046788
2024-07-19_04,5,4,causal_feedback,F1,combined,0.2,0,0.2956776556776557,False,0.16075980936496376,0.16075980936496376
2024-07-19_05,5,5,causal_feedback,F1,combined,0.2,0,0.36351648351648347,False,0.10108111651795924,0.10108111651795924
2024-07-19_06,5,6,causal_feedback,F1,combined,0.2,0,0.11926739926739927,False,0.1743385691392052,0.1743385691392052
2024-07-19_07,5,7,causal_feedback,F1,combined,0.2,0,0.24864468864468864,False,0.04840630163830232,0.04840630163830232
2024-07-19_08,5,8,causal_feedback,F1,combined,0.2,0,0.13347985347985347,False,0.12670811613831856,0.12670811613831856
2024-07-19_09,5,9,causal_feedback,F1,combined,0.2,0,0.7434432234432234,True,0.2592656984548548,0.0
2024-07-19_10,5,10,causal_feedback,F1,combined,0.2,0,0.46329670329670325,True,0.08600133899047639,0.0
2024-07-19_01,5,1,causal_feedback,F2,combined,0.2,0,0.7897435897435898,False,0.13969490689514677,0.13969490689514677
2024-07-19_02,5,2,causal_feedback,F2,combined,0.2,0,0.6,False,0.23608607448057867,0.23608607448057867
2024-07-19_03,5,3,causal_feedback,F2,combined,0.2,0,0.21699633699633702,False,0.11674819508046788,0.11674819508046788
2024-07-19_04,5,4,causal_feedback,F2,combined,0.2,0,0.2956776556776557,False,0.16075980936496376,0.16075980936496376
2024-07-19_05,5,5,causal_feedback,F2,combined,0.2,0,0.36351648351648347,False,0.10108111651795924,0.10108111651795924
2024-07-19_06,5,6,causal_feedback,F2,combined,0.2,0,0.11926739926739927,False,0.1743385691392052,0.1743385691392052
2024-07-19_07,5,7,causal_feedback,F2,combined,0.2,0,0.24864468864468864,False,0.04840630163830232,0.04840630163830232
2024-07-19_08,5,8,causal_feedback,F2,combined,0.2,0,0.13347985347985347,False,0.12670811613831856,0.12670811613831856
2024-07-19_09,5,9,causal_feedback,F2,combined,0.2,0,0.7434432234432234,True,0.2592656984548548,0.0
2024-07-19_10,5,10,causal_feedback,F2,combined,0.2,0,0.46329670329670325,True,0.08886990617586289,0.0
2024-07-19_01,5,1,causal_feedback,F3,combined,0.2,0,0.7897435897435898,False,0.13969490689514677,0.13969490689514677
2024-07-19_02,5,2,causal_feedback,F3,combined,0.2,0,0.6,False,0.23608607448057867,0.23608607448057867
2024-07-19_03,5,3,causal_feedback,F3,combined,0.2,0,0.21699633699633702,False,0.11674819508046788,0.11674819508046788
2024-07-19_04,5,4,causal_feedback,F3,combined,0.2,0,0.2956776556776557,False,0.16075980936496376,0.16075980936496376
2024-07-19_05,5,5,causal_feedback,F3,combined,0.2,0,0.36351648351648347,False,0.10108111651795924,0.10108111651795924
2024-07-19_06,5,6,causal_feedback,F3,combined,0.2,0,0.11926739926739927,False,0.1743385691392052,0.1743385691392052
2024-07-19_07,5,7,causal_feedback,F3,combined,0.2,0,0.24864468864468864,False,0.04840630163830232,0.04840630163830232
2024-07-19_08,5,8,causal_feedback,F3,combined,0.2,0,0.13347985347985347,False,0.12670811613831856,0.12670811613831856
2024-07-19_09,5,9,causal_feedback,F3,combined,0.2,0,0.7434432234432234,True,0.2592656984548548,0.0
2024-07-19_10,5,10,causal_feedback,F3,combined,0.2,0,0.46329670329670325,True,0.08653968700577316,0.0
2024-07-19_01,5,1,ranking_only,F0,no_metrology,0.3,0,,False,0.13969490689514677,0.13969490689514677
2024-07-19_02,5,2,ranking_only,F0,no_metrology,0.3,0,,False,0.23608607448057867,0.23608607448057867
2024-07-19_03,5,3,ranking_only,F0,no_metrology,0.3,0,,False,0.11674819508046788,0.11674819508046788
2024-07-19_04,5,4,ranking_only,F0,no_metrology,0.3,0,,False,0.16075980936496376,0.16075980936496376
2024-07-19_05,5,5,ranking_only,F0,no_metrology,0.3,0,,False,0.10108111651795924,0.10108111651795924
2024-07-19_06,5,6,ranking_only,F0,no_metrology,0.3,0,,False,0.1743385691392052,0.1743385691392052
2024-07-19_07,5,7,ranking_only,F0,no_metrology,0.3,0,,False,0.04840630163830232,0.04840630163830232
2024-07-19_08,5,8,ranking_only,F0,no_metrology,0.3,0,,False,0.12670811613831856,0.12670811613831856
2024-07-19_09,5,9,ranking_only,F0,no_metrology,0.3,0,,False,0.2592656984548548,0.2592656984548548
2024-07-19_10,5,10,ranking_only,F0,no_metrology,0.3,0,,False,0.09188415822755439,0.09188415822755439
2024-07-19_01,5,1,direct_substitution,F0,no_metrology,0.3,0,,False,0.13969490689514677,0.13969490689514677
2024-07-19_02,5,2,direct_substitution,F0,no_metrology,0.3,0,,False,0.23608607448057867,0.23608607448057867
2024-07-19_03,5,3,direct_substitution,F0,no_metrology,0.3,0,,False,0.11674819508046788,0.11674819508046788
2024-07-19_04,5,4,direct_substitution,F0,no_metrology,0.3,0,,False,0.16075980936496376,0.16075980936496376
2024-07-19_05,5,5,direct_substitution,F0,no_metrology,0.3,0,,False,0.10108111651795924,0.10108111651795924
2024-07-19_06,5,6,direct_substitution,F0,no_metrology,0.3,0,,False,0.1743385691392052,0.1743385691392052
2024-07-19_07,5,7,direct_substitution,F0,no_metrology,0.3,0,,False,0.04840630163830232,0.04840630163830232
2024-07-19_08,5,8,direct_substitution,F0,no_metrology,0.3,0,,False,0.12670811613831856,0.12670811613831856
2024-07-19_09,5,9,direct_substitution,F0,no_metrology,0.3,0,,False,0.2592656984548548,0.2592656984548548
2024-07-19_10,5,10,direct_substitution,F0,no_metrology,0.3,0,,False,0.09188415822755439,0.09188415822755439
2024-07-19_01,5,1,ranking_only,F0,periodic,0.3,0,,True,0.13969490689514677,0.0
2024-07-19_02,5,2,ranking_only,F0,periodic,0.3,0,,False,0.23608607448057867,0.23608607448057867
2024-07-19_03,5,3,ranking_only,F0,periodic,0.3,0,,False,0.11674819508046788,0.11674819508046788
2024-07-19_04,5,4,ranking_only,F0,periodic,0.3,0,,False,0.16075980936496376,0.16075980936496376
2024-07-19_05,5,5,ranking_only,F0,periodic,0.3,0,,True,0.10108111651795924,0.0
2024-07-19_06,5,6,ranking_only,F0,periodic,0.3,0,,False,0.1743385691392052,0.1743385691392052
2024-07-19_07,5,7,ranking_only,F0,periodic,0.3,0,,False,0.04840630163830232,0.04840630163830232
2024-07-19_08,5,8,ranking_only,F0,periodic,0.3,0,,False,0.12670811613831856,0.12670811613831856
2024-07-19_09,5,9,ranking_only,F0,periodic,0.3,0,,False,0.2592656984548548,0.2592656984548548
2024-07-19_10,5,10,ranking_only,F0,periodic,0.3,0,,True,0.09188415822755439,0.0
2024-07-19_01,5,1,direct_substitution,F0,periodic,0.3,0,,True,0.13969490689514677,0.0
2024-07-19_02,5,2,direct_substitution,F0,periodic,0.3,0,,False,0.23608607448057867,0.23608607448057867
2024-07-19_03,5,3,direct_substitution,F0,periodic,0.3,0,,False,0.11674819508046788,0.11674819508046788
2024-07-19_04,5,4,direct_substitution,F0,periodic,0.3,0,,False,0.16075980936496376,0.16075980936496376
2024-07-19_05,5,5,direct_substitution,F0,periodic,0.3,0,,True,0.10108111651795924,0.0
2024-07-19_06,5,6,direct_substitution,F0,periodic,0.3,0,,False,0.1743385691392052,0.1743385691392052
2024-07-19_07,5,7,direct_substitution,F0,periodic,0.3,0,,False,0.04840630163830232,0.04840630163830232
2024-07-19_08,5,8,direct_substitution,F0,periodic,0.3,0,,False,0.12670811613831856,0.12670811613831856
2024-07-19_09,5,9,direct_substitution,F0,periodic,0.3,0,,False,0.2592656984548548,0.2592656984548548
2024-07-19_10,5,10,direct_substitution,F0,periodic,0.3,0,,True,0.09188415822755439,0.0
2024-07-19_01,5,1,ranking_only,F0,ood,0.3,0,1.0,True,0.13969490689514677,0.0
2024-07-19_02,5,2,ranking_only,F0,ood,0.3,0,0.4358974358974359,True,0.23608607448057867,0.0
2024-07-19_03,5,3,ranking_only,F0,ood,0.3,0,0.1282051282051282,False,0.11674819508046788,0.11674819508046788
2024-07-19_04,5,4,ranking_only,F0,ood,0.3,0,0.1794871794871795,False,0.16075980936496376,0.16075980936496376
2024-07-19_05,5,5,ranking_only,F0,ood,0.3,0,0.38461538461538464,False,0.10108111651795924,0.10108111651795924
2024-07-19_06,5,6,ranking_only,F0,ood,0.3,0,0.1282051282051282,False,0.1743385691392052,0.1743385691392052
2024-07-19_07,5,7,ranking_only,F0,ood,0.3,0,0.1794871794871795,False,0.04840630163830232,0.04840630163830232
2024-07-19_08,5,8,ranking_only,F0,ood,0.3,0,0.1282051282051282,False,0.12670811613831856,0.12670811613831856
2024-07-19_09,5,9,ranking_only,F0,ood,0.3,0,0.5384615384615384,True,0.2592656984548548,0.0
2024-07-19_10,5,10,ranking_only,F0,ood,0.3,0,0.3333333333333333,False,0.09188415822755439,0.09188415822755439
2024-07-19_01,5,1,direct_substitution,F0,ood,0.3,0,1.0,True,0.13969490689514677,0.0
2024-07-19_02,5,2,direct_substitution,F0,ood,0.3,0,0.4358974358974359,False,0.23608607448057867,0.23608607448057867
2024-07-19_03,5,3,direct_substitution,F0,ood,0.3,0,0.1282051282051282,False,0.11674819508046788,0.11674819508046788
2024-07-19_04,5,4,direct_substitution,F0,ood,0.3,0,0.1794871794871795,False,0.16075980936496376,0.16075980936496376
2024-07-19_05,5,5,direct_substitution,F0,ood,0.3,0,0.38461538461538464,False,0.10108111651795924,0.10108111651795924
2024-07-19_06,5,6,direct_substitution,F0,ood,0.3,0,0.1282051282051282,False,0.1743385691392052,0.1743385691392052
2024-07-19_07,5,7,direct_substitution,F0,ood,0.3,0,0.1794871794871795,False,0.04840630163830232,0.04840630163830232
2024-07-19_08,5,8,direct_substitution,F0,ood,0.3,0,0.1282051282051282,False,0.12670811613831856,0.12670811613831856
2024-07-19_09,5,9,direct_substitution,F0,ood,0.3,0,0.5384615384615384,True,0.2592656984548548,0.0
2024-07-19_10,5,10,direct_substitution,F0,ood,0.3,0,0.3333333333333333,True,0.09188415822755439,0.0
2024-07-19_01,5,1,ranking_only,F0,disagreement,0.3,0,0.9487179487179487,True,0.13969490689514677,0.0
2024-07-19_02,5,2,ranking_only,F0,disagreement,0.3,0,0.5128205128205128,True,0.23608607448057867,0.0
2024-07-19_03,5,3,ranking_only,F0,disagreement,0.3,0,0.1282051282051282,False,0.11674819508046788,0.11674819508046788
2024-07-19_04,5,4,ranking_only,F0,disagreement,0.3,0,0.28205128205128205,False,0.16075980936496376,0.16075980936496376
2024-07-19_05,5,5,ranking_only,F0,disagreement,0.3,0,0.28205128205128205,False,0.10108111651795924,0.10108111651795924
2024-07-19_06,5,6,ranking_only,F0,disagreement,0.3,0,0.15384615384615385,False,0.1743385691392052,0.1743385691392052
2024-07-19_07,5,7,ranking_only,F0,disagreement,0.3,0,0.28205128205128205,False,0.04840630163830232,0.04840630163830232
2024-07-19_08,5,8,ranking_only,F0,disagreement,0.3,0,0.1282051282051282,False,0.12670811613831856,0.12670811613831856
2024-07-19_09,5,9,ranking_only,F0,disagreement,0.3,0,0.5128205128205128,False,0.2592656984548548,0.2592656984548548
2024-07-19_10,5,10,ranking_only,F0,disagreement,0.3,0,0.6666666666666666,True,0.09188415822755439,0.0
2024-07-19_01,5,1,direct_substitution,F0,disagreement,0.3,0,0.9487179487179487,True,0.13969490689514677,0.0
2024-07-19_02,5,2,direct_substitution,F0,disagreement,0.3,0,0.5128205128205128,False,0.23608607448057867,0.23608607448057867
2024-07-19_03,5,3,direct_substitution,F0,disagreement,0.3,0,0.1282051282051282,False,0.11674819508046788,0.11674819508046788
2024-07-19_04,5,4,direct_substitution,F0,disagreement,0.3,0,0.28205128205128205,False,0.16075980936496376,0.16075980936496376
2024-07-19_05,5,5,direct_substitution,F0,disagreement,0.3,0,0.28205128205128205,False,0.10108111651795924,0.10108111651795924
2024-07-19_06,5,6,direct_substitution,F0,disagreement,0.3,0,0.15384615384615385,False,0.1743385691392052,0.1743385691392052
2024-07-19_07,5,7,direct_substitution,F0,disagreement,0.3,0,0.28205128205128205,False,0.04840630163830232,0.04840630163830232
2024-07-19_08,5,8,direct_substitution,F0,disagreement,0.3,0,0.1282051282051282,False,0.12670811613831856,0.12670811613831856
2024-07-19_09,5,9,direct_substitution,F0,disagreement,0.3,0,0.5128205128205128,True,0.2592656984548548,0.0
2024-07-19_10,5,10,direct_substitution,F0,disagreement,0.3,0,0.6666666666666666,True,0.09188415822755439,0.0
2024-07-19_01,5,1,ranking_only,F0,combined,0.3,0,0.7897435897435898,True,0.13969490689514677,0.0
2024-07-19_02,5,2,ranking_only,F0,combined,0.3,0,0.6,True,0.23608607448057867,0.0
2024-07-19_03,5,3,ranking_only,F0,combined,0.3,0,0.21699633699633702,False,0.11674819508046788,0.11674819508046788
2024-07-19_04,5,4,ranking_only,F0,combined,0.3,0,0.2956776556776557,False,0.16075980936496376,0.16075980936496376
2024-07-19_05,5,5,ranking_only,F0,combined,0.3,0,0.36351648351648347,False,0.10108111651795924,0.10108111651795924
2024-07-19_06,5,6,ranking_only,F0,combined,0.3,0,0.11926739926739927,False,0.1743385691392052,0.1743385691392052
2024-07-19_07,5,7,ranking_only,F0,combined,0.3,0,0.24864468864468864,False,0.04840630163830232,0.04840630163830232
2024-07-19_08,5,8,ranking_only,F0,combined,0.3,0,0.13347985347985347,False,0.12670811613831856,0.12670811613831856
2024-07-19_09,5,9,ranking_only,F0,combined,0.3,0,0.7434432234432234,True,0.2592656984548548,0.0
2024-07-19_10,5,10,ranking_only,F0,combined,0.3,0,0.46329670329670325,False,0.09188415822755439,0.09188415822755439
2024-07-19_01,5,1,direct_substitution,F0,combined,0.3,0,0.7897435897435898,True,0.13969490689514677,0.0
2024-07-19_02,5,2,direct_substitution,F0,combined,0.3,0,0.6,False,0.23608607448057867,0.23608607448057867
2024-07-19_03,5,3,direct_substitution,F0,combined,0.3,0,0.21699633699633702,False,0.11674819508046788,0.11674819508046788
2024-07-19_04,5,4,direct_substitution,F0,combined,0.3,0,0.2956776556776557,False,0.16075980936496376,0.16075980936496376
2024-07-19_05,5,5,direct_substitution,F0,combined,0.3,0,0.36351648351648347,False,0.10108111651795924,0.10108111651795924
2024-07-19_06,5,6,direct_substitution,F0,combined,0.3,0,0.11926739926739927,False,0.1743385691392052,0.1743385691392052
2024-07-19_07,5,7,direct_substitution,F0,combined,0.3,0,0.24864468864468864,False,0.04840630163830232,0.04840630163830232
2024-07-19_08,5,8,direct_substitution,F0,combined,0.3,0,0.13347985347985347,False,0.12670811613831856,0.12670811613831856
2024-07-19_09,5,9,direct_substitution,F0,combined,0.3,0,0.7434432234432234,True,0.2592656984548548,0.0
2024-07-19_10,5,10,direct_substitution,F0,combined,0.3,0,0.46329670329670325,True,0.09188415822755439,0.0
2024-07-19_01,5,1,ranking_only,F0,validated_combined,0.3,0,0.7897435897435898,True,0.13969490689514677,0.0
2024-07-19_02,5,2,ranking_only,F0,validated_combined,0.3,0,0.6,True,0.23608607448057867,0.0
2024-07-19_03,5,3,ranking_only,F0,validated_combined,0.3,0,0.21699633699633702,False,0.11674819508046788,0.11674819508046788
2024-07-19_04,5,4,ranking_only,F0,validated_combined,0.3,0,0.2956776556776557,False,0.16075980936496376,0.16075980936496376
2024-07-19_05,5,5,ranking_only,F0,validated_combined,0.3,0,0.36351648351648347,False,0.10108111651795924,0.10108111651795924
2024-07-19_06,5,6,ranking_only,F0,validated_combined,0.3,0,0.11926739926739927,False,0.1743385691392052,0.1743385691392052
2024-07-19_07,5,7,ranking_only,F0,validated_combined,0.3,0,0.24864468864468864,False,0.04840630163830232,0.04840630163830232
2024-07-19_08,5,8,ranking_only,F0,validated_combined,0.3,0,0.13347985347985347,False,0.12670811613831856,0.12670811613831856
2024-07-19_09,5,9,ranking_only,F0,validated_combined,0.3,0,0.7434432234432234,True,0.2592656984548548,0.0
2024-07-19_10,5,10,ranking_only,F0,validated_combined,0.3,0,0.46329670329670325,False,0.09188415822755439,0.09188415822755439
2024-07-19_01,5,1,direct_substitution,F0,validated_combined,0.3,0,0.7897435897435898,True,0.13969490689514677,0.0
2024-07-19_02,5,2,direct_substitution,F0,validated_combined,0.3,0,0.6,False,0.23608607448057867,0.23608607448057867
2024-07-19_03,5,3,direct_substitution,F0,validated_combined,0.3,0,0.21699633699633702,False,0.11674819508046788,0.11674819508046788
2024-07-19_04,5,4,direct_substitution,F0,validated_combined,0.3,0,0.2956776556776557,False,0.16075980936496376,0.16075980936496376
2024-07-19_05,5,5,direct_substitution,F0,validated_combined,0.3,0,0.36351648351648347,False,0.10108111651795924,0.10108111651795924
2024-07-19_06,5,6,direct_substitution,F0,validated_combined,0.3,0,0.11926739926739927,False,0.1743385691392052,0.1743385691392052
2024-07-19_07,5,7,direct_substitution,F0,validated_combined,0.3,0,0.24864468864468864,False,0.04840630163830232,0.04840630163830232
2024-07-19_08,5,8,direct_substitution,F0,validated_combined,0.3,0,0.13347985347985347,False,0.12670811613831856,0.12670811613831856
2024-07-19_09,5,9,direct_substitution,F0,validated_combined,0.3,0,0.7434432234432234,True,0.2592656984548548,0.0
2024-07-19_10,5,10,direct_substitution,F0,validated_combined,0.3,0,0.46329670329670325,True,0.09188415822755439,0.0
2024-07-19_01,5,1,ranking_only,F0,oracle,0.3,0,0.6,False,0.13969490689514677,0.13969490689514677
2024-07-19_02,5,2,ranking_only,F0,oracle,0.3,0,0.9,True,0.23608607448057867,0.0
2024-07-19_03,5,3,ranking_only,F0,oracle,0.3,0,0.4,False,0.11674819508046788,0.11674819508046788
2024-07-19_04,5,4,ranking_only,F0,oracle,0.3,0,0.7,False,0.16075980936496376,0.16075980936496376
2024-07-19_05,5,5,ranking_only,F0,oracle,0.3,0,0.3,False,0.10108111651795924,0.10108111651795924
2024-07-19_06,5,6,ranking_only,F0,oracle,0.3,0,0.8,True,0.1743385691392052,0.0
2024-07-19_07,5,7,ranking_only,F0,oracle,0.3,0,0.1,False,0.04840630163830232,0.04840630163830232
2024-07-19_08,5,8,ranking_only,F0,oracle,0.3,0,0.5,False,0.12670811613831856,0.12670811613831856
2024-07-19_09,5,9,ranking_only,F0,oracle,0.3,0,1.0,True,0.2592656984548548,0.0
2024-07-19_10,5,10,ranking_only,F0,oracle,0.3,0,0.2,False,0.09188415822755439,0.09188415822755439
2024-07-19_01,5,1,direct_substitution,F0,oracle,0.3,0,0.6,False,0.13969490689514677,0.13969490689514677
2024-07-19_02,5,2,direct_substitution,F0,oracle,0.3,0,0.9,True,0.23608607448057867,0.0
2024-07-19_03,5,3,direct_substitution,F0,oracle,0.3,0,0.4,False,0.11674819508046788,0.11674819508046788
2024-07-19_04,5,4,direct_substitution,F0,oracle,0.3,0,0.7,True,0.16075980936496376,0.0
2024-07-19_05,5,5,direct_substitution,F0,oracle,0.3,0,0.3,False,0.10108111651795924,0.10108111651795924
2024-07-19_06,5,6,direct_substitution,F0,oracle,0.3,0,0.8,False,0.1743385691392052,0.1743385691392052
2024-07-19_07,5,7,direct_substitution,F0,oracle,0.3,0,0.1,False,0.04840630163830232,0.04840630163830232
2024-07-19_08,5,8,direct_substitution,F0,oracle,0.3,0,0.5,False,0.12670811613831856,0.12670811613831856
2024-07-19_09,5,9,direct_substitution,F0,oracle,0.3,0,1.0,True,0.2592656984548548,0.0
2024-07-19_10,5,10,direct_substitution,F0,oracle,0.3,0,0.2,False,0.09188415822755439,0.09188415822755439
2024-07-19_01,5,1,causal_feedback,F0,combined,0.3,0,0.7897435897435898,True,0.13969490689514677,0.0
2024-07-19_02,5,2,causal_feedback,F0,combined,0.3,0,0.6,False,0.23608607448057867,0.23608607448057867
2024-07-19_03,5,3,causal_feedback,F0,combined,0.3,0,0.21699633699633702,False,0.11674819508046788,0.11674819508046788
2024-07-19_04,5,4,causal_feedback,F0,combined,0.3,0,0.2956776556776557,False,0.16075980936496376,0.16075980936496376
2024-07-19_05,5,5,causal_feedback,F0,combined,0.3,0,0.36351648351648347,False,0.10108111651795924,0.10108111651795924
2024-07-19_06,5,6,causal_feedback,F0,combined,0.3,0,0.11926739926739927,False,0.1743385691392052,0.1743385691392052
2024-07-19_07,5,7,causal_feedback,F0,combined,0.3,0,0.24864468864468864,False,0.04840630163830232,0.04840630163830232
2024-07-19_08,5,8,causal_feedback,F0,combined,0.3,0,0.13347985347985347,False,0.12670811613831856,0.12670811613831856
2024-07-19_09,5,9,causal_feedback,F0,combined,0.3,0,0.7434432234432234,True,0.2592656984548548,0.0
2024-07-19_10,5,10,causal_feedback,F0,combined,0.3,0,0.46329670329670325,True,0.09188415822755439,0.0
2024-07-19_01,5,1,causal_feedback,F1,combined,0.3,0,0.7897435897435898,True,0.13969490689514677,0.0
2024-07-19_02,5,2,causal_feedback,F1,combined,0.3,0,0.6,False,0.27597081824867137,0.27597081824867137
2024-07-19_03,5,3,causal_feedback,F1,combined,0.3,0,0.21699633699633702,False,0.1566329388485606,0.1566329388485606
2024-07-19_04,5,4,causal_feedback,F1,combined,0.3,0,0.2956776556776557,False,0.20156144379439195,0.20156144379439195
2024-07-19_05,5,5,causal_feedback,F1,combined,0.3,0,0.36351648351648347,False,0.1387242771052883,0.1387242771052883
2024-07-19_06,5,6,causal_feedback,F1,combined,0.3,0,0.11926739926739927,False,0.2151402035686334,0.2151402035686334
2024-07-19_07,5,7,causal_feedback,F1,combined,0.3,0,0.24864468864468864,False,0.055755231841515006,0.055755231841515006
2024-07-19_08,5,8,causal_feedback,F1,combined,0.3,0,0.13347985347985347,False,0.16739294282100917,0.16739294282100917
2024-07-19_09,5,9,causal_feedback,F1,combined,0.3,0,0.7434432234432234,True,0.300067332884283,0.0
2024-07-19_10,5,10,causal_feedback,F1,combined,0.3,0,0.46329670329670325,True,0.08280843047288292,0.0
2024-07-19_01,5,1,causal_feedback,F2,combined,0.3,0,0.7897435897435898,True,0.13969490689514677,0.0
2024-07-19_02,5,2,causal_feedback,F2,combined,0.3,0,0.6,False,0.25241381665550866,0.25241381665550866
2024-07-19_03,5,3,causal_feedback,F2,combined,0.3,0,0.21699633699633702,False,0.12079070838683396,0.12079070838683396
2024-07-19_04,5,4,causal_feedback,F2,combined,0.3,0,0.2956776556776557,False,0.16827783297241677,0.16827783297241677
2024-07-19_05,5,5,causal_feedback,F2,combined,0.3,0,0.36351648351648347,False,0.1539001242771197,0.1539001242771197
2024-07-19_06,5,6,causal_feedback,F2,combined,0.3,0,0.11926739926739927,False,0.19198278834010862,0.19198278834010862
2024-07-19_07,5,7,causal_feedback,F2,combined,0.3,0,0.24864468864468864,False,0.04806206248391683,0.04806206248391683
2024-07-19_08,5,8,causal_feedback,F2,combined,0.3,0,0.13347985347985347,False,0.19081737036209648,0.19081737036209648
2024-07-19_09,5,9,causal_feedback,F2,combined,0.3,0,0.7434432234432234,True,0.0957490319084193,0.0
2024-07-19_10,5,10,causal_feedback,F2,combined,0.3,0,0.46329670329670325,True,0.09585285969048545,0.0
2024-07-19_01,5,1,causal_feedback,F3,combined,0.3,0,0.7897435897435898,True,0.13969490689514677,0.0
2024-07-19_02,5,2,causal_feedback,F3,combined,0.3,0,0.6,False,0.25028252556404035,0.25028252556404035
2024-07-19_03,5,3,causal_feedback,F3,combined,0.3,0,0.21699633699633702,False,0.11878949952103655,0.11878949952103655
2024-07-19_04,5,4,causal_feedback,F3,combined,0.3,0,0.2956776556776557,False,0.16827783297241647,0.16827783297241647
2024-07-19_05,5,5,causal_feedback,F3,combined,0.3,0,0.36351648351648347,False,0.15396791155343148,0.15396791155343148
2024-07-19_06,5,6,causal_feedback,F3,combined,0.3,0,0.11926739926739927,False,0.19198278834010862,0.19198278834010862
2024-07-19_07,5,7,causal_feedback,F3,combined,0.3,0,0.24864468864468864,False,0.062200032594197464,0.062200032594197464
2024-07-19_08,5,8,causal_feedback,F3,combined,0.3,0,0.13347985347985347,False,0.19116595793836275,0.19116595793836275
2024-07-19_09,5,9,causal_feedback,F3,combined,0.3,0,0.7434432234432234,True,0.13219836500495982,0.0
2024-07-19_10,5,10,causal_feedback,F3,combined,0.3,0,0.46329670329670325,True,0.09588743385082106,0.0
2024-07-19_01,5,1,ranking_only,F0,no_metrology,0.5,0,,False,0.13969490689514677,0.13969490689514677
2024-07-19_02,5,2,ranking_only,F0,no_metrology,0.5,0,,False,0.23608607448057867,0.23608607448057867
2024-07-19_03,5,3,ranking_only,F0,no_metrology,0.5,0,,False,0.11674819508046788,0.11674819508046788
2024-07-19_04,5,4,ranking_only,F0,no_metrology,0.5,0,,False,0.16075980936496376,0.16075980936496376
2024-07-19_05,5,5,ranking_only,F0,no_metrology,0.5,0,,False,0.10108111651795924,0.10108111651795924
2024-07-19_06,5,6,ranking_only,F0,no_metrology,0.5,0,,False,0.1743385691392052,0.1743385691392052
2024-07-19_07,5,7,ranking_only,F0,no_metrology,0.5,0,,False,0.04840630163830232,0.04840630163830232
2024-07-19_08,5,8,ranking_only,F0,no_metrology,0.5,0,,False,0.12670811613831856,0.12670811613831856
2024-07-19_09,5,9,ranking_only,F0,no_metrology,0.5,0,,False,0.2592656984548548,0.2592656984548548
2024-07-19_10,5,10,ranking_only,F0,no_metrology,0.5,0,,False,0.09188415822755439,0.09188415822755439
2024-07-19_01,5,1,direct_substitution,F0,no_metrology,0.5,0,,False,0.13969490689514677,0.13969490689514677
2024-07-19_02,5,2,direct_substitution,F0,no_metrology,0.5,0,,False,0.23608607448057867,0.23608607448057867
2024-07-19_03,5,3,direct_substitution,F0,no_metrology,0.5,0,,False,0.11674819508046788,0.11674819508046788
2024-07-19_04,5,4,direct_substitution,F0,no_metrology,0.5,0,,False,0.16075980936496376,0.16075980936496376
2024-07-19_05,5,5,direct_substitution,F0,no_metrology,0.5,0,,False,0.10108111651795924,0.10108111651795924
2024-07-19_06,5,6,direct_substitution,F0,no_metrology,0.5,0,,False,0.1743385691392052,0.1743385691392052
2024-07-19_07,5,7,direct_substitution,F0,no_metrology,0.5,0,,False,0.04840630163830232,0.04840630163830232
2024-07-19_08,5,8,direct_substitution,F0,no_metrology,0.5,0,,False,0.12670811613831856,0.12670811613831856
2024-07-19_09,5,9,direct_substitution,F0,no_metrology,0.5,0,,False,0.2592656984548548,0.2592656984548548
2024-07-19_10,5,10,direct_substitution,F0,no_metrology,0.5,0,,False,0.09188415822755439,0.09188415822755439
2024-07-19_01,5,1,ranking_only,F0,periodic,0.5,0,,True,0.13969490689514677,0.0
2024-07-19_02,5,2,ranking_only,F0,periodic,0.5,0,,False,0.23608607448057867,0.23608607448057867
2024-07-19_03,5,3,ranking_only,F0,periodic,0.5,0,,True,0.11674819508046788,0.0
2024-07-19_04,5,4,ranking_only,F0,periodic,0.5,0,,False,0.16075980936496376,0.16075980936496376
2024-07-19_05,5,5,ranking_only,F0,periodic,0.5,0,,True,0.10108111651795924,0.0
2024-07-19_06,5,6,ranking_only,F0,periodic,0.5,0,,False,0.1743385691392052,0.1743385691392052
2024-07-19_07,5,7,ranking_only,F0,periodic,0.5,0,,False,0.04840630163830232,0.04840630163830232
2024-07-19_08,5,8,ranking_only,F0,periodic,0.5,0,,True,0.12670811613831856,0.0
2024-07-19_09,5,9,ranking_only,F0,periodic,0.5,0,,False,0.2592656984548548,0.2592656984548548
2024-07-19_10,5,10,ranking_only,F0,periodic,0.5,0,,True,0.09188415822755439,0.0
2024-07-19_01,5,1,direct_substitution,F0,periodic,0.5,0,,True,0.13969490689514677,0.0
2024-07-19_02,5,2,direct_substitution,F0,periodic,0.5,0,,False,0.23608607448057867,0.23608607448057867
2024-07-19_03,5,3,direct_substitution,F0,periodic,0.5,0,,True,0.11674819508046788,0.0
2024-07-19_04,5,4,direct_substitution,F0,periodic,0.5,0,,False,0.16075980936496376,0.16075980936496376
2024-07-19_05,5,5,direct_substitution,F0,periodic,0.5,0,,True,0.10108111651795924,0.0
2024-07-19_06,5,6,direct_substitution,F0,periodic,0.5,0,,False,0.1743385691392052,0.1743385691392052
2024-07-19_07,5,7,direct_substitution,F0,periodic,0.5,0,,False,0.04840630163830232,0.04840630163830232
2024-07-19_08,5,8,direct_substitution,F0,periodic,0.5,0,,True,0.12670811613831856,0.0
2024-07-19_09,5,9,direct_substitution,F0,periodic,0.5,0,,False,0.2592656984548548,0.2592656984548548
2024-07-19_10,5,10,direct_substitution,F0,periodic,0.5,0,,True,0.09188415822755439,0.0
2024-07-19_01,5,1,ranking_only,F0,ood,0.5,0,1.0,True,0.13969490689514677,0.0
2024-07-19_02,5,2,ranking_only,F0,ood,0.5,0,0.4358974358974359,True,0.23608607448057867,0.0
2024-07-19_03,5,3,ranking_only,F0,ood,0.5,0,0.1282051282051282,False,0.11674819508046788,0.11674819508046788
2024-07-19_04,5,4,ranking_only,F0,ood,0.5,0,0.1794871794871795,False,0.16075980936496376,0.16075980936496376
2024-07-19_05,5,5,ranking_only,F0,ood,0.5,0,0.38461538461538464,True,0.10108111651795924,0.0
2024-07-19_06,5,6,ranking_only,F0,ood,0.5,0,0.1282051282051282,False,0.1743385691392052,0.1743385691392052
2024-07-19_07,5,7,ranking_only,F0,ood,0.5,0,0.1794871794871795,False,0.04840630163830232,0.04840630163830232
2024-07-19_08,5,8,ranking_only,F0,ood,0.5,0,0.1282051282051282,False,0.12670811613831856,0.12670811613831856
2024-07-19_09,5,9,ranking_only,F0,ood,0.5,0,0.5384615384615384,True,0.2592656984548548,0.0
2024-07-19_10,5,10,ranking_only,F0,ood,0.5,0,0.3333333333333333,True,0.09188415822755439,0.0
2024-07-19_01,5,1,direct_substitution,F0,ood,0.5,0,1.0,True,0.13969490689514677,0.0
2024-07-19_02,5,2,direct_substitution,F0,ood,0.5,0,0.4358974358974359,False,0.23608607448057867,0.23608607448057867
2024-07-19_03,5,3,direct_substitution,F0,ood,0.5,0,0.1282051282051282,False,0.11674819508046788,0.11674819508046788
2024-07-19_04,5,4,direct_substitution,F0,ood,0.5,0,0.1794871794871795,False,0.16075980936496376,0.16075980936496376
2024-07-19_05,5,5,direct_substitution,F0,ood,0.5,0,0.38461538461538464,False,0.10108111651795924,0.10108111651795924
2024-07-19_06,5,6,direct_substitution,F0,ood,0.5,0,0.1282051282051282,False,0.1743385691392052,0.1743385691392052
2024-07-19_07,5,7,direct_substitution,F0,ood,0.5,0,0.1794871794871795,True,0.04840630163830232,0.0
2024-07-19_08,5,8,direct_substitution,F0,ood,0.5,0,0.1282051282051282,True,0.12670811613831856,0.0
2024-07-19_09,5,9,direct_substitution,F0,ood,0.5,0,0.5384615384615384,True,0.2592656984548548,0.0
2024-07-19_10,5,10,direct_substitution,F0,ood,0.5,0,0.3333333333333333,True,0.09188415822755439,0.0
2024-07-19_01,5,1,ranking_only,F0,disagreement,0.5,0,0.9487179487179487,True,0.13969490689514677,0.0
2024-07-19_02,5,2,ranking_only,F0,disagreement,0.5,0,0.5128205128205128,True,0.23608607448057867,0.0
2024-07-19_03,5,3,ranking_only,F0,disagreement,0.5,0,0.1282051282051282,False,0.11674819508046788,0.11674819508046788
2024-07-19_04,5,4,ranking_only,F0,disagreement,0.5,0,0.28205128205128205,True,0.16075980936496376,0.0
2024-07-19_05,5,5,ranking_only,F0,disagreement,0.5,0,0.28205128205128205,False,0.10108111651795924,0.10108111651795924
2024-07-19_06,5,6,ranking_only,F0,disagreement,0.5,0,0.15384615384615385,False,0.1743385691392052,0.1743385691392052
2024-07-19_07,5,7,ranking_only,F0,disagreement,0.5,0,0.28205128205128205,False,0.04840630163830232,0.04840630163830232
2024-07-19_08,5,8,ranking_only,F0,disagreement,0.5,0,0.1282051282051282,False,0.12670811613831856,0.12670811613831856
2024-07-19_09,5,9,ranking_only,F0,disagreement,0.5,0,0.5128205128205128,True,0.2592656984548548,0.0
2024-07-19_10,5,10,ranking_only,F0,disagreement,0.5,0,0.6666666666666666,True,0.09188415822755439,0.0
2024-07-19_01,5,1,direct_substitution,F0,disagreement,0.5,0,0.9487179487179487,True,0.13969490689514677,0.0
2024-07-19_02,5,2,direct_substitution,F0,disagreement,0.5,0,0.5128205128205128,False,0.23608607448057867,0.23608607448057867
2024-07-19_03,5,3,direct_substitution,F0,disagreement,0.5,0,0.1282051282051282,False,0.11674819508046788,0.11674819508046788
2024-07-19_04,5,4,direct_substitution,F0,disagreement,0.5,0,0.28205128205128205,False,0.16075980936496376,0.16075980936496376
2024-07-19_05,5,5,direct_substitution,F0,disagreement,0.5,0,0.28205128205128205,False,0.10108111651795924,0.10108111651795924
2024-07-19_06,5,6,direct_substitution,F0,disagreement,0.5,0,0.15384615384615385,False,0.1743385691392052,0.1743385691392052
2024-07-19_07,5,7,direct_substitution,F0,disagreement,0.5,0,0.28205128205128205,True,0.04840630163830232,0.0
2024-07-19_08,5,8,direct_substitution,F0,disagreement,0.5,0,0.1282051282051282,True,0.12670811613831856,0.0
2024-07-19_09,5,9,direct_substitution,F0,disagreement,0.5,0,0.5128205128205128,True,0.2592656984548548,0.0
2024-07-19_10,5,10,direct_substitution,F0,disagreement,0.5,0,0.6666666666666666,True,0.09188415822755439,0.0
2024-07-19_01,5,1,ranking_only,F0,combined,0.5,0,0.7897435897435898,True,0.13969490689514677,0.0
2024-07-19_02,5,2,ranking_only,F0,combined,0.5,0,0.6,True,0.23608607448057867,0.0
2024-07-19_03,5,3,ranking_only,F0,combined,0.5,0,0.21699633699633702,False,0.11674819508046788,0.11674819508046788
2024-07-19_04,5,4,ranking_only,F0,combined,0.5,0,0.2956776556776557,False,0.16075980936496376,0.16075980936496376
2024-07-19_05,5,5,ranking_only,F0,combined,0.5,0,0.36351648351648347,True,0.10108111651795924,0.0
2024-07-19_06,5,6,ranking_only,F0,combined,0.5,0,0.11926739926739927,False,0.1743385691392052,0.1743385691392052
2024-07-19_07,5,7,ranking_only,F0,combined,0.5,0,0.24864468864468864,False,0.04840630163830232,0.04840630163830232
2024-07-19_08,5,8,ranking_only,F0,combined,0.5,0,0.13347985347985347,False,0.12670811613831856,0.12670811613831856
2024-07-19_09,5,9,ranking_only,F0,combined,0.5,0,0.7434432234432234,True,0.2592656984548548,0.0
2024-07-19_10,5,10,ranking_only,F0,combined,0.5,0,0.46329670329670325,True,0.09188415822755439,0.0
2024-07-19_01,5,1,direct_substitution,F0,combined,0.5,0,0.7897435897435898,True,0.13969490689514677,0.0
2024-07-19_02,5,2,direct_substitution,F0,combined,0.5,0,0.6,False,0.23608607448057867,0.23608607448057867
2024-07-19_03,5,3,direct_substitution,F0,combined,0.5,0,0.21699633699633702,False,0.11674819508046788,0.11674819508046788
2024-07-19_04,5,4,direct_substitution,F0,combined,0.5,0,0.2956776556776557,False,0.16075980936496376,0.16075980936496376
2024-07-19_05,5,5,direct_substitution,F0,combined,0.5,0,0.36351648351648347,False,0.10108111651795924,0.10108111651795924
2024-07-19_06,5,6,direct_substitution,F0,combined,0.5,0,0.11926739926739927,False,0.1743385691392052,0.1743385691392052
2024-07-19_07,5,7,direct_substitution,F0,combined,0.5,0,0.24864468864468864,True,0.04840630163830232,0.0
2024-07-19_08,5,8,direct_substitution,F0,combined,0.5,0,0.13347985347985347,True,0.12670811613831856,0.0
2024-07-19_09,5,9,direct_substitution,F0,combined,0.5,0,0.7434432234432234,True,0.2592656984548548,0.0
2024-07-19_10,5,10,direct_substitution,F0,combined,0.5,0,0.46329670329670325,True,0.09188415822755439,0.0
2024-07-19_01,5,1,ranking_only,F0,validated_combined,0.5,0,0.7897435897435898,True,0.13969490689514677,0.0
2024-07-19_02,5,2,ranking_only,F0,validated_combined,0.5,0,0.6,True,0.23608607448057867,0.0
2024-07-19_03,5,3,ranking_only,F0,validated_combined,0.5,0,0.21699633699633702,False,0.11674819508046788,0.11674819508046788
2024-07-19_04,5,4,ranking_only,F0,validated_combined,0.5,0,0.2956776556776557,False,0.16075980936496376,0.16075980936496376
2024-07-19_05,5,5,ranking_only,F0,validated_combined,0.5,0,0.36351648351648347,True,0.10108111651795924,0.0
2024-07-19_06,5,6,ranking_only,F0,validated_combined,0.5,0,0.11926739926739927,False,0.1743385691392052,0.1743385691392052
2024-07-19_07,5,7,ranking_only,F0,validated_combined,0.5,0,0.24864468864468864,False,0.04840630163830232,0.04840630163830232
2024-07-19_08,5,8,ranking_only,F0,validated_combined,0.5,0,0.13347985347985347,False,0.12670811613831856,0.12670811613831856
2024-07-19_09,5,9,ranking_only,F0,validated_combined,0.5,0,0.7434432234432234,True,0.2592656984548548,0.0
2024-07-19_10,5,10,ranking_only,F0,validated_combined,0.5,0,0.46329670329670325,True,0.09188415822755439,0.0
2024-07-19_01,5,1,direct_substitution,F0,validated_combined,0.5,0,0.7897435897435898,True,0.13969490689514677,0.0
2024-07-19_02,5,2,direct_substitution,F0,validated_combined,0.5,0,0.6,False,0.23608607448057867,0.23608607448057867
2024-07-19_03,5,3,direct_substitution,F0,validated_combined,0.5,0,0.21699633699633702,False,0.11674819508046788,0.11674819508046788
2024-07-19_04,5,4,direct_substitution,F0,validated_combined,0.5,0,0.2956776556776557,False,0.16075980936496376,0.16075980936496376
2024-07-19_05,5,5,direct_substitution,F0,validated_combined,0.5,0,0.36351648351648347,False,0.10108111651795924,0.10108111651795924
2024-07-19_06,5,6,direct_substitution,F0,validated_combined,0.5,0,0.11926739926739927,False,0.1743385691392052,0.1743385691392052
2024-07-19_07,5,7,direct_substitution,F0,validated_combined,0.5,0,0.24864468864468864,True,0.04840630163830232,0.0
2024-07-19_08,5,8,direct_substitution,F0,validated_combined,0.5,0,0.13347985347985347,True,0.12670811613831856,0.0
2024-07-19_09,5,9,direct_substitution,F0,validated_combined,0.5,0,0.7434432234432234,True,0.2592656984548548,0.0
2024-07-19_10,5,10,direct_substitution,F0,validated_combined,0.5,0,0.46329670329670325,True,0.09188415822755439,0.0
2024-07-19_01,5,1,ranking_only,F0,oracle,0.5,0,0.6,True,0.13969490689514677,0.0
2024-07-19_02,5,2,ranking_only,F0,oracle,0.5,0,0.9,True,0.23608607448057867,0.0
2024-07-19_03,5,3,ranking_only,F0,oracle,0.5,0,0.4,False,0.11674819508046788,0.11674819508046788
2024-07-19_04,5,4,ranking_only,F0,oracle,0.5,0,0.7,True,0.16075980936496376,0.0
2024-07-19_05,5,5,ranking_only,F0,oracle,0.5,0,0.3,False,0.10108111651795924,0.10108111651795924
2024-07-19_06,5,6,ranking_only,F0,oracle,0.5,0,0.8,True,0.1743385691392052,0.0
2024-07-19_07,5,7,ranking_only,F0,oracle,0.5,0,0.1,False,0.04840630163830232,0.04840630163830232
2024-07-19_08,5,8,ranking_only,F0,oracle,0.5,0,0.5,False,0.12670811613831856,0.12670811613831856
2024-07-19_09,5,9,ranking_only,F0,oracle,0.5,0,1.0,True,0.2592656984548548,0.0
2024-07-19_10,5,10,ranking_only,F0,oracle,0.5,0,0.2,False,0.09188415822755439,0.09188415822755439
2024-07-19_01,5,1,direct_substitution,F0,oracle,0.5,0,0.6,True,0.13969490689514677,0.0
2024-07-19_02,5,2,direct_substitution,F0,oracle,0.5,0,0.9,False,0.23608607448057867,0.23608607448057867
2024-07-19_03,5,3,direct_substitution,F0,oracle,0.5,0,0.4,False,0.11674819508046788,0.11674819508046788
2024-07-19_04,5,4,direct_substitution,F0,oracle,0.5,0,0.7,True,0.16075980936496376,0.0
2024-07-19_05,5,5,direct_substitution,F0,oracle,0.5,0,0.3,False,0.10108111651795924,0.10108111651795924
2024-07-19_06,5,6,direct_substitution,F0,oracle,0.5,0,0.8,True,0.1743385691392052,0.0
2024-07-19_07,5,7,direct_substitution,F0,oracle,0.5,0,0.1,False,0.04840630163830232,0.04840630163830232
2024-07-19_08,5,8,direct_substitution,F0,oracle,0.5,0,0.5,True,0.12670811613831856,0.0
2024-07-19_09,5,9,direct_substitution,F0,oracle,0.5,0,1.0,True,0.2592656984548548,0.0
2024-07-19_10,5,10,direct_substitution,F0,oracle,0.5,0,0.2,False,0.09188415822755439,0.09188415822755439
2024-07-19_01,5,1,causal_feedback,F0,combined,0.5,0,0.7897435897435898,True,0.13969490689514677,0.0
2024-07-19_02,5,2,causal_feedback,F0,combined,0.5,0,0.6,False,0.23608607448057867,0.23608607448057867
2024-07-19_03,5,3,causal_feedback,F0,combined,0.5,0,0.21699633699633702,False,0.11674819508046788,0.11674819508046788
2024-07-19_04,5,4,causal_feedback,F0,combined,0.5,0,0.2956776556776557,False,0.16075980936496376,0.16075980936496376
2024-07-19_05,5,5,causal_feedback,F0,combined,0.5,0,0.36351648351648347,False,0.10108111651795924,0.10108111651795924
2024-07-19_06,5,6,causal_feedback,F0,combined,0.5,0,0.11926739926739927,False,0.1743385691392052,0.1743385691392052
2024-07-19_07,5,7,causal_feedback,F0,combined,0.5,0,0.24864468864468864,True,0.04840630163830232,0.0
2024-07-19_08,5,8,causal_feedback,F0,combined,0.5,0,0.13347985347985347,True,0.12670811613831856,0.0
2024-07-19_09,5,9,causal_feedback,F0,combined,0.5,0,0.7434432234432234,True,0.2592656984548548,0.0
2024-07-19_10,5,10,causal_feedback,F0,combined,0.5,0,0.46329670329670325,True,0.09188415822755439,0.0
2024-07-19_01,5,1,causal_feedback,F1,combined,0.5,0,0.7897435897435898,True,0.13969490689514677,0.0
2024-07-19_02,5,2,causal_feedback,F1,combined,0.5,0,0.6,False,0.27597081824867137,0.27597081824867137
2024-07-19_03,5,3,causal_feedback,F1,combined,0.5,0,0.21699633699633702,False,0.1566329388485606,0.1566329388485606
2024-07-19_04,5,4,causal_feedback,F1,combined,0.5,0,0.2956776556776557,False,0.20156144379439195,0.20156144379439195
2024-07-19_05,5,5,causal_feedback,F1,combined,0.5,0,0.36351648351648347,False,0.1387242771052883,0.1387242771052883
2024-07-19_06,5,6,causal_feedback,F1,combined,0.5,0,0.11926739926739927,False,0.2151402035686334,0.2151402035686334
2024-07-19_07,5,7,causal_feedback,F1,combined,0.5,0,0.24864468864468864,True,0.055755231841515006,0.0
2024-07-19_08,5,8,causal_feedback,F1,combined,0.5,0,0.13347985347985347,True,0.1552232691220742,0.0
2024-07-19_09,5,9,causal_feedback,F1,combined,0.5,0,0.7434432234432234,True,0.24133067844872694,0.0
2024-07-19_10,5,10,causal_feedback,F1,combined,0.5,0,0.46329670329670325,True,0.0891300321857227,0.0
2024-07-19_01,5,1,causal_feedback,F2,combined,0.5,0,0.7897435897435898,True,0.13969490689514677,0.0
2024-07-19_02,5,2,causal_feedback,F2,combined,0.5,0,0.6,False,0.25241381665550866,0.25241381665550866
2024-07-19_03,5,3,causal_feedback,F2,combined,0.5,0,0.21699633699633702,False,0.12079070838683396,0.12079070838683396
2024-07-19_04,5,4,causal_feedback,F2,combined,0.5,0,0.2956776556776557,False,0.16827783297241677,0.16827783297241677
2024-07-19_05,5,5,causal_feedback,F2,combined,0.5,0,0.36351648351648347,False,0.1539001242771197,0.1539001242771197
2024-07-19_06,5,6,causal_feedback,F2,combined,0.5,0,0.11926739926739927,False,0.19198278834010862,0.19198278834010862
2024-07-19_07,5,7,causal_feedback,F2,combined,0.5,0,0.24864468864468864,True,0.04806206248391683,0.0
2024-07-19_08,5,8,causal_feedback,F2,combined,0.5,0,0.13347985347985347,True,0.1643174654648182,0.0
2024-07-19_09,5,9,causal_feedback,F2,combined,0.5,0,0.7434432234432234,True,0.079886357852373,0.0
2024-07-19_10,5,10,causal_feedback,F2,combined,0.5,0,0.46329670329670325,True,0.08545664362265251,0.0
2024-07-19_01,5,1,causal_feedback,F3,combined,0.5,0,0.7897435897435898,True,0.13969490689514677,0.0
2024-07-19_02,5,2,causal_feedback,F3,combined,0.5,0,0.6,False,0.25028252556404035,0.25028252556404035
2024-07-19_03,5,3,causal_feedback,F3,combined,0.5,0,0.21699633699633702,False,0.11878949952103655,0.11878949952103655
2024-07-19_04,5,4,causal_feedback,F3,combined,0.5,0,0.2956776556776557,False,0.16827783297241647,0.16827783297241647
2024-07-19_05,5,5,causal_feedback,F3,combined,0.5,0,0.36351648351648347,False,0.15396791155343148,0.15396791155343148
2024-07-19_06,5,6,causal_feedback,F3,combined,0.5,0,0.11926739926739927,False,0.19198278834010862,0.19198278834010862
2024-07-19_07,5,7,causal_feedback,F3,combined,0.5,0,0.24864468864468864,True,0.062200032594197464,0.0
2024-07-19_08,5,8,causal_feedback,F3,combined,0.5,0,0.13347985347985347,True,0.1649093782788477,0.0
2024-07-19_09,5,9,causal_feedback,F3,combined,0.5,0,0.7434432234432234,True,0.11527326906486624,0.0
2024-07-19_10,5,10,causal_feedback,F3,combined,0.5,0,0.46329670329670325,True,0.07270200832301316,0.0
2024-08-01_01,6,1,ranking_only,F0,no_metrology,0.0,0,,False,0.09612888431590018,0.09612888431590018
2024-08-01_02,6,2,ranking_only,F0,no_metrology,0.0,0,,False,0.1288645666389129,0.1288645666389129
2024-08-01_03,6,3,ranking_only,F0,no_metrology,0.0,0,,False,0.5213797031050986,0.5213797031050986
2024-08-01_04,6,4,ranking_only,F0,no_metrology,0.0,0,,False,0.37726854291939427,0.37726854291939427
2024-08-01_05,6,5,ranking_only,F0,no_metrology,0.0,0,,False,0.09527714642917845,0.09527714642917845
2024-08-01_06,6,6,ranking_only,F0,no_metrology,0.0,0,,False,0.20205249767110164,0.20205249767110164
2024-08-01_07,6,7,ranking_only,F0,no_metrology,0.0,0,,False,0.3754648935952584,0.3754648935952584
2024-08-01_08,6,8,ranking_only,F0,no_metrology,0.0,0,,False,0.16320185526146486,0.16320185526146486
2024-08-01_09,6,9,ranking_only,F0,no_metrology,0.0,0,,False,0.12146696624793486,0.12146696624793486
2024-08-01_10,6,10,ranking_only,F0,no_metrology,0.0,0,,False,0.07401669379152813,0.07401669379152813
2024-08-01_01,6,1,direct_substitution,F0,no_metrology,0.0,0,,False,0.09612888431590018,0.09612888431590018
2024-08-01_02,6,2,direct_substitution,F0,no_metrology,0.0,0,,False,0.1288645666389129,0.1288645666389129
2024-08-01_03,6,3,direct_substitution,F0,no_metrology,0.0,0,,False,0.5213797031050986,0.5213797031050986
2024-08-01_04,6,4,direct_substitution,F0,no_metrology,0.0,0,,False,0.37726854291939427,0.37726854291939427
2024-08-01_05,6,5,direct_substitution,F0,no_metrology,0.0,0,,False,0.09527714642917845,0.09527714642917845
2024-08-01_06,6,6,direct_substitution,F0,no_metrology,0.0,0,,False,0.20205249767110164,0.20205249767110164
2024-08-01_07,6,7,direct_substitution,F0,no_metrology,0.0,0,,False,0.3754648935952584,0.3754648935952584
2024-08-01_08,6,8,direct_substitution,F0,no_metrology,0.0,0,,False,0.16320185526146486,0.16320185526146486
2024-08-01_09,6,9,direct_substitution,F0,no_metrology,0.0,0,,False,0.12146696624793486,0.12146696624793486
2024-08-01_10,6,10,direct_substitution,F0,no_metrology,0.0,0,,False,0.07401669379152813,0.07401669379152813
2024-08-01_01,6,1,ranking_only,F0,periodic,0.0,0,,False,0.09612888431590018,0.09612888431590018
2024-08-01_02,6,2,ranking_only,F0,periodic,0.0,0,,False,0.1288645666389129,0.1288645666389129
2024-08-01_03,6,3,ranking_only,F0,periodic,0.0,0,,False,0.5213797031050986,0.5213797031050986
2024-08-01_04,6,4,ranking_only,F0,periodic,0.0,0,,False,0.37726854291939427,0.37726854291939427
2024-08-01_05,6,5,ranking_only,F0,periodic,0.0,0,,False,0.09527714642917845,0.09527714642917845
2024-08-01_06,6,6,ranking_only,F0,periodic,0.0,0,,False,0.20205249767110164,0.20205249767110164
2024-08-01_07,6,7,ranking_only,F0,periodic,0.0,0,,False,0.3754648935952584,0.3754648935952584
2024-08-01_08,6,8,ranking_only,F0,periodic,0.0,0,,False,0.16320185526146486,0.16320185526146486
2024-08-01_09,6,9,ranking_only,F0,periodic,0.0,0,,False,0.12146696624793486,0.12146696624793486
2024-08-01_10,6,10,ranking_only,F0,periodic,0.0,0,,False,0.07401669379152813,0.07401669379152813
2024-08-01_01,6,1,direct_substitution,F0,periodic,0.0,0,,False,0.09612888431590018,0.09612888431590018
2024-08-01_02,6,2,direct_substitution,F0,periodic,0.0,0,,False,0.1288645666389129,0.1288645666389129
2024-08-01_03,6,3,direct_substitution,F0,periodic,0.0,0,,False,0.5213797031050986,0.5213797031050986
2024-08-01_04,6,4,direct_substitution,F0,periodic,0.0,0,,False,0.37726854291939427,0.37726854291939427
2024-08-01_05,6,5,direct_substitution,F0,periodic,0.0,0,,False,0.09527714642917845,0.09527714642917845
2024-08-01_06,6,6,direct_substitution,F0,periodic,0.0,0,,False,0.20205249767110164,0.20205249767110164
2024-08-01_07,6,7,direct_substitution,F0,periodic,0.0,0,,False,0.3754648935952584,0.3754648935952584
2024-08-01_08,6,8,direct_substitution,F0,periodic,0.0,0,,False,0.16320185526146486,0.16320185526146486
2024-08-01_09,6,9,direct_substitution,F0,periodic,0.0,0,,False,0.12146696624793486,0.12146696624793486
2024-08-01_10,6,10,direct_substitution,F0,periodic,0.0,0,,False,0.07401669379152813,0.07401669379152813
2024-08-01_01,6,1,ranking_only,F0,ood,0.0,0,0.9387755102040817,False,0.09612888431590018,0.09612888431590018
2024-08-01_02,6,2,ranking_only,F0,ood,0.0,0,0.673469387755102,False,0.1288645666389129,0.1288645666389129
2024-08-01_03,6,3,ranking_only,F0,ood,0.0,0,0.673469387755102,False,0.5213797031050986,0.5213797031050986
2024-08-01_04,6,4,ranking_only,F0,ood,0.0,0,0.8163265306122449,False,0.37726854291939427,0.37726854291939427
2024-08-01_05,6,5,ranking_only,F0,ood,0.0,0,0.673469387755102,False,0.09527714642917845,0.09527714642917845
2024-08-01_06,6,6,ranking_only,F0,ood,0.0,0,0.7959183673469388,False,0.20205249767110164,0.20205249767110164
2024-08-01_07,6,7,ranking_only,F0,ood,0.0,0,0.8163265306122449,False,0.3754648935952584,0.3754648935952584
2024-08-01_08,6,8,ranking_only,F0,ood,0.0,0,0.5714285714285714,False,0.16320185526146486,0.16320185526146486
2024-08-01_09,6,9,ranking_only,F0,ood,0.0,0,0.32653061224489793,False,0.12146696624793486,0.12146696624793486
2024-08-01_10,6,10,ranking_only,F0,ood,0.0,0,0.673469387755102,False,0.07401669379152813,0.07401669379152813
2024-08-01_01,6,1,direct_substitution,F0,ood,0.0,0,0.9387755102040817,False,0.09612888431590018,0.09612888431590018
2024-08-01_02,6,2,direct_substitution,F0,ood,0.0,0,0.673469387755102,False,0.1288645666389129,0.1288645666389129
2024-08-01_03,6,3,direct_substitution,F0,ood,0.0,0,0.673469387755102,False,0.5213797031050986,0.5213797031050986
2024-08-01_04,6,4,direct_substitution,F0,ood,0.0,0,0.8163265306122449,False,0.37726854291939427,0.37726854291939427
2024-08-01_05,6,5,direct_substitution,F0,ood,0.0,0,0.673469387755102,False,0.09527714642917845,0.09527714642917845
2024-08-01_06,6,6,direct_substitution,F0,ood,0.0,0,0.7959183673469388,False,0.20205249767110164,0.20205249767110164
2024-08-01_07,6,7,direct_substitution,F0,ood,0.0,0,0.8163265306122449,False,0.3754648935952584,0.3754648935952584
2024-08-01_08,6,8,direct_substitution,F0,ood,0.0,0,0.5714285714285714,False,0.16320185526146486,0.16320185526146486
2024-08-01_09,6,9,direct_substitution,F0,ood,0.0,0,0.32653061224489793,False,0.12146696624793486,0.12146696624793486
2024-08-01_10,6,10,direct_substitution,F0,ood,0.0,0,0.673469387755102,False,0.07401669379152813,0.07401669379152813
2024-08-01_01,6,1,ranking_only,F0,disagreement,0.0,0,0.8775510204081632,False,0.09612888431590018,0.09612888431590018
2024-08-01_02,6,2,ranking_only,F0,disagreement,0.0,0,0.8979591836734694,False,0.1288645666389129,0.1288645666389129
2024-08-01_03,6,3,ranking_only,F0,disagreement,0.0,0,0.6122448979591837,False,0.5213797031050986,0.5213797031050986
2024-08-01_04,6,4,ranking_only,F0,disagreement,0.0,0,0.5918367346938775,False,0.37726854291939427,0.37726854291939427
2024-08-01_05,6,5,ranking_only,F0,disagreement,0.0,0,0.46938775510204084,False,0.09527714642917845,0.09527714642917845
2024-08-01_06,6,6,ranking_only,F0,disagreement,0.0,0,0.9795918367346939,False,0.20205249767110164,0.20205249767110164
2024-08-01_07,6,7,ranking_only,F0,disagreement,0.0,0,0.8571428571428571,False,0.3754648935952584,0.3754648935952584
2024-08-01_08,6,8,ranking_only,F0,disagreement,0.0,0,0.2857142857142857,False,0.16320185526146486,0.16320185526146486
2024-08-01_09,6,9,ranking_only,F0,disagreement,0.0,0,0.6326530612244898,False,0.12146696624793486,0.12146696624793486
2024-08-01_10,6,10,ranking_only,F0,disagreement,0.0,0,0.5714285714285714,False,0.07401669379152813,0.07401669379152813
2024-08-01_01,6,1,direct_substitution,F0,disagreement,0.0,0,0.8775510204081632,False,0.09612888431590018,0.09612888431590018
2024-08-01_02,6,2,direct_substitution,F0,disagreement,0.0,0,0.8979591836734694,False,0.1288645666389129,0.1288645666389129
2024-08-01_03,6,3,direct_substitution,F0,disagreement,0.0,0,0.6122448979591837,False,0.5213797031050986,0.5213797031050986
2024-08-01_04,6,4,direct_substitution,F0,disagreement,0.0,0,0.5918367346938775,False,0.37726854291939427,0.37726854291939427
2024-08-01_05,6,5,direct_substitution,F0,disagreement,0.0,0,0.46938775510204084,False,0.09527714642917845,0.09527714642917845
2024-08-01_06,6,6,direct_substitution,F0,disagreement,0.0,0,0.9795918367346939,False,0.20205249767110164,0.20205249767110164
2024-08-01_07,6,7,direct_substitution,F0,disagreement,0.0,0,0.8571428571428571,False,0.3754648935952584,0.3754648935952584
2024-08-01_08,6,8,direct_substitution,F0,disagreement,0.0,0,0.2857142857142857,False,0.16320185526146486,0.16320185526146486
2024-08-01_09,6,9,direct_substitution,F0,disagreement,0.0,0,0.6326530612244898,False,0.12146696624793486,0.12146696624793486
2024-08-01_10,6,10,direct_substitution,F0,disagreement,0.0,0,0.5714285714285714,False,0.07401669379152813,0.07401669379152813
2024-08-01_01,6,1,ranking_only,F0,combined,0.0,0,0.726530612244898,False,0.09612888431590018,0.09612888431590018
2024-08-01_02,6,2,ranking_only,F0,combined,0.0,0,0.6421150278293136,False,0.1288645666389129,0.1288645666389129
2024-08-01_03,6,3,ranking_only,F0,combined,0.0,0,0.4161410018552876,False,0.5213797031050986,0.5213797031050986
2024-08-01_04,6,4,ranking_only,F0,combined,0.0,0,0.48506493506493503,False,0.37726854291939427,0.37726854291939427
2024-08-01_05,6,5,ranking_only,F0,combined,0.0,0,0.2966604823747681,False,0.09527714642917845,0.09527714642917845
2024-08-01_06,6,6,ranking_only,F0,combined,0.0,0,0.5612244897959183,False,0.20205249767110164,0.20205249767110164
2024-08-01_07,6,7,ranking_only,F0,combined,0.0,0,0.5125231910946196,False,0.3754648935952584,0.3754648935952584
2024-08-01_08,6,8,ranking_only,F0,combined,0.0,0,0.3552875695732839,False,0.16320185526146486,0.16320185526146486
2024-08-01_09,6,9,ranking_only,F0,combined,0.0,0,0.3075139146567718,False,0.12146696624793486,0.12146696624793486
2024-08-01_10,6,10,ranking_only,F0,combined,0.0,0,0.5404452690166975,False,0.07401669379152813,0.07401669379152813
2024-08-01_01,6,1,direct_substitution,F0,combined,0.0,0,0.726530612244898,False,0.09612888431590018,0.09612888431590018
2024-08-01_02,6,2,direct_substitution,F0,combined,0.0,0,0.6421150278293136,False,0.1288645666389129,0.1288645666389129
2024-08-01_03,6,3,direct_substitution,F0,combined,0.0,0,0.4161410018552876,False,0.5213797031050986,0.5213797031050986
2024-08-01_04,6,4,direct_substitution,F0,combined,0.0,0,0.48506493506493503,False,0.37726854291939427,0.37726854291939427
2024-08-01_05,6,5,direct_substitution,F0,combined,0.0,0,0.2966604823747681,False,0.09527714642917845,0.09527714642917845
2024-08-01_06,6,6,direct_substitution,F0,combined,0.0,0,0.5612244897959183,False,0.20205249767110164,0.20205249767110164
2024-08-01_07,6,7,direct_substitution,F0,combined,0.0,0,0.5125231910946196,False,0.3754648935952584,0.3754648935952584
2024-08-01_08,6,8,direct_substitution,F0,combined,0.0,0,0.3552875695732839,False,0.16320185526146486,0.16320185526146486
2024-08-01_09,6,9,direct_substitution,F0,combined,0.0,0,0.3075139146567718,False,0.12146696624793486,0.12146696624793486
2024-08-01_10,6,10,direct_substitution,F0,combined,0.0,0,0.5404452690166975,False,0.07401669379152813,0.07401669379152813
2024-08-01_01,6,1,ranking_only,F0,validated_combined,0.0,0,0.726530612244898,False,0.09612888431590018,0.09612888431590018
2024-08-01_02,6,2,ranking_only,F0,validated_combined,0.0,0,0.6421150278293136,False,0.1288645666389129,0.1288645666389129
2024-08-01_03,6,3,ranking_only,F0,validated_combined,0.0,0,0.4161410018552876,False,0.5213797031050986,0.5213797031050986
2024-08-01_04,6,4,ranking_only,F0,validated_combined,0.0,0,0.48506493506493503,False,0.37726854291939427,0.37726854291939427
2024-08-01_05,6,5,ranking_only,F0,validated_combined,0.0,0,0.2966604823747681,False,0.09527714642917845,0.09527714642917845
2024-08-01_06,6,6,ranking_only,F0,validated_combined,0.0,0,0.5612244897959183,False,0.20205249767110164,0.20205249767110164
2024-08-01_07,6,7,ranking_only,F0,validated_combined,0.0,0,0.5125231910946196,False,0.3754648935952584,0.3754648935952584
2024-08-01_08,6,8,ranking_only,F0,validated_combined,0.0,0,0.3552875695732839,False,0.16320185526146486,0.16320185526146486
2024-08-01_09,6,9,ranking_only,F0,validated_combined,0.0,0,0.3075139146567718,False,0.12146696624793486,0.12146696624793486
2024-08-01_10,6,10,ranking_only,F0,validated_combined,0.0,0,0.5404452690166975,False,0.07401669379152813,0.07401669379152813
2024-08-01_01,6,1,direct_substitution,F0,validated_combined,0.0,0,0.726530612244898,False,0.09612888431590018,0.09612888431590018
2024-08-01_02,6,2,direct_substitution,F0,validated_combined,0.0,0,0.6421150278293136,False,0.1288645666389129,0.1288645666389129
2024-08-01_03,6,3,direct_substitution,F0,validated_combined,0.0,0,0.4161410018552876,False,0.5213797031050986,0.5213797031050986
2024-08-01_04,6,4,direct_substitution,F0,validated_combined,0.0,0,0.48506493506493503,False,0.37726854291939427,0.37726854291939427
2024-08-01_05,6,5,direct_substitution,F0,validated_combined,0.0,0,0.2966604823747681,False,0.09527714642917845,0.09527714642917845
2024-08-01_06,6,6,direct_substitution,F0,validated_combined,0.0,0,0.5612244897959183,False,0.20205249767110164,0.20205249767110164
2024-08-01_07,6,7,direct_substitution,F0,validated_combined,0.0,0,0.5125231910946196,False,0.3754648935952584,0.3754648935952584
2024-08-01_08,6,8,direct_substitution,F0,validated_combined,0.0,0,0.3552875695732839,False,0.16320185526146486,0.16320185526146486
2024-08-01_09,6,9,direct_substitution,F0,validated_combined,0.0,0,0.3075139146567718,False,0.12146696624793486,0.12146696624793486
2024-08-01_10,6,10,direct_substitution,F0,validated_combined,0.0,0,0.5404452690166975,False,0.07401669379152813,0.07401669379152813
2024-08-01_01,6,1,ranking_only,F0,oracle,0.0,0,0.3,False,0.09612888431590018,0.09612888431590018
2024-08-01_02,6,2,ranking_only,F0,oracle,0.0,0,0.5,False,0.1288645666389129,0.1288645666389129
2024-08-01_03,6,3,ranking_only,F0,oracle,0.0,0,1.0,False,0.5213797031050986,0.5213797031050986
2024-08-01_04,6,4,ranking_only,F0,oracle,0.0,0,0.9,False,0.37726854291939427,0.37726854291939427
2024-08-01_05,6,5,ranking_only,F0,oracle,0.0,0,0.2,False,0.09527714642917845,0.09527714642917845
2024-08-01_06,6,6,ranking_only,F0,oracle,0.0,0,0.7,False,0.20205249767110164,0.20205249767110164
2024-08-01_07,6,7,ranking_only,F0,oracle,0.0,0,0.8,False,0.3754648935952584,0.3754648935952584
2024-08-01_08,6,8,ranking_only,F0,oracle,0.0,0,0.6,False,0.16320185526146486,0.16320185526146486
2024-08-01_09,6,9,ranking_only,F0,oracle,0.0,0,0.4,False,0.12146696624793486,0.12146696624793486
2024-08-01_10,6,10,ranking_only,F0,oracle,0.0,0,0.1,False,0.07401669379152813,0.07401669379152813
2024-08-01_01,6,1,direct_substitution,F0,oracle,0.0,0,0.3,False,0.09612888431590018,0.09612888431590018
2024-08-01_02,6,2,direct_substitution,F0,oracle,0.0,0,0.5,False,0.1288645666389129,0.1288645666389129
2024-08-01_03,6,3,direct_substitution,F0,oracle,0.0,0,1.0,False,0.5213797031050986,0.5213797031050986
2024-08-01_04,6,4,direct_substitution,F0,oracle,0.0,0,0.9,False,0.37726854291939427,0.37726854291939427
2024-08-01_05,6,5,direct_substitution,F0,oracle,0.0,0,0.2,False,0.09527714642917845,0.09527714642917845
2024-08-01_06,6,6,direct_substitution,F0,oracle,0.0,0,0.7,False,0.20205249767110164,0.20205249767110164
2024-08-01_07,6,7,direct_substitution,F0,oracle,0.0,0,0.8,False,0.3754648935952584,0.3754648935952584
2024-08-01_08,6,8,direct_substitution,F0,oracle,0.0,0,0.6,False,0.16320185526146486,0.16320185526146486
2024-08-01_09,6,9,direct_substitution,F0,oracle,0.0,0,0.4,False,0.12146696624793486,0.12146696624793486
2024-08-01_10,6,10,direct_substitution,F0,oracle,0.0,0,0.1,False,0.07401669379152813,0.07401669379152813
2024-08-01_01,6,1,causal_feedback,F0,combined,0.0,0,0.726530612244898,False,0.09612888431589603,0.09612888431589603
2024-08-01_02,6,2,causal_feedback,F0,combined,0.0,0,0.6421150278293136,False,0.1288645666389129,0.1288645666389129
2024-08-01_03,6,3,causal_feedback,F0,combined,0.0,0,0.4161410018552876,False,0.5213797031050986,0.5213797031050986
2024-08-01_04,6,4,causal_feedback,F0,combined,0.0,0,0.48506493506493503,False,0.37726854291939427,0.37726854291939427
2024-08-01_05,6,5,causal_feedback,F0,combined,0.0,0,0.2966604823747681,False,0.09527714642917845,0.09527714642917845
2024-08-01_06,6,6,causal_feedback,F0,combined,0.0,0,0.5612244897959183,False,0.20205249767110164,0.20205249767110164
2024-08-01_07,6,7,causal_feedback,F0,combined,0.0,0,0.5125231910946196,False,0.3754648935952584,0.3754648935952584
2024-08-01_08,6,8,causal_feedback,F0,combined,0.0,0,0.3552875695732839,False,0.16320185526146486,0.16320185526146486
2024-08-01_09,6,9,causal_feedback,F0,combined,0.0,0,0.3075139146567718,False,0.12146696624793486,0.12146696624793486
2024-08-01_10,6,10,causal_feedback,F0,combined,0.0,0,0.5404452690166975,False,0.07401669379152813,0.07401669379152813
2024-08-01_01,6,1,causal_feedback,F1,combined,0.0,0,0.726530612244898,False,0.09612888431589603,0.09612888431589603
2024-08-01_02,6,2,causal_feedback,F1,combined,0.0,0,0.6421150278293136,False,0.1288645666389129,0.1288645666389129
2024-08-01_03,6,3,causal_feedback,F1,combined,0.0,0,0.4161410018552876,False,0.5213797031050986,0.5213797031050986
2024-08-01_04,6,4,causal_feedback,F1,combined,0.0,0,0.48506493506493503,False,0.37726854291939427,0.37726854291939427
2024-08-01_05,6,5,causal_feedback,F1,combined,0.0,0,0.2966604823747681,False,0.09527714642917845,0.09527714642917845
2024-08-01_06,6,6,causal_feedback,F1,combined,0.0,0,0.5612244897959183,False,0.20205249767110164,0.20205249767110164
2024-08-01_07,6,7,causal_feedback,F1,combined,0.0,0,0.5125231910946196,False,0.3754648935952584,0.3754648935952584
2024-08-01_08,6,8,causal_feedback,F1,combined,0.0,0,0.3552875695732839,False,0.16320185526146486,0.16320185526146486
2024-08-01_09,6,9,causal_feedback,F1,combined,0.0,0,0.3075139146567718,False,0.12146696624793486,0.12146696624793486
2024-08-01_10,6,10,causal_feedback,F1,combined,0.0,0,0.5404452690166975,False,0.07401669379152813,0.07401669379152813
2024-08-01_01,6,1,causal_feedback,F2,combined,0.0,0,0.726530612244898,False,0.09612888431589603,0.09612888431589603
2024-08-01_02,6,2,causal_feedback,F2,combined,0.0,0,0.6421150278293136,False,0.1288645666389129,0.1288645666389129
2024-08-01_03,6,3,causal_feedback,F2,combined,0.0,0,0.4161410018552876,False,0.5213797031050986,0.5213797031050986
2024-08-01_04,6,4,causal_feedback,F2,combined,0.0,0,0.48506493506493503,False,0.37726854291939427,0.37726854291939427
2024-08-01_05,6,5,causal_feedback,F2,combined,0.0,0,0.2966604823747681,False,0.09527714642917845,0.09527714642917845
2024-08-01_06,6,6,causal_feedback,F2,combined,0.0,0,0.5612244897959183,False,0.20205249767110164,0.20205249767110164
2024-08-01_07,6,7,causal_feedback,F2,combined,0.0,0,0.5125231910946196,False,0.3754648935952584,0.3754648935952584
2024-08-01_08,6,8,causal_feedback,F2,combined,0.0,0,0.3552875695732839,False,0.16320185526146486,0.16320185526146486
2024-08-01_09,6,9,causal_feedback,F2,combined,0.0,0,0.3075139146567718,False,0.12146696624793486,0.12146696624793486
2024-08-01_10,6,10,causal_feedback,F2,combined,0.0,0,0.5404452690166975,False,0.07401669379152813,0.07401669379152813
2024-08-01_01,6,1,causal_feedback,F3,combined,0.0,0,0.726530612244898,False,0.09612888431589603,0.09612888431589603
2024-08-01_02,6,2,causal_feedback,F3,combined,0.0,0,0.6421150278293136,False,0.1288645666389129,0.1288645666389129
2024-08-01_03,6,3,causal_feedback,F3,combined,0.0,0,0.4161410018552876,False,0.5213797031050986,0.5213797031050986
2024-08-01_04,6,4,causal_feedback,F3,combined,0.0,0,0.48506493506493503,False,0.37726854291939427,0.37726854291939427
2024-08-01_05,6,5,causal_feedback,F3,combined,0.0,0,0.2966604823747681,False,0.09527714642917845,0.09527714642917845
2024-08-01_06,6,6,causal_feedback,F3,combined,0.0,0,0.5612244897959183,False,0.20205249767110164,0.20205249767110164
2024-08-01_07,6,7,causal_feedback,F3,combined,0.0,0,0.5125231910946196,False,0.3754648935952584,0.3754648935952584
2024-08-01_08,6,8,causal_feedback,F3,combined,0.0,0,0.3552875695732839,False,0.16320185526146486,0.16320185526146486
2024-08-01_09,6,9,causal_feedback,F3,combined,0.0,0,0.3075139146567718,False,0.12146696624793486,0.12146696624793486
2024-08-01_10,6,10,causal_feedback,F3,combined,0.0,0,0.5404452690166975,False,0.07401669379152813,0.07401669379152813
2024-08-01_01,6,1,ranking_only,F0,no_metrology,0.1,0,,False,0.09612888431590018,0.09612888431590018
2024-08-01_02,6,2,ranking_only,F0,no_metrology,0.1,0,,False,0.1288645666389129,0.1288645666389129
2024-08-01_03,6,3,ranking_only,F0,no_metrology,0.1,0,,False,0.5213797031050986,0.5213797031050986
2024-08-01_04,6,4,ranking_only,F0,no_metrology,0.1,0,,False,0.37726854291939427,0.37726854291939427
2024-08-01_05,6,5,ranking_only,F0,no_metrology,0.1,0,,False,0.09527714642917845,0.09527714642917845
2024-08-01_06,6,6,ranking_only,F0,no_metrology,0.1,0,,False,0.20205249767110164,0.20205249767110164
2024-08-01_07,6,7,ranking_only,F0,no_metrology,0.1,0,,False,0.3754648935952584,0.3754648935952584
2024-08-01_08,6,8,ranking_only,F0,no_metrology,0.1,0,,False,0.16320185526146486,0.16320185526146486
2024-08-01_09,6,9,ranking_only,F0,no_metrology,0.1,0,,False,0.12146696624793486,0.12146696624793486
2024-08-01_10,6,10,ranking_only,F0,no_metrology,0.1,0,,False,0.07401669379152813,0.07401669379152813
2024-08-01_01,6,1,direct_substitution,F0,no_metrology,0.1,0,,False,0.09612888431590018,0.09612888431590018
2024-08-01_02,6,2,direct_substitution,F0,no_metrology,0.1,0,,False,0.1288645666389129,0.1288645666389129
2024-08-01_03,6,3,direct_substitution,F0,no_metrology,0.1,0,,False,0.5213797031050986,0.5213797031050986
2024-08-01_04,6,4,direct_substitution,F0,no_metrology,0.1,0,,False,0.37726854291939427,0.37726854291939427
2024-08-01_05,6,5,direct_substitution,F0,no_metrology,0.1,0,,False,0.09527714642917845,0.09527714642917845
2024-08-01_06,6,6,direct_substitution,F0,no_metrology,0.1,0,,False,0.20205249767110164,0.20205249767110164
2024-08-01_07,6,7,direct_substitution,F0,no_metrology,0.1,0,,False,0.3754648935952584,0.3754648935952584
2024-08-01_08,6,8,direct_substitution,F0,no_metrology,0.1,0,,False,0.16320185526146486,0.16320185526146486
2024-08-01_09,6,9,direct_substitution,F0,no_metrology,0.1,0,,False,0.12146696624793486,0.12146696624793486
2024-08-01_10,6,10,direct_substitution,F0,no_metrology,0.1,0,,False,0.07401669379152813,0.07401669379152813
2024-08-01_01,6,1,ranking_only,F0,periodic,0.1,0,,True,0.09612888431590018,0.0
2024-08-01_02,6,2,ranking_only,F0,periodic,0.1,0,,False,0.1288645666389129,0.1288645666389129
2024-08-01_03,6,3,ranking_only,F0,periodic,0.1,0,,False,0.5213797031050986,0.5213797031050986
2024-08-01_04,6,4,ranking_only,F0,periodic,0.1,0,,False,0.37726854291939427,0.37726854291939427
2024-08-01_05,6,5,ranking_only,F0,periodic,0.1,0,,False,0.09527714642917845,0.09527714642917845
2024-08-01_06,6,6,ranking_only,F0,periodic,0.1,0,,False,0.20205249767110164,0.20205249767110164
2024-08-01_07,6,7,ranking_only,F0,periodic,0.1,0,,False,0.3754648935952584,0.3754648935952584
2024-08-01_08,6,8,ranking_only,F0,periodic,0.1,0,,False,0.16320185526146486,0.16320185526146486
2024-08-01_09,6,9,ranking_only,F0,periodic,0.1,0,,False,0.12146696624793486,0.12146696624793486
2024-08-01_10,6,10,ranking_only,F0,periodic,0.1,0,,False,0.07401669379152813,0.07401669379152813
2024-08-01_01,6,1,direct_substitution,F0,periodic,0.1,0,,True,0.09612888431590018,0.0
2024-08-01_02,6,2,direct_substitution,F0,periodic,0.1,0,,False,0.1288645666389129,0.1288645666389129
2024-08-01_03,6,3,direct_substitution,F0,periodic,0.1,0,,False,0.5213797031050986,0.5213797031050986
2024-08-01_04,6,4,direct_substitution,F0,periodic,0.1,0,,False,0.37726854291939427,0.37726854291939427
2024-08-01_05,6,5,direct_substitution,F0,periodic,0.1,0,,False,0.09527714642917845,0.09527714642917845
2024-08-01_06,6,6,direct_substitution,F0,periodic,0.1,0,,False,0.20205249767110164,0.20205249767110164
2024-08-01_07,6,7,direct_substitution,F0,periodic,0.1,0,,False,0.3754648935952584,0.3754648935952584
2024-08-01_08,6,8,direct_substitution,F0,periodic,0.1,0,,False,0.16320185526146486,0.16320185526146486
2024-08-01_09,6,9,direct_substitution,F0,periodic,0.1,0,,False,0.12146696624793486,0.12146696624793486
2024-08-01_10,6,10,direct_substitution,F0,periodic,0.1,0,,False,0.07401669379152813,0.07401669379152813
2024-08-01_01,6,1,ranking_only,F0,ood,0.1,0,0.9387755102040817,True,0.09612888431590018,0.0
2024-08-01_02,6,2,ranking_only,F0,ood,0.1,0,0.673469387755102,False,0.1288645666389129,0.1288645666389129
2024-08-01_03,6,3,ranking_only,F0,ood,0.1,0,0.673469387755102,False,0.5213797031050986,0.5213797031050986
2024-08-01_04,6,4,ranking_only,F0,ood,0.1,0,0.8163265306122449,False,0.37726854291939427,0.37726854291939427
2024-08-01_05,6,5,ranking_only,F0,ood,0.1,0,0.673469387755102,False,0.09527714642917845,0.09527714642917845
2024-08-01_06,6,6,ranking_only,F0,ood,0.1,0,0.7959183673469388,False,0.20205249767110164,0.20205249767110164
2024-08-01_07,6,7,ranking_only,F0,ood,0.1,0,0.8163265306122449,False,0.3754648935952584,0.3754648935952584
2024-08-01_08,6,8,ranking_only,F0,ood,0.1,0,0.5714285714285714,False,0.16320185526146486,0.16320185526146486
2024-08-01_09,6,9,ranking_only,F0,ood,0.1,0,0.32653061224489793,False,0.12146696624793486,0.12146696624793486
2024-08-01_10,6,10,ranking_only,F0,ood,0.1,0,0.673469387755102,False,0.07401669379152813,0.07401669379152813
2024-08-01_01,6,1,direct_substitution,F0,ood,0.1,0,0.9387755102040817,True,0.09612888431590018,0.0
2024-08-01_02,6,2,direct_substitution,F0,ood,0.1,0,0.673469387755102,False,0.1288645666389129,0.1288645666389129
2024-08-01_03,6,3,direct_substitution,F0,ood,0.1,0,0.673469387755102,False,0.5213797031050986,0.5213797031050986
2024-08-01_04,6,4,direct_substitution,F0,ood,0.1,0,0.8163265306122449,False,0.37726854291939427,0.37726854291939427
2024-08-01_05,6,5,direct_substitution,F0,ood,0.1,0,0.673469387755102,False,0.09527714642917845,0.09527714642917845
2024-08-01_06,6,6,direct_substitution,F0,ood,0.1,0,0.7959183673469388,False,0.20205249767110164,0.20205249767110164
2024-08-01_07,6,7,direct_substitution,F0,ood,0.1,0,0.8163265306122449,False,0.3754648935952584,0.3754648935952584
2024-08-01_08,6,8,direct_substitution,F0,ood,0.1,0,0.5714285714285714,False,0.16320185526146486,0.16320185526146486
2024-08-01_09,6,9,direct_substitution,F0,ood,0.1,0,0.32653061224489793,False,0.12146696624793486,0.12146696624793486
2024-08-01_10,6,10,direct_substitution,F0,ood,0.1,0,0.673469387755102,False,0.07401669379152813,0.07401669379152813
2024-08-01_01,6,1,ranking_only,F0,disagreement,0.1,0,0.8775510204081632,False,0.09612888431590018,0.09612888431590018
2024-08-01_02,6,2,ranking_only,F0,disagreement,0.1,0,0.8979591836734694,False,0.1288645666389129,0.1288645666389129
2024-08-01_03,6,3,ranking_only,F0,disagreement,0.1,0,0.6122448979591837,False,0.5213797031050986,0.5213797031050986
2024-08-01_04,6,4,ranking_only,F0,disagreement,0.1,0,0.5918367346938775,False,0.37726854291939427,0.37726854291939427
2024-08-01_05,6,5,ranking_only,F0,disagreement,0.1,0,0.46938775510204084,False,0.09527714642917845,0.09527714642917845
2024-08-01_06,6,6,ranking_only,F0,disagreement,0.1,0,0.9795918367346939,True,0.20205249767110164,0.0
2024-08-01_07,6,7,ranking_only,F0,disagreement,0.1,0,0.8571428571428571,False,0.3754648935952584,0.3754648935952584
2024-08-01_08,6,8,ranking_only,F0,disagreement,0.1,0,0.2857142857142857,False,0.16320185526146486,0.16320185526146486
2024-08-01_09,6,9,ranking_only,F0,disagreement,0.1,0,0.6326530612244898,False,0.12146696624793486,0.12146696624793486
2024-08-01_10,6,10,ranking_only,F0,disagreement,0.1,0,0.5714285714285714,False,0.07401669379152813,0.07401669379152813
2024-08-01_01,6,1,direct_substitution,F0,disagreement,0.1,0,0.8775510204081632,False,0.09612888431590018,0.09612888431590018
2024-08-01_02,6,2,direct_substitution,F0,disagreement,0.1,0,0.8979591836734694,False,0.1288645666389129,0.1288645666389129
2024-08-01_03,6,3,direct_substitution,F0,disagreement,0.1,0,0.6122448979591837,False,0.5213797031050986,0.5213797031050986
2024-08-01_04,6,4,direct_substitution,F0,disagreement,0.1,0,0.5918367346938775,False,0.37726854291939427,0.37726854291939427
2024-08-01_05,6,5,direct_substitution,F0,disagreement,0.1,0,0.46938775510204084,False,0.09527714642917845,0.09527714642917845
2024-08-01_06,6,6,direct_substitution,F0,disagreement,0.1,0,0.9795918367346939,True,0.20205249767110164,0.0
2024-08-01_07,6,7,direct_substitution,F0,disagreement,0.1,0,0.8571428571428571,False,0.3754648935952584,0.3754648935952584
2024-08-01_08,6,8,direct_substitution,F0,disagreement,0.1,0,0.2857142857142857,False,0.16320185526146486,0.16320185526146486
2024-08-01_09,6,9,direct_substitution,F0,disagreement,0.1,0,0.6326530612244898,False,0.12146696624793486,0.12146696624793486
2024-08-01_10,6,10,direct_substitution,F0,disagreement,0.1,0,0.5714285714285714,False,0.07401669379152813,0.07401669379152813
2024-08-01_01,6,1,ranking_only,F0,combined,0.1,0,0.726530612244898,True,0.09612888431590018,0.0
2024-08-01_02,6,2,ranking_only,F0,combined,0.1,0,0.6421150278293136,False,0.1288645666389129,0.1288645666389129
2024-08-01_03,6,3,ranking_only,F0,combined,0.1,0,0.4161410018552876,False,0.5213797031050986,0.5213797031050986
2024-08-01_04,6,4,ranking_only,F0,combined,0.1,0,0.48506493506493503,False,0.37726854291939427,0.37726854291939427
2024-08-01_05,6,5,ranking_only,F0,combined,0.1,0,0.2966604823747681,False,0.09527714642917845,0.09527714642917845
2024-08-01_06,6,6,ranking_only,F0,combined,0.1,0,0.5612244897959183,False,0.20205249767110164,0.20205249767110164
2024-08-01_07,6,7,ranking_only,F0,combined,0.1,0,0.5125231910946196,False,0.3754648935952584,0.3754648935952584
2024-08-01_08,6,8,ranking_only,F0,combined,0.1,0,0.3552875695732839,False,0.16320185526146486,0.16320185526146486
2024-08-01_09,6,9,ranking_only,F0,combined,0.1,0,0.3075139146567718,False,0.12146696624793486,0.12146696624793486
2024-08-01_10,6,10,ranking_only,F0,combined,0.1,0,0.5404452690166975,False,0.07401669379152813,0.07401669379152813
2024-08-01_01,6,1,direct_substitution,F0,combined,0.1,0,0.726530612244898,False,0.09612888431590018,0.09612888431590018
2024-08-01_02,6,2,direct_substitution,F0,combined,0.1,0,0.6421150278293136,False,0.1288645666389129,0.1288645666389129
2024-08-01_03,6,3,direct_substitution,F0,combined,0.1,0,0.4161410018552876,False,0.5213797031050986,0.5213797031050986
2024-08-01_04,6,4,direct_substitution,F0,combined,0.1,0,0.48506493506493503,False,0.37726854291939427,0.37726854291939427
2024-08-01_05,6,5,direct_substitution,F0,combined,0.1,0,0.2966604823747681,False,0.09527714642917845,0.09527714642917845
2024-08-01_06,6,6,direct_substitution,F0,combined,0.1,0,0.5612244897959183,False,0.20205249767110164,0.20205249767110164
2024-08-01_07,6,7,direct_substitution,F0,combined,0.1,0,0.5125231910946196,False,0.3754648935952584,0.3754648935952584
2024-08-01_08,6,8,direct_substitution,F0,combined,0.1,0,0.3552875695732839,False,0.16320185526146486,0.16320185526146486
2024-08-01_09,6,9,direct_substitution,F0,combined,0.1,0,0.3075139146567718,False,0.12146696624793486,0.12146696624793486
2024-08-01_10,6,10,direct_substitution,F0,combined,0.1,0,0.5404452690166975,True,0.07401669379152813,0.0
2024-08-01_01,6,1,ranking_only,F0,validated_combined,0.1,0,0.726530612244898,True,0.09612888431590018,0.0
2024-08-01_02,6,2,ranking_only,F0,validated_combined,0.1,0,0.6421150278293136,False,0.1288645666389129,0.1288645666389129
2024-08-01_03,6,3,ranking_only,F0,validated_combined,0.1,0,0.4161410018552876,False,0.5213797031050986,0.5213797031050986
2024-08-01_04,6,4,ranking_only,F0,validated_combined,0.1,0,0.48506493506493503,False,0.37726854291939427,0.37726854291939427
2024-08-01_05,6,5,ranking_only,F0,validated_combined,0.1,0,0.2966604823747681,False,0.09527714642917845,0.09527714642917845
2024-08-01_06,6,6,ranking_only,F0,validated_combined,0.1,0,0.5612244897959183,False,0.20205249767110164,0.20205249767110164
2024-08-01_07,6,7,ranking_only,F0,validated_combined,0.1,0,0.5125231910946196,False,0.3754648935952584,0.3754648935952584
2024-08-01_08,6,8,ranking_only,F0,validated_combined,0.1,0,0.3552875695732839,False,0.16320185526146486,0.16320185526146486
2024-08-01_09,6,9,ranking_only,F0,validated_combined,0.1,0,0.3075139146567718,False,0.12146696624793486,0.12146696624793486
2024-08-01_10,6,10,ranking_only,F0,validated_combined,0.1,0,0.5404452690166975,False,0.07401669379152813,0.07401669379152813
2024-08-01_01,6,1,direct_substitution,F0,validated_combined,0.1,0,0.726530612244898,False,0.09612888431590018,0.09612888431590018
2024-08-01_02,6,2,direct_substitution,F0,validated_combined,0.1,0,0.6421150278293136,False,0.1288645666389129,0.1288645666389129
2024-08-01_03,6,3,direct_substitution,F0,validated_combined,0.1,0,0.4161410018552876,False,0.5213797031050986,0.5213797031050986
2024-08-01_04,6,4,direct_substitution,F0,validated_combined,0.1,0,0.48506493506493503,False,0.37726854291939427,0.37726854291939427
2024-08-01_05,6,5,direct_substitution,F0,validated_combined,0.1,0,0.2966604823747681,False,0.09527714642917845,0.09527714642917845
2024-08-01_06,6,6,direct_substitution,F0,validated_combined,0.1,0,0.5612244897959183,False,0.20205249767110164,0.20205249767110164
2024-08-01_07,6,7,direct_substitution,F0,validated_combined,0.1,0,0.5125231910946196,False,0.3754648935952584,0.3754648935952584
2024-08-01_08,6,8,direct_substitution,F0,validated_combined,0.1,0,0.3552875695732839,False,0.16320185526146486,0.16320185526146486
2024-08-01_09,6,9,direct_substitution,F0,validated_combined,0.1,0,0.3075139146567718,False,0.12146696624793486,0.12146696624793486
2024-08-01_10,6,10,direct_substitution,F0,validated_combined,0.1,0,0.5404452690166975,True,0.07401669379152813,0.0
2024-08-01_01,6,1,ranking_only,F0,oracle,0.1,0,0.3,False,0.09612888431590018,0.09612888431590018
2024-08-01_02,6,2,ranking_only,F0,oracle,0.1,0,0.5,False,0.1288645666389129,0.1288645666389129
2024-08-01_03,6,3,ranking_only,F0,oracle,0.1,0,1.0,True,0.5213797031050986,0.0
2024-08-01_04,6,4,ranking_only,F0,oracle,0.1,0,0.9,False,0.37726854291939427,0.37726854291939427
2024-08-01_05,6,5,ranking_only,F0,oracle,0.1,0,0.2,False,0.09527714642917845,0.09527714642917845
2024-08-01_06,6,6,ranking_only,F0,oracle,0.1,0,0.7,False,0.20205249767110164,0.20205249767110164
2024-08-01_07,6,7,ranking_only,F0,oracle,0.1,0,0.8,False,0.3754648935952584,0.3754648935952584
2024-08-01_08,6,8,ranking_only,F0,oracle,0.1,0,0.6,False,0.16320185526146486,0.16320185526146486
2024-08-01_09,6,9,ranking_only,F0,oracle,0.1,0,0.4,False,0.12146696624793486,0.12146696624793486
2024-08-01_10,6,10,ranking_only,F0,oracle,0.1,0,0.1,False,0.07401669379152813,0.07401669379152813
2024-08-01_01,6,1,direct_substitution,F0,oracle,0.1,0,0.3,False,0.09612888431590018,0.09612888431590018
2024-08-01_02,6,2,direct_substitution,F0,oracle,0.1,0,0.5,False,0.1288645666389129,0.1288645666389129
2024-08-01_03,6,3,direct_substitution,F0,oracle,0.1,0,1.0,True,0.5213797031050986,0.0
2024-08-01_04,6,4,direct_substitution,F0,oracle,0.1,0,0.9,False,0.37726854291939427,0.37726854291939427
2024-08-01_05,6,5,direct_substitution,F0,oracle,0.1,0,0.2,False,0.09527714642917845,0.09527714642917845
2024-08-01_06,6,6,direct_substitution,F0,oracle,0.1,0,0.7,False,0.20205249767110164,0.20205249767110164
2024-08-01_07,6,7,direct_substitution,F0,oracle,0.1,0,0.8,False,0.3754648935952584,0.3754648935952584
2024-08-01_08,6,8,direct_substitution,F0,oracle,0.1,0,0.6,False,0.16320185526146486,0.16320185526146486
2024-08-01_09,6,9,direct_substitution,F0,oracle,0.1,0,0.4,False,0.12146696624793486,0.12146696624793486
2024-08-01_10,6,10,direct_substitution,F0,oracle,0.1,0,0.1,False,0.07401669379152813,0.07401669379152813
2024-08-01_01,6,1,causal_feedback,F0,combined,0.1,0,0.726530612244898,False,0.09612888431589603,0.09612888431589603
2024-08-01_02,6,2,causal_feedback,F0,combined,0.1,0,0.6421150278293136,False,0.1288645666389129,0.1288645666389129
2024-08-01_03,6,3,causal_feedback,F0,combined,0.1,0,0.4161410018552876,False,0.5213797031050986,0.5213797031050986
2024-08-01_04,6,4,causal_feedback,F0,combined,0.1,0,0.48506493506493503,False,0.37726854291939427,0.37726854291939427
2024-08-01_05,6,5,causal_feedback,F0,combined,0.1,0,0.2966604823747681,False,0.09527714642917845,0.09527714642917845
2024-08-01_06,6,6,causal_feedback,F0,combined,0.1,0,0.5612244897959183,False,0.20205249767110164,0.20205249767110164
2024-08-01_07,6,7,causal_feedback,F0,combined,0.1,0,0.5125231910946196,False,0.3754648935952584,0.3754648935952584
2024-08-01_08,6,8,causal_feedback,F0,combined,0.1,0,0.3552875695732839,False,0.16320185526146486,0.16320185526146486
2024-08-01_09,6,9,causal_feedback,F0,combined,0.1,0,0.3075139146567718,False,0.12146696624793486,0.12146696624793486
2024-08-01_10,6,10,causal_feedback,F0,combined,0.1,0,0.5404452690166975,True,0.07401669379152813,0.0
2024-08-01_01,6,1,causal_feedback,F1,combined,0.1,0,0.726530612244898,False,0.09612888431589603,0.09612888431589603
2024-08-01_02,6,2,causal_feedback,F1,combined,0.1,0,0.6421150278293136,False,0.1288645666389129,0.1288645666389129
2024-08-01_03,6,3,causal_feedback,F1,combined,0.1,0,0.4161410018552876,False,0.5213797031050986,0.5213797031050986
2024-08-01_04,6,4,causal_feedback,F1,combined,0.1,0,0.48506493506493503,False,0.37726854291939427,0.37726854291939427
2024-08-01_05,6,5,causal_feedback,F1,combined,0.1,0,0.2966604823747681,False,0.09527714642917845,0.09527714642917845
2024-08-01_06,6,6,causal_feedback,F1,combined,0.1,0,0.5612244897959183,False,0.20205249767110164,0.20205249767110164
2024-08-01_07,6,7,causal_feedback,F1,combined,0.1,0,0.5125231910946196,False,0.3754648935952584,0.3754648935952584
2024-08-01_08,6,8,causal_feedback,F1,combined,0.1,0,0.3552875695732839,False,0.16320185526146486,0.16320185526146486
2024-08-01_09,6,9,causal_feedback,F1,combined,0.1,0,0.3075139146567718,False,0.12146696624793486,0.12146696624793486
2024-08-01_10,6,10,causal_feedback,F1,combined,0.1,0,0.5404452690166975,True,0.07401669379152813,0.0
2024-08-01_01,6,1,causal_feedback,F2,combined,0.1,0,0.726530612244898,False,0.09612888431589603,0.09612888431589603
2024-08-01_02,6,2,causal_feedback,F2,combined,0.1,0,0.6421150278293136,False,0.1288645666389129,0.1288645666389129
2024-08-01_03,6,3,causal_feedback,F2,combined,0.1,0,0.4161410018552876,False,0.5213797031050986,0.5213797031050986
2024-08-01_04,6,4,causal_feedback,F2,combined,0.1,0,0.48506493506493503,False,0.37726854291939427,0.37726854291939427
2024-08-01_05,6,5,causal_feedback,F2,combined,0.1,0,0.2966604823747681,False,0.09527714642917845,0.09527714642917845
2024-08-01_06,6,6,causal_feedback,F2,combined,0.1,0,0.5612244897959183,False,0.20205249767110164,0.20205249767110164
2024-08-01_07,6,7,causal_feedback,F2,combined,0.1,0,0.5125231910946196,False,0.3754648935952584,0.3754648935952584
2024-08-01_08,6,8,causal_feedback,F2,combined,0.1,0,0.3552875695732839,False,0.16320185526146486,0.16320185526146486
2024-08-01_09,6,9,causal_feedback,F2,combined,0.1,0,0.3075139146567718,False,0.12146696624793486,0.12146696624793486
2024-08-01_10,6,10,causal_feedback,F2,combined,0.1,0,0.5404452690166975,True,0.07401669379152813,0.0
2024-08-01_01,6,1,causal_feedback,F3,combined,0.1,0,0.726530612244898,False,0.09612888431589603,0.09612888431589603
2024-08-01_02,6,2,causal_feedback,F3,combined,0.1,0,0.6421150278293136,False,0.1288645666389129,0.1288645666389129
2024-08-01_03,6,3,causal_feedback,F3,combined,0.1,0,0.4161410018552876,False,0.5213797031050986,0.5213797031050986
2024-08-01_04,6,4,causal_feedback,F3,combined,0.1,0,0.48506493506493503,False,0.37726854291939427,0.37726854291939427
2024-08-01_05,6,5,causal_feedback,F3,combined,0.1,0,0.2966604823747681,False,0.09527714642917845,0.09527714642917845
2024-08-01_06,6,6,causal_feedback,F3,combined,0.1,0,0.5612244897959183,False,0.20205249767110164,0.20205249767110164
2024-08-01_07,6,7,causal_feedback,F3,combined,0.1,0,0.5125231910946196,False,0.3754648935952584,0.3754648935952584
2024-08-01_08,6,8,causal_feedback,F3,combined,0.1,0,0.3552875695732839,False,0.16320185526146486,0.16320185526146486
2024-08-01_09,6,9,causal_feedback,F3,combined,0.1,0,0.3075139146567718,False,0.12146696624793486,0.12146696624793486
2024-08-01_10,6,10,causal_feedback,F3,combined,0.1,0,0.5404452690166975,True,0.07401669379152813,0.0
2024-08-01_01,6,1,ranking_only,F0,no_metrology,0.2,0,,False,0.09612888431590018,0.09612888431590018
2024-08-01_02,6,2,ranking_only,F0,no_metrology,0.2,0,,False,0.1288645666389129,0.1288645666389129
2024-08-01_03,6,3,ranking_only,F0,no_metrology,0.2,0,,False,0.5213797031050986,0.5213797031050986
2024-08-01_04,6,4,ranking_only,F0,no_metrology,0.2,0,,False,0.37726854291939427,0.37726854291939427
2024-08-01_05,6,5,ranking_only,F0,no_metrology,0.2,0,,False,0.09527714642917845,0.09527714642917845
2024-08-01_06,6,6,ranking_only,F0,no_metrology,0.2,0,,False,0.20205249767110164,0.20205249767110164
2024-08-01_07,6,7,ranking_only,F0,no_metrology,0.2,0,,False,0.3754648935952584,0.3754648935952584
2024-08-01_08,6,8,ranking_only,F0,no_metrology,0.2,0,,False,0.16320185526146486,0.16320185526146486
2024-08-01_09,6,9,ranking_only,F0,no_metrology,0.2,0,,False,0.12146696624793486,0.12146696624793486
2024-08-01_10,6,10,ranking_only,F0,no_metrology,0.2,0,,False,0.07401669379152813,0.07401669379152813
2024-08-01_01,6,1,direct_substitution,F0,no_metrology,0.2,0,,False,0.09612888431590018,0.09612888431590018
2024-08-01_02,6,2,direct_substitution,F0,no_metrology,0.2,0,,False,0.1288645666389129,0.1288645666389129
2024-08-01_03,6,3,direct_substitution,F0,no_metrology,0.2,0,,False,0.5213797031050986,0.5213797031050986
2024-08-01_04,6,4,direct_substitution,F0,no_metrology,0.2,0,,False,0.37726854291939427,0.37726854291939427
2024-08-01_05,6,5,direct_substitution,F0,no_metrology,0.2,0,,False,0.09527714642917845,0.09527714642917845
2024-08-01_06,6,6,direct_substitution,F0,no_metrology,0.2,0,,False,0.20205249767110164,0.20205249767110164
2024-08-01_07,6,7,direct_substitution,F0,no_metrology,0.2,0,,False,0.3754648935952584,0.3754648935952584
2024-08-01_08,6,8,direct_substitution,F0,no_metrology,0.2,0,,False,0.16320185526146486,0.16320185526146486
2024-08-01_09,6,9,direct_substitution,F0,no_metrology,0.2,0,,False,0.12146696624793486,0.12146696624793486
2024-08-01_10,6,10,direct_substitution,F0,no_metrology,0.2,0,,False,0.07401669379152813,0.07401669379152813
2024-08-01_01,6,1,ranking_only,F0,periodic,0.2,0,,True,0.09612888431590018,0.0
2024-08-01_02,6,2,ranking_only,F0,periodic,0.2,0,,False,0.1288645666389129,0.1288645666389129
2024-08-01_03,6,3,ranking_only,F0,periodic,0.2,0,,False,0.5213797031050986,0.5213797031050986
2024-08-01_04,6,4,ranking_only,F0,periodic,0.2,0,,False,0.37726854291939427,0.37726854291939427
2024-08-01_05,6,5,ranking_only,F0,periodic,0.2,0,,False,0.09527714642917845,0.09527714642917845
2024-08-01_06,6,6,ranking_only,F0,periodic,0.2,0,,False,0.20205249767110164,0.20205249767110164
2024-08-01_07,6,7,ranking_only,F0,periodic,0.2,0,,False,0.3754648935952584,0.3754648935952584
2024-08-01_08,6,8,ranking_only,F0,periodic,0.2,0,,False,0.16320185526146486,0.16320185526146486
2024-08-01_09,6,9,ranking_only,F0,periodic,0.2,0,,False,0.12146696624793486,0.12146696624793486
2024-08-01_10,6,10,ranking_only,F0,periodic,0.2,0,,True,0.07401669379152813,0.0
2024-08-01_01,6,1,direct_substitution,F0,periodic,0.2,0,,True,0.09612888431590018,0.0
2024-08-01_02,6,2,direct_substitution,F0,periodic,0.2,0,,False,0.1288645666389129,0.1288645666389129
2024-08-01_03,6,3,direct_substitution,F0,periodic,0.2,0,,False,0.5213797031050986,0.5213797031050986
2024-08-01_04,6,4,direct_substitution,F0,periodic,0.2,0,,False,0.37726854291939427,0.37726854291939427
2024-08-01_05,6,5,direct_substitution,F0,periodic,0.2,0,,False,0.09527714642917845,0.09527714642917845
2024-08-01_06,6,6,direct_substitution,F0,periodic,0.2,0,,False,0.20205249767110164,0.20205249767110164
2024-08-01_07,6,7,direct_substitution,F0,periodic,0.2,0,,False,0.3754648935952584,0.3754648935952584
2024-08-01_08,6,8,direct_substitution,F0,periodic,0.2,0,,False,0.16320185526146486,0.16320185526146486
2024-08-01_09,6,9,direct_substitution,F0,periodic,0.2,0,,False,0.12146696624793486,0.12146696624793486
2024-08-01_10,6,10,direct_substitution,F0,periodic,0.2,0,,True,0.07401669379152813,0.0
2024-08-01_01,6,1,ranking_only,F0,ood,0.2,0,0.9387755102040817,True,0.09612888431590018,0.0
2024-08-01_02,6,2,ranking_only,F0,ood,0.2,0,0.673469387755102,False,0.1288645666389129,0.1288645666389129
2024-08-01_03,6,3,ranking_only,F0,ood,0.2,0,0.673469387755102,False,0.5213797031050986,0.5213797031050986
2024-08-01_04,6,4,ranking_only,F0,ood,0.2,0,0.8163265306122449,True,0.37726854291939427,0.0
2024-08-01_05,6,5,ranking_only,F0,ood,0.2,0,0.673469387755102,False,0.09527714642917845,0.09527714642917845
2024-08-01_06,6,6,ranking_only,F0,ood,0.2,0,0.7959183673469388,False,0.20205249767110164,0.20205249767110164
2024-08-01_07,6,7,ranking_only,F0,ood,0.2,0,0.8163265306122449,False,0.3754648935952584,0.3754648935952584
2024-08-01_08,6,8,ranking_only,F0,ood,0.2,0,0.5714285714285714,False,0.16320185526146486,0.16320185526146486
2024-08-01_09,6,9,ranking_only,F0,ood,0.2,0,0.32653061224489793,False,0.12146696624793486,0.12146696624793486
2024-08-01_10,6,10,ranking_only,F0,ood,0.2,0,0.673469387755102,False,0.07401669379152813,0.07401669379152813
2024-08-01_01,6,1,direct_substitution,F0,ood,0.2,0,0.9387755102040817,True,0.09612888431590018,0.0
2024-08-01_02,6,2,direct_substitution,F0,ood,0.2,0,0.673469387755102,False,0.1288645666389129,0.1288645666389129
2024-08-01_03,6,3,direct_substitution,F0,ood,0.2,0,0.673469387755102,False,0.5213797031050986,0.5213797031050986
2024-08-01_04,6,4,direct_substitution,F0,ood,0.2,0,0.8163265306122449,False,0.37726854291939427,0.37726854291939427
2024-08-01_05,6,5,direct_substitution,F0,ood,0.2,0,0.673469387755102,False,0.09527714642917845,0.09527714642917845
2024-08-01_06,6,6,direct_substitution,F0,ood,0.2,0,0.7959183673469388,False,0.20205249767110164,0.20205249767110164
2024-08-01_07,6,7,direct_substitution,F0,ood,0.2,0,0.8163265306122449,True,0.3754648935952584,0.0
2024-08-01_08,6,8,direct_substitution,F0,ood,0.2,0,0.5714285714285714,False,0.16320185526146486,0.16320185526146486
2024-08-01_09,6,9,direct_substitution,F0,ood,0.2,0,0.32653061224489793,False,0.12146696624793486,0.12146696624793486
2024-08-01_10,6,10,direct_substitution,F0,ood,0.2,0,0.673469387755102,False,0.07401669379152813,0.07401669379152813
2024-08-01_01,6,1,ranking_only,F0,disagreement,0.2,0,0.8775510204081632,False,0.09612888431590018,0.09612888431590018
2024-08-01_02,6,2,ranking_only,F0,disagreement,0.2,0,0.8979591836734694,True,0.1288645666389129,0.0
2024-08-01_03,6,3,ranking_only,F0,disagreement,0.2,0,0.6122448979591837,False,0.5213797031050986,0.5213797031050986
2024-08-01_04,6,4,ranking_only,F0,disagreement,0.2,0,0.5918367346938775,False,0.37726854291939427,0.37726854291939427
2024-08-01_05,6,5,ranking_only,F0,disagreement,0.2,0,0.46938775510204084,False,0.09527714642917845,0.09527714642917845
2024-08-01_06,6,6,ranking_only,F0,disagreement,0.2,0,0.9795918367346939,True,0.20205249767110164,0.0
2024-08-01_07,6,7,ranking_only,F0,disagreement,0.2,0,0.8571428571428571,False,0.3754648935952584,0.3754648935952584
2024-08-01_08,6,8,ranking_only,F0,disagreement,0.2,0,0.2857142857142857,False,0.16320185526146486,0.16320185526146486
2024-08-01_09,6,9,ranking_only,F0,disagreement,0.2,0,0.6326530612244898,False,0.12146696624793486,0.12146696624793486
2024-08-01_10,6,10,ranking_only,F0,disagreement,0.2,0,0.5714285714285714,False,0.07401669379152813,0.07401669379152813
2024-08-01_01,6,1,direct_substitution,F0,disagreement,0.2,0,0.8775510204081632,True,0.09612888431590018,0.0
2024-08-01_02,6,2,direct_substitution,F0,disagreement,0.2,0,0.8979591836734694,False,0.1288645666389129,0.1288645666389129
2024-08-01_03,6,3,direct_substitution,F0,disagreement,0.2,0,0.6122448979591837,False,0.5213797031050986,0.5213797031050986
2024-08-01_04,6,4,direct_substitution,F0,disagreement,0.2,0,0.5918367346938775,False,0.37726854291939427,0.37726854291939427
2024-08-01_05,6,5,direct_substitution,F0,disagreement,0.2,0,0.46938775510204084,False,0.09527714642917845,0.09527714642917845
2024-08-01_06,6,6,direct_substitution,F0,disagreement,0.2,0,0.9795918367346939,True,0.20205249767110164,0.0
2024-08-01_07,6,7,direct_substitution,F0,disagreement,0.2,0,0.8571428571428571,False,0.3754648935952584,0.3754648935952584
2024-08-01_08,6,8,direct_substitution,F0,disagreement,0.2,0,0.2857142857142857,False,0.16320185526146486,0.16320185526146486
2024-08-01_09,6,9,direct_substitution,F0,disagreement,0.2,0,0.6326530612244898,False,0.12146696624793486,0.12146696624793486
2024-08-01_10,6,10,direct_substitution,F0,disagreement,0.2,0,0.5714285714285714,False,0.07401669379152813,0.07401669379152813
2024-08-01_01,6,1,ranking_only,F0,combined,0.2,0,0.726530612244898,True,0.09612888431590018,0.0
2024-08-01_02,6,2,ranking_only,F0,combined,0.2,0,0.6421150278293136,True,0.1288645666389129,0.0
2024-08-01_03,6,3,ranking_only,F0,combined,0.2,0,0.4161410018552876,False,0.5213797031050986,0.5213797031050986
2024-08-01_04,6,4,ranking_only,F0,combined,0.2,0,0.48506493506493503,False,0.37726854291939427,0.37726854291939427
2024-08-01_05,6,5,ranking_only,F0,combined,0.2,0,0.2966604823747681,False,0.09527714642917845,0.09527714642917845
2024-08-01_06,6,6,ranking_only,F0,combined,0.2,0,0.5612244897959183,False,0.20205249767110164,0.20205249767110164
2024-08-01_07,6,7,ranking_only,F0,combined,0.2,0,0.5125231910946196,False,0.3754648935952584,0.3754648935952584
2024-08-01_08,6,8,ranking_only,F0,combined,0.2,0,0.3552875695732839,False,0.16320185526146486,0.16320185526146486
2024-08-01_09,6,9,ranking_only,F0,combined,0.2,0,0.3075139146567718,False,0.12146696624793486,0.12146696624793486
2024-08-01_10,6,10,ranking_only,F0,combined,0.2,0,0.5404452690166975,False,0.07401669379152813,0.07401669379152813
2024-08-01_01,6,1,direct_substitution,F0,combined,0.2,0,0.726530612244898,False,0.09612888431590018,0.09612888431590018
2024-08-01_02,6,2,direct_substitution,F0,combined,0.2,0,0.6421150278293136,False,0.1288645666389129,0.1288645666389129
2024-08-01_03,6,3,direct_substitution,F0,combined,0.2,0,0.4161410018552876,False,0.5213797031050986,0.5213797031050986
2024-08-01_04,6,4,direct_substitution,F0,combined,0.2,0,0.48506493506493503,False,0.37726854291939427,0.37726854291939427
2024-08-01_05,6,5,direct_substitution,F0,combined,0.2,0,0.2966604823747681,False,0.09527714642917845,0.09527714642917845
2024-08-01_06,6,6,direct_substitution,F0,combined,0.2,0,0.5612244897959183,False,0.20205249767110164,0.20205249767110164
2024-08-01_07,6,7,direct_substitution,F0,combined,0.2,0,0.5125231910946196,False,0.3754648935952584,0.3754648935952584
2024-08-01_08,6,8,direct_substitution,F0,combined,0.2,0,0.3552875695732839,False,0.16320185526146486,0.16320185526146486
2024-08-01_09,6,9,direct_substitution,F0,combined,0.2,0,0.3075139146567718,True,0.12146696624793486,0.0
2024-08-01_10,6,10,direct_substitution,F0,combined,0.2,0,0.5404452690166975,True,0.07401669379152813,0.0
2024-08-01_01,6,1,ranking_only,F0,validated_combined,0.2,0,0.726530612244898,True,0.09612888431590018,0.0
2024-08-01_02,6,2,ranking_only,F0,validated_combined,0.2,0,0.6421150278293136,True,0.1288645666389129,0.0
2024-08-01_03,6,3,ranking_only,F0,validated_combined,0.2,0,0.4161410018552876,False,0.5213797031050986,0.5213797031050986
2024-08-01_04,6,4,ranking_only,F0,validated_combined,0.2,0,0.48506493506493503,False,0.37726854291939427,0.37726854291939427
2024-08-01_05,6,5,ranking_only,F0,validated_combined,0.2,0,0.2966604823747681,False,0.09527714642917845,0.09527714642917845
2024-08-01_06,6,6,ranking_only,F0,validated_combined,0.2,0,0.5612244897959183,False,0.20205249767110164,0.20205249767110164
2024-08-01_07,6,7,ranking_only,F0,validated_combined,0.2,0,0.5125231910946196,False,0.3754648935952584,0.3754648935952584
2024-08-01_08,6,8,ranking_only,F0,validated_combined,0.2,0,0.3552875695732839,False,0.16320185526146486,0.16320185526146486
2024-08-01_09,6,9,ranking_only,F0,validated_combined,0.2,0,0.3075139146567718,False,0.12146696624793486,0.12146696624793486
2024-08-01_10,6,10,ranking_only,F0,validated_combined,0.2,0,0.5404452690166975,False,0.07401669379152813,0.07401669379152813
2024-08-01_01,6,1,direct_substitution,F0,validated_combined,0.2,0,0.726530612244898,False,0.09612888431590018,0.09612888431590018
2024-08-01_02,6,2,direct_substitution,F0,validated_combined,0.2,0,0.6421150278293136,False,0.1288645666389129,0.1288645666389129
2024-08-01_03,6,3,direct_substitution,F0,validated_combined,0.2,0,0.4161410018552876,False,0.5213797031050986,0.5213797031050986
2024-08-01_04,6,4,direct_substitution,F0,validated_combined,0.2,0,0.48506493506493503,False,0.37726854291939427,0.37726854291939427
2024-08-01_05,6,5,direct_substitution,F0,validated_combined,0.2,0,0.2966604823747681,False,0.09527714642917845,0.09527714642917845
2024-08-01_06,6,6,direct_substitution,F0,validated_combined,0.2,0,0.5612244897959183,False,0.20205249767110164,0.20205249767110164
2024-08-01_07,6,7,direct_substitution,F0,validated_combined,0.2,0,0.5125231910946196,False,0.3754648935952584,0.3754648935952584
2024-08-01_08,6,8,direct_substitution,F0,validated_combined,0.2,0,0.3552875695732839,False,0.16320185526146486,0.16320185526146486
2024-08-01_09,6,9,direct_substitution,F0,validated_combined,0.2,0,0.3075139146567718,True,0.12146696624793486,0.0
2024-08-01_10,6,10,direct_substitution,F0,validated_combined,0.2,0,0.5404452690166975,True,0.07401669379152813,0.0
2024-08-01_01,6,1,ranking_only,F0,oracle,0.2,0,0.3,False,0.09612888431590018,0.09612888431590018
2024-08-01_02,6,2,ranking_only,F0,oracle,0.2,0,0.5,False,0.1288645666389129,0.1288645666389129
2024-08-01_03,6,3,ranking_only,F0,oracle,0.2,0,1.0,True,0.5213797031050986,0.0
2024-08-01_04,6,4,ranking_only,F0,oracle,0.2,0,0.9,True,0.37726854291939427,0.0
2024-08-01_05,6,5,ranking_only,F0,oracle,0.2,0,0.2,False,0.09527714642917845,0.09527714642917845
2024-08-01_06,6,6,ranking_only,F0,oracle,0.2,0,0.7,False,0.20205249767110164,0.20205249767110164
2024-08-01_07,6,7,ranking_only,F0,oracle,0.2,0,0.8,False,0.3754648935952584,0.3754648935952584
2024-08-01_08,6,8,ranking_only,F0,oracle,0.2,0,0.6,False,0.16320185526146486,0.16320185526146486
2024-08-01_09,6,9,ranking_only,F0,oracle,0.2,0,0.4,False,0.12146696624793486,0.12146696624793486
2024-08-01_10,6,10,ranking_only,F0,oracle,0.2,0,0.1,False,0.07401669379152813,0.07401669379152813
2024-08-01_01,6,1,direct_substitution,F0,oracle,0.2,0,0.3,False,0.09612888431590018,0.09612888431590018
2024-08-01_02,6,2,direct_substitution,F0,oracle,0.2,0,0.5,False,0.1288645666389129,0.1288645666389129
2024-08-01_03,6,3,direct_substitution,F0,oracle,0.2,0,1.0,True,0.5213797031050986,0.0
2024-08-01_04,6,4,direct_substitution,F0,oracle,0.2,0,0.9,False,0.37726854291939427,0.37726854291939427
2024-08-01_05,6,5,direct_substitution,F0,oracle,0.2,0,0.2,False,0.09527714642917845,0.09527714642917845
2024-08-01_06,6,6,direct_substitution,F0,oracle,0.2,0,0.7,False,0.20205249767110164,0.20205249767110164
2024-08-01_07,6,7,direct_substitution,F0,oracle,0.2,0,0.8,True,0.3754648935952584,0.0
2024-08-01_08,6,8,direct_substitution,F0,oracle,0.2,0,0.6,False,0.16320185526146486,0.16320185526146486
2024-08-01_09,6,9,direct_substitution,F0,oracle,0.2,0,0.4,False,0.12146696624793486,0.12146696624793486
2024-08-01_10,6,10,direct_substitution,F0,oracle,0.2,0,0.1,False,0.07401669379152813,0.07401669379152813
2024-08-01_01,6,1,causal_feedback,F0,combined,0.2,0,0.726530612244898,False,0.09612888431589603,0.09612888431589603
2024-08-01_02,6,2,causal_feedback,F0,combined,0.2,0,0.6421150278293136,False,0.1288645666389129,0.1288645666389129
2024-08-01_03,6,3,causal_feedback,F0,combined,0.2,0,0.4161410018552876,False,0.5213797031050986,0.5213797031050986
2024-08-01_04,6,4,causal_feedback,F0,combined,0.2,0,0.48506493506493503,False,0.37726854291939427,0.37726854291939427
2024-08-01_05,6,5,causal_feedback,F0,combined,0.2,0,0.2966604823747681,False,0.09527714642917845,0.09527714642917845
2024-08-01_06,6,6,causal_feedback,F0,combined,0.2,0,0.5612244897959183,False,0.20205249767110164,0.20205249767110164
2024-08-01_07,6,7,causal_feedback,F0,combined,0.2,0,0.5125231910946196,False,0.3754648935952584,0.3754648935952584
2024-08-01_08,6,8,causal_feedback,F0,combined,0.2,0,0.3552875695732839,False,0.16320185526146486,0.16320185526146486
2024-08-01_09,6,9,causal_feedback,F0,combined,0.2,0,0.3075139146567718,True,0.12146696624793486,0.0
2024-08-01_10,6,10,causal_feedback,F0,combined,0.2,0,0.5404452690166975,True,0.07401669379152813,0.0
2024-08-01_01,6,1,causal_feedback,F1,combined,0.2,0,0.726530612244898,False,0.09612888431589603,0.09612888431589603
2024-08-01_02,6,2,causal_feedback,F1,combined,0.2,0,0.6421150278293136,False,0.1288645666389129,0.1288645666389129
2024-08-01_03,6,3,causal_feedback,F1,combined,0.2,0,0.4161410018552876,False,0.5213797031050986,0.5213797031050986
2024-08-01_04,6,4,causal_feedback,F1,combined,0.2,0,0.48506493506493503,False,0.37726854291939427,0.37726854291939427
2024-08-01_05,6,5,causal_feedback,F1,combined,0.2,0,0.2966604823747681,False,0.09527714642917845,0.09527714642917845
2024-08-01_06,6,6,causal_feedback,F1,combined,0.2,0,0.5612244897959183,False,0.20205249767110164,0.20205249767110164
2024-08-01_07,6,7,causal_feedback,F1,combined,0.2,0,0.5125231910946196,False,0.3754648935952584,0.3754648935952584
2024-08-01_08,6,8,causal_feedback,F1,combined,0.2,0,0.3552875695732839,False,0.16320185526146486,0.16320185526146486
2024-08-01_09,6,9,causal_feedback,F1,combined,0.2,0,0.3075139146567718,True,0.12146696624793486,0.0
2024-08-01_10,6,10,causal_feedback,F1,combined,0.2,0,0.5404452690166975,True,0.04304212542696566,0.0
2024-08-01_01,6,1,causal_feedback,F2,combined,0.2,0,0.726530612244898,False,0.09612888431589603,0.09612888431589603
2024-08-01_02,6,2,causal_feedback,F2,combined,0.2,0,0.6421150278293136,False,0.1288645666389129,0.1288645666389129
2024-08-01_03,6,3,causal_feedback,F2,combined,0.2,0,0.4161410018552876,False,0.5213797031050986,0.5213797031050986
2024-08-01_04,6,4,causal_feedback,F2,combined,0.2,0,0.48506493506493503,False,0.37726854291939427,0.37726854291939427
2024-08-01_05,6,5,causal_feedback,F2,combined,0.2,0,0.2966604823747681,False,0.09527714642917845,0.09527714642917845
2024-08-01_06,6,6,causal_feedback,F2,combined,0.2,0,0.5612244897959183,False,0.20205249767110164,0.20205249767110164
2024-08-01_07,6,7,causal_feedback,F2,combined,0.2,0,0.5125231910946196,False,0.3754648935952584,0.3754648935952584
2024-08-01_08,6,8,causal_feedback,F2,combined,0.2,0,0.3552875695732839,False,0.16320185526146486,0.16320185526146486
2024-08-01_09,6,9,causal_feedback,F2,combined,0.2,0,0.3075139146567718,True,0.12146696624793486,0.0
2024-08-01_10,6,10,causal_feedback,F2,combined,0.2,0,0.5404452690166975,True,0.04068968022565352,0.0
2024-08-01_01,6,1,causal_feedback,F3,combined,0.2,0,0.726530612244898,False,0.09612888431589603,0.09612888431589603
2024-08-01_02,6,2,causal_feedback,F3,combined,0.2,0,0.6421150278293136,False,0.1288645666389129,0.1288645666389129
2024-08-01_03,6,3,causal_feedback,F3,combined,0.2,0,0.4161410018552876,False,0.5213797031050986,0.5213797031050986
2024-08-01_04,6,4,causal_feedback,F3,combined,0.2,0,0.48506493506493503,False,0.37726854291939427,0.37726854291939427
2024-08-01_05,6,5,causal_feedback,F3,combined,0.2,0,0.2966604823747681,False,0.09527714642917845,0.09527714642917845
2024-08-01_06,6,6,causal_feedback,F3,combined,0.2,0,0.5612244897959183,False,0.20205249767110164,0.20205249767110164
2024-08-01_07,6,7,causal_feedback,F3,combined,0.2,0,0.5125231910946196,False,0.3754648935952584,0.3754648935952584
2024-08-01_08,6,8,causal_feedback,F3,combined,0.2,0,0.3552875695732839,False,0.16320185526146486,0.16320185526146486
2024-08-01_09,6,9,causal_feedback,F3,combined,0.2,0,0.3075139146567718,True,0.12146696624793486,0.0
2024-08-01_10,6,10,causal_feedback,F3,combined,0.2,0,0.5404452690166975,True,0.03810841620021765,0.0
2024-08-01_01,6,1,ranking_only,F0,no_metrology,0.3,0,,False,0.09612888431590018,0.09612888431590018
2024-08-01_02,6,2,ranking_only,F0,no_metrology,0.3,0,,False,0.1288645666389129,0.1288645666389129
2024-08-01_03,6,3,ranking_only,F0,no_metrology,0.3,0,,False,0.5213797031050986,0.5213797031050986
2024-08-01_04,6,4,ranking_only,F0,no_metrology,0.3,0,,False,0.37726854291939427,0.37726854291939427
2024-08-01_05,6,5,ranking_only,F0,no_metrology,0.3,0,,False,0.09527714642917845,0.09527714642917845
2024-08-01_06,6,6,ranking_only,F0,no_metrology,0.3,0,,False,0.20205249767110164,0.20205249767110164
2024-08-01_07,6,7,ranking_only,F0,no_metrology,0.3,0,,False,0.3754648935952584,0.3754648935952584
2024-08-01_08,6,8,ranking_only,F0,no_metrology,0.3,0,,False,0.16320185526146486,0.16320185526146486
2024-08-01_09,6,9,ranking_only,F0,no_metrology,0.3,0,,False,0.12146696624793486,0.12146696624793486
2024-08-01_10,6,10,ranking_only,F0,no_metrology,0.3,0,,False,0.07401669379152813,0.07401669379152813
2024-08-01_01,6,1,direct_substitution,F0,no_metrology,0.3,0,,False,0.09612888431590018,0.09612888431590018
2024-08-01_02,6,2,direct_substitution,F0,no_metrology,0.3,0,,False,0.1288645666389129,0.1288645666389129
2024-08-01_03,6,3,direct_substitution,F0,no_metrology,0.3,0,,False,0.5213797031050986,0.5213797031050986
2024-08-01_04,6,4,direct_substitution,F0,no_metrology,0.3,0,,False,0.37726854291939427,0.37726854291939427
2024-08-01_05,6,5,direct_substitution,F0,no_metrology,0.3,0,,False,0.09527714642917845,0.09527714642917845
2024-08-01_06,6,6,direct_substitution,F0,no_metrology,0.3,0,,False,0.20205249767110164,0.20205249767110164
2024-08-01_07,6,7,direct_substitution,F0,no_metrology,0.3,0,,False,0.3754648935952584,0.3754648935952584
2024-08-01_08,6,8,direct_substitution,F0,no_metrology,0.3,0,,False,0.16320185526146486,0.16320185526146486
2024-08-01_09,6,9,direct_substitution,F0,no_metrology,0.3,0,,False,0.12146696624793486,0.12146696624793486
2024-08-01_10,6,10,direct_substitution,F0,no_metrology,0.3,0,,False,0.07401669379152813,0.07401669379152813
2024-08-01_01,6,1,ranking_only,F0,periodic,0.3,0,,True,0.09612888431590018,0.0
2024-08-01_02,6,2,ranking_only,F0,periodic,0.3,0,,False,0.1288645666389129,0.1288645666389129
2024-08-01_03,6,3,ranking_only,F0,periodic,0.3,0,,False,0.5213797031050986,0.5213797031050986
2024-08-01_04,6,4,ranking_only,F0,periodic,0.3,0,,False,0.37726854291939427,0.37726854291939427
2024-08-01_05,6,5,ranking_only,F0,periodic,0.3,0,,True,0.09527714642917845,0.0
2024-08-01_06,6,6,ranking_only,F0,periodic,0.3,0,,False,0.20205249767110164,0.20205249767110164
2024-08-01_07,6,7,ranking_only,F0,periodic,0.3,0,,False,0.3754648935952584,0.3754648935952584
2024-08-01_08,6,8,ranking_only,F0,periodic,0.3,0,,False,0.16320185526146486,0.16320185526146486
2024-08-01_09,6,9,ranking_only,F0,periodic,0.3,0,,False,0.12146696624793486,0.12146696624793486
2024-08-01_10,6,10,ranking_only,F0,periodic,0.3,0,,True,0.07401669379152813,0.0
2024-08-01_01,6,1,direct_substitution,F0,periodic,0.3,0,,True,0.09612888431590018,0.0
2024-08-01_02,6,2,direct_substitution,F0,periodic,0.3,0,,False,0.1288645666389129,0.1288645666389129
2024-08-01_03,6,3,direct_substitution,F0,periodic,0.3,0,,False,0.5213797031050986,0.5213797031050986
2024-08-01_04,6,4,direct_substitution,F0,periodic,0.3,0,,False,0.37726854291939427,0.37726854291939427
2024-08-01_05,6,5,direct_substitution,F0,periodic,0.3,0,,True,0.09527714642917845,0.0
2024-08-01_06,6,6,direct_substitution,F0,periodic,0.3,0,,False,0.20205249767110164,0.20205249767110164
2024-08-01_07,6,7,direct_substitution,F0,periodic,0.3,0,,False,0.3754648935952584,0.3754648935952584
2024-08-01_08,6,8,direct_substitution,F0,periodic,0.3,0,,False,0.16320185526146486,0.16320185526146486
2024-08-01_09,6,9,direct_substitution,F0,periodic,0.3,0,,False,0.12146696624793486,0.12146696624793486
2024-08-01_10,6,10,direct_substitution,F0,periodic,0.3,0,,True,0.07401669379152813,0.0
2024-08-01_01,6,1,ranking_only,F0,ood,0.3,0,0.9387755102040817,True,0.09612888431590018,0.0
2024-08-01_02,6,2,ranking_only,F0,ood,0.3,0,0.673469387755102,False,0.1288645666389129,0.1288645666389129
2024-08-01_03,6,3,ranking_only,F0,ood,0.3,0,0.673469387755102,False,0.5213797031050986,0.5213797031050986
2024-08-01_04,6,4,ranking_only,F0,ood,0.3,0,0.8163265306122449,True,0.37726854291939427,0.0
2024-08-01_05,6,5,ranking_only,F0,ood,0.3,0,0.673469387755102,False,0.09527714642917845,0.09527714642917845
2024-08-01_06,6,6,ranking_only,F0,ood,0.3,0,0.7959183673469388,False,0.20205249767110164,0.20205249767110164
2024-08-01_07,6,7,ranking_only,F0,ood,0.3,0,0.8163265306122449,True,0.3754648935952584,0.0
2024-08-01_08,6,8,ranking_only,F0,ood,0.3,0,0.5714285714285714,False,0.16320185526146486,0.16320185526146486
2024-08-01_09,6,9,ranking_only,F0,ood,0.3,0,0.32653061224489793,False,0.12146696624793486,0.12146696624793486
2024-08-01_10,6,10,ranking_only,F0,ood,0.3,0,0.673469387755102,False,0.07401669379152813,0.07401669379152813
2024-08-01_01,6,1,direct_substitution,F0,ood,0.3,0,0.9387755102040817,True,0.09612888431590018,0.0
2024-08-01_02,6,2,direct_substitution,F0,ood,0.3,0,0.673469387755102,False,0.1288645666389129,0.1288645666389129
2024-08-01_03,6,3,direct_substitution,F0,ood,0.3,0,0.673469387755102,False,0.5213797031050986,0.5213797031050986
2024-08-01_04,6,4,direct_substitution,F0,ood,0.3,0,0.8163265306122449,True,0.37726854291939427,0.0
2024-08-01_05,6,5,direct_substitution,F0,ood,0.3,0,0.673469387755102,False,0.09527714642917845,0.09527714642917845
2024-08-01_06,6,6,direct_substitution,F0,ood,0.3,0,0.7959183673469388,False,0.20205249767110164,0.20205249767110164
2024-08-01_07,6,7,direct_substitution,F0,ood,0.3,0,0.8163265306122449,True,0.3754648935952584,0.0
2024-08-01_08,6,8,direct_substitution,F0,ood,0.3,0,0.5714285714285714,False,0.16320185526146486,0.16320185526146486
2024-08-01_09,6,9,direct_substitution,F0,ood,0.3,0,0.32653061224489793,False,0.12146696624793486,0.12146696624793486
2024-08-01_10,6,10,direct_substitution,F0,ood,0.3,0,0.673469387755102,False,0.07401669379152813,0.07401669379152813
2024-08-01_01,6,1,ranking_only,F0,disagreement,0.3,0,0.8775510204081632,True,0.09612888431590018,0.0
2024-08-01_02,6,2,ranking_only,F0,disagreement,0.3,0,0.8979591836734694,True,0.1288645666389129,0.0
2024-08-01_03,6,3,ranking_only,F0,disagreement,0.3,0,0.6122448979591837,False,0.5213797031050986,0.5213797031050986
2024-08-01_04,6,4,ranking_only,F0,disagreement,0.3,0,0.5918367346938775,False,0.37726854291939427,0.37726854291939427
2024-08-01_05,6,5,ranking_only,F0,disagreement,0.3,0,0.46938775510204084,False,0.09527714642917845,0.09527714642917845
2024-08-01_06,6,6,ranking_only,F0,disagreement,0.3,0,0.9795918367346939,True,0.20205249767110164,0.0
2024-08-01_07,6,7,ranking_only,F0,disagreement,0.3,0,0.8571428571428571,False,0.3754648935952584,0.3754648935952584
2024-08-01_08,6,8,ranking_only,F0,disagreement,0.3,0,0.2857142857142857,False,0.16320185526146486,0.16320185526146486
2024-08-01_09,6,9,ranking_only,F0,disagreement,0.3,0,0.6326530612244898,False,0.12146696624793486,0.12146696624793486
2024-08-01_10,6,10,ranking_only,F0,disagreement,0.3,0,0.5714285714285714,False,0.07401669379152813,0.07401669379152813
2024-08-01_01,6,1,direct_substitution,F0,disagreement,0.3,0,0.8775510204081632,True,0.09612888431590018,0.0
2024-08-01_02,6,2,direct_substitution,F0,disagreement,0.3,0,0.8979591836734694,False,0.1288645666389129,0.1288645666389129
2024-08-01_03,6,3,direct_substitution,F0,disagreement,0.3,0,0.6122448979591837,False,0.5213797031050986,0.5213797031050986
2024-08-01_04,6,4,direct_substitution,F0,disagreement,0.3,0,0.5918367346938775,False,0.37726854291939427,0.37726854291939427
2024-08-01_05,6,5,direct_substitution,F0,disagreement,0.3,0,0.46938775510204084,False,0.09527714642917845,0.09527714642917845
2024-08-01_06,6,6,direct_substitution,F0,disagreement,0.3,0,0.9795918367346939,True,0.20205249767110164,0.0
2024-08-01_07,6,7,direct_substitution,F0,disagreement,0.3,0,0.8571428571428571,True,0.3754648935952584,0.0
2024-08-01_08,6,8,direct_substitution,F0,disagreement,0.3,0,0.2857142857142857,False,0.16320185526146486,0.16320185526146486
2024-08-01_09,6,9,direct_substitution,F0,disagreement,0.3,0,0.6326530612244898,False,0.12146696624793486,0.12146696624793486
2024-08-01_10,6,10,direct_substitution,F0,disagreement,0.3,0,0.5714285714285714,False,0.07401669379152813,0.07401669379152813
2024-08-01_01,6,1,ranking_only,F0,combined,0.3,0,0.726530612244898,True,0.09612888431590018,0.0
2024-08-01_02,6,2,ranking_only,F0,combined,0.3,0,0.6421150278293136,True,0.1288645666389129,0.0
2024-08-01_03,6,3,ranking_only,F0,combined,0.3,0,0.4161410018552876,False,0.5213797031050986,0.5213797031050986
2024-08-01_04,6,4,ranking_only,F0,combined,0.3,0,0.48506493506493503,False,0.37726854291939427,0.37726854291939427
2024-08-01_05,6,5,ranking_only,F0,combined,0.3,0,0.2966604823747681,False,0.09527714642917845,0.09527714642917845
2024-08-01_06,6,6,ranking_only,F0,combined,0.3,0,0.5612244897959183,True,0.20205249767110164,0.0
2024-08-01_07,6,7,ranking_only,F0,combined,0.3,0,0.5125231910946196,False,0.3754648935952584,0.3754648935952584
2024-08-01_08,6,8,ranking_only,F0,combined,0.3,0,0.3552875695732839,False,0.16320185526146486,0.16320185526146486
2024-08-01_09,6,9,ranking_only,F0,combined,0.3,0,0.3075139146567718,False,0.12146696624793486,0.12146696624793486
2024-08-01_10,6,10,ranking_only,F0,combined,0.3,0,0.5404452690166975,False,0.07401669379152813,0.07401669379152813
2024-08-01_01,6,1,direct_substitution,F0,combined,0.3,0,0.726530612244898,True,0.09612888431590018,0.0
2024-08-01_02,6,2,direct_substitution,F0,combined,0.3,0,0.6421150278293136,False,0.1288645666389129,0.1288645666389129
2024-08-01_03,6,3,direct_substitution,F0,combined,0.3,0,0.4161410018552876,False,0.5213797031050986,0.5213797031050986
2024-08-01_04,6,4,direct_substitution,F0,combined,0.3,0,0.48506493506493503,False,0.37726854291939427,0.37726854291939427
2024-08-01_05,6,5,direct_substitution,F0,combined,0.3,0,0.2966604823747681,False,0.09527714642917845,0.09527714642917845
2024-08-01_06,6,6,direct_substitution,F0,combined,0.3,0,0.5612244897959183,False,0.20205249767110164,0.20205249767110164
2024-08-01_07,6,7,direct_substitution,F0,combined,0.3,0,0.5125231910946196,False,0.3754648935952584,0.3754648935952584
2024-08-01_08,6,8,direct_substitution,F0,combined,0.3,0,0.3552875695732839,False,0.16320185526146486,0.16320185526146486
2024-08-01_09,6,9,direct_substitution,F0,combined,0.3,0,0.3075139146567718,True,0.12146696624793486,0.0
2024-08-01_10,6,10,direct_substitution,F0,combined,0.3,0,0.5404452690166975,True,0.07401669379152813,0.0
2024-08-01_01,6,1,ranking_only,F0,validated_combined,0.3,0,0.726530612244898,True,0.09612888431590018,0.0
2024-08-01_02,6,2,ranking_only,F0,validated_combined,0.3,0,0.6421150278293136,True,0.1288645666389129,0.0
2024-08-01_03,6,3,ranking_only,F0,validated_combined,0.3,0,0.4161410018552876,False,0.5213797031050986,0.5213797031050986
2024-08-01_04,6,4,ranking_only,F0,validated_combined,0.3,0,0.48506493506493503,False,0.37726854291939427,0.37726854291939427
2024-08-01_05,6,5,ranking_only,F0,validated_combined,0.3,0,0.2966604823747681,False,0.09527714642917845,0.09527714642917845
2024-08-01_06,6,6,ranking_only,F0,validated_combined,0.3,0,0.5612244897959183,True,0.20205249767110164,0.0
2024-08-01_07,6,7,ranking_only,F0,validated_combined,0.3,0,0.5125231910946196,False,0.3754648935952584,0.3754648935952584
2024-08-01_08,6,8,ranking_only,F0,validated_combined,0.3,0,0.3552875695732839,False,0.16320185526146486,0.16320185526146486
2024-08-01_09,6,9,ranking_only,F0,validated_combined,0.3,0,0.3075139146567718,False,0.12146696624793486,0.12146696624793486
2024-08-01_10,6,10,ranking_only,F0,validated_combined,0.3,0,0.5404452690166975,False,0.07401669379152813,0.07401669379152813
2024-08-01_01,6,1,direct_substitution,F0,validated_combined,0.3,0,0.726530612244898,True,0.09612888431590018,0.0
2024-08-01_02,6,2,direct_substitution,F0,validated_combined,0.3,0,0.6421150278293136,False,0.1288645666389129,0.1288645666389129
2024-08-01_03,6,3,direct_substitution,F0,validated_combined,0.3,0,0.4161410018552876,False,0.5213797031050986,0.5213797031050986
2024-08-01_04,6,4,direct_substitution,F0,validated_combined,0.3,0,0.48506493506493503,False,0.37726854291939427,0.37726854291939427
2024-08-01_05,6,5,direct_substitution,F0,validated_combined,0.3,0,0.2966604823747681,False,0.09527714642917845,0.09527714642917845
2024-08-01_06,6,6,direct_substitution,F0,validated_combined,0.3,0,0.5612244897959183,False,0.20205249767110164,0.20205249767110164
2024-08-01_07,6,7,direct_substitution,F0,validated_combined,0.3,0,0.5125231910946196,False,0.3754648935952584,0.3754648935952584
2024-08-01_08,6,8,direct_substitution,F0,validated_combined,0.3,0,0.3552875695732839,False,0.16320185526146486,0.16320185526146486
2024-08-01_09,6,9,direct_substitution,F0,validated_combined,0.3,0,0.3075139146567718,True,0.12146696624793486,0.0
2024-08-01_10,6,10,direct_substitution,F0,validated_combined,0.3,0,0.5404452690166975,True,0.07401669379152813,0.0
2024-08-01_01,6,1,ranking_only,F0,oracle,0.3,0,0.3,False,0.09612888431590018,0.09612888431590018
2024-08-01_02,6,2,ranking_only,F0,oracle,0.3,0,0.5,False,0.1288645666389129,0.1288645666389129
2024-08-01_03,6,3,ranking_only,F0,oracle,0.3,0,1.0,True,0.5213797031050986,0.0
2024-08-01_04,6,4,ranking_only,F0,oracle,0.3,0,0.9,True,0.37726854291939427,0.0
2024-08-01_05,6,5,ranking_only,F0,oracle,0.3,0,0.2,False,0.09527714642917845,0.09527714642917845
2024-08-01_06,6,6,ranking_only,F0,oracle,0.3,0,0.7,False,0.20205249767110164,0.20205249767110164
2024-08-01_07,6,7,ranking_only,F0,oracle,0.3,0,0.8,True,0.3754648935952584,0.0
2024-08-01_08,6,8,ranking_only,F0,oracle,0.3,0,0.6,False,0.16320185526146486,0.16320185526146486
2024-08-01_09,6,9,ranking_only,F0,oracle,0.3,0,0.4,False,0.12146696624793486,0.12146696624793486
2024-08-01_10,6,10,ranking_only,F0,oracle,0.3,0,0.1,False,0.07401669379152813,0.07401669379152813
2024-08-01_01,6,1,direct_substitution,F0,oracle,0.3,0,0.3,False,0.09612888431590018,0.09612888431590018
2024-08-01_02,6,2,direct_substitution,F0,oracle,0.3,0,0.5,False,0.1288645666389129,0.1288645666389129
2024-08-01_03,6,3,direct_substitution,F0,oracle,0.3,0,1.0,True,0.5213797031050986,0.0
2024-08-01_04,6,4,direct_substitution,F0,oracle,0.3,0,0.9,True,0.37726854291939427,0.0
2024-08-01_05,6,5,direct_substitution,F0,oracle,0.3,0,0.2,False,0.09527714642917845,0.09527714642917845
2024-08-01_06,6,6,direct_substitution,F0,oracle,0.3,0,0.7,False,0.20205249767110164,0.20205249767110164
2024-08-01_07,6,7,direct_substitution,F0,oracle,0.3,0,0.8,True,0.3754648935952584,0.0
2024-08-01_08,6,8,direct_substitution,F0,oracle,0.3,0,0.6,False,0.16320185526146486,0.16320185526146486
2024-08-01_09,6,9,direct_substitution,F0,oracle,0.3,0,0.4,False,0.12146696624793486,0.12146696624793486
2024-08-01_10,6,10,direct_substitution,F0,oracle,0.3,0,0.1,False,0.07401669379152813,0.07401669379152813
2024-08-01_01,6,1,causal_feedback,F0,combined,0.3,0,0.726530612244898,True,0.09612888431589603,0.0
2024-08-01_02,6,2,causal_feedback,F0,combined,0.3,0,0.6421150278293136,False,0.1288645666389129,0.1288645666389129
2024-08-01_03,6,3,causal_feedback,F0,combined,0.3,0,0.4161410018552876,False,0.5213797031050986,0.5213797031050986
2024-08-01_04,6,4,causal_feedback,F0,combined,0.3,0,0.48506493506493503,False,0.37726854291939427,0.37726854291939427
2024-08-01_05,6,5,causal_feedback,F0,combined,0.3,0,0.2966604823747681,False,0.09527714642917845,0.09527714642917845
2024-08-01_06,6,6,causal_feedback,F0,combined,0.3,0,0.5612244897959183,False,0.20205249767110164,0.20205249767110164
2024-08-01_07,6,7,causal_feedback,F0,combined,0.3,0,0.5125231910946196,False,0.3754648935952584,0.3754648935952584
2024-08-01_08,6,8,causal_feedback,F0,combined,0.3,0,0.3552875695732839,False,0.16320185526146486,0.16320185526146486
2024-08-01_09,6,9,causal_feedback,F0,combined,0.3,0,0.3075139146567718,True,0.12146696624793486,0.0
2024-08-01_10,6,10,causal_feedback,F0,combined,0.3,0,0.5404452690166975,True,0.07401669379152813,0.0
2024-08-01_01,6,1,causal_feedback,F1,combined,0.3,0,0.726530612244898,True,0.09612888431589603,0.0
2024-08-01_02,6,2,causal_feedback,F1,combined,0.3,0,0.6421150278293136,False,0.11374822240529897,0.11374822240529897
2024-08-01_03,6,3,causal_feedback,F1,combined,0.3,0,0.4161410018552876,False,0.5034087178556788,0.5034087178556788
2024-08-01_04,6,4,causal_feedback,F1,combined,0.3,0,0.48506493506493503,False,0.3592975576699744,0.3592975576699744
2024-08-01_05,6,5,causal_feedback,F1,combined,0.3,0,0.2966604823747681,False,0.07730616117975858,0.07730616117975858
2024-08-01_06,6,6,causal_feedback,F1,combined,0.3,0,0.5612244897959183,False,0.18408151242168178,0.18408151242168178
2024-08-01_07,6,7,causal_feedback,F1,combined,0.3,0,0.5125231910946196,False,0.357897750710994,0.357897750710994
2024-08-01_08,6,8,causal_feedback,F1,combined,0.3,0,0.3552875695732839,False,0.1456347123772005,0.1456347123772005
2024-08-01_09,6,9,causal_feedback,F1,combined,0.3,0,0.3075139146567718,True,0.10799393926712857,0.0
2024-08-01_10,6,10,causal_feedback,F1,combined,0.3,0,0.5404452690166975,True,0.03537009992774275,0.0
2024-08-01_01,6,1,causal_feedback,F2,combined,0.3,0,0.726530612244898,True,0.09612888431589603,0.0
2024-08-01_02,6,2,causal_feedback,F2,combined,0.3,0,0.6421150278293136,False,0.1087713218844999,0.1087713218844999
2024-08-01_03,6,3,causal_feedback,F2,combined,0.3,0,0.4161410018552876,False,0.5073869654171985,0.5073869654171985
2024-08-01_04,6,4,causal_feedback,F2,combined,0.3,0,0.48506493506493503,False,0.370913302275119,0.370913302275119
2024-08-01_05,6,5,causal_feedback,F2,combined,0.3,0,0.2966604823747681,False,0.0891527826735184,0.0891527826735184
2024-08-01_06,6,6,causal_feedback,F2,combined,0.3,0,0.5612244897959183,False,0.18866890877155815,0.18866890877155815
2024-08-01_07,6,7,causal_feedback,F2,combined,0.3,0,0.5125231910946196,False,0.36276436908824433,0.36276436908824433
2024-08-01_08,6,8,causal_feedback,F2,combined,0.3,0,0.3552875695732839,False,0.15639852980984453,0.15639852980984453
2024-08-01_09,6,9,causal_feedback,F2,combined,0.3,0,0.3075139146567718,True,0.1188886722147849,0.0
2024-08-01_10,6,10,causal_feedback,F2,combined,0.3,0,0.5404452690166975,True,0.039778330264277025,0.0
2024-08-01_01,6,1,causal_feedback,F3,combined,0.3,0,0.726530612244898,True,0.09612888431589603,0.0
2024-08-01_02,6,2,causal_feedback,F3,combined,0.3,0,0.6421150278293136,False,0.1080245687873623,0.1080245687873623
2024-08-01_03,6,3,causal_feedback,F3,combined,0.3,0,0.4161410018552876,False,0.5073869654171982,0.5073869654171982
2024-08-01_04,6,4,causal_feedback,F3,combined,0.3,0,0.48506493506493503,False,0.370913302275119,0.370913302275119
2024-08-01_05,6,5,causal_feedback,F3,combined,0.3,0,0.2966604823747681,False,0.0891527826735184,0.0891527826735184
2024-08-01_06,6,6,causal_feedback,F3,combined,0.3,0,0.5612244897959183,False,0.18866890877155848,0.18866890877155848
2024-08-01_07,6,7,causal_feedback,F3,combined,0.3,0,0.5125231910946196,False,0.36302210650798483,0.36302210650798483
2024-08-01_08,6,8,causal_feedback,F3,combined,0.3,0,0.3552875695732839,False,0.15667224489306858,0.15667224489306858
2024-08-01_09,6,9,causal_feedback,F3,combined,0.3,0,0.3075139146567718,True,0.1212162037962761,0.0
2024-08-01_10,6,10,causal_feedback,F3,combined,0.3,0,0.5404452690166975,True,0.03818527625474803,0.0
2024-08-01_01,6,1,ranking_only,F0,no_metrology,0.5,0,,False,0.09612888431590018,0.09612888431590018
2024-08-01_02,6,2,ranking_only,F0,no_metrology,0.5,0,,False,0.1288645666389129,0.1288645666389129
2024-08-01_03,6,3,ranking_only,F0,no_metrology,0.5,0,,False,0.5213797031050986,0.5213797031050986
2024-08-01_04,6,4,ranking_only,F0,no_metrology,0.5,0,,False,0.37726854291939427,0.37726854291939427
2024-08-01_05,6,5,ranking_only,F0,no_metrology,0.5,0,,False,0.09527714642917845,0.09527714642917845
2024-08-01_06,6,6,ranking_only,F0,no_metrology,0.5,0,,False,0.20205249767110164,0.20205249767110164
2024-08-01_07,6,7,ranking_only,F0,no_metrology,0.5,0,,False,0.3754648935952584,0.3754648935952584
2024-08-01_08,6,8,ranking_only,F0,no_metrology,0.5,0,,False,0.16320185526146486,0.16320185526146486
2024-08-01_09,6,9,ranking_only,F0,no_metrology,0.5,0,,False,0.12146696624793486,0.12146696624793486
2024-08-01_10,6,10,ranking_only,F0,no_metrology,0.5,0,,False,0.07401669379152813,0.07401669379152813
2024-08-01_01,6,1,direct_substitution,F0,no_metrology,0.5,0,,False,0.09612888431590018,0.09612888431590018
2024-08-01_02,6,2,direct_substitution,F0,no_metrology,0.5,0,,False,0.1288645666389129,0.1288645666389129
2024-08-01_03,6,3,direct_substitution,F0,no_metrology,0.5,0,,False,0.5213797031050986,0.5213797031050986
2024-08-01_04,6,4,direct_substitution,F0,no_metrology,0.5,0,,False,0.37726854291939427,0.37726854291939427
2024-08-01_05,6,5,direct_substitution,F0,no_metrology,0.5,0,,False,0.09527714642917845,0.09527714642917845
2024-08-01_06,6,6,direct_substitution,F0,no_metrology,0.5,0,,False,0.20205249767110164,0.20205249767110164
2024-08-01_07,6,7,direct_substitution,F0,no_metrology,0.5,0,,False,0.3754648935952584,0.3754648935952584
2024-08-01_08,6,8,direct_substitution,F0,no_metrology,0.5,0,,False,0.16320185526146486,0.16320185526146486
2024-08-01_09,6,9,direct_substitution,F0,no_metrology,0.5,0,,False,0.12146696624793486,0.12146696624793486
2024-08-01_10,6,10,direct_substitution,F0,no_metrology,0.5,0,,False,0.07401669379152813,0.07401669379152813
2024-08-01_01,6,1,ranking_only,F0,periodic,0.5,0,,True,0.09612888431590018,0.0
2024-08-01_02,6,2,ranking_only,F0,periodic,0.5,0,,False,0.1288645666389129,0.1288645666389129
2024-08-01_03,6,3,ranking_only,F0,periodic,0.5,0,,True,0.5213797031050986,0.0
2024-08-01_04,6,4,ranking_only,F0,periodic,0.5,0,,False,0.37726854291939427,0.37726854291939427
2024-08-01_05,6,5,ranking_only,F0,periodic,0.5,0,,True,0.09527714642917845,0.0
2024-08-01_06,6,6,ranking_only,F0,periodic,0.5,0,,False,0.20205249767110164,0.20205249767110164
2024-08-01_07,6,7,ranking_only,F0,periodic,0.5,0,,False,0.3754648935952584,0.3754648935952584
2024-08-01_08,6,8,ranking_only,F0,periodic,0.5,0,,True,0.16320185526146486,0.0
2024-08-01_09,6,9,ranking_only,F0,periodic,0.5,0,,False,0.12146696624793486,0.12146696624793486
2024-08-01_10,6,10,ranking_only,F0,periodic,0.5,0,,True,0.07401669379152813,0.0
2024-08-01_01,6,1,direct_substitution,F0,periodic,0.5,0,,True,0.09612888431590018,0.0
2024-08-01_02,6,2,direct_substitution,F0,periodic,0.5,0,,False,0.1288645666389129,0.1288645666389129
2024-08-01_03,6,3,direct_substitution,F0,periodic,0.5,0,,True,0.5213797031050986,0.0
2024-08-01_04,6,4,direct_substitution,F0,periodic,0.5,0,,False,0.37726854291939427,0.37726854291939427
2024-08-01_05,6,5,direct_substitution,F0,periodic,0.5,0,,True,0.09527714642917845,0.0
2024-08-01_06,6,6,direct_substitution,F0,periodic,0.5,0,,False,0.20205249767110164,0.20205249767110164
2024-08-01_07,6,7,direct_substitution,F0,periodic,0.5,0,,False,0.3754648935952584,0.3754648935952584
2024-08-01_08,6,8,direct_substitution,F0,periodic,0.5,0,,True,0.16320185526146486,0.0
2024-08-01_09,6,9,direct_substitution,F0,periodic,0.5,0,,False,0.12146696624793486,0.12146696624793486
2024-08-01_10,6,10,direct_substitution,F0,periodic,0.5,0,,True,0.07401669379152813,0.0
2024-08-01_01,6,1,ranking_only,F0,ood,0.5,0,0.9387755102040817,True,0.09612888431590018,0.0
2024-08-01_02,6,2,ranking_only,F0,ood,0.5,0,0.673469387755102,True,0.1288645666389129,0.0
2024-08-01_03,6,3,ranking_only,F0,ood,0.5,0,0.673469387755102,False,0.5213797031050986,0.5213797031050986
2024-08-01_04,6,4,ranking_only,F0,ood,0.5,0,0.8163265306122449,True,0.37726854291939427,0.0
2024-08-01_05,6,5,ranking_only,F0,ood,0.5,0,0.673469387755102,False,0.09527714642917845,0.09527714642917845
2024-08-01_06,6,6,ranking_only,F0,ood,0.5,0,0.7959183673469388,True,0.20205249767110164,0.0
2024-08-01_07,6,7,ranking_only,F0,ood,0.5,0,0.8163265306122449,True,0.3754648935952584,0.0
2024-08-01_08,6,8,ranking_only,F0,ood,0.5,0,0.5714285714285714,False,0.16320185526146486,0.16320185526146486
2024-08-01_09,6,9,ranking_only,F0,ood,0.5,0,0.32653061224489793,False,0.12146696624793486,0.12146696624793486
2024-08-01_10,6,10,ranking_only,F0,ood,0.5,0,0.673469387755102,False,0.07401669379152813,0.07401669379152813
2024-08-01_01,6,1,direct_substitution,F0,ood,0.5,0,0.9387755102040817,True,0.09612888431590018,0.0
2024-08-01_02,6,2,direct_substitution,F0,ood,0.5,0,0.673469387755102,False,0.1288645666389129,0.1288645666389129
2024-08-01_03,6,3,direct_substitution,F0,ood,0.5,0,0.673469387755102,True,0.5213797031050986,0.0
2024-08-01_04,6,4,direct_substitution,F0,ood,0.5,0,0.8163265306122449,False,0.37726854291939427,0.37726854291939427
2024-08-01_05,6,5,direct_substitution,F0,ood,0.5,0,0.673469387755102,True,0.09527714642917845,0.0
2024-08-01_06,6,6,direct_substitution,F0,ood,0.5,0,0.7959183673469388,False,0.20205249767110164,0.20205249767110164
2024-08-01_07,6,7,direct_substitution,F0,ood,0.5,0,0.8163265306122449,True,0.3754648935952584,0.0
2024-08-01_08,6,8,direct_substitution,F0,ood,0.5,0,0.5714285714285714,False,0.16320185526146486,0.16320185526146486
2024-08-01_09,6,9,direct_substitution,F0,ood,0.5,0,0.32653061224489793,False,0.12146696624793486,0.12146696624793486
2024-08-01_10,6,10,direct_substitution,F0,ood,0.5,0,0.673469387755102,True,0.07401669379152813,0.0
2024-08-01_01,6,1,ranking_only,F0,disagreement,0.5,0,0.8775510204081632,True,0.09612888431590018,0.0
2024-08-01_02,6,2,ranking_only,F0,disagreement,0.5,0,0.8979591836734694,True,0.1288645666389129,0.0
2024-08-01_03,6,3,ranking_only,F0,disagreement,0.5,0,0.6122448979591837,False,0.5213797031050986,0.5213797031050986
2024-08-01_04,6,4,ranking_only,F0,disagreement,0.5,0,0.5918367346938775,False,0.37726854291939427,0.37726854291939427
2024-08-01_05,6,5,ranking_only,F0,disagreement,0.5,0,0.46938775510204084,False,0.09527714642917845,0.09527714642917845
2024-08-01_06,6,6,ranking_only,F0,disagreement,0.5,0,0.9795918367346939,True,0.20205249767110164,0.0
2024-08-01_07,6,7,ranking_only,F0,disagreement,0.5,0,0.8571428571428571,True,0.3754648935952584,0.0
2024-08-01_08,6,8,ranking_only,F0,disagreement,0.5,0,0.2857142857142857,False,0.16320185526146486,0.16320185526146486
2024-08-01_09,6,9,ranking_only,F0,disagreement,0.5,0,0.6326530612244898,True,0.12146696624793486,0.0
2024-08-01_10,6,10,ranking_only,F0,disagreement,0.5,0,0.5714285714285714,False,0.07401669379152813,0.07401669379152813
2024-08-01_01,6,1,direct_substitution,F0,disagreement,0.5,0,0.8775510204081632,True,0.09612888431590018,0.0
2024-08-01_02,6,2,direct_substitution,F0,disagreement,0.5,0,0.8979591836734694,False,0.1288645666389129,0.1288645666389129
2024-08-01_03,6,3,direct_substitution,F0,disagreement,0.5,0,0.6122448979591837,True,0.5213797031050986,0.0
2024-08-01_04,6,4,direct_substitution,F0,disagreement,0.5,0,0.5918367346938775,False,0.37726854291939427,0.37726854291939427
2024-08-01_05,6,5,direct_substitution,F0,disagreement,0.5,0,0.46938775510204084,False,0.09527714642917845,0.09527714642917845
2024-08-01_06,6,6,direct_substitution,F0,disagreement,0.5,0,0.9795918367346939,True,0.20205249767110164,0.0
2024-08-01_07,6,7,direct_substitution,F0,disagreement,0.5,0,0.8571428571428571,True,0.3754648935952584,0.0
2024-08-01_08,6,8,direct_substitution,F0,disagreement,0.5,0,0.2857142857142857,False,0.16320185526146486,0.16320185526146486
2024-08-01_09,6,9,direct_substitution,F0,disagreement,0.5,0,0.6326530612244898,True,0.12146696624793486,0.0
2024-08-01_10,6,10,direct_substitution,F0,disagreement,0.5,0,0.5714285714285714,False,0.07401669379152813,0.07401669379152813
2024-08-01_01,6,1,ranking_only,F0,combined,0.5,0,0.726530612244898,True,0.09612888431590018,0.0
2024-08-01_02,6,2,ranking_only,F0,combined,0.5,0,0.6421150278293136,True,0.1288645666389129,0.0
2024-08-01_03,6,3,ranking_only,F0,combined,0.5,0,0.4161410018552876,False,0.5213797031050986,0.5213797031050986
2024-08-01_04,6,4,ranking_only,F0,combined,0.5,0,0.48506493506493503,False,0.37726854291939427,0.37726854291939427
2024-08-01_05,6,5,ranking_only,F0,combined,0.5,0,0.2966604823747681,False,0.09527714642917845,0.09527714642917845
2024-08-01_06,6,6,ranking_only,F0,combined,0.5,0,0.5612244897959183,True,0.20205249767110164,0.0
2024-08-01_07,6,7,ranking_only,F0,combined,0.5,0,0.5125231910946196,True,0.3754648935952584,0.0
2024-08-01_08,6,8,ranking_only,F0,combined,0.5,0,0.3552875695732839,False,0.16320185526146486,0.16320185526146486
2024-08-01_09,6,9,ranking_only,F0,combined,0.5,0,0.3075139146567718,False,0.12146696624793486,0.12146696624793486
2024-08-01_10,6,10,ranking_only,F0,combined,0.5,0,0.5404452690166975,True,0.07401669379152813,0.0
2024-08-01_01,6,1,direct_substitution,F0,combined,0.5,0,0.726530612244898,True,0.09612888431590018,0.0
2024-08-01_02,6,2,direct_substitution,F0,combined,0.5,0,0.6421150278293136,False,0.1288645666389129,0.1288645666389129
2024-08-01_03,6,3,direct_substitution,F0,combined,0.5,0,0.4161410018552876,False,0.5213797031050986,0.5213797031050986
2024-08-01_04,6,4,direct_substitution,F0,combined,0.5,0,0.48506493506493503,False,0.37726854291939427,0.37726854291939427
2024-08-01_05,6,5,direct_substitution,F0,combined,0.5,0,0.2966604823747681,False,0.09527714642917845,0.09527714642917845
2024-08-01_06,6,6,direct_substitution,F0,combined,0.5,0,0.5612244897959183,True,0.20205249767110164,0.0
2024-08-01_07,6,7,direct_substitution,F0,combined,0.5,0,0.5125231910946196,True,0.3754648935952584,0.0
2024-08-01_08,6,8,direct_substitution,F0,combined,0.5,0,0.3552875695732839,False,0.16320185526146486,0.16320185526146486
2024-08-01_09,6,9,direct_substitution,F0,combined,0.5,0,0.3075139146567718,True,0.12146696624793486,0.0
2024-08-01_10,6,10,direct_substitution,F0,combined,0.5,0,0.5404452690166975,True,0.07401669379152813,0.0
2024-08-01_01,6,1,ranking_only,F0,validated_combined,0.5,0,0.726530612244898,True,0.09612888431590018,0.0
2024-08-01_02,6,2,ranking_only,F0,validated_combined,0.5,0,0.6421150278293136,True,0.1288645666389129,0.0
2024-08-01_03,6,3,ranking_only,F0,validated_combined,0.5,0,0.4161410018552876,False,0.5213797031050986,0.5213797031050986
2024-08-01_04,6,4,ranking_only,F0,validated_combined,0.5,0,0.48506493506493503,False,0.37726854291939427,0.37726854291939427
2024-08-01_05,6,5,ranking_only,F0,validated_combined,0.5,0,0.2966604823747681,False,0.09527714642917845,0.09527714642917845
2024-08-01_06,6,6,ranking_only,F0,validated_combined,0.5,0,0.5612244897959183,True,0.20205249767110164,0.0
2024-08-01_07,6,7,ranking_only,F0,validated_combined,0.5,0,0.5125231910946196,True,0.3754648935952584,0.0
2024-08-01_08,6,8,ranking_only,F0,validated_combined,0.5,0,0.3552875695732839,False,0.16320185526146486,0.16320185526146486
2024-08-01_09,6,9,ranking_only,F0,validated_combined,0.5,0,0.3075139146567718,False,0.12146696624793486,0.12146696624793486
2024-08-01_10,6,10,ranking_only,F0,validated_combined,0.5,0,0.5404452690166975,True,0.07401669379152813,0.0
2024-08-01_01,6,1,direct_substitution,F0,validated_combined,0.5,0,0.726530612244898,True,0.09612888431590018,0.0
2024-08-01_02,6,2,direct_substitution,F0,validated_combined,0.5,0,0.6421150278293136,False,0.1288645666389129,0.1288645666389129
2024-08-01_03,6,3,direct_substitution,F0,validated_combined,0.5,0,0.4161410018552876,False,0.5213797031050986,0.5213797031050986
2024-08-01_04,6,4,direct_substitution,F0,validated_combined,0.5,0,0.48506493506493503,False,0.37726854291939427,0.37726854291939427
2024-08-01_05,6,5,direct_substitution,F0,validated_combined,0.5,0,0.2966604823747681,False,0.09527714642917845,0.09527714642917845
2024-08-01_06,6,6,direct_substitution,F0,validated_combined,0.5,0,0.5612244897959183,True,0.20205249767110164,0.0
2024-08-01_07,6,7,direct_substitution,F0,validated_combined,0.5,0,0.5125231910946196,True,0.3754648935952584,0.0
2024-08-01_08,6,8,direct_substitution,F0,validated_combined,0.5,0,0.3552875695732839,False,0.16320185526146486,0.16320185526146486
2024-08-01_09,6,9,direct_substitution,F0,validated_combined,0.5,0,0.3075139146567718,True,0.12146696624793486,0.0
2024-08-01_10,6,10,direct_substitution,F0,validated_combined,0.5,0,0.5404452690166975,True,0.07401669379152813,0.0
2024-08-01_01,6,1,ranking_only,F0,oracle,0.5,0,0.3,False,0.09612888431590018,0.09612888431590018
2024-08-01_02,6,2,ranking_only,F0,oracle,0.5,0,0.5,False,0.1288645666389129,0.1288645666389129
2024-08-01_03,6,3,ranking_only,F0,oracle,0.5,0,1.0,True,0.5213797031050986,0.0
2024-08-01_04,6,4,ranking_only,F0,oracle,0.5,0,0.9,True,0.37726854291939427,0.0
2024-08-01_05,6,5,ranking_only,F0,oracle,0.5,0,0.2,False,0.09527714642917845,0.09527714642917845
2024-08-01_06,6,6,ranking_only,F0,oracle,0.5,0,0.7,True,0.20205249767110164,0.0
2024-08-01_07,6,7,ranking_only,F0,oracle,0.5,0,0.8,True,0.3754648935952584,0.0
2024-08-01_08,6,8,ranking_only,F0,oracle,0.5,0,0.6,True,0.16320185526146486,0.0
2024-08-01_09,6,9,ranking_only,F0,oracle,0.5,0,0.4,False,0.12146696624793486,0.12146696624793486
2024-08-01_10,6,10,ranking_only,F0,oracle,0.5,0,0.1,False,0.07401669379152813,0.07401669379152813
2024-08-01_01,6,1,direct_substitution,F0,oracle,0.5,0,0.3,False,0.09612888431590018,0.09612888431590018
2024-08-01_02,6,2,direct_substitution,F0,oracle,0.5,0,0.5,True,0.1288645666389129,0.0
2024-08-01_03,6,3,direct_substitution,F0,oracle,0.5,0,1.0,True,0.5213797031050986,0.0
2024-08-01_04,6,4,direct_substitution,F0,oracle,0.5,0,0.9,False,0.37726854291939427,0.37726854291939427
2024-08-01_05,6,5,direct_substitution,F0,oracle,0.5,0,0.2,False,0.09527714642917845,0.09527714642917845
2024-08-01_06,6,6,direct_substitution,F0,oracle,0.5,0,0.7,True,0.20205249767110164,0.0
2024-08-01_07,6,7,direct_substitution,F0,oracle,0.5,0,0.8,True,0.3754648935952584,0.0
2024-08-01_08,6,8,direct_substitution,F0,oracle,0.5,0,0.6,False,0.16320185526146486,0.16320185526146486
2024-08-01_09,6,9,direct_substitution,F0,oracle,0.5,0,0.4,False,0.12146696624793486,0.12146696624793486
2024-08-01_10,6,10,direct_substitution,F0,oracle,0.5,0,0.1,True,0.07401669379152813,0.0
2024-08-01_01,6,1,causal_feedback,F0,combined,0.5,0,0.726530612244898,True,0.09612888431589603,0.0
2024-08-01_02,6,2,causal_feedback,F0,combined,0.5,0,0.6421150278293136,False,0.1288645666389129,0.1288645666389129
2024-08-01_03,6,3,causal_feedback,F0,combined,0.5,0,0.4161410018552876,False,0.5213797031050986,0.5213797031050986
2024-08-01_04,6,4,causal_feedback,F0,combined,0.5,0,0.48506493506493503,False,0.37726854291939427,0.37726854291939427
2024-08-01_05,6,5,causal_feedback,F0,combined,0.5,0,0.2966604823747681,False,0.09527714642917845,0.09527714642917845
2024-08-01_06,6,6,causal_feedback,F0,combined,0.5,0,0.5612244897959183,True,0.20205249767110164,0.0
2024-08-01_07,6,7,causal_feedback,F0,combined,0.5,0,0.5125231910946196,True,0.3754648935952584,0.0
2024-08-01_08,6,8,causal_feedback,F0,combined,0.5,0,0.3552875695732839,False,0.16320185526146486,0.16320185526146486
2024-08-01_09,6,9,causal_feedback,F0,combined,0.5,0,0.3075139146567718,True,0.12146696624793486,0.0
2024-08-01_10,6,10,causal_feedback,F0,combined,0.5,0,0.5404452690166975,True,0.07401669379152813,0.0
2024-08-01_01,6,1,causal_feedback,F1,combined,0.5,0,0.726530612244898,True,0.09612888431589603,0.0
2024-08-01_02,6,2,causal_feedback,F1,combined,0.5,0,0.6421150278293136,False,0.11374822240529897,0.11374822240529897
2024-08-01_03,6,3,causal_feedback,F1,combined,0.5,0,0.4161410018552876,False,0.5034087178556788,0.5034087178556788
2024-08-01_04,6,4,causal_feedback,F1,combined,0.5,0,0.48506493506493503,False,0.3592975576699744,0.3592975576699744
2024-08-01_05,6,5,causal_feedback,F1,combined,0.5,0,0.2966604823747681,False,0.07730616117975858,0.07730616117975858
2024-08-01_06,6,6,causal_feedback,F1,combined,0.5,0,0.5612244897959183,True,0.18408151242168178,0.0
2024-08-01_07,6,7,causal_feedback,F1,combined,0.5,0,0.5125231910946196,True,0.3039142959446376,0.0
2024-08-01_08,6,8,causal_feedback,F1,combined,0.5,0,0.3552875695732839,False,0.10629550571837135,0.10629550571837135
2024-08-01_09,6,9,causal_feedback,F1,combined,0.5,0,0.3075139146567718,True,0.08536319576735915,0.0
2024-08-01_10,6,10,causal_feedback,F1,combined,0.5,0,0.5404452690166975,True,0.029772505999282828,0.0
2024-08-01_01,6,1,causal_feedback,F2,combined,0.5,0,0.726530612244898,True,0.09612888431589603,0.0
2024-08-01_02,6,2,causal_feedback,F2,combined,0.5,0,0.6421150278293136,False,0.1087713218844999,0.1087713218844999
2024-08-01_03,6,3,causal_feedback,F2,combined,0.5,0,0.4161410018552876,False,0.5073869654171985,0.5073869654171985
2024-08-01_04,6,4,causal_feedback,F2,combined,0.5,0,0.48506493506493503,False,0.370913302275119,0.370913302275119
2024-08-01_05,6,5,causal_feedback,F2,combined,0.5,0,0.2966604823747681,False,0.0891527826735184,0.0891527826735184
2024-08-01_06,6,6,causal_feedback,F2,combined,0.5,0,0.5612244897959183,True,0.18866890877155815,0.0
2024-08-01_07,6,7,causal_feedback,F2,combined,0.5,0,0.5125231910946196,True,0.27308532631589755,0.0
2024-08-01_08,6,8,causal_feedback,F2,combined,0.5,0,0.3552875695732839,False,0.0923976337219757,0.0923976337219757
2024-08-01_09,6,9,causal_feedback,F2,combined,0.5,0,0.3075139146567718,True,0.08773488042389375,0.0
2024-08-01_10,6,10,causal_feedback,F2,combined,0.5,0,0.5404452690166975,True,0.03004659150159172,0.0
2024-08-01_01,6,1,causal_feedback,F3,combined,0.5,0,0.726530612244898,True,0.09612888431589603,0.0
2024-08-01_02,6,2,causal_feedback,F3,combined,0.5,0,0.6421150278293136,False,0.1080245687873623,0.1080245687873623
2024-08-01_03,6,3,causal_feedback,F3,combined,0.5,0,0.4161410018552876,False,0.5073869654171982,0.5073869654171982
2024-08-01_04,6,4,causal_feedback,F3,combined,0.5,0,0.48506493506493503,False,0.370913302275119,0.370913302275119
2024-08-01_05,6,5,causal_feedback,F3,combined,0.5,0,0.2966604823747681,False,0.0891527826735184,0.0891527826735184
2024-08-01_06,6,6,causal_feedback,F3,combined,0.5,0,0.5612244897959183,True,0.18866890877155848,0.0
2024-08-01_07,6,7,causal_feedback,F3,combined,0.5,0,0.5125231910946196,True,0.27317953494530867,0.0
2024-08-01_08,6,8,causal_feedback,F3,combined,0.5,0,0.3552875695732839,False,0.09040258386978914,0.09040258386978914
2024-08-01_09,6,9,causal_feedback,F3,combined,0.5,0,0.3075139146567718,True,0.08043808712467262,0.0
2024-08-01_10,6,10,causal_feedback,F3,combined,0.5,0,0.5404452690166975,True,0.037362535787226335,0.0
2024-08-05_01,7,1,ranking_only,F0,no_metrology,0.0,0,,False,0.15908732850929763,0.15908732850929763
2024-08-05_02,7,2,ranking_only,F0,no_metrology,0.0,0,,False,0.06268109902453657,0.06268109902453657
2024-08-05_03,7,3,ranking_only,F0,no_metrology,0.0,0,,False,0.3153864921539277,0.3153864921539277
2024-08-05_04,7,4,ranking_only,F0,no_metrology,0.0,0,,False,0.18823972425157046,0.18823972425157046
2024-08-05_05,7,5,ranking_only,F0,no_metrology,0.0,0,,False,0.08266332488115093,0.08266332488115093
2024-08-05_06,7,6,ranking_only,F0,no_metrology,0.0,0,,False,0.12691229969881543,0.12691229969881543
2024-08-05_01,7,1,direct_substitution,F0,no_metrology,0.0,0,,False,0.15908732850929763,0.15908732850929763
2024-08-05_02,7,2,direct_substitution,F0,no_metrology,0.0,0,,False,0.06268109902453657,0.06268109902453657
2024-08-05_03,7,3,direct_substitution,F0,no_metrology,0.0,0,,False,0.3153864921539277,0.3153864921539277
2024-08-05_04,7,4,direct_substitution,F0,no_metrology,0.0,0,,False,0.18823972425157046,0.18823972425157046
2024-08-05_05,7,5,direct_substitution,F0,no_metrology,0.0,0,,False,0.08266332488115093,0.08266332488115093
2024-08-05_06,7,6,direct_substitution,F0,no_metrology,0.0,0,,False,0.12691229969881543,0.12691229969881543
2024-08-05_01,7,1,ranking_only,F0,periodic,0.0,0,,False,0.15908732850929763,0.15908732850929763
2024-08-05_02,7,2,ranking_only,F0,periodic,0.0,0,,False,0.06268109902453657,0.06268109902453657
2024-08-05_03,7,3,ranking_only,F0,periodic,0.0,0,,False,0.3153864921539277,0.3153864921539277
2024-08-05_04,7,4,ranking_only,F0,periodic,0.0,0,,False,0.18823972425157046,0.18823972425157046
2024-08-05_05,7,5,ranking_only,F0,periodic,0.0,0,,False,0.08266332488115093,0.08266332488115093
2024-08-05_06,7,6,ranking_only,F0,periodic,0.0,0,,False,0.12691229969881543,0.12691229969881543
2024-08-05_01,7,1,direct_substitution,F0,periodic,0.0,0,,False,0.15908732850929763,0.15908732850929763
2024-08-05_02,7,2,direct_substitution,F0,periodic,0.0,0,,False,0.06268109902453657,0.06268109902453657
2024-08-05_03,7,3,direct_substitution,F0,periodic,0.0,0,,False,0.3153864921539277,0.3153864921539277
2024-08-05_04,7,4,direct_substitution,F0,periodic,0.0,0,,False,0.18823972425157046,0.18823972425157046
2024-08-05_05,7,5,direct_substitution,F0,periodic,0.0,0,,False,0.08266332488115093,0.08266332488115093
2024-08-05_06,7,6,direct_substitution,F0,periodic,0.0,0,,False,0.12691229969881543,0.12691229969881543
2024-08-05_01,7,1,ranking_only,F0,ood,0.0,0,0.7796610169491526,False,0.15908732850929763,0.15908732850929763
2024-08-05_02,7,2,ranking_only,F0,ood,0.0,0,0.4745762711864407,False,0.06268109902453657,0.06268109902453657
2024-08-05_03,7,3,ranking_only,F0,ood,0.0,0,0.6271186440677966,False,0.3153864921539277,0.3153864921539277
2024-08-05_04,7,4,ranking_only,F0,ood,0.0,0,0.4745762711864407,False,0.18823972425157046,0.18823972425157046
2024-08-05_05,7,5,ranking_only,F0,ood,0.0,0,0.3389830508474576,False,0.08266332488115093,0.08266332488115093
2024-08-05_06,7,6,ranking_only,F0,ood,0.0,0,0.3728813559322034,False,0.12691229969881543,0.12691229969881543
2024-08-05_01,7,1,direct_substitution,F0,ood,0.0,0,0.7796610169491526,False,0.15908732850929763,0.15908732850929763
2024-08-05_02,7,2,direct_substitution,F0,ood,0.0,0,0.4745762711864407,False,0.06268109902453657,0.06268109902453657
2024-08-05_03,7,3,direct_substitution,F0,ood,0.0,0,0.6271186440677966,False,0.3153864921539277,0.3153864921539277
2024-08-05_04,7,4,direct_substitution,F0,ood,0.0,0,0.4745762711864407,False,0.18823972425157046,0.18823972425157046
2024-08-05_05,7,5,direct_substitution,F0,ood,0.0,0,0.3389830508474576,False,0.08266332488115093,0.08266332488115093
2024-08-05_06,7,6,direct_substitution,F0,ood,0.0,0,0.3728813559322034,False,0.12691229969881543,0.12691229969881543
2024-08-05_01,7,1,ranking_only,F0,disagreement,0.0,0,0.8983050847457628,False,0.15908732850929763,0.15908732850929763
2024-08-05_02,7,2,ranking_only,F0,disagreement,0.0,0,0.01694915254237288,False,0.06268109902453657,0.06268109902453657
2024-08-05_03,7,3,ranking_only,F0,disagreement,0.0,0,0.6779661016949152,False,0.3153864921539277,0.3153864921539277
2024-08-05_04,7,4,ranking_only,F0,disagreement,0.0,0,0.5254237288135594,False,0.18823972425157046,0.18823972425157046
2024-08-05_05,7,5,ranking_only,F0,disagreement,0.0,0,0.1694915254237288,False,0.08266332488115093,0.08266332488115093
2024-08-05_06,7,6,ranking_only,F0,disagreement,0.0,0,0.2542372881355932,False,0.12691229969881543,0.12691229969881543
2024-08-05_01,7,1,direct_substitution,F0,disagreement,0.0,0,0.8983050847457628,False,0.15908732850929763,0.15908732850929763
2024-08-05_02,7,2,direct_substitution,F0,disagreement,0.0,0,0.01694915254237288,False,0.06268109902453657,0.06268109902453657
2024-08-05_03,7,3,direct_substitution,F0,disagreement,0.0,0,0.6779661016949152,False,0.3153864921539277,0.3153864921539277
2024-08-05_04,7,4,direct_substitution,F0,disagreement,0.0,0,0.5254237288135594,False,0.18823972425157046,0.18823972425157046
2024-08-05_05,7,5,direct_substitution,F0,disagreement,0.0,0,0.1694915254237288,False,0.08266332488115093,0.08266332488115093
2024-08-05_06,7,6,direct_substitution,F0,disagreement,0.0,0,0.2542372881355932,False,0.12691229969881543,0.12691229969881543
2024-08-05_01,7,1,ranking_only,F0,combined,0.0,0,0.6847457627118644,False,0.15908732850929763,0.15908732850929763
2024-08-05_02,7,2,ranking_only,F0,combined,0.0,0,0.3537575951391109,False,0.06268109902453657,0.06268109902453657
2024-08-05_03,7,3,ranking_only,F0,combined,0.0,0,0.5182603133994244,False,0.3153864921539277,0.3153864921539277
2024-08-05_04,7,4,ranking_only,F0,combined,0.0,0,0.31659737767828594,False,0.18823972425157046,0.18823972425157046
2024-08-05_05,7,5,ranking_only,F0,combined,0.0,0,0.15299008634473937,False,0.08266332488115093,0.08266332488115093
2024-08-05_06,7,6,ranking_only,F0,combined,0.0,0,0.2362647905340582,False,0.12691229969881543,0.12691229969881543
2024-08-05_01,7,1,direct_substitution,F0,combined,0.0,0,0.6847457627118644,False,0.15908732850929763,0.15908732850929763
2024-08-05_02,7,2,direct_substitution,F0,combined,0.0,0,0.3537575951391109,False,0.06268109902453657,0.06268109902453657
2024-08-05_03,7,3,direct_substitution,F0,combined,0.0,0,0.5182603133994244,False,0.3153864921539277,0.3153864921539277
2024-08-05_04,7,4,direct_substitution,F0,combined,0.0,0,0.31659737767828594,False,0.18823972425157046,0.18823972425157046
2024-08-05_05,7,5,direct_substitution,F0,combined,0.0,0,0.15299008634473937,False,0.08266332488115093,0.08266332488115093
2024-08-05_06,7,6,direct_substitution,F0,combined,0.0,0,0.2362647905340582,False,0.12691229969881543,0.12691229969881543
2024-08-05_01,7,1,ranking_only,F0,validated_combined,0.0,0,0.6847457627118644,False,0.15908732850929763,0.15908732850929763
2024-08-05_02,7,2,ranking_only,F0,validated_combined,0.0,0,0.3537575951391109,False,0.06268109902453657,0.06268109902453657
2024-08-05_03,7,3,ranking_only,F0,validated_combined,0.0,0,0.5182603133994244,False,0.3153864921539277,0.3153864921539277
2024-08-05_04,7,4,ranking_only,F0,validated_combined,0.0,0,0.31659737767828594,False,0.18823972425157046,0.18823972425157046
2024-08-05_05,7,5,ranking_only,F0,validated_combined,0.0,0,0.15299008634473937,False,0.08266332488115093,0.08266332488115093
2024-08-05_06,7,6,ranking_only,F0,validated_combined,0.0,0,0.2362647905340582,False,0.12691229969881543,0.12691229969881543
2024-08-05_01,7,1,direct_substitution,F0,validated_combined,0.0,0,0.6847457627118644,False,0.15908732850929763,0.15908732850929763
2024-08-05_02,7,2,direct_substitution,F0,validated_combined,0.0,0,0.3537575951391109,False,0.06268109902453657,0.06268109902453657
2024-08-05_03,7,3,direct_substitution,F0,validated_combined,0.0,0,0.5182603133994244,False,0.3153864921539277,0.3153864921539277
2024-08-05_04,7,4,direct_substitution,F0,validated_combined,0.0,0,0.31659737767828594,False,0.18823972425157046,0.18823972425157046
2024-08-05_05,7,5,direct_substitution,F0,validated_combined,0.0,0,0.15299008634473937,False,0.08266332488115093,0.08266332488115093
2024-08-05_06,7,6,direct_substitution,F0,validated_combined,0.0,0,0.2362647905340582,False,0.12691229969881543,0.12691229969881543
2024-08-05_01,7,1,ranking_only,F0,oracle,0.0,0,0.6666666666666666,False,0.15908732850929763,0.15908732850929763
2024-08-05_02,7,2,ranking_only,F0,oracle,0.0,0,0.16666666666666666,False,0.06268109902453657,0.06268109902453657
2024-08-05_03,7,3,ranking_only,F0,oracle,0.0,0,1.0,False,0.3153864921539277,0.3153864921539277
2024-08-05_04,7,4,ranking_only,F0,oracle,0.0,0,0.8333333333333334,False,0.18823972425157046,0.18823972425157046
2024-08-05_05,7,5,ranking_only,F0,oracle,0.0,0,0.3333333333333333,False,0.08266332488115093,0.08266332488115093
2024-08-05_06,7,6,ranking_only,F0,oracle,0.0,0,0.5,False,0.12691229969881543,0.12691229969881543
2024-08-05_01,7,1,direct_substitution,F0,oracle,0.0,0,0.6666666666666666,False,0.15908732850929763,0.15908732850929763
2024-08-05_02,7,2,direct_substitution,F0,oracle,0.0,0,0.16666666666666666,False,0.06268109902453657,0.06268109902453657
2024-08-05_03,7,3,direct_substitution,F0,oracle,0.0,0,1.0,False,0.3153864921539277,0.3153864921539277
2024-08-05_04,7,4,direct_substitution,F0,oracle,0.0,0,0.8333333333333334,False,0.18823972425157046,0.18823972425157046
2024-08-05_05,7,5,direct_substitution,F0,oracle,0.0,0,0.3333333333333333,False,0.08266332488115093,0.08266332488115093
2024-08-05_06,7,6,direct_substitution,F0,oracle,0.0,0,0.5,False,0.12691229969881543,0.12691229969881543
2024-08-05_01,7,1,causal_feedback,F0,combined,0.0,0,0.6847457627118644,False,0.15908732850929763,0.15908732850929763
2024-08-05_02,7,2,causal_feedback,F0,combined,0.0,0,0.3537575951391109,False,0.06268109902453657,0.06268109902453657
2024-08-05_03,7,3,causal_feedback,F0,combined,0.0,0,0.5182603133994244,False,0.3153864921539277,0.3153864921539277
2024-08-05_04,7,4,causal_feedback,F0,combined,0.0,0,0.31659737767828594,False,0.18823972425157046,0.18823972425157046
2024-08-05_05,7,5,causal_feedback,F0,combined,0.0,0,0.15299008634473937,False,0.08266332488115093,0.08266332488115093
2024-08-05_06,7,6,causal_feedback,F0,combined,0.0,0,0.2362647905340582,False,0.12691229969881543,0.12691229969881543
2024-08-05_01,7,1,causal_feedback,F1,combined,0.0,0,0.6847457627118644,False,0.15908732850929763,0.15908732850929763
2024-08-05_02,7,2,causal_feedback,F1,combined,0.0,0,0.3537575951391109,False,0.06268109902453657,0.06268109902453657
2024-08-05_03,7,3,causal_feedback,F1,combined,0.0,0,0.5182603133994244,False,0.3153864921539277,0.3153864921539277
2024-08-05_04,7,4,causal_feedback,F1,combined,0.0,0,0.31659737767828594,False,0.18823972425157046,0.18823972425157046
2024-08-05_05,7,5,causal_feedback,F1,combined,0.0,0,0.15299008634473937,False,0.08266332488115093,0.08266332488115093
2024-08-05_06,7,6,causal_feedback,F1,combined,0.0,0,0.2362647905340582,False,0.12691229969881543,0.12691229969881543
2024-08-05_01,7,1,causal_feedback,F2,combined,0.0,0,0.6847457627118644,False,0.15908732850929763,0.15908732850929763
2024-08-05_02,7,2,causal_feedback,F2,combined,0.0,0,0.3537575951391109,False,0.06268109902453657,0.06268109902453657
2024-08-05_03,7,3,causal_feedback,F2,combined,0.0,0,0.5182603133994244,False,0.3153864921539277,0.3153864921539277
2024-08-05_04,7,4,causal_feedback,F2,combined,0.0,0,0.31659737767828594,False,0.18823972425157046,0.18823972425157046
2024-08-05_05,7,5,causal_feedback,F2,combined,0.0,0,0.15299008634473937,False,0.08266332488115093,0.08266332488115093
2024-08-05_06,7,6,causal_feedback,F2,combined,0.0,0,0.2362647905340582,False,0.12691229969881543,0.12691229969881543
2024-08-05_01,7,1,causal_feedback,F3,combined,0.0,0,0.6847457627118644,False,0.15908732850929763,0.15908732850929763
2024-08-05_02,7,2,causal_feedback,F3,combined,0.0,0,0.3537575951391109,False,0.06268109902453657,0.06268109902453657
2024-08-05_03,7,3,causal_feedback,F3,combined,0.0,0,0.5182603133994244,False,0.3153864921539277,0.3153864921539277
2024-08-05_04,7,4,causal_feedback,F3,combined,0.0,0,0.31659737767828594,False,0.18823972425157046,0.18823972425157046
2024-08-05_05,7,5,causal_feedback,F3,combined,0.0,0,0.15299008634473937,False,0.08266332488115093,0.08266332488115093
2024-08-05_06,7,6,causal_feedback,F3,combined,0.0,0,0.2362647905340582,False,0.12691229969881543,0.12691229969881543
2024-08-05_01,7,1,ranking_only,F0,no_metrology,0.1,0,,False,0.15908732850929763,0.15908732850929763
2024-08-05_02,7,2,ranking_only,F0,no_metrology,0.1,0,,False,0.06268109902453657,0.06268109902453657
2024-08-05_03,7,3,ranking_only,F0,no_metrology,0.1,0,,False,0.3153864921539277,0.3153864921539277
2024-08-05_04,7,4,ranking_only,F0,no_metrology,0.1,0,,False,0.18823972425157046,0.18823972425157046
2024-08-05_05,7,5,ranking_only,F0,no_metrology,0.1,0,,False,0.08266332488115093,0.08266332488115093
2024-08-05_06,7,6,ranking_only,F0,no_metrology,0.1,0,,False,0.12691229969881543,0.12691229969881543
2024-08-05_01,7,1,direct_substitution,F0,no_metrology,0.1,0,,False,0.15908732850929763,0.15908732850929763
2024-08-05_02,7,2,direct_substitution,F0,no_metrology,0.1,0,,False,0.06268109902453657,0.06268109902453657
2024-08-05_03,7,3,direct_substitution,F0,no_metrology,0.1,0,,False,0.3153864921539277,0.3153864921539277
2024-08-05_04,7,4,direct_substitution,F0,no_metrology,0.1,0,,False,0.18823972425157046,0.18823972425157046
2024-08-05_05,7,5,direct_substitution,F0,no_metrology,0.1,0,,False,0.08266332488115093,0.08266332488115093
2024-08-05_06,7,6,direct_substitution,F0,no_metrology,0.1,0,,False,0.12691229969881543,0.12691229969881543
2024-08-05_01,7,1,ranking_only,F0,periodic,0.1,0,,True,0.15908732850929763,0.0
2024-08-05_02,7,2,ranking_only,F0,periodic,0.1,0,,False,0.06268109902453657,0.06268109902453657
2024-08-05_03,7,3,ranking_only,F0,periodic,0.1,0,,False,0.3153864921539277,0.3153864921539277
2024-08-05_04,7,4,ranking_only,F0,periodic,0.1,0,,False,0.18823972425157046,0.18823972425157046
2024-08-05_05,7,5,ranking_only,F0,periodic,0.1,0,,False,0.08266332488115093,0.08266332488115093
2024-08-05_06,7,6,ranking_only,F0,periodic,0.1,0,,False,0.12691229969881543,0.12691229969881543
2024-08-05_01,7,1,direct_substitution,F0,periodic,0.1,0,,True,0.15908732850929763,0.0
2024-08-05_02,7,2,direct_substitution,F0,periodic,0.1,0,,False,0.06268109902453657,0.06268109902453657
2024-08-05_03,7,3,direct_substitution,F0,periodic,0.1,0,,False,0.3153864921539277,0.3153864921539277
2024-08-05_04,7,4,direct_substitution,F0,periodic,0.1,0,,False,0.18823972425157046,0.18823972425157046
2024-08-05_05,7,5,direct_substitution,F0,periodic,0.1,0,,False,0.08266332488115093,0.08266332488115093
2024-08-05_06,7,6,direct_substitution,F0,periodic,0.1,0,,False,0.12691229969881543,0.12691229969881543
2024-08-05_01,7,1,ranking_only,F0,ood,0.1,0,0.7796610169491526,True,0.15908732850929763,0.0
2024-08-05_02,7,2,ranking_only,F0,ood,0.1,0,0.4745762711864407,False,0.06268109902453657,0.06268109902453657
2024-08-05_03,7,3,ranking_only,F0,ood,0.1,0,0.6271186440677966,False,0.3153864921539277,0.3153864921539277
2024-08-05_04,7,4,ranking_only,F0,ood,0.1,0,0.4745762711864407,False,0.18823972425157046,0.18823972425157046
2024-08-05_05,7,5,ranking_only,F0,ood,0.1,0,0.3389830508474576,False,0.08266332488115093,0.08266332488115093
2024-08-05_06,7,6,ranking_only,F0,ood,0.1,0,0.3728813559322034,False,0.12691229969881543,0.12691229969881543
2024-08-05_01,7,1,direct_substitution,F0,ood,0.1,0,0.7796610169491526,False,0.15908732850929763,0.15908732850929763
2024-08-05_02,7,2,direct_substitution,F0,ood,0.1,0,0.4745762711864407,False,0.06268109902453657,0.06268109902453657
2024-08-05_03,7,3,direct_substitution,F0,ood,0.1,0,0.6271186440677966,False,0.3153864921539277,0.3153864921539277
2024-08-05_04,7,4,direct_substitution,F0,ood,0.1,0,0.4745762711864407,False,0.18823972425157046,0.18823972425157046
2024-08-05_05,7,5,direct_substitution,F0,ood,0.1,0,0.3389830508474576,False,0.08266332488115093,0.08266332488115093
2024-08-05_06,7,6,direct_substitution,F0,ood,0.1,0,0.3728813559322034,True,0.12691229969881543,0.0
2024-08-05_01,7,1,ranking_only,F0,disagreement,0.1,0,0.8983050847457628,True,0.15908732850929763,0.0
2024-08-05_02,7,2,ranking_only,F0,disagreement,0.1,0,0.01694915254237288,False,0.06268109902453657,0.06268109902453657
2024-08-05_03,7,3,ranking_only,F0,disagreement,0.1,0,0.6779661016949152,False,0.3153864921539277,0.3153864921539277
2024-08-05_04,7,4,ranking_only,F0,disagreement,0.1,0,0.5254237288135594,False,0.18823972425157046,0.18823972425157046
2024-08-05_05,7,5,ranking_only,F0,disagreement,0.1,0,0.1694915254237288,False,0.08266332488115093,0.08266332488115093
2024-08-05_06,7,6,ranking_only,F0,disagreement,0.1,0,0.2542372881355932,False,0.12691229969881543,0.12691229969881543
2024-08-05_01,7,1,direct_substitution,F0,disagreement,0.1,0,0.8983050847457628,False,0.15908732850929763,0.15908732850929763
2024-08-05_02,7,2,direct_substitution,F0,disagreement,0.1,0,0.01694915254237288,False,0.06268109902453657,0.06268109902453657
2024-08-05_03,7,3,direct_substitution,F0,disagreement,0.1,0,0.6779661016949152,False,0.3153864921539277,0.3153864921539277
2024-08-05_04,7,4,direct_substitution,F0,disagreement,0.1,0,0.5254237288135594,False,0.18823972425157046,0.18823972425157046
2024-08-05_05,7,5,direct_substitution,F0,disagreement,0.1,0,0.1694915254237288,False,0.08266332488115093,0.08266332488115093
2024-08-05_06,7,6,direct_substitution,F0,disagreement,0.1,0,0.2542372881355932,True,0.12691229969881543,0.0
2024-08-05_01,7,1,ranking_only,F0,combined,0.1,0,0.6847457627118644,True,0.15908732850929763,0.0
2024-08-05_02,7,2,ranking_only,F0,combined,0.1,0,0.3537575951391109,False,0.06268109902453657,0.06268109902453657
2024-08-05_03,7,3,ranking_only,F0,combined,0.1,0,0.5182603133994244,False,0.3153864921539277,0.3153864921539277
2024-08-05_04,7,4,ranking_only,F0,combined,0.1,0,0.31659737767828594,False,0.18823972425157046,0.18823972425157046
2024-08-05_05,7,5,ranking_only,F0,combined,0.1,0,0.15299008634473937,False,0.08266332488115093,0.08266332488115093
2024-08-05_06,7,6,ranking_only,F0,combined,0.1,0,0.2362647905340582,False,0.12691229969881543,0.12691229969881543
2024-08-05_01,7,1,direct_substitution,F0,combined,0.1,0,0.6847457627118644,False,0.15908732850929763,0.15908732850929763
2024-08-05_02,7,2,direct_substitution,F0,combined,0.1,0,0.3537575951391109,False,0.06268109902453657,0.06268109902453657
2024-08-05_03,7,3,direct_substitution,F0,combined,0.1,0,0.5182603133994244,False,0.3153864921539277,0.3153864921539277
2024-08-05_04,7,4,direct_substitution,F0,combined,0.1,0,0.31659737767828594,False,0.18823972425157046,0.18823972425157046
2024-08-05_05,7,5,direct_substitution,F0,combined,0.1,0,0.15299008634473937,False,0.08266332488115093,0.08266332488115093
2024-08-05_06,7,6,direct_substitution,F0,combined,0.1,0,0.2362647905340582,True,0.12691229969881543,0.0
2024-08-05_01,7,1,ranking_only,F0,validated_combined,0.1,0,0.6847457627118644,True,0.15908732850929763,0.0
2024-08-05_02,7,2,ranking_only,F0,validated_combined,0.1,0,0.3537575951391109,False,0.06268109902453657,0.06268109902453657
2024-08-05_03,7,3,ranking_only,F0,validated_combined,0.1,0,0.5182603133994244,False,0.3153864921539277,0.3153864921539277
2024-08-05_04,7,4,ranking_only,F0,validated_combined,0.1,0,0.31659737767828594,False,0.18823972425157046,0.18823972425157046
2024-08-05_05,7,5,ranking_only,F0,validated_combined,0.1,0,0.15299008634473937,False,0.08266332488115093,0.08266332488115093
2024-08-05_06,7,6,ranking_only,F0,validated_combined,0.1,0,0.2362647905340582,False,0.12691229969881543,0.12691229969881543
2024-08-05_01,7,1,direct_substitution,F0,validated_combined,0.1,0,0.6847457627118644,False,0.15908732850929763,0.15908732850929763
2024-08-05_02,7,2,direct_substitution,F0,validated_combined,0.1,0,0.3537575951391109,False,0.06268109902453657,0.06268109902453657
2024-08-05_03,7,3,direct_substitution,F0,validated_combined,0.1,0,0.5182603133994244,False,0.3153864921539277,0.3153864921539277
2024-08-05_04,7,4,direct_substitution,F0,validated_combined,0.1,0,0.31659737767828594,False,0.18823972425157046,0.18823972425157046
2024-08-05_05,7,5,direct_substitution,F0,validated_combined,0.1,0,0.15299008634473937,False,0.08266332488115093,0.08266332488115093
2024-08-05_06,7,6,direct_substitution,F0,validated_combined,0.1,0,0.2362647905340582,True,0.12691229969881543,0.0
2024-08-05_01,7,1,ranking_only,F0,oracle,0.1,0,0.6666666666666666,False,0.15908732850929763,0.15908732850929763
2024-08-05_02,7,2,ranking_only,F0,oracle,0.1,0,0.16666666666666666,False,0.06268109902453657,0.06268109902453657
2024-08-05_03,7,3,ranking_only,F0,oracle,0.1,0,1.0,True,0.3153864921539277,0.0
2024-08-05_04,7,4,ranking_only,F0,oracle,0.1,0,0.8333333333333334,False,0.18823972425157046,0.18823972425157046
2024-08-05_05,7,5,ranking_only,F0,oracle,0.1,0,0.3333333333333333,False,0.08266332488115093,0.08266332488115093
2024-08-05_06,7,6,ranking_only,F0,oracle,0.1,0,0.5,False,0.12691229969881543,0.12691229969881543
2024-08-05_01,7,1,direct_substitution,F0,oracle,0.1,0,0.6666666666666666,False,0.15908732850929763,0.15908732850929763
2024-08-05_02,7,2,direct_substitution,F0,oracle,0.1,0,0.16666666666666666,False,0.06268109902453657,0.06268109902453657
2024-08-05_03,7,3,direct_substitution,F0,oracle,0.1,0,1.0,True,0.3153864921539277,0.0
2024-08-05_04,7,4,direct_substitution,F0,oracle,0.1,0,0.8333333333333334,False,0.18823972425157046,0.18823972425157046
2024-08-05_05,7,5,direct_substitution,F0,oracle,0.1,0,0.3333333333333333,False,0.08266332488115093,0.08266332488115093
2024-08-05_06,7,6,direct_substitution,F0,oracle,0.1,0,0.5,False,0.12691229969881543,0.12691229969881543
2024-08-05_01,7,1,causal_feedback,F0,combined,0.1,0,0.6847457627118644,False,0.15908732850929763,0.15908732850929763
2024-08-05_02,7,2,causal_feedback,F0,combined,0.1,0,0.3537575951391109,False,0.06268109902453657,0.06268109902453657
2024-08-05_03,7,3,causal_feedback,F0,combined,0.1,0,0.5182603133994244,False,0.3153864921539277,0.3153864921539277
2024-08-05_04,7,4,causal_feedback,F0,combined,0.1,0,0.31659737767828594,False,0.18823972425157046,0.18823972425157046
2024-08-05_05,7,5,causal_feedback,F0,combined,0.1,0,0.15299008634473937,False,0.08266332488115093,0.08266332488115093
2024-08-05_06,7,6,causal_feedback,F0,combined,0.1,0,0.2362647905340582,True,0.12691229969881543,0.0
2024-08-05_01,7,1,causal_feedback,F1,combined,0.1,0,0.6847457627118644,False,0.15908732850929763,0.15908732850929763
2024-08-05_02,7,2,causal_feedback,F1,combined,0.1,0,0.3537575951391109,False,0.06268109902453657,0.06268109902453657
2024-08-05_03,7,3,causal_feedback,F1,combined,0.1,0,0.5182603133994244,False,0.3153864921539277,0.3153864921539277
2024-08-05_04,7,4,causal_feedback,F1,combined,0.1,0,0.31659737767828594,False,0.18823972425157046,0.18823972425157046
2024-08-05_05,7,5,causal_feedback,F1,combined,0.1,0,0.15299008634473937,False,0.08266332488115093,0.08266332488115093
2024-08-05_06,7,6,causal_feedback,F1,combined,0.1,0,0.2362647905340582,True,0.12691229969881543,0.0
2024-08-05_01,7,1,causal_feedback,F2,combined,0.1,0,0.6847457627118644,False,0.15908732850929763,0.15908732850929763
2024-08-05_02,7,2,causal_feedback,F2,combined,0.1,0,0.3537575951391109,False,0.06268109902453657,0.06268109902453657
2024-08-05_03,7,3,causal_feedback,F2,combined,0.1,0,0.5182603133994244,False,0.3153864921539277,0.3153864921539277
2024-08-05_04,7,4,causal_feedback,F2,combined,0.1,0,0.31659737767828594,False,0.18823972425157046,0.18823972425157046
2024-08-05_05,7,5,causal_feedback,F2,combined,0.1,0,0.15299008634473937,False,0.08266332488115093,0.08266332488115093
2024-08-05_06,7,6,causal_feedback,F2,combined,0.1,0,0.2362647905340582,True,0.12691229969881543,0.0
2024-08-05_01,7,1,causal_feedback,F3,combined,0.1,0,0.6847457627118644,False,0.15908732850929763,0.15908732850929763
2024-08-05_02,7,2,causal_feedback,F3,combined,0.1,0,0.3537575951391109,False,0.06268109902453657,0.06268109902453657
2024-08-05_03,7,3,causal_feedback,F3,combined,0.1,0,0.5182603133994244,False,0.3153864921539277,0.3153864921539277
2024-08-05_04,7,4,causal_feedback,F3,combined,0.1,0,0.31659737767828594,False,0.18823972425157046,0.18823972425157046
2024-08-05_05,7,5,causal_feedback,F3,combined,0.1,0,0.15299008634473937,False,0.08266332488115093,0.08266332488115093
2024-08-05_06,7,6,causal_feedback,F3,combined,0.1,0,0.2362647905340582,True,0.12691229969881543,0.0
2024-08-05_01,7,1,ranking_only,F0,no_metrology,0.2,0,,False,0.15908732850929763,0.15908732850929763
2024-08-05_02,7,2,ranking_only,F0,no_metrology,0.2,0,,False,0.06268109902453657,0.06268109902453657
2024-08-05_03,7,3,ranking_only,F0,no_metrology,0.2,0,,False,0.3153864921539277,0.3153864921539277
2024-08-05_04,7,4,ranking_only,F0,no_metrology,0.2,0,,False,0.18823972425157046,0.18823972425157046
2024-08-05_05,7,5,ranking_only,F0,no_metrology,0.2,0,,False,0.08266332488115093,0.08266332488115093
2024-08-05_06,7,6,ranking_only,F0,no_metrology,0.2,0,,False,0.12691229969881543,0.12691229969881543
2024-08-05_01,7,1,direct_substitution,F0,no_metrology,0.2,0,,False,0.15908732850929763,0.15908732850929763
2024-08-05_02,7,2,direct_substitution,F0,no_metrology,0.2,0,,False,0.06268109902453657,0.06268109902453657
2024-08-05_03,7,3,direct_substitution,F0,no_metrology,0.2,0,,False,0.3153864921539277,0.3153864921539277
2024-08-05_04,7,4,direct_substitution,F0,no_metrology,0.2,0,,False,0.18823972425157046,0.18823972425157046
2024-08-05_05,7,5,direct_substitution,F0,no_metrology,0.2,0,,False,0.08266332488115093,0.08266332488115093
2024-08-05_06,7,6,direct_substitution,F0,no_metrology,0.2,0,,False,0.12691229969881543,0.12691229969881543
2024-08-05_01,7,1,ranking_only,F0,periodic,0.2,0,,True,0.15908732850929763,0.0
2024-08-05_02,7,2,ranking_only,F0,periodic,0.2,0,,False,0.06268109902453657,0.06268109902453657
2024-08-05_03,7,3,ranking_only,F0,periodic,0.2,0,,False,0.3153864921539277,0.3153864921539277
2024-08-05_04,7,4,ranking_only,F0,periodic,0.2,0,,False,0.18823972425157046,0.18823972425157046
2024-08-05_05,7,5,ranking_only,F0,periodic,0.2,0,,False,0.08266332488115093,0.08266332488115093
2024-08-05_06,7,6,ranking_only,F0,periodic,0.2,0,,False,0.12691229969881543,0.12691229969881543
2024-08-05_01,7,1,direct_substitution,F0,periodic,0.2,0,,True,0.15908732850929763,0.0
2024-08-05_02,7,2,direct_substitution,F0,periodic,0.2,0,,False,0.06268109902453657,0.06268109902453657
2024-08-05_03,7,3,direct_substitution,F0,periodic,0.2,0,,False,0.3153864921539277,0.3153864921539277
2024-08-05_04,7,4,direct_substitution,F0,periodic,0.2,0,,False,0.18823972425157046,0.18823972425157046
2024-08-05_05,7,5,direct_substitution,F0,periodic,0.2,0,,False,0.08266332488115093,0.08266332488115093
2024-08-05_06,7,6,direct_substitution,F0,periodic,0.2,0,,False,0.12691229969881543,0.12691229969881543
2024-08-05_01,7,1,ranking_only,F0,ood,0.2,0,0.7796610169491526,True,0.15908732850929763,0.0
2024-08-05_02,7,2,ranking_only,F0,ood,0.2,0,0.4745762711864407,False,0.06268109902453657,0.06268109902453657
2024-08-05_03,7,3,ranking_only,F0,ood,0.2,0,0.6271186440677966,False,0.3153864921539277,0.3153864921539277
2024-08-05_04,7,4,ranking_only,F0,ood,0.2,0,0.4745762711864407,False,0.18823972425157046,0.18823972425157046
2024-08-05_05,7,5,ranking_only,F0,ood,0.2,0,0.3389830508474576,False,0.08266332488115093,0.08266332488115093
2024-08-05_06,7,6,ranking_only,F0,ood,0.2,0,0.3728813559322034,False,0.12691229969881543,0.12691229969881543
2024-08-05_01,7,1,direct_substitution,F0,ood,0.2,0,0.7796610169491526,False,0.15908732850929763,0.15908732850929763
2024-08-05_02,7,2,direct_substitution,F0,ood,0.2,0,0.4745762711864407,False,0.06268109902453657,0.06268109902453657
2024-08-05_03,7,3,direct_substitution,F0,ood,0.2,0,0.6271186440677966,False,0.3153864921539277,0.3153864921539277
2024-08-05_04,7,4,direct_substitution,F0,ood,0.2,0,0.4745762711864407,False,0.18823972425157046,0.18823972425157046
2024-08-05_05,7,5,direct_substitution,F0,ood,0.2,0,0.3389830508474576,False,0.08266332488115093,0.08266332488115093
2024-08-05_06,7,6,direct_substitution,F0,ood,0.2,0,0.3728813559322034,True,0.12691229969881543,0.0
2024-08-05_01,7,1,ranking_only,F0,disagreement,0.2,0,0.8983050847457628,True,0.15908732850929763,0.0
2024-08-05_02,7,2,ranking_only,F0,disagreement,0.2,0,0.01694915254237288,False,0.06268109902453657,0.06268109902453657
2024-08-05_03,7,3,ranking_only,F0,disagreement,0.2,0,0.6779661016949152,False,0.3153864921539277,0.3153864921539277
2024-08-05_04,7,4,ranking_only,F0,disagreement,0.2,0,0.5254237288135594,False,0.18823972425157046,0.18823972425157046
2024-08-05_05,7,5,ranking_only,F0,disagreement,0.2,0,0.1694915254237288,False,0.08266332488115093,0.08266332488115093
2024-08-05_06,7,6,ranking_only,F0,disagreement,0.2,0,0.2542372881355932,False,0.12691229969881543,0.12691229969881543
2024-08-05_01,7,1,direct_substitution,F0,disagreement,0.2,0,0.8983050847457628,True,0.15908732850929763,0.0
2024-08-05_02,7,2,direct_substitution,F0,disagreement,0.2,0,0.01694915254237288,False,0.06268109902453657,0.06268109902453657
2024-08-05_03,7,3,direct_substitution,F0,disagreement,0.2,0,0.6779661016949152,False,0.3153864921539277,0.3153864921539277
2024-08-05_04,7,4,direct_substitution,F0,disagreement,0.2,0,0.5254237288135594,False,0.18823972425157046,0.18823972425157046
2024-08-05_05,7,5,direct_substitution,F0,disagreement,0.2,0,0.1694915254237288,False,0.08266332488115093,0.08266332488115093
2024-08-05_06,7,6,direct_substitution,F0,disagreement,0.2,0,0.2542372881355932,False,0.12691229969881543,0.12691229969881543
2024-08-05_01,7,1,ranking_only,F0,combined,0.2,0,0.6847457627118644,True,0.15908732850929763,0.0
2024-08-05_02,7,2,ranking_only,F0,combined,0.2,0,0.3537575951391109,False,0.06268109902453657,0.06268109902453657
2024-08-05_03,7,3,ranking_only,F0,combined,0.2,0,0.5182603133994244,False,0.3153864921539277,0.3153864921539277
2024-08-05_04,7,4,ranking_only,F0,combined,0.2,0,0.31659737767828594,False,0.18823972425157046,0.18823972425157046
2024-08-05_05,7,5,ranking_only,F0,combined,0.2,0,0.15299008634473937,False,0.08266332488115093,0.08266332488115093
2024-08-05_06,7,6,ranking_only,F0,combined,0.2,0,0.2362647905340582,False,0.12691229969881543,0.12691229969881543
2024-08-05_01,7,1,direct_substitution,F0,combined,0.2,0,0.6847457627118644,False,0.15908732850929763,0.15908732850929763
2024-08-05_02,7,2,direct_substitution,F0,combined,0.2,0,0.3537575951391109,False,0.06268109902453657,0.06268109902453657
2024-08-05_03,7,3,direct_substitution,F0,combined,0.2,0,0.5182603133994244,False,0.3153864921539277,0.3153864921539277
2024-08-05_04,7,4,direct_substitution,F0,combined,0.2,0,0.31659737767828594,False,0.18823972425157046,0.18823972425157046
2024-08-05_05,7,5,direct_substitution,F0,combined,0.2,0,0.15299008634473937,False,0.08266332488115093,0.08266332488115093
2024-08-05_06,7,6,direct_substitution,F0,combined,0.2,0,0.2362647905340582,True,0.12691229969881543,0.0
2024-08-05_01,7,1,ranking_only,F0,validated_combined,0.2,0,0.6847457627118644,True,0.15908732850929763,0.0
2024-08-05_02,7,2,ranking_only,F0,validated_combined,0.2,0,0.3537575951391109,False,0.06268109902453657,0.06268109902453657
2024-08-05_03,7,3,ranking_only,F0,validated_combined,0.2,0,0.5182603133994244,False,0.3153864921539277,0.3153864921539277
2024-08-05_04,7,4,ranking_only,F0,validated_combined,0.2,0,0.31659737767828594,False,0.18823972425157046,0.18823972425157046
2024-08-05_05,7,5,ranking_only,F0,validated_combined,0.2,0,0.15299008634473937,False,0.08266332488115093,0.08266332488115093
2024-08-05_06,7,6,ranking_only,F0,validated_combined,0.2,0,0.2362647905340582,False,0.12691229969881543,0.12691229969881543
2024-08-05_01,7,1,direct_substitution,F0,validated_combined,0.2,0,0.6847457627118644,False,0.15908732850929763,0.15908732850929763
2024-08-05_02,7,2,direct_substitution,F0,validated_combined,0.2,0,0.3537575951391109,False,0.06268109902453657,0.06268109902453657
2024-08-05_03,7,3,direct_substitution,F0,validated_combined,0.2,0,0.5182603133994244,False,0.3153864921539277,0.3153864921539277
2024-08-05_04,7,4,direct_substitution,F0,validated_combined,0.2,0,0.31659737767828594,False,0.18823972425157046,0.18823972425157046
2024-08-05_05,7,5,direct_substitution,F0,validated_combined,0.2,0,0.15299008634473937,False,0.08266332488115093,0.08266332488115093
2024-08-05_06,7,6,direct_substitution,F0,validated_combined,0.2,0,0.2362647905340582,True,0.12691229969881543,0.0
2024-08-05_01,7,1,ranking_only,F0,oracle,0.2,0,0.6666666666666666,False,0.15908732850929763,0.15908732850929763
2024-08-05_02,7,2,ranking_only,F0,oracle,0.2,0,0.16666666666666666,False,0.06268109902453657,0.06268109902453657
2024-08-05_03,7,3,ranking_only,F0,oracle,0.2,0,1.0,True,0.3153864921539277,0.0
2024-08-05_04,7,4,ranking_only,F0,oracle,0.2,0,0.8333333333333334,False,0.18823972425157046,0.18823972425157046
2024-08-05_05,7,5,ranking_only,F0,oracle,0.2,0,0.3333333333333333,False,0.08266332488115093,0.08266332488115093
2024-08-05_06,7,6,ranking_only,F0,oracle,0.2,0,0.5,False,0.12691229969881543,0.12691229969881543
2024-08-05_01,7,1,direct_substitution,F0,oracle,0.2,0,0.6666666666666666,False,0.15908732850929763,0.15908732850929763
2024-08-05_02,7,2,direct_substitution,F0,oracle,0.2,0,0.16666666666666666,False,0.06268109902453657,0.06268109902453657
2024-08-05_03,7,3,direct_substitution,F0,oracle,0.2,0,1.0,True,0.3153864921539277,0.0
2024-08-05_04,7,4,direct_substitution,F0,oracle,0.2,0,0.8333333333333334,False,0.18823972425157046,0.18823972425157046
2024-08-05_05,7,5,direct_substitution,F0,oracle,0.2,0,0.3333333333333333,False,0.08266332488115093,0.08266332488115093
2024-08-05_06,7,6,direct_substitution,F0,oracle,0.2,0,0.5,False,0.12691229969881543,0.12691229969881543
2024-08-05_01,7,1,causal_feedback,F0,combined,0.2,0,0.6847457627118644,False,0.15908732850929763,0.15908732850929763
2024-08-05_02,7,2,causal_feedback,F0,combined,0.2,0,0.3537575951391109,False,0.06268109902453657,0.06268109902453657
2024-08-05_03,7,3,causal_feedback,F0,combined,0.2,0,0.5182603133994244,False,0.3153864921539277,0.3153864921539277
2024-08-05_04,7,4,causal_feedback,F0,combined,0.2,0,0.31659737767828594,False,0.18823972425157046,0.18823972425157046
2024-08-05_05,7,5,causal_feedback,F0,combined,0.2,0,0.15299008634473937,False,0.08266332488115093,0.08266332488115093
2024-08-05_06,7,6,causal_feedback,F0,combined,0.2,0,0.2362647905340582,True,0.12691229969881543,0.0
2024-08-05_01,7,1,causal_feedback,F1,combined,0.2,0,0.6847457627118644,False,0.15908732850929763,0.15908732850929763
2024-08-05_02,7,2,causal_feedback,F1,combined,0.2,0,0.3537575951391109,False,0.06268109902453657,0.06268109902453657
2024-08-05_03,7,3,causal_feedback,F1,combined,0.2,0,0.5182603133994244,False,0.3153864921539277,0.3153864921539277
2024-08-05_04,7,4,causal_feedback,F1,combined,0.2,0,0.31659737767828594,False,0.18823972425157046,0.18823972425157046
2024-08-05_05,7,5,causal_feedback,F1,combined,0.2,0,0.15299008634473937,False,0.08266332488115093,0.08266332488115093
2024-08-05_06,7,6,causal_feedback,F1,combined,0.2,0,0.2362647905340582,True,0.12691229969881543,0.0
2024-08-05_01,7,1,causal_feedback,F2,combined,0.2,0,0.6847457627118644,False,0.15908732850929763,0.15908732850929763
2024-08-05_02,7,2,causal_feedback,F2,combined,0.2,0,0.3537575951391109,False,0.06268109902453657,0.06268109902453657
2024-08-05_03,7,3,causal_feedback,F2,combined,0.2,0,0.5182603133994244,False,0.3153864921539277,0.3153864921539277
2024-08-05_04,7,4,causal_feedback,F2,combined,0.2,0,0.31659737767828594,False,0.18823972425157046,0.18823972425157046
2024-08-05_05,7,5,causal_feedback,F2,combined,0.2,0,0.15299008634473937,False,0.08266332488115093,0.08266332488115093
2024-08-05_06,7,6,causal_feedback,F2,combined,0.2,0,0.2362647905340582,True,0.12691229969881543,0.0
2024-08-05_01,7,1,causal_feedback,F3,combined,0.2,0,0.6847457627118644,False,0.15908732850929763,0.15908732850929763
2024-08-05_02,7,2,causal_feedback,F3,combined,0.2,0,0.3537575951391109,False,0.06268109902453657,0.06268109902453657
2024-08-05_03,7,3,causal_feedback,F3,combined,0.2,0,0.5182603133994244,False,0.3153864921539277,0.3153864921539277
2024-08-05_04,7,4,causal_feedback,F3,combined,0.2,0,0.31659737767828594,False,0.18823972425157046,0.18823972425157046
2024-08-05_05,7,5,causal_feedback,F3,combined,0.2,0,0.15299008634473937,False,0.08266332488115093,0.08266332488115093
2024-08-05_06,7,6,causal_feedback,F3,combined,0.2,0,0.2362647905340582,True,0.12691229969881543,0.0
2024-08-05_01,7,1,ranking_only,F0,no_metrology,0.3,0,,False,0.15908732850929763,0.15908732850929763
2024-08-05_02,7,2,ranking_only,F0,no_metrology,0.3,0,,False,0.06268109902453657,0.06268109902453657
2024-08-05_03,7,3,ranking_only,F0,no_metrology,0.3,0,,False,0.3153864921539277,0.3153864921539277
2024-08-05_04,7,4,ranking_only,F0,no_metrology,0.3,0,,False,0.18823972425157046,0.18823972425157046
2024-08-05_05,7,5,ranking_only,F0,no_metrology,0.3,0,,False,0.08266332488115093,0.08266332488115093
2024-08-05_06,7,6,ranking_only,F0,no_metrology,0.3,0,,False,0.12691229969881543,0.12691229969881543
2024-08-05_01,7,1,direct_substitution,F0,no_metrology,0.3,0,,False,0.15908732850929763,0.15908732850929763
2024-08-05_02,7,2,direct_substitution,F0,no_metrology,0.3,0,,False,0.06268109902453657,0.06268109902453657
2024-08-05_03,7,3,direct_substitution,F0,no_metrology,0.3,0,,False,0.3153864921539277,0.3153864921539277
2024-08-05_04,7,4,direct_substitution,F0,no_metrology,0.3,0,,False,0.18823972425157046,0.18823972425157046
2024-08-05_05,7,5,direct_substitution,F0,no_metrology,0.3,0,,False,0.08266332488115093,0.08266332488115093
2024-08-05_06,7,6,direct_substitution,F0,no_metrology,0.3,0,,False,0.12691229969881543,0.12691229969881543
2024-08-05_01,7,1,ranking_only,F0,periodic,0.3,0,,True,0.15908732850929763,0.0
2024-08-05_02,7,2,ranking_only,F0,periodic,0.3,0,,False,0.06268109902453657,0.06268109902453657
2024-08-05_03,7,3,ranking_only,F0,periodic,0.3,0,,False,0.3153864921539277,0.3153864921539277
2024-08-05_04,7,4,ranking_only,F0,periodic,0.3,0,,False,0.18823972425157046,0.18823972425157046
2024-08-05_05,7,5,ranking_only,F0,periodic,0.3,0,,False,0.08266332488115093,0.08266332488115093
2024-08-05_06,7,6,ranking_only,F0,periodic,0.3,0,,True,0.12691229969881543,0.0
2024-08-05_01,7,1,direct_substitution,F0,periodic,0.3,0,,True,0.15908732850929763,0.0
2024-08-05_02,7,2,direct_substitution,F0,periodic,0.3,0,,False,0.06268109902453657,0.06268109902453657
2024-08-05_03,7,3,direct_substitution,F0,periodic,0.3,0,,False,0.3153864921539277,0.3153864921539277
2024-08-05_04,7,4,direct_substitution,F0,periodic,0.3,0,,False,0.18823972425157046,0.18823972425157046
2024-08-05_05,7,5,direct_substitution,F0,periodic,0.3,0,,False,0.08266332488115093,0.08266332488115093
2024-08-05_06,7,6,direct_substitution,F0,periodic,0.3,0,,True,0.12691229969881543,0.0
2024-08-05_01,7,1,ranking_only,F0,ood,0.3,0,0.7796610169491526,True,0.15908732850929763,0.0
2024-08-05_02,7,2,ranking_only,F0,ood,0.3,0,0.4745762711864407,False,0.06268109902453657,0.06268109902453657
2024-08-05_03,7,3,ranking_only,F0,ood,0.3,0,0.6271186440677966,True,0.3153864921539277,0.0
2024-08-05_04,7,4,ranking_only,F0,ood,0.3,0,0.4745762711864407,False,0.18823972425157046,0.18823972425157046
2024-08-05_05,7,5,ranking_only,F0,ood,0.3,0,0.3389830508474576,False,0.08266332488115093,0.08266332488115093
2024-08-05_06,7,6,ranking_only,F0,ood,0.3,0,0.3728813559322034,False,0.12691229969881543,0.12691229969881543
2024-08-05_01,7,1,direct_substitution,F0,ood,0.3,0,0.7796610169491526,True,0.15908732850929763,0.0
2024-08-05_02,7,2,direct_substitution,F0,ood,0.3,0,0.4745762711864407,False,0.06268109902453657,0.06268109902453657
2024-08-05_03,7,3,direct_substitution,F0,ood,0.3,0,0.6271186440677966,False,0.3153864921539277,0.3153864921539277
2024-08-05_04,7,4,direct_substitution,F0,ood,0.3,0,0.4745762711864407,False,0.18823972425157046,0.18823972425157046
2024-08-05_05,7,5,direct_substitution,F0,ood,0.3,0,0.3389830508474576,False,0.08266332488115093,0.08266332488115093
2024-08-05_06,7,6,direct_substitution,F0,ood,0.3,0,0.3728813559322034,True,0.12691229969881543,0.0
2024-08-05_01,7,1,ranking_only,F0,disagreement,0.3,0,0.8983050847457628,True,0.15908732850929763,0.0
2024-08-05_02,7,2,ranking_only,F0,disagreement,0.3,0,0.01694915254237288,False,0.06268109902453657,0.06268109902453657
2024-08-05_03,7,3,ranking_only,F0,disagreement,0.3,0,0.6779661016949152,True,0.3153864921539277,0.0
2024-08-05_04,7,4,ranking_only,F0,disagreement,0.3,0,0.5254237288135594,False,0.18823972425157046,0.18823972425157046
2024-08-05_05,7,5,ranking_only,F0,disagreement,0.3,0,0.1694915254237288,False,0.08266332488115093,0.08266332488115093
2024-08-05_06,7,6,ranking_only,F0,disagreement,0.3,0,0.2542372881355932,False,0.12691229969881543,0.12691229969881543
2024-08-05_01,7,1,direct_substitution,F0,disagreement,0.3,0,0.8983050847457628,True,0.15908732850929763,0.0
2024-08-05_02,7,2,direct_substitution,F0,disagreement,0.3,0,0.01694915254237288,False,0.06268109902453657,0.06268109902453657
2024-08-05_03,7,3,direct_substitution,F0,disagreement,0.3,0,0.6779661016949152,False,0.3153864921539277,0.3153864921539277
2024-08-05_04,7,4,direct_substitution,F0,disagreement,0.3,0,0.5254237288135594,False,0.18823972425157046,0.18823972425157046
2024-08-05_05,7,5,direct_substitution,F0,disagreement,0.3,0,0.1694915254237288,False,0.08266332488115093,0.08266332488115093
2024-08-05_06,7,6,direct_substitution,F0,disagreement,0.3,0,0.2542372881355932,True,0.12691229969881543,0.0
2024-08-05_01,7,1,ranking_only,F0,combined,0.3,0,0.6847457627118644,True,0.15908732850929763,0.0
2024-08-05_02,7,2,ranking_only,F0,combined,0.3,0,0.3537575951391109,False,0.06268109902453657,0.06268109902453657
2024-08-05_03,7,3,ranking_only,F0,combined,0.3,0,0.5182603133994244,True,0.3153864921539277,0.0
2024-08-05_04,7,4,ranking_only,F0,combined,0.3,0,0.31659737767828594,False,0.18823972425157046,0.18823972425157046
2024-08-05_05,7,5,ranking_only,F0,combined,0.3,0,0.15299008634473937,False,0.08266332488115093,0.08266332488115093
2024-08-05_06,7,6,ranking_only,F0,combined,0.3,0,0.2362647905340582,False,0.12691229969881543,0.12691229969881543
2024-08-05_01,7,1,direct_substitution,F0,combined,0.3,0,0.6847457627118644,False,0.15908732850929763,0.15908732850929763
2024-08-05_02,7,2,direct_substitution,F0,combined,0.3,0,0.3537575951391109,False,0.06268109902453657,0.06268109902453657
2024-08-05_03,7,3,direct_substitution,F0,combined,0.3,0,0.5182603133994244,False,0.3153864921539277,0.3153864921539277
2024-08-05_04,7,4,direct_substitution,F0,combined,0.3,0,0.31659737767828594,False,0.18823972425157046,0.18823972425157046
2024-08-05_05,7,5,direct_substitution,F0,combined,0.3,0,0.15299008634473937,True,0.08266332488115093,0.0
2024-08-05_06,7,6,direct_substitution,F0,combined,0.3,0,0.2362647905340582,True,0.12691229969881543,0.0
2024-08-05_01,7,1,ranking_only,F0,validated_combined,0.3,0,0.6847457627118644,True,0.15908732850929763,0.0
2024-08-05_02,7,2,ranking_only,F0,validated_combined,0.3,0,0.3537575951391109,False,0.06268109902453657,0.06268109902453657
2024-08-05_03,7,3,ranking_only,F0,validated_combined,0.3,0,0.5182603133994244,True,0.3153864921539277,0.0
2024-08-05_04,7,4,ranking_only,F0,validated_combined,0.3,0,0.31659737767828594,False,0.18823972425157046,0.18823972425157046
2024-08-05_05,7,5,ranking_only,F0,validated_combined,0.3,0,0.15299008634473937,False,0.08266332488115093,0.08266332488115093
2024-08-05_06,7,6,ranking_only,F0,validated_combined,0.3,0,0.2362647905340582,False,0.12691229969881543,0.12691229969881543
2024-08-05_01,7,1,direct_substitution,F0,validated_combined,0.3,0,0.6847457627118644,False,0.15908732850929763,0.15908732850929763
2024-08-05_02,7,2,direct_substitution,F0,validated_combined,0.3,0,0.3537575951391109,False,0.06268109902453657,0.06268109902453657
2024-08-05_03,7,3,direct_substitution,F0,validated_combined,0.3,0,0.5182603133994244,False,0.3153864921539277,0.3153864921539277
2024-08-05_04,7,4,direct_substitution,F0,validated_combined,0.3,0,0.31659737767828594,False,0.18823972425157046,0.18823972425157046
2024-08-05_05,7,5,direct_substitution,F0,validated_combined,0.3,0,0.15299008634473937,True,0.08266332488115093,0.0
2024-08-05_06,7,6,direct_substitution,F0,validated_combined,0.3,0,0.2362647905340582,True,0.12691229969881543,0.0
2024-08-05_01,7,1,ranking_only,F0,oracle,0.3,0,0.6666666666666666,False,0.15908732850929763,0.15908732850929763
2024-08-05_02,7,2,ranking_only,F0,oracle,0.3,0,0.16666666666666666,False,0.06268109902453657,0.06268109902453657
2024-08-05_03,7,3,ranking_only,F0,oracle,0.3,0,1.0,True,0.3153864921539277,0.0
2024-08-05_04,7,4,ranking_only,F0,oracle,0.3,0,0.8333333333333334,True,0.18823972425157046,0.0
2024-08-05_05,7,5,ranking_only,F0,oracle,0.3,0,0.3333333333333333,False,0.08266332488115093,0.08266332488115093
2024-08-05_06,7,6,ranking_only,F0,oracle,0.3,0,0.5,False,0.12691229969881543,0.12691229969881543
2024-08-05_01,7,1,direct_substitution,F0,oracle,0.3,0,0.6666666666666666,False,0.15908732850929763,0.15908732850929763
2024-08-05_02,7,2,direct_substitution,F0,oracle,0.3,0,0.16666666666666666,False,0.06268109902453657,0.06268109902453657
2024-08-05_03,7,3,direct_substitution,F0,oracle,0.3,0,1.0,True,0.3153864921539277,0.0
2024-08-05_04,7,4,direct_substitution,F0,oracle,0.3,0,0.8333333333333334,True,0.18823972425157046,0.0
2024-08-05_05,7,5,direct_substitution,F0,oracle,0.3,0,0.3333333333333333,False,0.08266332488115093,0.08266332488115093
2024-08-05_06,7,6,direct_substitution,F0,oracle,0.3,0,0.5,False,0.12691229969881543,0.12691229969881543
2024-08-05_01,7,1,causal_feedback,F0,combined,0.3,0,0.6847457627118644,False,0.15908732850929763,0.15908732850929763
2024-08-05_02,7,2,causal_feedback,F0,combined,0.3,0,0.3537575951391109,False,0.06268109902453657,0.06268109902453657
2024-08-05_03,7,3,causal_feedback,F0,combined,0.3,0,0.5182603133994244,False,0.3153864921539277,0.3153864921539277
2024-08-05_04,7,4,causal_feedback,F0,combined,0.3,0,0.31659737767828594,False,0.18823972425157046,0.18823972425157046
2024-08-05_05,7,5,causal_feedback,F0,combined,0.3,0,0.15299008634473937,True,0.08266332488115093,0.0
2024-08-05_06,7,6,causal_feedback,F0,combined,0.3,0,0.2362647905340582,True,0.12691229969881543,0.0
2024-08-05_01,7,1,causal_feedback,F1,combined,0.3,0,0.6847457627118644,False,0.15908732850929763,0.15908732850929763
2024-08-05_02,7,2,causal_feedback,F1,combined,0.3,0,0.3537575951391109,False,0.06268109902453657,0.06268109902453657
2024-08-05_03,7,3,causal_feedback,F1,combined,0.3,0,0.5182603133994244,False,0.3153864921539277,0.3153864921539277
2024-08-05_04,7,4,causal_feedback,F1,combined,0.3,0,0.31659737767828594,False,0.18823972425157046,0.18823972425157046
2024-08-05_05,7,5,causal_feedback,F1,combined,0.3,0,0.15299008634473937,True,0.08266332488115093,0.0
2024-08-05_06,7,6,causal_feedback,F1,combined,0.3,0,0.2362647905340582,True,0.14885605511011527,0.0
2024-08-05_01,7,1,causal_feedback,F2,combined,0.3,0,0.6847457627118644,False,0.15908732850929763,0.15908732850929763
2024-08-05_02,7,2,causal_feedback,F2,combined,0.3,0,0.3537575951391109,False,0.06268109902453657,0.06268109902453657
2024-08-05_03,7,3,causal_feedback,F2,combined,0.3,0,0.5182603133994244,False,0.3153864921539277,0.3153864921539277
2024-08-05_04,7,4,causal_feedback,F2,combined,0.3,0,0.31659737767828594,False,0.18823972425157046,0.18823972425157046
2024-08-05_05,7,5,causal_feedback,F2,combined,0.3,0,0.15299008634473937,True,0.08266332488115093,0.0
2024-08-05_06,7,6,causal_feedback,F2,combined,0.3,0,0.2362647905340582,True,0.16919201826292113,0.0
2024-08-05_01,7,1,causal_feedback,F3,combined,0.3,0,0.6847457627118644,False,0.15908732850929763,0.15908732850929763
2024-08-05_02,7,2,causal_feedback,F3,combined,0.3,0,0.3537575951391109,False,0.06268109902453657,0.06268109902453657
2024-08-05_03,7,3,causal_feedback,F3,combined,0.3,0,0.5182603133994244,False,0.3153864921539277,0.3153864921539277
2024-08-05_04,7,4,causal_feedback,F3,combined,0.3,0,0.31659737767828594,False,0.18823972425157046,0.18823972425157046
2024-08-05_05,7,5,causal_feedback,F3,combined,0.3,0,0.15299008634473937,True,0.08266332488115093,0.0
2024-08-05_06,7,6,causal_feedback,F3,combined,0.3,0,0.2362647905340582,True,0.16897637745405347,0.0
2024-08-05_01,7,1,ranking_only,F0,no_metrology,0.5,0,,False,0.15908732850929763,0.15908732850929763
2024-08-05_02,7,2,ranking_only,F0,no_metrology,0.5,0,,False,0.06268109902453657,0.06268109902453657
2024-08-05_03,7,3,ranking_only,F0,no_metrology,0.5,0,,False,0.3153864921539277,0.3153864921539277
2024-08-05_04,7,4,ranking_only,F0,no_metrology,0.5,0,,False,0.18823972425157046,0.18823972425157046
2024-08-05_05,7,5,ranking_only,F0,no_metrology,0.5,0,,False,0.08266332488115093,0.08266332488115093
2024-08-05_06,7,6,ranking_only,F0,no_metrology,0.5,0,,False,0.12691229969881543,0.12691229969881543
2024-08-05_01,7,1,direct_substitution,F0,no_metrology,0.5,0,,False,0.15908732850929763,0.15908732850929763
2024-08-05_02,7,2,direct_substitution,F0,no_metrology,0.5,0,,False,0.06268109902453657,0.06268109902453657
2024-08-05_03,7,3,direct_substitution,F0,no_metrology,0.5,0,,False,0.3153864921539277,0.3153864921539277
2024-08-05_04,7,4,direct_substitution,F0,no_metrology,0.5,0,,False,0.18823972425157046,0.18823972425157046
2024-08-05_05,7,5,direct_substitution,F0,no_metrology,0.5,0,,False,0.08266332488115093,0.08266332488115093
2024-08-05_06,7,6,direct_substitution,F0,no_metrology,0.5,0,,False,0.12691229969881543,0.12691229969881543
2024-08-05_01,7,1,ranking_only,F0,periodic,0.5,0,,True,0.15908732850929763,0.0
2024-08-05_02,7,2,ranking_only,F0,periodic,0.5,0,,False,0.06268109902453657,0.06268109902453657
2024-08-05_03,7,3,ranking_only,F0,periodic,0.5,0,,True,0.3153864921539277,0.0
2024-08-05_04,7,4,ranking_only,F0,periodic,0.5,0,,False,0.18823972425157046,0.18823972425157046
2024-08-05_05,7,5,ranking_only,F0,periodic,0.5,0,,False,0.08266332488115093,0.08266332488115093
2024-08-05_06,7,6,ranking_only,F0,periodic,0.5,0,,True,0.12691229969881543,0.0
2024-08-05_01,7,1,direct_substitution,F0,periodic,0.5,0,,True,0.15908732850929763,0.0
2024-08-05_02,7,2,direct_substitution,F0,periodic,0.5,0,,False,0.06268109902453657,0.06268109902453657
2024-08-05_03,7,3,direct_substitution,F0,periodic,0.5,0,,True,0.3153864921539277,0.0
2024-08-05_04,7,4,direct_substitution,F0,periodic,0.5,0,,False,0.18823972425157046,0.18823972425157046
2024-08-05_05,7,5,direct_substitution,F0,periodic,0.5,0,,False,0.08266332488115093,0.08266332488115093
2024-08-05_06,7,6,direct_substitution,F0,periodic,0.5,0,,True,0.12691229969881543,0.0
2024-08-05_01,7,1,ranking_only,F0,ood,0.5,0,0.7796610169491526,True,0.15908732850929763,0.0
2024-08-05_02,7,2,ranking_only,F0,ood,0.5,0,0.4745762711864407,True,0.06268109902453657,0.0
2024-08-05_03,7,3,ranking_only,F0,ood,0.5,0,0.6271186440677966,True,0.3153864921539277,0.0
2024-08-05_04,7,4,ranking_only,F0,ood,0.5,0,0.4745762711864407,False,0.18823972425157046,0.18823972425157046
2024-08-05_05,7,5,ranking_only,F0,ood,0.5,0,0.3389830508474576,False,0.08266332488115093,0.08266332488115093
2024-08-05_06,7,6,ranking_only,F0,ood,0.5,0,0.3728813559322034,False,0.12691229969881543,0.12691229969881543
2024-08-05_01,7,1,direct_substitution,F0,ood,0.5,0,0.7796610169491526,True,0.15908732850929763,0.0
2024-08-05_02,7,2,direct_substitution,F0,ood,0.5,0,0.4745762711864407,False,0.06268109902453657,0.06268109902453657
2024-08-05_03,7,3,direct_substitution,F0,ood,0.5,0,0.6271186440677966,True,0.3153864921539277,0.0
2024-08-05_04,7,4,direct_substitution,F0,ood,0.5,0,0.4745762711864407,False,0.18823972425157046,0.18823972425157046
2024-08-05_05,7,5,direct_substitution,F0,ood,0.5,0,0.3389830508474576,False,0.08266332488115093,0.08266332488115093
2024-08-05_06,7,6,direct_substitution,F0,ood,0.5,0,0.3728813559322034,True,0.12691229969881543,0.0
2024-08-05_01,7,1,ranking_only,F0,disagreement,0.5,0,0.8983050847457628,True,0.15908732850929763,0.0
2024-08-05_02,7,2,ranking_only,F0,disagreement,0.5,0,0.01694915254237288,False,0.06268109902453657,0.06268109902453657
2024-08-05_03,7,3,ranking_only,F0,disagreement,0.5,0,0.6779661016949152,True,0.3153864921539277,0.0
2024-08-05_04,7,4,ranking_only,F0,disagreement,0.5,0,0.5254237288135594,True,0.18823972425157046,0.0
2024-08-05_05,7,5,ranking_only,F0,disagreement,0.5,0,0.1694915254237288,False,0.08266332488115093,0.08266332488115093
2024-08-05_06,7,6,ranking_only,F0,disagreement,0.5,0,0.2542372881355932,False,0.12691229969881543,0.12691229969881543
2024-08-05_01,7,1,direct_substitution,F0,disagreement,0.5,0,0.8983050847457628,True,0.15908732850929763,0.0
2024-08-05_02,7,2,direct_substitution,F0,disagreement,0.5,0,0.01694915254237288,False,0.06268109902453657,0.06268109902453657
2024-08-05_03,7,3,direct_substitution,F0,disagreement,0.5,0,0.6779661016949152,True,0.3153864921539277,0.0
2024-08-05_04,7,4,direct_substitution,F0,disagreement,0.5,0,0.5254237288135594,False,0.18823972425157046,0.18823972425157046
2024-08-05_05,7,5,direct_substitution,F0,disagreement,0.5,0,0.1694915254237288,False,0.08266332488115093,0.08266332488115093
2024-08-05_06,7,6,direct_substitution,F0,disagreement,0.5,0,0.2542372881355932,True,0.12691229969881543,0.0
2024-08-05_01,7,1,ranking_only,F0,combined,0.5,0,0.6847457627118644,True,0.15908732850929763,0.0
2024-08-05_02,7,2,ranking_only,F0,combined,0.5,0,0.3537575951391109,True,0.06268109902453657,0.0
2024-08-05_03,7,3,ranking_only,F0,combined,0.5,0,0.5182603133994244,True,0.3153864921539277,0.0
2024-08-05_04,7,4,ranking_only,F0,combined,0.5,0,0.31659737767828594,False,0.18823972425157046,0.18823972425157046
2024-08-05_05,7,5,ranking_only,F0,combined,0.5,0,0.15299008634473937,False,0.08266332488115093,0.08266332488115093
2024-08-05_06,7,6,ranking_only,F0,combined,0.5,0,0.2362647905340582,False,0.12691229969881543,0.12691229969881543
2024-08-05_01,7,1,direct_substitution,F0,combined,0.5,0,0.6847457627118644,True,0.15908732850929763,0.0
2024-08-05_02,7,2,direct_substitution,F0,combined,0.5,0,0.3537575951391109,False,0.06268109902453657,0.06268109902453657
2024-08-05_03,7,3,direct_substitution,F0,combined,0.5,0,0.5182603133994244,True,0.3153864921539277,0.0
2024-08-05_04,7,4,direct_substitution,F0,combined,0.5,0,0.31659737767828594,False,0.18823972425157046,0.18823972425157046
2024-08-05_05,7,5,direct_substitution,F0,combined,0.5,0,0.15299008634473937,False,0.08266332488115093,0.08266332488115093
2024-08-05_06,7,6,direct_substitution,F0,combined,0.5,0,0.2362647905340582,True,0.12691229969881543,0.0
2024-08-05_01,7,1,ranking_only,F0,validated_combined,0.5,0,0.6847457627118644,True,0.15908732850929763,0.0
2024-08-05_02,7,2,ranking_only,F0,validated_combined,0.5,0,0.3537575951391109,True,0.06268109902453657,0.0
2024-08-05_03,7,3,ranking_only,F0,validated_combined,0.5,0,0.5182603133994244,True,0.3153864921539277,0.0
2024-08-05_04,7,4,ranking_only,F0,validated_combined,0.5,0,0.31659737767828594,False,0.18823972425157046,0.18823972425157046
2024-08-05_05,7,5,ranking_only,F0,validated_combined,0.5,0,0.15299008634473937,False,0.08266332488115093,0.08266332488115093
2024-08-05_06,7,6,ranking_only,F0,validated_combined,0.5,0,0.2362647905340582,False,0.12691229969881543,0.12691229969881543
2024-08-05_01,7,1,direct_substitution,F0,validated_combined,0.5,0,0.6847457627118644,True,0.15908732850929763,0.0
2024-08-05_02,7,2,direct_substitution,F0,validated_combined,0.5,0,0.3537575951391109,False,0.06268109902453657,0.06268109902453657
2024-08-05_03,7,3,direct_substitution,F0,validated_combined,0.5,0,0.5182603133994244,True,0.3153864921539277,0.0
2024-08-05_04,7,4,direct_substitution,F0,validated_combined,0.5,0,0.31659737767828594,False,0.18823972425157046,0.18823972425157046
2024-08-05_05,7,5,direct_substitution,F0,validated_combined,0.5,0,0.15299008634473937,False,0.08266332488115093,0.08266332488115093
2024-08-05_06,7,6,direct_substitution,F0,validated_combined,0.5,0,0.2362647905340582,True,0.12691229969881543,0.0
2024-08-05_01,7,1,ranking_only,F0,oracle,0.5,0,0.6666666666666666,True,0.15908732850929763,0.0
2024-08-05_02,7,2,ranking_only,F0,oracle,0.5,0,0.16666666666666666,False,0.06268109902453657,0.06268109902453657
2024-08-05_03,7,3,ranking_only,F0,oracle,0.5,0,1.0,True,0.3153864921539277,0.0
2024-08-05_04,7,4,ranking_only,F0,oracle,0.5,0,0.8333333333333334,True,0.18823972425157046,0.0
2024-08-05_05,7,5,ranking_only,F0,oracle,0.5,0,0.3333333333333333,False,0.08266332488115093,0.08266332488115093
2024-08-05_06,7,6,ranking_only,F0,oracle,0.5,0,0.5,False,0.12691229969881543,0.12691229969881543
2024-08-05_01,7,1,direct_substitution,F0,oracle,0.5,0,0.6666666666666666,True,0.15908732850929763,0.0
2024-08-05_02,7,2,direct_substitution,F0,oracle,0.5,0,0.16666666666666666,False,0.06268109902453657,0.06268109902453657
2024-08-05_03,7,3,direct_substitution,F0,oracle,0.5,0,1.0,True,0.3153864921539277,0.0
2024-08-05_04,7,4,direct_substitution,F0,oracle,0.5,0,0.8333333333333334,False,0.18823972425157046,0.18823972425157046
2024-08-05_05,7,5,direct_substitution,F0,oracle,0.5,0,0.3333333333333333,False,0.08266332488115093,0.08266332488115093
2024-08-05_06,7,6,direct_substitution,F0,oracle,0.5,0,0.5,True,0.12691229969881543,0.0
2024-08-05_01,7,1,causal_feedback,F0,combined,0.5,0,0.6847457627118644,True,0.15908732850929763,0.0
2024-08-05_02,7,2,causal_feedback,F0,combined,0.5,0,0.3537575951391109,False,0.06268109902453657,0.06268109902453657
2024-08-05_03,7,3,causal_feedback,F0,combined,0.5,0,0.5182603133994244,True,0.3153864921539277,0.0
2024-08-05_04,7,4,causal_feedback,F0,combined,0.5,0,0.31659737767828594,False,0.18823972425157046,0.18823972425157046
2024-08-05_05,7,5,causal_feedback,F0,combined,0.5,0,0.15299008634473937,False,0.08266332488115093,0.08266332488115093
2024-08-05_06,7,6,causal_feedback,F0,combined,0.5,0,0.2362647905340582,True,0.12691229969881543,0.0
2024-08-05_01,7,1,causal_feedback,F1,combined,0.5,0,0.6847457627118644,True,0.15908732850929763,0.0
2024-08-05_02,7,2,causal_feedback,F1,combined,0.5,0,0.3537575951391109,False,0.05809138818568974,0.05809138818568974
2024-08-05_03,7,3,causal_feedback,F1,combined,0.5,0,0.5182603133994244,True,0.3540930888831621,0.0
2024-08-05_04,7,4,causal_feedback,F1,combined,0.5,0,0.31659737767828594,False,0.1207183943158551,0.1207183943158551
2024-08-05_05,7,5,causal_feedback,F1,combined,0.5,0,0.15299008634473937,False,0.04550421034479896,0.04550421034479896
2024-08-05_06,7,6,causal_feedback,F1,combined,0.5,0,0.2362647905340582,True,0.19281131178507768,0.0
2024-08-05_01,7,1,causal_feedback,F2,combined,0.5,0,0.6847457627118644,True,0.15908732850929763,0.0
2024-08-05_02,7,2,causal_feedback,F2,combined,0.5,0,0.3537575951391109,False,0.061023391363339036,0.061023391363339036
2024-08-05_03,7,3,causal_feedback,F2,combined,0.5,0,0.5182603133994244,True,0.32939327618934405,0.0
2024-08-05_04,7,4,causal_feedback,F2,combined,0.5,0,0.31659737767828594,False,0.1616097300875378,0.1616097300875378
2024-08-05_05,7,5,causal_feedback,F2,combined,0.5,0,0.15299008634473937,False,0.07090359873329254,0.07090359873329254
2024-08-05_06,7,6,causal_feedback,F2,combined,0.5,0,0.2362647905340582,True,0.1192030321794885,0.0
2024-08-05_01,7,1,causal_feedback,F3,combined,0.5,0,0.6847457627118644,True,0.15908732850929763,0.0
2024-08-05_02,7,2,causal_feedback,F3,combined,0.5,0,0.3537575951391109,False,0.05972900568721788,0.05972900568721788
2024-08-05_03,7,3,causal_feedback,F3,combined,0.5,0,0.5182603133994244,True,0.32939327618934355,0.0
2024-08-05_04,7,4,causal_feedback,F3,combined,0.5,0,0.31659737767828594,False,0.16160973008753746,0.16160973008753746
2024-08-05_05,7,5,causal_feedback,F3,combined,0.5,0,0.15299008634473937,False,0.07030239656981635,0.07030239656981635
2024-08-05_06,7,6,causal_feedback,F3,combined,0.5,0,0.2362647905340582,True,0.11725008922449352,0.0
2024-08-07_01,8,1,ranking_only,F0,no_metrology,0.0,0,,False,0.13122608540947095,0.13122608540947095
2024-08-07_02,8,2,ranking_only,F0,no_metrology,0.0,0,,False,0.13689790712468375,0.13689790712468375
2024-08-07_03,8,3,ranking_only,F0,no_metrology,0.0,0,,False,0.05909054832983405,0.05909054832983405
2024-08-07_04,8,4,ranking_only,F0,no_metrology,0.0,0,,False,0.0517092944990597,0.0517092944990597
2024-08-07_05,8,5,ranking_only,F0,no_metrology,0.0,0,,False,0.1292807729332478,0.1292807729332478
2024-08-07_06,8,6,ranking_only,F0,no_metrology,0.0,0,,False,0.12497887376657493,0.12497887376657493
2024-08-07_07,8,7,ranking_only,F0,no_metrology,0.0,0,,False,0.053493237426682286,0.053493237426682286
2024-08-07_08,8,8,ranking_only,F0,no_metrology,0.0,0,,False,0.38954083707612575,0.38954083707612575
2024-08-07_09,8,9,ranking_only,F0,no_metrology,0.0,0,,False,0.5515305703842542,0.5515305703842542
2024-08-07_10,8,10,ranking_only,F0,no_metrology,0.0,0,,False,0.8287893928499465,0.8287893928499465
2024-08-07_01,8,1,direct_substitution,F0,no_metrology,0.0,0,,False,0.13122608540947095,0.13122608540947095
2024-08-07_02,8,2,direct_substitution,F0,no_metrology,0.0,0,,False,0.13689790712468375,0.13689790712468375
2024-08-07_03,8,3,direct_substitution,F0,no_metrology,0.0,0,,False,0.05909054832983405,0.05909054832983405
2024-08-07_04,8,4,direct_substitution,F0,no_metrology,0.0,0,,False,0.0517092944990597,0.0517092944990597
2024-08-07_05,8,5,direct_substitution,F0,no_metrology,0.0,0,,False,0.1292807729332478,0.1292807729332478
2024-08-07_06,8,6,direct_substitution,F0,no_metrology,0.0,0,,False,0.12497887376657493,0.12497887376657493
2024-08-07_07,8,7,direct_substitution,F0,no_metrology,0.0,0,,False,0.053493237426682286,0.053493237426682286
2024-08-07_08,8,8,direct_substitution,F0,no_metrology,0.0,0,,False,0.38954083707612575,0.38954083707612575
2024-08-07_09,8,9,direct_substitution,F0,no_metrology,0.0,0,,False,0.5515305703842542,0.5515305703842542
2024-08-07_10,8,10,direct_substitution,F0,no_metrology,0.0,0,,False,0.8287893928499465,0.8287893928499465
2024-08-07_01,8,1,ranking_only,F0,periodic,0.0,0,,False,0.13122608540947095,0.13122608540947095
2024-08-07_02,8,2,ranking_only,F0,periodic,0.0,0,,False,0.13689790712468375,0.13689790712468375
2024-08-07_03,8,3,ranking_only,F0,periodic,0.0,0,,False,0.05909054832983405,0.05909054832983405
2024-08-07_04,8,4,ranking_only,F0,periodic,0.0,0,,False,0.0517092944990597,0.0517092944990597
2024-08-07_05,8,5,ranking_only,F0,periodic,0.0,0,,False,0.1292807729332478,0.1292807729332478
2024-08-07_06,8,6,ranking_only,F0,periodic,0.0,0,,False,0.12497887376657493,0.12497887376657493
2024-08-07_07,8,7,ranking_only,F0,periodic,0.0,0,,False,0.053493237426682286,0.053493237426682286
2024-08-07_08,8,8,ranking_only,F0,periodic,0.0,0,,False,0.38954083707612575,0.38954083707612575
2024-08-07_09,8,9,ranking_only,F0,periodic,0.0,0,,False,0.5515305703842542,0.5515305703842542
2024-08-07_10,8,10,ranking_only,F0,periodic,0.0,0,,False,0.8287893928499465,0.8287893928499465
2024-08-07_01,8,1,direct_substitution,F0,periodic,0.0,0,,False,0.13122608540947095,0.13122608540947095
2024-08-07_02,8,2,direct_substitution,F0,periodic,0.0,0,,False,0.13689790712468375,0.13689790712468375
2024-08-07_03,8,3,direct_substitution,F0,periodic,0.0,0,,False,0.05909054832983405,0.05909054832983405
2024-08-07_04,8,4,direct_substitution,F0,periodic,0.0,0,,False,0.0517092944990597,0.0517092944990597
2024-08-07_05,8,5,direct_substitution,F0,periodic,0.0,0,,False,0.1292807729332478,0.1292807729332478
2024-08-07_06,8,6,direct_substitution,F0,periodic,0.0,0,,False,0.12497887376657493,0.12497887376657493
2024-08-07_07,8,7,direct_substitution,F0,periodic,0.0,0,,False,0.053493237426682286,0.053493237426682286
2024-08-07_08,8,8,direct_substitution,F0,periodic,0.0,0,,False,0.38954083707612575,0.38954083707612575
2024-08-07_09,8,9,direct_substitution,F0,periodic,0.0,0,,False,0.5515305703842542,0.5515305703842542
2024-08-07_10,8,10,direct_substitution,F0,periodic,0.0,0,,False,0.8287893928499465,0.8287893928499465
2024-08-07_01,8,1,ranking_only,F0,ood,0.0,0,0.8923076923076924,False,0.13122608540947095,0.13122608540947095
2024-08-07_02,8,2,ranking_only,F0,ood,0.0,0,0.8,False,0.13689790712468375,0.13689790712468375
2024-08-07_03,8,3,ranking_only,F0,ood,0.0,0,0.7538461538461538,False,0.05909054832983405,0.05909054832983405
2024-08-07_04,8,4,ranking_only,F0,ood,0.0,0,0.47692307692307695,False,0.0517092944990597,0.0517092944990597
2024-08-07_05,8,5,ranking_only,F0,ood,0.0,0,0.4461538461538462,False,0.1292807729332478,0.1292807729332478
2024-08-07_06,8,6,ranking_only,F0,ood,0.0,0,0.6153846153846154,False,0.12497887376657493,0.12497887376657493
2024-08-07_07,8,7,ranking_only,F0,ood,0.0,0,0.2153846153846154,False,0.053493237426682286,0.053493237426682286
2024-08-07_08,8,8,ranking_only,F0,ood,0.0,0,0.8153846153846154,False,0.38954083707612575,0.38954083707612575
2024-08-07_09,8,9,ranking_only,F0,ood,0.0,0,0.8153846153846154,False,0.5515305703842542,0.5515305703842542
2024-08-07_10,8,10,ranking_only,F0,ood,0.0,0,0.4461538461538462,False,0.8287893928499465,0.8287893928499465
2024-08-07_01,8,1,direct_substitution,F0,ood,0.0,0,0.8923076923076924,False,0.13122608540947095,0.13122608540947095
2024-08-07_02,8,2,direct_substitution,F0,ood,0.0,0,0.8,False,0.13689790712468375,0.13689790712468375
2024-08-07_03,8,3,direct_substitution,F0,ood,0.0,0,0.7538461538461538,False,0.05909054832983405,0.05909054832983405
2024-08-07_04,8,4,direct_substitution,F0,ood,0.0,0,0.47692307692307695,False,0.0517092944990597,0.0517092944990597
2024-08-07_05,8,5,direct_substitution,F0,ood,0.0,0,0.4461538461538462,False,0.1292807729332478,0.1292807729332478
2024-08-07_06,8,6,direct_substitution,F0,ood,0.0,0,0.6153846153846154,False,0.12497887376657493,0.12497887376657493
2024-08-07_07,8,7,direct_substitution,F0,ood,0.0,0,0.2153846153846154,False,0.053493237426682286,0.053493237426682286
2024-08-07_08,8,8,direct_substitution,F0,ood,0.0,0,0.8153846153846154,False,0.38954083707612575,0.38954083707612575
2024-08-07_09,8,9,direct_substitution,F0,ood,0.0,0,0.8153846153846154,False,0.5515305703842542,0.5515305703842542
2024-08-07_10,8,10,direct_substitution,F0,ood,0.0,0,0.4461538461538462,False,0.8287893928499465,0.8287893928499465
2024-08-07_01,8,1,ranking_only,F0,disagreement,0.0,0,0.8307692307692308,False,0.13122608540947095,0.13122608540947095
2024-08-07_02,8,2,ranking_only,F0,disagreement,0.0,0,0.4307692307692308,False,0.13689790712468375,0.13689790712468375
2024-08-07_03,8,3,ranking_only,F0,disagreement,0.0,0,0.5846153846153846,False,0.05909054832983405,0.05909054832983405
2024-08-07_04,8,4,ranking_only,F0,disagreement,0.0,0,0.09230769230769231,False,0.0517092944990597,0.0517092944990597
2024-08-07_05,8,5,ranking_only,F0,disagreement,0.0,0,0.09230769230769231,False,0.1292807729332478,0.1292807729332478
2024-08-07_06,8,6,ranking_only,F0,disagreement,0.0,0,0.4461538461538462,False,0.12497887376657493,0.12497887376657493
2024-08-07_07,8,7,ranking_only,F0,disagreement,0.0,0,0.3076923076923077,False,0.053493237426682286,0.053493237426682286
2024-08-07_08,8,8,ranking_only,F0,disagreement,0.0,0,0.015384615384615385,False,0.38954083707612575,0.38954083707612575
2024-08-07_09,8,9,ranking_only,F0,disagreement,0.0,0,0.7230769230769231,False,0.5515305703842542,0.5515305703842542
2024-08-07_10,8,10,ranking_only,F0,disagreement,0.0,0,0.7538461538461538,False,0.8287893928499465,0.8287893928499465
2024-08-07_01,8,1,direct_substitution,F0,disagreement,0.0,0,0.8307692307692308,False,0.13122608540947095,0.13122608540947095
2024-08-07_02,8,2,direct_substitution,F0,disagreement,0.0,0,0.4307692307692308,False,0.13689790712468375,0.13689790712468375
2024-08-07_03,8,3,direct_substitution,F0,disagreement,0.0,0,0.5846153846153846,False,0.05909054832983405,0.05909054832983405
2024-08-07_04,8,4,direct_substitution,F0,disagreement,0.0,0,0.09230769230769231,False,0.0517092944990597,0.0517092944990597
2024-08-07_05,8,5,direct_substitution,F0,disagreement,0.0,0,0.09230769230769231,False,0.1292807729332478,0.1292807729332478
2024-08-07_06,8,6,direct_substitution,F0,disagreement,0.0,0,0.4461538461538462,False,0.12497887376657493,0.12497887376657493
2024-08-07_07,8,7,direct_substitution,F0,disagreement,0.0,0,0.3076923076923077,False,0.053493237426682286,0.053493237426682286
2024-08-07_08,8,8,direct_substitution,F0,disagreement,0.0,0,0.015384615384615385,False,0.38954083707612575,0.38954083707612575
2024-08-07_09,8,9,direct_substitution,F0,disagreement,0.0,0,0.7230769230769231,False,0.5515305703842542,0.5515305703842542
2024-08-07_10,8,10,direct_substitution,F0,disagreement,0.0,0,0.7538461538461538,False,0.8287893928499465,0.8287893928499465
2024-08-07_01,8,1,ranking_only,F0,combined,0.0,0,0.7076923076923077,False,0.13122608540947095,0.13122608540947095
2024-08-07_02,8,2,ranking_only,F0,combined,0.0,0,0.5756498673740053,False,0.13689790712468375,0.13689790712468375
2024-08-07_03,8,3,ranking_only,F0,combined,0.0,0,0.4549602122015915,False,0.05909054832983405,0.05909054832983405
2024-08-07_04,8,4,ranking_only,F0,combined,0.0,0,0.3506631299734749,False,0.0517092944990597,0.0517092944990597
2024-08-07_05,8,5,ranking_only,F0,combined,0.0,0,0.210026525198939,False,0.1292807729332478,0.1292807729332478
2024-08-07_06,8,6,ranking_only,F0,combined,0.0,0,0.46901856763925737,False,0.12497887376657493,0.12497887376657493
2024-08-07_07,8,7,ranking_only,F0,combined,0.0,0,0.25310344827586206,False,0.053493237426682286,0.053493237426682286
2024-08-07_08,8,8,ranking_only,F0,combined,0.0,0,0.7201061007957559,False,0.38954083707612575,0.38954083707612575
2024-08-07_09,8,9,ranking_only,F0,combined,0.0,0,0.6491246684350133,False,0.5515305703842542,0.5515305703842542
2024-08-07_10,8,10,ranking_only,F0,combined,0.0,0,0.36535809018567644,False,0.8287893928499465,0.8287893928499465
2024-08-07_01,8,1,direct_substitution,F0,combined,0.0,0,0.7076923076923077,False,0.13122608540947095,0.13122608540947095
2024-08-07_02,8,2,direct_substitution,F0,combined,0.0,0,0.5756498673740053,False,0.13689790712468375,0.13689790712468375
2024-08-07_03,8,3,direct_substitution,F0,combined,0.0,0,0.4549602122015915,False,0.05909054832983405,0.05909054832983405
2024-08-07_04,8,4,direct_substitution,F0,combined,0.0,0,0.3506631299734749,False,0.0517092944990597,0.0517092944990597
2024-08-07_05,8,5,direct_substitution,F0,combined,0.0,0,0.210026525198939,False,0.1292807729332478,0.1292807729332478
2024-08-07_06,8,6,direct_substitution,F0,combined,0.0,0,0.46901856763925737,False,0.12497887376657493,0.12497887376657493
2024-08-07_07,8,7,direct_substitution,F0,combined,0.0,0,0.25310344827586206,False,0.053493237426682286,0.053493237426682286
2024-08-07_08,8,8,direct_substitution,F0,combined,0.0,0,0.7201061007957559,False,0.38954083707612575,0.38954083707612575
2024-08-07_09,8,9,direct_substitution,F0,combined,0.0,0,0.6491246684350133,False,0.5515305703842542,0.5515305703842542
2024-08-07_10,8,10,direct_substitution,F0,combined,0.0,0,0.36535809018567644,False,0.8287893928499465,0.8287893928499465
2024-08-07_01,8,1,ranking_only,F0,validated_combined,0.0,0,0.7076923076923077,False,0.13122608540947095,0.13122608540947095
2024-08-07_02,8,2,ranking_only,F0,validated_combined,0.0,0,0.5756498673740053,False,0.13689790712468375,0.13689790712468375
2024-08-07_03,8,3,ranking_only,F0,validated_combined,0.0,0,0.4549602122015915,False,0.05909054832983405,0.05909054832983405
2024-08-07_04,8,4,ranking_only,F0,validated_combined,0.0,0,0.3506631299734749,False,0.0517092944990597,0.0517092944990597
2024-08-07_05,8,5,ranking_only,F0,validated_combined,0.0,0,0.210026525198939,False,0.1292807729332478,0.1292807729332478
2024-08-07_06,8,6,ranking_only,F0,validated_combined,0.0,0,0.46901856763925737,False,0.12497887376657493,0.12497887376657493
2024-08-07_07,8,7,ranking_only,F0,validated_combined,0.0,0,0.25310344827586206,False,0.053493237426682286,0.053493237426682286
2024-08-07_08,8,8,ranking_only,F0,validated_combined,0.0,0,0.7201061007957559,False,0.38954083707612575,0.38954083707612575
2024-08-07_09,8,9,ranking_only,F0,validated_combined,0.0,0,0.6491246684350133,False,0.5515305703842542,0.5515305703842542
2024-08-07_10,8,10,ranking_only,F0,validated_combined,0.0,0,0.36535809018567644,False,0.8287893928499465,0.8287893928499465
2024-08-07_01,8,1,direct_substitution,F0,validated_combined,0.0,0,0.7076923076923077,False,0.13122608540947095,0.13122608540947095
2024-08-07_02,8,2,direct_substitution,F0,validated_combined,0.0,0,0.5756498673740053,False,0.13689790712468375,0.13689790712468375
2024-08-07_03,8,3,direct_substitution,F0,validated_combined,0.0,0,0.4549602122015915,False,0.05909054832983405,0.05909054832983405
2024-08-07_04,8,4,direct_substitution,F0,validated_combined,0.0,0,0.3506631299734749,False,0.0517092944990597,0.0517092944990597
2024-08-07_05,8,5,direct_substitution,F0,validated_combined,0.0,0,0.210026525198939,False,0.1292807729332478,0.1292807729332478
2024-08-07_06,8,6,direct_substitution,F0,validated_combined,0.0,0,0.46901856763925737,False,0.12497887376657493,0.12497887376657493
2024-08-07_07,8,7,direct_substitution,F0,validated_combined,0.0,0,0.25310344827586206,False,0.053493237426682286,0.053493237426682286
2024-08-07_08,8,8,direct_substitution,F0,validated_combined,0.0,0,0.7201061007957559,False,0.38954083707612575,0.38954083707612575
2024-08-07_09,8,9,direct_substitution,F0,validated_combined,0.0,0,0.6491246684350133,False,0.5515305703842542,0.5515305703842542
2024-08-07_10,8,10,direct_substitution,F0,validated_combined,0.0,0,0.36535809018567644,False,0.8287893928499465,0.8287893928499465
2024-08-07_01,8,1,ranking_only,F0,oracle,0.0,0,0.6,False,0.13122608540947095,0.13122608540947095
2024-08-07_02,8,2,ranking_only,F0,oracle,0.0,0,0.7,False,0.13689790712468375,0.13689790712468375
2024-08-07_03,8,3,ranking_only,F0,oracle,0.0,0,0.3,False,0.05909054832983405,0.05909054832983405
2024-08-07_04,8,4,ranking_only,F0,oracle,0.0,0,0.1,False,0.0517092944990597,0.0517092944990597
2024-08-07_05,8,5,ranking_only,F0,oracle,0.0,0,0.5,False,0.1292807729332478,0.1292807729332478
2024-08-07_06,8,6,ranking_only,F0,oracle,0.0,0,0.4,False,0.12497887376657493,0.12497887376657493
2024-08-07_07,8,7,ranking_only,F0,oracle,0.0,0,0.2,False,0.053493237426682286,0.053493237426682286
2024-08-07_08,8,8,ranking_only,F0,oracle,0.0,0,0.8,False,0.38954083707612575,0.38954083707612575
2024-08-07_09,8,9,ranking_only,F0,oracle,0.0,0,0.9,False,0.5515305703842542,0.5515305703842542
2024-08-07_10,8,10,ranking_only,F0,oracle,0.0,0,1.0,False,0.8287893928499465,0.8287893928499465
2024-08-07_01,8,1,direct_substitution,F0,oracle,0.0,0,0.6,False,0.13122608540947095,0.13122608540947095
2024-08-07_02,8,2,direct_substitution,F0,oracle,0.0,0,0.7,False,0.13689790712468375,0.13689790712468375
2024-08-07_03,8,3,direct_substitution,F0,oracle,0.0,0,0.3,False,0.05909054832983405,0.05909054832983405
2024-08-07_04,8,4,direct_substitution,F0,oracle,0.0,0,0.1,False,0.0517092944990597,0.0517092944990597
2024-08-07_05,8,5,direct_substitution,F0,oracle,0.0,0,0.5,False,0.1292807729332478,0.1292807729332478
2024-08-07_06,8,6,direct_substitution,F0,oracle,0.0,0,0.4,False,0.12497887376657493,0.12497887376657493
2024-08-07_07,8,7,direct_substitution,F0,oracle,0.0,0,0.2,False,0.053493237426682286,0.053493237426682286
2024-08-07_08,8,8,direct_substitution,F0,oracle,0.0,0,0.8,False,0.38954083707612575,0.38954083707612575
2024-08-07_09,8,9,direct_substitution,F0,oracle,0.0,0,0.9,False,0.5515305703842542,0.5515305703842542
2024-08-07_10,8,10,direct_substitution,F0,oracle,0.0,0,1.0,False,0.8287893928499465,0.8287893928499465
2024-08-07_01,8,1,causal_feedback,F0,combined,0.0,0,0.7076923076923077,False,0.13122608540947087,0.13122608540947087
2024-08-07_02,8,2,causal_feedback,F0,combined,0.0,0,0.5756498673740053,False,0.13689790712468375,0.13689790712468375
2024-08-07_03,8,3,causal_feedback,F0,combined,0.0,0,0.4549602122015915,False,0.05909054832983405,0.05909054832983405
2024-08-07_04,8,4,causal_feedback,F0,combined,0.0,0,0.3506631299734749,False,0.0517092944990597,0.0517092944990597
2024-08-07_05,8,5,causal_feedback,F0,combined,0.0,0,0.210026525198939,False,0.1292807729332478,0.1292807729332478
2024-08-07_06,8,6,causal_feedback,F0,combined,0.0,0,0.46901856763925737,False,0.12497887376657493,0.12497887376657493
2024-08-07_07,8,7,causal_feedback,F0,combined,0.0,0,0.25310344827586206,False,0.053493237426682286,0.053493237426682286
2024-08-07_08,8,8,causal_feedback,F0,combined,0.0,0,0.7201061007957559,False,0.38954083707612575,0.38954083707612575
2024-08-07_09,8,9,causal_feedback,F0,combined,0.0,0,0.6491246684350133,False,0.5515305703842541,0.5515305703842541
2024-08-07_10,8,10,causal_feedback,F0,combined,0.0,0,0.36535809018567644,False,0.8287893928499465,0.8287893928499465
2024-08-07_01,8,1,causal_feedback,F1,combined,0.0,0,0.7076923076923077,False,0.13122608540947087,0.13122608540947087
2024-08-07_02,8,2,causal_feedback,F1,combined,0.0,0,0.5756498673740053,False,0.13689790712468375,0.13689790712468375
2024-08-07_03,8,3,causal_feedback,F1,combined,0.0,0,0.4549602122015915,False,0.05909054832983405,0.05909054832983405
2024-08-07_04,8,4,causal_feedback,F1,combined,0.0,0,0.3506631299734749,False,0.0517092944990597,0.0517092944990597
2024-08-07_05,8,5,causal_feedback,F1,combined,0.0,0,0.210026525198939,False,0.1292807729332478,0.1292807729332478
2024-08-07_06,8,6,causal_feedback,F1,combined,0.0,0,0.46901856763925737,False,0.12497887376657493,0.12497887376657493
2024-08-07_07,8,7,causal_feedback,F1,combined,0.0,0,0.25310344827586206,False,0.053493237426682286,0.053493237426682286
2024-08-07_08,8,8,causal_feedback,F1,combined,0.0,0,0.7201061007957559,False,0.38954083707612575,0.38954083707612575
2024-08-07_09,8,9,causal_feedback,F1,combined,0.0,0,0.6491246684350133,False,0.5515305703842541,0.5515305703842541
2024-08-07_10,8,10,causal_feedback,F1,combined,0.0,0,0.36535809018567644,False,0.8287893928499465,0.8287893928499465
2024-08-07_01,8,1,causal_feedback,F2,combined,0.0,0,0.7076923076923077,False,0.13122608540947087,0.13122608540947087
2024-08-07_02,8,2,causal_feedback,F2,combined,0.0,0,0.5756498673740053,False,0.13689790712468375,0.13689790712468375
2024-08-07_03,8,3,causal_feedback,F2,combined,0.0,0,0.4549602122015915,False,0.05909054832983405,0.05909054832983405
2024-08-07_04,8,4,causal_feedback,F2,combined,0.0,0,0.3506631299734749,False,0.0517092944990597,0.0517092944990597
2024-08-07_05,8,5,causal_feedback,F2,combined,0.0,0,0.210026525198939,False,0.1292807729332478,0.1292807729332478
2024-08-07_06,8,6,causal_feedback,F2,combined,0.0,0,0.46901856763925737,False,0.12497887376657493,0.12497887376657493
2024-08-07_07,8,7,causal_feedback,F2,combined,0.0,0,0.25310344827586206,False,0.053493237426682286,0.053493237426682286
2024-08-07_08,8,8,causal_feedback,F2,combined,0.0,0,0.7201061007957559,False,0.38954083707612575,0.38954083707612575
2024-08-07_09,8,9,causal_feedback,F2,combined,0.0,0,0.6491246684350133,False,0.5515305703842541,0.5515305703842541
2024-08-07_10,8,10,causal_feedback,F2,combined,0.0,0,0.36535809018567644,False,0.8287893928499465,0.8287893928499465
2024-08-07_01,8,1,causal_feedback,F3,combined,0.0,0,0.7076923076923077,False,0.13122608540947087,0.13122608540947087
2024-08-07_02,8,2,causal_feedback,F3,combined,0.0,0,0.5756498673740053,False,0.13689790712468375,0.13689790712468375
2024-08-07_03,8,3,causal_feedback,F3,combined,0.0,0,0.4549602122015915,False,0.05909054832983405,0.05909054832983405
2024-08-07_04,8,4,causal_feedback,F3,combined,0.0,0,0.3506631299734749,False,0.0517092944990597,0.0517092944990597
2024-08-07_05,8,5,causal_feedback,F3,combined,0.0,0,0.210026525198939,False,0.1292807729332478,0.1292807729332478
2024-08-07_06,8,6,causal_feedback,F3,combined,0.0,0,0.46901856763925737,False,0.12497887376657493,0.12497887376657493
2024-08-07_07,8,7,causal_feedback,F3,combined,0.0,0,0.25310344827586206,False,0.053493237426682286,0.053493237426682286
2024-08-07_08,8,8,causal_feedback,F3,combined,0.0,0,0.7201061007957559,False,0.38954083707612575,0.38954083707612575
2024-08-07_09,8,9,causal_feedback,F3,combined,0.0,0,0.6491246684350133,False,0.5515305703842541,0.5515305703842541
2024-08-07_10,8,10,causal_feedback,F3,combined,0.0,0,0.36535809018567644,False,0.8287893928499465,0.8287893928499465
2024-08-07_01,8,1,ranking_only,F0,no_metrology,0.1,0,,False,0.13122608540947095,0.13122608540947095
2024-08-07_02,8,2,ranking_only,F0,no_metrology,0.1,0,,False,0.13689790712468375,0.13689790712468375
2024-08-07_03,8,3,ranking_only,F0,no_metrology,0.1,0,,False,0.05909054832983405,0.05909054832983405
2024-08-07_04,8,4,ranking_only,F0,no_metrology,0.1,0,,False,0.0517092944990597,0.0517092944990597
2024-08-07_05,8,5,ranking_only,F0,no_metrology,0.1,0,,False,0.1292807729332478,0.1292807729332478
2024-08-07_06,8,6,ranking_only,F0,no_metrology,0.1,0,,False,0.12497887376657493,0.12497887376657493
2024-08-07_07,8,7,ranking_only,F0,no_metrology,0.1,0,,False,0.053493237426682286,0.053493237426682286
2024-08-07_08,8,8,ranking_only,F0,no_metrology,0.1,0,,False,0.38954083707612575,0.38954083707612575
2024-08-07_09,8,9,ranking_only,F0,no_metrology,0.1,0,,False,0.5515305703842542,0.5515305703842542
2024-08-07_10,8,10,ranking_only,F0,no_metrology,0.1,0,,False,0.8287893928499465,0.8287893928499465
2024-08-07_01,8,1,direct_substitution,F0,no_metrology,0.1,0,,False,0.13122608540947095,0.13122608540947095
2024-08-07_02,8,2,direct_substitution,F0,no_metrology,0.1,0,,False,0.13689790712468375,0.13689790712468375
2024-08-07_03,8,3,direct_substitution,F0,no_metrology,0.1,0,,False,0.05909054832983405,0.05909054832983405
2024-08-07_04,8,4,direct_substitution,F0,no_metrology,0.1,0,,False,0.0517092944990597,0.0517092944990597
2024-08-07_05,8,5,direct_substitution,F0,no_metrology,0.1,0,,False,0.1292807729332478,0.1292807729332478
2024-08-07_06,8,6,direct_substitution,F0,no_metrology,0.1,0,,False,0.12497887376657493,0.12497887376657493
2024-08-07_07,8,7,direct_substitution,F0,no_metrology,0.1,0,,False,0.053493237426682286,0.053493237426682286
2024-08-07_08,8,8,direct_substitution,F0,no_metrology,0.1,0,,False,0.38954083707612575,0.38954083707612575
2024-08-07_09,8,9,direct_substitution,F0,no_metrology,0.1,0,,False,0.5515305703842542,0.5515305703842542
2024-08-07_10,8,10,direct_substitution,F0,no_metrology,0.1,0,,False,0.8287893928499465,0.8287893928499465
2024-08-07_01,8,1,ranking_only,F0,periodic,0.1,0,,True,0.13122608540947095,0.0
2024-08-07_02,8,2,ranking_only,F0,periodic,0.1,0,,False,0.13689790712468375,0.13689790712468375
2024-08-07_03,8,3,ranking_only,F0,periodic,0.1,0,,False,0.05909054832983405,0.05909054832983405
2024-08-07_04,8,4,ranking_only,F0,periodic,0.1,0,,False,0.0517092944990597,0.0517092944990597
2024-08-07_05,8,5,ranking_only,F0,periodic,0.1,0,,False,0.1292807729332478,0.1292807729332478
2024-08-07_06,8,6,ranking_only,F0,periodic,0.1,0,,False,0.12497887376657493,0.12497887376657493
2024-08-07_07,8,7,ranking_only,F0,periodic,0.1,0,,False,0.053493237426682286,0.053493237426682286
2024-08-07_08,8,8,ranking_only,F0,periodic,0.1,0,,False,0.38954083707612575,0.38954083707612575
2024-08-07_09,8,9,ranking_only,F0,periodic,0.1,0,,False,0.5515305703842542,0.5515305703842542
2024-08-07_10,8,10,ranking_only,F0,periodic,0.1,0,,False,0.8287893928499465,0.8287893928499465
2024-08-07_01,8,1,direct_substitution,F0,periodic,0.1,0,,True,0.13122608540947095,0.0
2024-08-07_02,8,2,direct_substitution,F0,periodic,0.1,0,,False,0.13689790712468375,0.13689790712468375
2024-08-07_03,8,3,direct_substitution,F0,periodic,0.1,0,,False,0.05909054832983405,0.05909054832983405
2024-08-07_04,8,4,direct_substitution,F0,periodic,0.1,0,,False,0.0517092944990597,0.0517092944990597
2024-08-07_05,8,5,direct_substitution,F0,periodic,0.1,0,,False,0.1292807729332478,0.1292807729332478
2024-08-07_06,8,6,direct_substitution,F0,periodic,0.1,0,,False,0.12497887376657493,0.12497887376657493
2024-08-07_07,8,7,direct_substitution,F0,periodic,0.1,0,,False,0.053493237426682286,0.053493237426682286
2024-08-07_08,8,8,direct_substitution,F0,periodic,0.1,0,,False,0.38954083707612575,0.38954083707612575
2024-08-07_09,8,9,direct_substitution,F0,periodic,0.1,0,,False,0.5515305703842542,0.5515305703842542
2024-08-07_10,8,10,direct_substitution,F0,periodic,0.1,0,,False,0.8287893928499465,0.8287893928499465
2024-08-07_01,8,1,ranking_only,F0,ood,0.1,0,0.8923076923076924,True,0.13122608540947095,0.0
2024-08-07_02,8,2,ranking_only,F0,ood,0.1,0,0.8,False,0.13689790712468375,0.13689790712468375
2024-08-07_03,8,3,ranking_only,F0,ood,0.1,0,0.7538461538461538,False,0.05909054832983405,0.05909054832983405
2024-08-07_04,8,4,ranking_only,F0,ood,0.1,0,0.47692307692307695,False,0.0517092944990597,0.0517092944990597
2024-08-07_05,8,5,ranking_only,F0,ood,0.1,0,0.4461538461538462,False,0.1292807729332478,0.1292807729332478
2024-08-07_06,8,6,ranking_only,F0,ood,0.1,0,0.6153846153846154,False,0.12497887376657493,0.12497887376657493
2024-08-07_07,8,7,ranking_only,F0,ood,0.1,0,0.2153846153846154,False,0.053493237426682286,0.053493237426682286
2024-08-07_08,8,8,ranking_only,F0,ood,0.1,0,0.8153846153846154,False,0.38954083707612575,0.38954083707612575
2024-08-07_09,8,9,ranking_only,F0,ood,0.1,0,0.8153846153846154,False,0.5515305703842542,0.5515305703842542
2024-08-07_10,8,10,ranking_only,F0,ood,0.1,0,0.4461538461538462,False,0.8287893928499465,0.8287893928499465
2024-08-07_01,8,1,direct_substitution,F0,ood,0.1,0,0.8923076923076924,False,0.13122608540947095,0.13122608540947095
2024-08-07_02,8,2,direct_substitution,F0,ood,0.1,0,0.8,False,0.13689790712468375,0.13689790712468375
2024-08-07_03,8,3,direct_substitution,F0,ood,0.1,0,0.7538461538461538,False,0.05909054832983405,0.05909054832983405
2024-08-07_04,8,4,direct_substitution,F0,ood,0.1,0,0.47692307692307695,False,0.0517092944990597,0.0517092944990597
2024-08-07_05,8,5,direct_substitution,F0,ood,0.1,0,0.4461538461538462,False,0.1292807729332478,0.1292807729332478
2024-08-07_06,8,6,direct_substitution,F0,ood,0.1,0,0.6153846153846154,False,0.12497887376657493,0.12497887376657493
2024-08-07_07,8,7,direct_substitution,F0,ood,0.1,0,0.2153846153846154,False,0.053493237426682286,0.053493237426682286
2024-08-07_08,8,8,direct_substitution,F0,ood,0.1,0,0.8153846153846154,False,0.38954083707612575,0.38954083707612575
2024-08-07_09,8,9,direct_substitution,F0,ood,0.1,0,0.8153846153846154,False,0.5515305703842542,0.5515305703842542
2024-08-07_10,8,10,direct_substitution,F0,ood,0.1,0,0.4461538461538462,True,0.8287893928499465,0.0
2024-08-07_01,8,1,ranking_only,F0,disagreement,0.1,0,0.8307692307692308,True,0.13122608540947095,0.0
2024-08-07_02,8,2,ranking_only,F0,disagreement,0.1,0,0.4307692307692308,False,0.13689790712468375,0.13689790712468375
2024-08-07_03,8,3,ranking_only,F0,disagreement,0.1,0,0.5846153846153846,False,0.05909054832983405,0.05909054832983405
2024-08-07_04,8,4,ranking_only,F0,disagreement,0.1,0,0.09230769230769231,False,0.0517092944990597,0.0517092944990597
2024-08-07_05,8,5,ranking_only,F0,disagreement,0.1,0,0.09230769230769231,False,0.1292807729332478,0.1292807729332478
2024-08-07_06,8,6,ranking_only,F0,disagreement,0.1,0,0.4461538461538462,False,0.12497887376657493,0.12497887376657493
2024-08-07_07,8,7,ranking_only,F0,disagreement,0.1,0,0.3076923076923077,False,0.053493237426682286,0.053493237426682286
2024-08-07_08,8,8,ranking_only,F0,disagreement,0.1,0,0.015384615384615385,False,0.38954083707612575,0.38954083707612575
2024-08-07_09,8,9,ranking_only,F0,disagreement,0.1,0,0.7230769230769231,False,0.5515305703842542,0.5515305703842542
2024-08-07_10,8,10,ranking_only,F0,disagreement,0.1,0,0.7538461538461538,False,0.8287893928499465,0.8287893928499465
2024-08-07_01,8,1,direct_substitution,F0,disagreement,0.1,0,0.8307692307692308,False,0.13122608540947095,0.13122608540947095
2024-08-07_02,8,2,direct_substitution,F0,disagreement,0.1,0,0.4307692307692308,False,0.13689790712468375,0.13689790712468375
2024-08-07_03,8,3,direct_substitution,F0,disagreement,0.1,0,0.5846153846153846,False,0.05909054832983405,0.05909054832983405
2024-08-07_04,8,4,direct_substitution,F0,disagreement,0.1,0,0.09230769230769231,False,0.0517092944990597,0.0517092944990597
2024-08-07_05,8,5,direct_substitution,F0,disagreement,0.1,0,0.09230769230769231,False,0.1292807729332478,0.1292807729332478
2024-08-07_06,8,6,direct_substitution,F0,disagreement,0.1,0,0.4461538461538462,False,0.12497887376657493,0.12497887376657493
2024-08-07_07,8,7,direct_substitution,F0,disagreement,0.1,0,0.3076923076923077,False,0.053493237426682286,0.053493237426682286
2024-08-07_08,8,8,direct_substitution,F0,disagreement,0.1,0,0.015384615384615385,False,0.38954083707612575,0.38954083707612575
2024-08-07_09,8,9,direct_substitution,F0,disagreement,0.1,0,0.7230769230769231,False,0.5515305703842542,0.5515305703842542
2024-08-07_10,8,10,direct_substitution,F0,disagreement,0.1,0,0.7538461538461538,True,0.8287893928499465,0.0
2024-08-07_01,8,1,ranking_only,F0,combined,0.1,0,0.7076923076923077,False,0.13122608540947095,0.13122608540947095
2024-08-07_02,8,2,ranking_only,F0,combined,0.1,0,0.5756498673740053,False,0.13689790712468375,0.13689790712468375
2024-08-07_03,8,3,ranking_only,F0,combined,0.1,0,0.4549602122015915,False,0.05909054832983405,0.05909054832983405
2024-08-07_04,8,4,ranking_only,F0,combined,0.1,0,0.3506631299734749,False,0.0517092944990597,0.0517092944990597
2024-08-07_05,8,5,ranking_only,F0,combined,0.1,0,0.210026525198939,False,0.1292807729332478,0.1292807729332478
2024-08-07_06,8,6,ranking_only,F0,combined,0.1,0,0.46901856763925737,False,0.12497887376657493,0.12497887376657493
2024-08-07_07,8,7,ranking_only,F0,combined,0.1,0,0.25310344827586206,False,0.053493237426682286,0.053493237426682286
2024-08-07_08,8,8,ranking_only,F0,combined,0.1,0,0.7201061007957559,True,0.38954083707612575,0.0
2024-08-07_09,8,9,ranking_only,F0,combined,0.1,0,0.6491246684350133,False,0.5515305703842542,0.5515305703842542
2024-08-07_10,8,10,ranking_only,F0,combined,0.1,0,0.36535809018567644,False,0.8287893928499465,0.8287893928499465
2024-08-07_01,8,1,direct_substitution,F0,combined,0.1,0,0.7076923076923077,False,0.13122608540947095,0.13122608540947095
2024-08-07_02,8,2,direct_substitution,F0,combined,0.1,0,0.5756498673740053,False,0.13689790712468375,0.13689790712468375
2024-08-07_03,8,3,direct_substitution,F0,combined,0.1,0,0.4549602122015915,False,0.05909054832983405,0.05909054832983405
2024-08-07_04,8,4,direct_substitution,F0,combined,0.1,0,0.3506631299734749,False,0.0517092944990597,0.0517092944990597
2024-08-07_05,8,5,direct_substitution,F0,combined,0.1,0,0.210026525198939,False,0.1292807729332478,0.1292807729332478
2024-08-07_06,8,6,direct_substitution,F0,combined,0.1,0,0.46901856763925737,False,0.12497887376657493,0.12497887376657493
2024-08-07_07,8,7,direct_substitution,F0,combined,0.1,0,0.25310344827586206,False,0.053493237426682286,0.053493237426682286
2024-08-07_08,8,8,direct_substitution,F0,combined,0.1,0,0.7201061007957559,False,0.38954083707612575,0.38954083707612575
2024-08-07_09,8,9,direct_substitution,F0,combined,0.1,0,0.6491246684350133,False,0.5515305703842542,0.5515305703842542
2024-08-07_10,8,10,direct_substitution,F0,combined,0.1,0,0.36535809018567644,True,0.8287893928499465,0.0
2024-08-07_01,8,1,ranking_only,F0,validated_combined,0.1,0,0.7076923076923077,False,0.13122608540947095,0.13122608540947095
2024-08-07_02,8,2,ranking_only,F0,validated_combined,0.1,0,0.5756498673740053,False,0.13689790712468375,0.13689790712468375
2024-08-07_03,8,3,ranking_only,F0,validated_combined,0.1,0,0.4549602122015915,False,0.05909054832983405,0.05909054832983405
2024-08-07_04,8,4,ranking_only,F0,validated_combined,0.1,0,0.3506631299734749,False,0.0517092944990597,0.0517092944990597
2024-08-07_05,8,5,ranking_only,F0,validated_combined,0.1,0,0.210026525198939,False,0.1292807729332478,0.1292807729332478
2024-08-07_06,8,6,ranking_only,F0,validated_combined,0.1,0,0.46901856763925737,False,0.12497887376657493,0.12497887376657493
2024-08-07_07,8,7,ranking_only,F0,validated_combined,0.1,0,0.25310344827586206,False,0.053493237426682286,0.053493237426682286
2024-08-07_08,8,8,ranking_only,F0,validated_combined,0.1,0,0.7201061007957559,True,0.38954083707612575,0.0
2024-08-07_09,8,9,ranking_only,F0,validated_combined,0.1,0,0.6491246684350133,False,0.5515305703842542,0.5515305703842542
2024-08-07_10,8,10,ranking_only,F0,validated_combined,0.1,0,0.36535809018567644,False,0.8287893928499465,0.8287893928499465
2024-08-07_01,8,1,direct_substitution,F0,validated_combined,0.1,0,0.7076923076923077,False,0.13122608540947095,0.13122608540947095
2024-08-07_02,8,2,direct_substitution,F0,validated_combined,0.1,0,0.5756498673740053,False,0.13689790712468375,0.13689790712468375
2024-08-07_03,8,3,direct_substitution,F0,validated_combined,0.1,0,0.4549602122015915,False,0.05909054832983405,0.05909054832983405
2024-08-07_04,8,4,direct_substitution,F0,validated_combined,0.1,0,0.3506631299734749,False,0.0517092944990597,0.0517092944990597
2024-08-07_05,8,5,direct_substitution,F0,validated_combined,0.1,0,0.210026525198939,False,0.1292807729332478,0.1292807729332478
2024-08-07_06,8,6,direct_substitution,F0,validated_combined,0.1,0,0.46901856763925737,False,0.12497887376657493,0.12497887376657493
2024-08-07_07,8,7,direct_substitution,F0,validated_combined,0.1,0,0.25310344827586206,False,0.053493237426682286,0.053493237426682286
2024-08-07_08,8,8,direct_substitution,F0,validated_combined,0.1,0,0.7201061007957559,False,0.38954083707612575,0.38954083707612575
2024-08-07_09,8,9,direct_substitution,F0,validated_combined,0.1,0,0.6491246684350133,False,0.5515305703842542,0.5515305703842542
2024-08-07_10,8,10,direct_substitution,F0,validated_combined,0.1,0,0.36535809018567644,True,0.8287893928499465,0.0
2024-08-07_01,8,1,ranking_only,F0,oracle,0.1,0,0.6,False,0.13122608540947095,0.13122608540947095
2024-08-07_02,8,2,ranking_only,F0,oracle,0.1,0,0.7,False,0.13689790712468375,0.13689790712468375
2024-08-07_03,8,3,ranking_only,F0,oracle,0.1,0,0.3,False,0.05909054832983405,0.05909054832983405
2024-08-07_04,8,4,ranking_only,F0,oracle,0.1,0,0.1,False,0.0517092944990597,0.0517092944990597
2024-08-07_05,8,5,ranking_only,F0,oracle,0.1,0,0.5,False,0.1292807729332478,0.1292807729332478
2024-08-07_06,8,6,ranking_only,F0,oracle,0.1,0,0.4,False,0.12497887376657493,0.12497887376657493
2024-08-07_07,8,7,ranking_only,F0,oracle,0.1,0,0.2,False,0.053493237426682286,0.053493237426682286
2024-08-07_08,8,8,ranking_only,F0,oracle,0.1,0,0.8,False,0.38954083707612575,0.38954083707612575
2024-08-07_09,8,9,ranking_only,F0,oracle,0.1,0,0.9,False,0.5515305703842542,0.5515305703842542
2024-08-07_10,8,10,ranking_only,F0,oracle,0.1,0,1.0,True,0.8287893928499465,0.0
2024-08-07_01,8,1,direct_substitution,F0,oracle,0.1,0,0.6,False,0.13122608540947095,0.13122608540947095
2024-08-07_02,8,2,direct_substitution,F0,oracle,0.1,0,0.7,False,0.13689790712468375,0.13689790712468375
2024-08-07_03,8,3,direct_substitution,F0,oracle,0.1,0,0.3,False,0.05909054832983405,0.05909054832983405
2024-08-07_04,8,4,direct_substitution,F0,oracle,0.1,0,0.1,False,0.0517092944990597,0.0517092944990597
2024-08-07_05,8,5,direct_substitution,F0,oracle,0.1,0,0.5,False,0.1292807729332478,0.1292807729332478
2024-08-07_06,8,6,direct_substitution,F0,oracle,0.1,0,0.4,False,0.12497887376657493,0.12497887376657493
2024-08-07_07,8,7,direct_substitution,F0,oracle,0.1,0,0.2,False,0.053493237426682286,0.053493237426682286
2024-08-07_08,8,8,direct_substitution,F0,oracle,0.1,0,0.8,False,0.38954083707612575,0.38954083707612575
2024-08-07_09,8,9,direct_substitution,F0,oracle,0.1,0,0.9,True,0.5515305703842542,0.0
2024-08-07_10,8,10,direct_substitution,F0,oracle,0.1,0,1.0,False,0.8287893928499465,0.8287893928499465
2024-08-07_01,8,1,causal_feedback,F0,combined,0.1,0,0.7076923076923077,False,0.13122608540947087,0.13122608540947087
2024-08-07_02,8,2,causal_feedback,F0,combined,0.1,0,0.5756498673740053,False,0.13689790712468375,0.13689790712468375
2024-08-07_03,8,3,causal_feedback,F0,combined,0.1,0,0.4549602122015915,False,0.05909054832983405,0.05909054832983405
2024-08-07_04,8,4,causal_feedback,F0,combined,0.1,0,0.3506631299734749,False,0.0517092944990597,0.0517092944990597
2024-08-07_05,8,5,causal_feedback,F0,combined,0.1,0,0.210026525198939,False,0.1292807729332478,0.1292807729332478
2024-08-07_06,8,6,causal_feedback,F0,combined,0.1,0,0.46901856763925737,False,0.12497887376657493,0.12497887376657493
2024-08-07_07,8,7,causal_feedback,F0,combined,0.1,0,0.25310344827586206,False,0.053493237426682286,0.053493237426682286
2024-08-07_08,8,8,causal_feedback,F0,combined,0.1,0,0.7201061007957559,False,0.38954083707612575,0.38954083707612575
2024-08-07_09,8,9,causal_feedback,F0,combined,0.1,0,0.6491246684350133,False,0.5515305703842541,0.5515305703842541
2024-08-07_10,8,10,causal_feedback,F0,combined,0.1,0,0.36535809018567644,True,0.8287893928499465,0.0
2024-08-07_01,8,1,causal_feedback,F1,combined,0.1,0,0.7076923076923077,False,0.13122608540947087,0.13122608540947087
2024-08-07_02,8,2,causal_feedback,F1,combined,0.1,0,0.5756498673740053,False,0.13689790712468375,0.13689790712468375
2024-08-07_03,8,3,causal_feedback,F1,combined,0.1,0,0.4549602122015915,False,0.05909054832983405,0.05909054832983405
2024-08-07_04,8,4,causal_feedback,F1,combined,0.1,0,0.3506631299734749,False,0.0517092944990597,0.0517092944990597
2024-08-07_05,8,5,causal_feedback,F1,combined,0.1,0,0.210026525198939,False,0.1292807729332478,0.1292807729332478
2024-08-07_06,8,6,causal_feedback,F1,combined,0.1,0,0.46901856763925737,False,0.12497887376657493,0.12497887376657493
2024-08-07_07,8,7,causal_feedback,F1,combined,0.1,0,0.25310344827586206,False,0.053493237426682286,0.053493237426682286
2024-08-07_08,8,8,causal_feedback,F1,combined,0.1,0,0.7201061007957559,False,0.38954083707612575,0.38954083707612575
2024-08-07_09,8,9,causal_feedback,F1,combined,0.1,0,0.6491246684350133,False,0.5515305703842541,0.5515305703842541
2024-08-07_10,8,10,causal_feedback,F1,combined,0.1,0,0.36535809018567644,True,0.8287893928499465,0.0
2024-08-07_01,8,1,causal_feedback,F2,combined,0.1,0,0.7076923076923077,False,0.13122608540947087,0.13122608540947087
2024-08-07_02,8,2,causal_feedback,F2,combined,0.1,0,0.5756498673740053,False,0.13689790712468375,0.13689790712468375
2024-08-07_03,8,3,causal_feedback,F2,combined,0.1,0,0.4549602122015915,False,0.05909054832983405,0.05909054832983405
2024-08-07_04,8,4,causal_feedback,F2,combined,0.1,0,0.3506631299734749,False,0.0517092944990597,0.0517092944990597
2024-08-07_05,8,5,causal_feedback,F2,combined,0.1,0,0.210026525198939,False,0.1292807729332478,0.1292807729332478
2024-08-07_06,8,6,causal_feedback,F2,combined,0.1,0,0.46901856763925737,False,0.12497887376657493,0.12497887376657493
2024-08-07_07,8,7,causal_feedback,F2,combined,0.1,0,0.25310344827586206,False,0.053493237426682286,0.053493237426682286
2024-08-07_08,8,8,causal_feedback,F2,combined,0.1,0,0.7201061007957559,False,0.38954083707612575,0.38954083707612575
2024-08-07_09,8,9,causal_feedback,F2,combined,0.1,0,0.6491246684350133,False,0.5515305703842541,0.5515305703842541
2024-08-07_10,8,10,causal_feedback,F2,combined,0.1,0,0.36535809018567644,True,0.8287893928499465,0.0
2024-08-07_01,8,1,causal_feedback,F3,combined,0.1,0,0.7076923076923077,False,0.13122608540947087,0.13122608540947087
2024-08-07_02,8,2,causal_feedback,F3,combined,0.1,0,0.5756498673740053,False,0.13689790712468375,0.13689790712468375
2024-08-07_03,8,3,causal_feedback,F3,combined,0.1,0,0.4549602122015915,False,0.05909054832983405,0.05909054832983405
2024-08-07_04,8,4,causal_feedback,F3,combined,0.1,0,0.3506631299734749,False,0.0517092944990597,0.0517092944990597
2024-08-07_05,8,5,causal_feedback,F3,combined,0.1,0,0.210026525198939,False,0.1292807729332478,0.1292807729332478
2024-08-07_06,8,6,causal_feedback,F3,combined,0.1,0,0.46901856763925737,False,0.12497887376657493,0.12497887376657493
2024-08-07_07,8,7,causal_feedback,F3,combined,0.1,0,0.25310344827586206,False,0.053493237426682286,0.053493237426682286
2024-08-07_08,8,8,causal_feedback,F3,combined,0.1,0,0.7201061007957559,False,0.38954083707612575,0.38954083707612575
2024-08-07_09,8,9,causal_feedback,F3,combined,0.1,0,0.6491246684350133,False,0.5515305703842541,0.5515305703842541
2024-08-07_10,8,10,causal_feedback,F3,combined,0.1,0,0.36535809018567644,True,0.8287893928499465,0.0
2024-08-07_01,8,1,ranking_only,F0,no_metrology,0.2,0,,False,0.13122608540947095,0.13122608540947095
2024-08-07_02,8,2,ranking_only,F0,no_metrology,0.2,0,,False,0.13689790712468375,0.13689790712468375
2024-08-07_03,8,3,ranking_only,F0,no_metrology,0.2,0,,False,0.05909054832983405,0.05909054832983405
2024-08-07_04,8,4,ranking_only,F0,no_metrology,0.2,0,,False,0.0517092944990597,0.0517092944990597
2024-08-07_05,8,5,ranking_only,F0,no_metrology,0.2,0,,False,0.1292807729332478,0.1292807729332478
2024-08-07_06,8,6,ranking_only,F0,no_metrology,0.2,0,,False,0.12497887376657493,0.12497887376657493
2024-08-07_07,8,7,ranking_only,F0,no_metrology,0.2,0,,False,0.053493237426682286,0.053493237426682286
2024-08-07_08,8,8,ranking_only,F0,no_metrology,0.2,0,,False,0.38954083707612575,0.38954083707612575
2024-08-07_09,8,9,ranking_only,F0,no_metrology,0.2,0,,False,0.5515305703842542,0.5515305703842542
2024-08-07_10,8,10,ranking_only,F0,no_metrology,0.2,0,,False,0.8287893928499465,0.8287893928499465
2024-08-07_01,8,1,direct_substitution,F0,no_metrology,0.2,0,,False,0.13122608540947095,0.13122608540947095
2024-08-07_02,8,2,direct_substitution,F0,no_metrology,0.2,0,,False,0.13689790712468375,0.13689790712468375
2024-08-07_03,8,3,direct_substitution,F0,no_metrology,0.2,0,,False,0.05909054832983405,0.05909054832983405
2024-08-07_04,8,4,direct_substitution,F0,no_metrology,0.2,0,,False,0.0517092944990597,0.0517092944990597
2024-08-07_05,8,5,direct_substitution,F0,no_metrology,0.2,0,,False,0.1292807729332478,0.1292807729332478
2024-08-07_06,8,6,direct_substitution,F0,no_metrology,0.2,0,,False,0.12497887376657493,0.12497887376657493
2024-08-07_07,8,7,direct_substitution,F0,no_metrology,0.2,0,,False,0.053493237426682286,0.053493237426682286
2024-08-07_08,8,8,direct_substitution,F0,no_metrology,0.2,0,,False,0.38954083707612575,0.38954083707612575
2024-08-07_09,8,9,direct_substitution,F0,no_metrology,0.2,0,,False,0.5515305703842542,0.5515305703842542
2024-08-07_10,8,10,direct_substitution,F0,no_metrology,0.2,0,,False,0.8287893928499465,0.8287893928499465
2024-08-07_01,8,1,ranking_only,F0,periodic,0.2,0,,True,0.13122608540947095,0.0
2024-08-07_02,8,2,ranking_only,F0,periodic,0.2,0,,False,0.13689790712468375,0.13689790712468375
2024-08-07_03,8,3,ranking_only,F0,periodic,0.2,0,,False,0.05909054832983405,0.05909054832983405
2024-08-07_04,8,4,ranking_only,F0,periodic,0.2,0,,False,0.0517092944990597,0.0517092944990597
2024-08-07_05,8,5,ranking_only,F0,periodic,0.2,0,,False,0.1292807729332478,0.1292807729332478
2024-08-07_06,8,6,ranking_only,F0,periodic,0.2,0,,False,0.12497887376657493,0.12497887376657493
2024-08-07_07,8,7,ranking_only,F0,periodic,0.2,0,,False,0.053493237426682286,0.053493237426682286
2024-08-07_08,8,8,ranking_only,F0,periodic,0.2,0,,False,0.38954083707612575,0.38954083707612575
2024-08-07_09,8,9,ranking_only,F0,periodic,0.2,0,,False,0.5515305703842542,0.5515305703842542
2024-08-07_10,8,10,ranking_only,F0,periodic,0.2,0,,True,0.8287893928499465,0.0
2024-08-07_01,8,1,direct_substitution,F0,periodic,0.2,0,,True,0.13122608540947095,0.0
2024-08-07_02,8,2,direct_substitution,F0,periodic,0.2,0,,False,0.13689790712468375,0.13689790712468375
2024-08-07_03,8,3,direct_substitution,F0,periodic,0.2,0,,False,0.05909054832983405,0.05909054832983405
2024-08-07_04,8,4,direct_substitution,F0,periodic,0.2,0,,False,0.0517092944990597,0.0517092944990597
2024-08-07_05,8,5,direct_substitution,F0,periodic,0.2,0,,False,0.1292807729332478,0.1292807729332478
2024-08-07_06,8,6,direct_substitution,F0,periodic,0.2,0,,False,0.12497887376657493,0.12497887376657493
2024-08-07_07,8,7,direct_substitution,F0,periodic,0.2,0,,False,0.053493237426682286,0.053493237426682286
2024-08-07_08,8,8,direct_substitution,F0,periodic,0.2,0,,False,0.38954083707612575,0.38954083707612575
2024-08-07_09,8,9,direct_substitution,F0,periodic,0.2,0,,False,0.5515305703842542,0.5515305703842542
2024-08-07_10,8,10,direct_substitution,F0,periodic,0.2,0,,True,0.8287893928499465,0.0
2024-08-07_01,8,1,ranking_only,F0,ood,0.2,0,0.8923076923076924,True,0.13122608540947095,0.0
2024-08-07_02,8,2,ranking_only,F0,ood,0.2,0,0.8,False,0.13689790712468375,0.13689790712468375
2024-08-07_03,8,3,ranking_only,F0,ood,0.2,0,0.7538461538461538,False,0.05909054832983405,0.05909054832983405
2024-08-07_04,8,4,ranking_only,F0,ood,0.2,0,0.47692307692307695,False,0.0517092944990597,0.0517092944990597
2024-08-07_05,8,5,ranking_only,F0,ood,0.2,0,0.4461538461538462,False,0.1292807729332478,0.1292807729332478
2024-08-07_06,8,6,ranking_only,F0,ood,0.2,0,0.6153846153846154,False,0.12497887376657493,0.12497887376657493
2024-08-07_07,8,7,ranking_only,F0,ood,0.2,0,0.2153846153846154,False,0.053493237426682286,0.053493237426682286
2024-08-07_08,8,8,ranking_only,F0,ood,0.2,0,0.8153846153846154,True,0.38954083707612575,0.0
2024-08-07_09,8,9,ranking_only,F0,ood,0.2,0,0.8153846153846154,False,0.5515305703842542,0.5515305703842542
2024-08-07_10,8,10,ranking_only,F0,ood,0.2,0,0.4461538461538462,False,0.8287893928499465,0.8287893928499465
2024-08-07_01,8,1,direct_substitution,F0,ood,0.2,0,0.8923076923076924,True,0.13122608540947095,0.0
2024-08-07_02,8,2,direct_substitution,F0,ood,0.2,0,0.8,False,0.13689790712468375,0.13689790712468375
2024-08-07_03,8,3,direct_substitution,F0,ood,0.2,0,0.7538461538461538,False,0.05909054832983405,0.05909054832983405
2024-08-07_04,8,4,direct_substitution,F0,ood,0.2,0,0.47692307692307695,False,0.0517092944990597,0.0517092944990597
2024-08-07_05,8,5,direct_substitution,F0,ood,0.2,0,0.4461538461538462,False,0.1292807729332478,0.1292807729332478
2024-08-07_06,8,6,direct_substitution,F0,ood,0.2,0,0.6153846153846154,False,0.12497887376657493,0.12497887376657493
2024-08-07_07,8,7,direct_substitution,F0,ood,0.2,0,0.2153846153846154,False,0.053493237426682286,0.053493237426682286
2024-08-07_08,8,8,direct_substitution,F0,ood,0.2,0,0.8153846153846154,True,0.38954083707612575,0.0
2024-08-07_09,8,9,direct_substitution,F0,ood,0.2,0,0.8153846153846154,False,0.5515305703842542,0.5515305703842542
2024-08-07_10,8,10,direct_substitution,F0,ood,0.2,0,0.4461538461538462,False,0.8287893928499465,0.8287893928499465
2024-08-07_01,8,1,ranking_only,F0,disagreement,0.2,0,0.8307692307692308,True,0.13122608540947095,0.0
2024-08-07_02,8,2,ranking_only,F0,disagreement,0.2,0,0.4307692307692308,False,0.13689790712468375,0.13689790712468375
2024-08-07_03,8,3,ranking_only,F0,disagreement,0.2,0,0.5846153846153846,False,0.05909054832983405,0.05909054832983405
2024-08-07_04,8,4,ranking_only,F0,disagreement,0.2,0,0.09230769230769231,False,0.0517092944990597,0.0517092944990597
2024-08-07_05,8,5,ranking_only,F0,disagreement,0.2,0,0.09230769230769231,False,0.1292807729332478,0.1292807729332478
2024-08-07_06,8,6,ranking_only,F0,disagreement,0.2,0,0.4461538461538462,False,0.12497887376657493,0.12497887376657493
2024-08-07_07,8,7,ranking_only,F0,disagreement,0.2,0,0.3076923076923077,False,0.053493237426682286,0.053493237426682286
2024-08-07_08,8,8,ranking_only,F0,disagreement,0.2,0,0.015384615384615385,False,0.38954083707612575,0.38954083707612575
2024-08-07_09,8,9,ranking_only,F0,disagreement,0.2,0,0.7230769230769231,False,0.5515305703842542,0.5515305703842542
2024-08-07_10,8,10,ranking_only,F0,disagreement,0.2,0,0.7538461538461538,True,0.8287893928499465,0.0
2024-08-07_01,8,1,direct_substitution,F0,disagreement,0.2,0,0.8307692307692308,True,0.13122608540947095,0.0
2024-08-07_02,8,2,direct_substitution,F0,disagreement,0.2,0,0.4307692307692308,False,0.13689790712468375,0.13689790712468375
2024-08-07_03,8,3,direct_substitution,F0,disagreement,0.2,0,0.5846153846153846,False,0.05909054832983405,0.05909054832983405
2024-08-07_04,8,4,direct_substitution,F0,disagreement,0.2,0,0.09230769230769231,False,0.0517092944990597,0.0517092944990597
2024-08-07_05,8,5,direct_substitution,F0,disagreement,0.2,0,0.09230769230769231,False,0.1292807729332478,0.1292807729332478
2024-08-07_06,8,6,direct_substitution,F0,disagreement,0.2,0,0.4461538461538462,False,0.12497887376657493,0.12497887376657493
2024-08-07_07,8,7,direct_substitution,F0,disagreement,0.2,0,0.3076923076923077,False,0.053493237426682286,0.053493237426682286
2024-08-07_08,8,8,direct_substitution,F0,disagreement,0.2,0,0.015384615384615385,False,0.38954083707612575,0.38954083707612575
2024-08-07_09,8,9,direct_substitution,F0,disagreement,0.2,0,0.7230769230769231,False,0.5515305703842542,0.5515305703842542
2024-08-07_10,8,10,direct_substitution,F0,disagreement,0.2,0,0.7538461538461538,True,0.8287893928499465,0.0
2024-08-07_01,8,1,ranking_only,F0,combined,0.2,0,0.7076923076923077,True,0.13122608540947095,0.0
2024-08-07_02,8,2,ranking_only,F0,combined,0.2,0,0.5756498673740053,False,0.13689790712468375,0.13689790712468375
2024-08-07_03,8,3,ranking_only,F0,combined,0.2,0,0.4549602122015915,False,0.05909054832983405,0.05909054832983405
2024-08-07_04,8,4,ranking_only,F0,combined,0.2,0,0.3506631299734749,False,0.0517092944990597,0.0517092944990597
2024-08-07_05,8,5,ranking_only,F0,combined,0.2,0,0.210026525198939,False,0.1292807729332478,0.1292807729332478
2024-08-07_06,8,6,ranking_only,F0,combined,0.2,0,0.46901856763925737,False,0.12497887376657493,0.12497887376657493
2024-08-07_07,8,7,ranking_only,F0,combined,0.2,0,0.25310344827586206,False,0.053493237426682286,0.053493237426682286
2024-08-07_08,8,8,ranking_only,F0,combined,0.2,0,0.7201061007957559,True,0.38954083707612575,0.0
2024-08-07_09,8,9,ranking_only,F0,combined,0.2,0,0.6491246684350133,False,0.5515305703842542,0.5515305703842542
2024-08-07_10,8,10,ranking_only,F0,combined,0.2,0,0.36535809018567644,False,0.8287893928499465,0.8287893928499465
2024-08-07_01,8,1,direct_substitution,F0,combined,0.2,0,0.7076923076923077,False,0.13122608540947095,0.13122608540947095
2024-08-07_02,8,2,direct_substitution,F0,combined,0.2,0,0.5756498673740053,False,0.13689790712468375,0.13689790712468375
2024-08-07_03,8,3,direct_substitution,F0,combined,0.2,0,0.4549602122015915,False,0.05909054832983405,0.05909054832983405
2024-08-07_04,8,4,direct_substitution,F0,combined,0.2,0,0.3506631299734749,False,0.0517092944990597,0.0517092944990597
2024-08-07_05,8,5,direct_substitution,F0,combined,0.2,0,0.210026525198939,False,0.1292807729332478,0.1292807729332478
2024-08-07_06,8,6,direct_substitution,F0,combined,0.2,0,0.46901856763925737,False,0.12497887376657493,0.12497887376657493
2024-08-07_07,8,7,direct_substitution,F0,combined,0.2,0,0.25310344827586206,False,0.053493237426682286,0.053493237426682286
2024-08-07_08,8,8,direct_substitution,F0,combined,0.2,0,0.7201061007957559,False,0.38954083707612575,0.38954083707612575
2024-08-07_09,8,9,direct_substitution,F0,combined,0.2,0,0.6491246684350133,True,0.5515305703842542,0.0
2024-08-07_10,8,10,direct_substitution,F0,combined,0.2,0,0.36535809018567644,True,0.8287893928499465,0.0
2024-08-07_01,8,1,ranking_only,F0,validated_combined,0.2,0,0.7076923076923077,True,0.13122608540947095,0.0
2024-08-07_02,8,2,ranking_only,F0,validated_combined,0.2,0,0.5756498673740053,False,0.13689790712468375,0.13689790712468375
2024-08-07_03,8,3,ranking_only,F0,validated_combined,0.2,0,0.4549602122015915,False,0.05909054832983405,0.05909054832983405
2024-08-07_04,8,4,ranking_only,F0,validated_combined,0.2,0,0.3506631299734749,False,0.0517092944990597,0.0517092944990597
2024-08-07_05,8,5,ranking_only,F0,validated_combined,0.2,0,0.210026525198939,False,0.1292807729332478,0.1292807729332478
2024-08-07_06,8,6,ranking_only,F0,validated_combined,0.2,0,0.46901856763925737,False,0.12497887376657493,0.12497887376657493
2024-08-07_07,8,7,ranking_only,F0,validated_combined,0.2,0,0.25310344827586206,False,0.053493237426682286,0.053493237426682286
2024-08-07_08,8,8,ranking_only,F0,validated_combined,0.2,0,0.7201061007957559,True,0.38954083707612575,0.0
2024-08-07_09,8,9,ranking_only,F0,validated_combined,0.2,0,0.6491246684350133,False,0.5515305703842542,0.5515305703842542
2024-08-07_10,8,10,ranking_only,F0,validated_combined,0.2,0,0.36535809018567644,False,0.8287893928499465,0.8287893928499465
2024-08-07_01,8,1,direct_substitution,F0,validated_combined,0.2,0,0.7076923076923077,False,0.13122608540947095,0.13122608540947095
2024-08-07_02,8,2,direct_substitution,F0,validated_combined,0.2,0,0.5756498673740053,False,0.13689790712468375,0.13689790712468375
2024-08-07_03,8,3,direct_substitution,F0,validated_combined,0.2,0,0.4549602122015915,False,0.05909054832983405,0.05909054832983405
2024-08-07_04,8,4,direct_substitution,F0,validated_combined,0.2,0,0.3506631299734749,False,0.0517092944990597,0.0517092944990597
2024-08-07_05,8,5,direct_substitution,F0,validated_combined,0.2,0,0.210026525198939,False,0.1292807729332478,0.1292807729332478
2024-08-07_06,8,6,direct_substitution,F0,validated_combined,0.2,0,0.46901856763925737,False,0.12497887376657493,0.12497887376657493
2024-08-07_07,8,7,direct_substitution,F0,validated_combined,0.2,0,0.25310344827586206,False,0.053493237426682286,0.053493237426682286
2024-08-07_08,8,8,direct_substitution,F0,validated_combined,0.2,0,0.7201061007957559,False,0.38954083707612575,0.38954083707612575
2024-08-07_09,8,9,direct_substitution,F0,validated_combined,0.2,0,0.6491246684350133,True,0.5515305703842542,0.0
2024-08-07_10,8,10,direct_substitution,F0,validated_combined,0.2,0,0.36535809018567644,True,0.8287893928499465,0.0
2024-08-07_01,8,1,ranking_only,F0,oracle,0.2,0,0.6,False,0.13122608540947095,0.13122608540947095
2024-08-07_02,8,2,ranking_only,F0,oracle,0.2,0,0.7,False,0.13689790712468375,0.13689790712468375
2024-08-07_03,8,3,ranking_only,F0,oracle,0.2,0,0.3,False,0.05909054832983405,0.05909054832983405
2024-08-07_04,8,4,ranking_only,F0,oracle,0.2,0,0.1,False,0.0517092944990597,0.0517092944990597
2024-08-07_05,8,5,ranking_only,F0,oracle,0.2,0,0.5,False,0.1292807729332478,0.1292807729332478
2024-08-07_06,8,6,ranking_only,F0,oracle,0.2,0,0.4,False,0.12497887376657493,0.12497887376657493
2024-08-07_07,8,7,ranking_only,F0,oracle,0.2,0,0.2,False,0.053493237426682286,0.053493237426682286
2024-08-07_08,8,8,ranking_only,F0,oracle,0.2,0,0.8,False,0.38954083707612575,0.38954083707612575
2024-08-07_09,8,9,ranking_only,F0,oracle,0.2,0,0.9,True,0.5515305703842542,0.0
2024-08-07_10,8,10,ranking_only,F0,oracle,0.2,0,1.0,True,0.8287893928499465,0.0
2024-08-07_01,8,1,direct_substitution,F0,oracle,0.2,0,0.6,False,0.13122608540947095,0.13122608540947095
2024-08-07_02,8,2,direct_substitution,F0,oracle,0.2,0,0.7,False,0.13689790712468375,0.13689790712468375
2024-08-07_03,8,3,direct_substitution,F0,oracle,0.2,0,0.3,False,0.05909054832983405,0.05909054832983405
2024-08-07_04,8,4,direct_substitution,F0,oracle,0.2,0,0.1,False,0.0517092944990597,0.0517092944990597
2024-08-07_05,8,5,direct_substitution,F0,oracle,0.2,0,0.5,False,0.1292807729332478,0.1292807729332478
2024-08-07_06,8,6,direct_substitution,F0,oracle,0.2,0,0.4,False,0.12497887376657493,0.12497887376657493
2024-08-07_07,8,7,direct_substitution,F0,oracle,0.2,0,0.2,False,0.053493237426682286,0.053493237426682286
2024-08-07_08,8,8,direct_substitution,F0,oracle,0.2,0,0.8,True,0.38954083707612575,0.0
2024-08-07_09,8,9,direct_substitution,F0,oracle,0.2,0,0.9,True,0.5515305703842542,0.0
2024-08-07_10,8,10,direct_substitution,F0,oracle,0.2,0,1.0,False,0.8287893928499465,0.8287893928499465
2024-08-07_01,8,1,causal_feedback,F0,combined,0.2,0,0.7076923076923077,False,0.13122608540947087,0.13122608540947087
2024-08-07_02,8,2,causal_feedback,F0,combined,0.2,0,0.5756498673740053,False,0.13689790712468375,0.13689790712468375
2024-08-07_03,8,3,causal_feedback,F0,combined,0.2,0,0.4549602122015915,False,0.05909054832983405,0.05909054832983405
2024-08-07_04,8,4,causal_feedback,F0,combined,0.2,0,0.3506631299734749,False,0.0517092944990597,0.0517092944990597
2024-08-07_05,8,5,causal_feedback,F0,combined,0.2,0,0.210026525198939,False,0.1292807729332478,0.1292807729332478
2024-08-07_06,8,6,causal_feedback,F0,combined,0.2,0,0.46901856763925737,False,0.12497887376657493,0.12497887376657493
2024-08-07_07,8,7,causal_feedback,F0,combined,0.2,0,0.25310344827586206,False,0.053493237426682286,0.053493237426682286
2024-08-07_08,8,8,causal_feedback,F0,combined,0.2,0,0.7201061007957559,False,0.38954083707612575,0.38954083707612575
2024-08-07_09,8,9,causal_feedback,F0,combined,0.2,0,0.6491246684350133,True,0.5515305703842541,0.0
2024-08-07_10,8,10,causal_feedback,F0,combined,0.2,0,0.36535809018567644,True,0.8287893928499465,0.0
2024-08-07_01,8,1,causal_feedback,F1,combined,0.2,0,0.7076923076923077,False,0.13122608540947087,0.13122608540947087
2024-08-07_02,8,2,causal_feedback,F1,combined,0.2,0,0.5756498673740053,False,0.13689790712468375,0.13689790712468375
2024-08-07_03,8,3,causal_feedback,F1,combined,0.2,0,0.4549602122015915,False,0.05909054832983405,0.05909054832983405
2024-08-07_04,8,4,causal_feedback,F1,combined,0.2,0,0.3506631299734749,False,0.0517092944990597,0.0517092944990597
2024-08-07_05,8,5,causal_feedback,F1,combined,0.2,0,0.210026525198939,False,0.1292807729332478,0.1292807729332478
2024-08-07_06,8,6,causal_feedback,F1,combined,0.2,0,0.46901856763925737,False,0.12497887376657493,0.12497887376657493
2024-08-07_07,8,7,causal_feedback,F1,combined,0.2,0,0.25310344827586206,False,0.053493237426682286,0.053493237426682286
2024-08-07_08,8,8,causal_feedback,F1,combined,0.2,0,0.7201061007957559,False,0.38954083707612575,0.38954083707612575
2024-08-07_09,8,9,causal_feedback,F1,combined,0.2,0,0.6491246684350133,True,0.5515305703842541,0.0
2024-08-07_10,8,10,causal_feedback,F1,combined,0.2,0,0.36535809018567644,True,0.6639143073820555,0.0
2024-08-07_01,8,1,causal_feedback,F2,combined,0.2,0,0.7076923076923077,False,0.13122608540947087,0.13122608540947087
2024-08-07_02,8,2,causal_feedback,F2,combined,0.2,0,0.5756498673740053,False,0.13689790712468375,0.13689790712468375
2024-08-07_03,8,3,causal_feedback,F2,combined,0.2,0,0.4549602122015915,False,0.05909054832983405,0.05909054832983405
2024-08-07_04,8,4,causal_feedback,F2,combined,0.2,0,0.3506631299734749,False,0.0517092944990597,0.0517092944990597
2024-08-07_05,8,5,causal_feedback,F2,combined,0.2,0,0.210026525198939,False,0.1292807729332478,0.1292807729332478
2024-08-07_06,8,6,causal_feedback,F2,combined,0.2,0,0.46901856763925737,False,0.12497887376657493,0.12497887376657493
2024-08-07_07,8,7,causal_feedback,F2,combined,0.2,0,0.25310344827586206,False,0.053493237426682286,0.053493237426682286
2024-08-07_08,8,8,causal_feedback,F2,combined,0.2,0,0.7201061007957559,False,0.38954083707612575,0.38954083707612575
2024-08-07_09,8,9,causal_feedback,F2,combined,0.2,0,0.6491246684350133,True,0.5515305703842541,0.0
2024-08-07_10,8,10,causal_feedback,F2,combined,0.2,0,0.36535809018567644,True,0.6439866783810593,0.0
2024-08-07_01,8,1,causal_feedback,F3,combined,0.2,0,0.7076923076923077,False,0.13122608540947087,0.13122608540947087
2024-08-07_02,8,2,causal_feedback,F3,combined,0.2,0,0.5756498673740053,False,0.13689790712468375,0.13689790712468375
2024-08-07_03,8,3,causal_feedback,F3,combined,0.2,0,0.4549602122015915,False,0.05909054832983405,0.05909054832983405
2024-08-07_04,8,4,causal_feedback,F3,combined,0.2,0,0.3506631299734749,False,0.0517092944990597,0.0517092944990597
2024-08-07_05,8,5,causal_feedback,F3,combined,0.2,0,0.210026525198939,False,0.1292807729332478,0.1292807729332478
2024-08-07_06,8,6,causal_feedback,F3,combined,0.2,0,0.46901856763925737,False,0.12497887376657493,0.12497887376657493
2024-08-07_07,8,7,causal_feedback,F3,combined,0.2,0,0.25310344827586206,False,0.053493237426682286,0.053493237426682286
2024-08-07_08,8,8,causal_feedback,F3,combined,0.2,0,0.7201061007957559,False,0.38954083707612575,0.38954083707612575
2024-08-07_09,8,9,causal_feedback,F3,combined,0.2,0,0.6491246684350133,True,0.5515305703842541,0.0
2024-08-07_10,8,10,causal_feedback,F3,combined,0.2,0,0.36535809018567644,True,0.6439866783810596,0.0
2024-08-07_01,8,1,ranking_only,F0,no_metrology,0.3,0,,False,0.13122608540947095,0.13122608540947095
2024-08-07_02,8,2,ranking_only,F0,no_metrology,0.3,0,,False,0.13689790712468375,0.13689790712468375
2024-08-07_03,8,3,ranking_only,F0,no_metrology,0.3,0,,False,0.05909054832983405,0.05909054832983405
2024-08-07_04,8,4,ranking_only,F0,no_metrology,0.3,0,,False,0.0517092944990597,0.0517092944990597
2024-08-07_05,8,5,ranking_only,F0,no_metrology,0.3,0,,False,0.1292807729332478,0.1292807729332478
2024-08-07_06,8,6,ranking_only,F0,no_metrology,0.3,0,,False,0.12497887376657493,0.12497887376657493
2024-08-07_07,8,7,ranking_only,F0,no_metrology,0.3,0,,False,0.053493237426682286,0.053493237426682286
2024-08-07_08,8,8,ranking_only,F0,no_metrology,0.3,0,,False,0.38954083707612575,0.38954083707612575
2024-08-07_09,8,9,ranking_only,F0,no_metrology,0.3,0,,False,0.5515305703842542,0.5515305703842542
2024-08-07_10,8,10,ranking_only,F0,no_metrology,0.3,0,,False,0.8287893928499465,0.8287893928499465
2024-08-07_01,8,1,direct_substitution,F0,no_metrology,0.3,0,,False,0.13122608540947095,0.13122608540947095
2024-08-07_02,8,2,direct_substitution,F0,no_metrology,0.3,0,,False,0.13689790712468375,0.13689790712468375
2024-08-07_03,8,3,direct_substitution,F0,no_metrology,0.3,0,,False,0.05909054832983405,0.05909054832983405
2024-08-07_04,8,4,direct_substitution,F0,no_metrology,0.3,0,,False,0.0517092944990597,0.0517092944990597
2024-08-07_05,8,5,direct_substitution,F0,no_metrology,0.3,0,,False,0.1292807729332478,0.1292807729332478
2024-08-07_06,8,6,direct_substitution,F0,no_metrology,0.3,0,,False,0.12497887376657493,0.12497887376657493
2024-08-07_07,8,7,direct_substitution,F0,no_metrology,0.3,0,,False,0.053493237426682286,0.053493237426682286
2024-08-07_08,8,8,direct_substitution,F0,no_metrology,0.3,0,,False,0.38954083707612575,0.38954083707612575
2024-08-07_09,8,9,direct_substitution,F0,no_metrology,0.3,0,,False,0.5515305703842542,0.5515305703842542
2024-08-07_10,8,10,direct_substitution,F0,no_metrology,0.3,0,,False,0.8287893928499465,0.8287893928499465
2024-08-07_01,8,1,ranking_only,F0,periodic,0.3,0,,True,0.13122608540947095,0.0
2024-08-07_02,8,2,ranking_only,F0,periodic,0.3,0,,False,0.13689790712468375,0.13689790712468375
2024-08-07_03,8,3,ranking_only,F0,periodic,0.3,0,,False,0.05909054832983405,0.05909054832983405
2024-08-07_04,8,4,ranking_only,F0,periodic,0.3,0,,False,0.0517092944990597,0.0517092944990597
2024-08-07_05,8,5,ranking_only,F0,periodic,0.3,0,,True,0.1292807729332478,0.0
2024-08-07_06,8,6,ranking_only,F0,periodic,0.3,0,,False,0.12497887376657493,0.12497887376657493
2024-08-07_07,8,7,ranking_only,F0,periodic,0.3,0,,False,0.053493237426682286,0.053493237426682286
2024-08-07_08,8,8,ranking_only,F0,periodic,0.3,0,,False,0.38954083707612575,0.38954083707612575
2024-08-07_09,8,9,ranking_only,F0,periodic,0.3,0,,False,0.5515305703842542,0.5515305703842542
2024-08-07_10,8,10,ranking_only,F0,periodic,0.3,0,,True,0.8287893928499465,0.0
2024-08-07_01,8,1,direct_substitution,F0,periodic,0.3,0,,True,0.13122608540947095,0.0
2024-08-07_02,8,2,direct_substitution,F0,periodic,0.3,0,,False,0.13689790712468375,0.13689790712468375
2024-08-07_03,8,3,direct_substitution,F0,periodic,0.3,0,,False,0.05909054832983405,0.05909054832983405
2024-08-07_04,8,4,direct_substitution,F0,periodic,0.3,0,,False,0.0517092944990597,0.0517092944990597
2024-08-07_05,8,5,direct_substitution,F0,periodic,0.3,0,,True,0.1292807729332478,0.0
2024-08-07_06,8,6,direct_substitution,F0,periodic,0.3,0,,False,0.12497887376657493,0.12497887376657493
2024-08-07_07,8,7,direct_substitution,F0,periodic,0.3,0,,False,0.053493237426682286,0.053493237426682286
2024-08-07_08,8,8,direct_substitution,F0,periodic,0.3,0,,False,0.38954083707612575,0.38954083707612575
2024-08-07_09,8,9,direct_substitution,F0,periodic,0.3,0,,False,0.5515305703842542,0.5515305703842542
2024-08-07_10,8,10,direct_substitution,F0,periodic,0.3,0,,True,0.8287893928499465,0.0
2024-08-07_01,8,1,ranking_only,F0,ood,0.3,0,0.8923076923076924,True,0.13122608540947095,0.0
2024-08-07_02,8,2,ranking_only,F0,ood,0.3,0,0.8,False,0.13689790712468375,0.13689790712468375
2024-08-07_03,8,3,ranking_only,F0,ood,0.3,0,0.7538461538461538,False,0.05909054832983405,0.05909054832983405
2024-08-07_04,8,4,ranking_only,F0,ood,0.3,0,0.47692307692307695,False,0.0517092944990597,0.0517092944990597
2024-08-07_05,8,5,ranking_only,F0,ood,0.3,0,0.4461538461538462,False,0.1292807729332478,0.1292807729332478
2024-08-07_06,8,6,ranking_only,F0,ood,0.3,0,0.6153846153846154,False,0.12497887376657493,0.12497887376657493
2024-08-07_07,8,7,ranking_only,F0,ood,0.3,0,0.2153846153846154,False,0.053493237426682286,0.053493237426682286
2024-08-07_08,8,8,ranking_only,F0,ood,0.3,0,0.8153846153846154,True,0.38954083707612575,0.0
2024-08-07_09,8,9,ranking_only,F0,ood,0.3,0,0.8153846153846154,True,0.5515305703842542,0.0
2024-08-07_10,8,10,ranking_only,F0,ood,0.3,0,0.4461538461538462,False,0.8287893928499465,0.8287893928499465
2024-08-07_01,8,1,direct_substitution,F0,ood,0.3,0,0.8923076923076924,True,0.13122608540947095,0.0
2024-08-07_02,8,2,direct_substitution,F0,ood,0.3,0,0.8,False,0.13689790712468375,0.13689790712468375
2024-08-07_03,8,3,direct_substitution,F0,ood,0.3,0,0.7538461538461538,False,0.05909054832983405,0.05909054832983405
2024-08-07_04,8,4,direct_substitution,F0,ood,0.3,0,0.47692307692307695,False,0.0517092944990597,0.0517092944990597
2024-08-07_05,8,5,direct_substitution,F0,ood,0.3,0,0.4461538461538462,False,0.1292807729332478,0.1292807729332478
2024-08-07_06,8,6,direct_substitution,F0,ood,0.3,0,0.6153846153846154,False,0.12497887376657493,0.12497887376657493
2024-08-07_07,8,7,direct_substitution,F0,ood,0.3,0,0.2153846153846154,False,0.053493237426682286,0.053493237426682286
2024-08-07_08,8,8,direct_substitution,F0,ood,0.3,0,0.8153846153846154,True,0.38954083707612575,0.0
2024-08-07_09,8,9,direct_substitution,F0,ood,0.3,0,0.8153846153846154,True,0.5515305703842542,0.0
2024-08-07_10,8,10,direct_substitution,F0,ood,0.3,0,0.4461538461538462,False,0.8287893928499465,0.8287893928499465
2024-08-07_01,8,1,ranking_only,F0,disagreement,0.3,0,0.8307692307692308,True,0.13122608540947095,0.0
2024-08-07_02,8,2,ranking_only,F0,disagreement,0.3,0,0.4307692307692308,False,0.13689790712468375,0.13689790712468375
2024-08-07_03,8,3,ranking_only,F0,disagreement,0.3,0,0.5846153846153846,False,0.05909054832983405,0.05909054832983405
2024-08-07_04,8,4,ranking_only,F0,disagreement,0.3,0,0.09230769230769231,False,0.0517092944990597,0.0517092944990597
2024-08-07_05,8,5,ranking_only,F0,disagreement,0.3,0,0.09230769230769231,False,0.1292807729332478,0.1292807729332478
2024-08-07_06,8,6,ranking_only,F0,disagreement,0.3,0,0.4461538461538462,False,0.12497887376657493,0.12497887376657493
2024-08-07_07,8,7,ranking_only,F0,disagreement,0.3,0,0.3076923076923077,False,0.053493237426682286,0.053493237426682286
2024-08-07_08,8,8,ranking_only,F0,disagreement,0.3,0,0.015384615384615385,False,0.38954083707612575,0.38954083707612575
2024-08-07_09,8,9,ranking_only,F0,disagreement,0.3,0,0.7230769230769231,True,0.5515305703842542,0.0
2024-08-07_10,8,10,ranking_only,F0,disagreement,0.3,0,0.7538461538461538,True,0.8287893928499465,0.0
2024-08-07_01,8,1,direct_substitution,F0,disagreement,0.3,0,0.8307692307692308,True,0.13122608540947095,0.0
2024-08-07_02,8,2,direct_substitution,F0,disagreement,0.3,0,0.4307692307692308,False,0.13689790712468375,0.13689790712468375
2024-08-07_03,8,3,direct_substitution,F0,disagreement,0.3,0,0.5846153846153846,False,0.05909054832983405,0.05909054832983405
2024-08-07_04,8,4,direct_substitution,F0,disagreement,0.3,0,0.09230769230769231,False,0.0517092944990597,0.0517092944990597
2024-08-07_05,8,5,direct_substitution,F0,disagreement,0.3,0,0.09230769230769231,False,0.1292807729332478,0.1292807729332478
2024-08-07_06,8,6,direct_substitution,F0,disagreement,0.3,0,0.4461538461538462,False,0.12497887376657493,0.12497887376657493
2024-08-07_07,8,7,direct_substitution,F0,disagreement,0.3,0,0.3076923076923077,False,0.053493237426682286,0.053493237426682286
2024-08-07_08,8,8,direct_substitution,F0,disagreement,0.3,0,0.015384615384615385,False,0.38954083707612575,0.38954083707612575
2024-08-07_09,8,9,direct_substitution,F0,disagreement,0.3,0,0.7230769230769231,True,0.5515305703842542,0.0
2024-08-07_10,8,10,direct_substitution,F0,disagreement,0.3,0,0.7538461538461538,True,0.8287893928499465,0.0
2024-08-07_01,8,1,ranking_only,F0,combined,0.3,0,0.7076923076923077,True,0.13122608540947095,0.0
2024-08-07_02,8,2,ranking_only,F0,combined,0.3,0,0.5756498673740053,False,0.13689790712468375,0.13689790712468375
2024-08-07_03,8,3,ranking_only,F0,combined,0.3,0,0.4549602122015915,False,0.05909054832983405,0.05909054832983405
2024-08-07_04,8,4,ranking_only,F0,combined,0.3,0,0.3506631299734749,False,0.0517092944990597,0.0517092944990597
2024-08-07_05,8,5,ranking_only,F0,combined,0.3,0,0.210026525198939,False,0.1292807729332478,0.1292807729332478
2024-08-07_06,8,6,ranking_only,F0,combined,0.3,0,0.46901856763925737,False,0.12497887376657493,0.12497887376657493
2024-08-07_07,8,7,ranking_only,F0,combined,0.3,0,0.25310344827586206,False,0.053493237426682286,0.053493237426682286
2024-08-07_08,8,8,ranking_only,F0,combined,0.3,0,0.7201061007957559,True,0.38954083707612575,0.0
2024-08-07_09,8,9,ranking_only,F0,combined,0.3,0,0.6491246684350133,True,0.5515305703842542,0.0
2024-08-07_10,8,10,ranking_only,F0,combined,0.3,0,0.36535809018567644,False,0.8287893928499465,0.8287893928499465
2024-08-07_01,8,1,direct_substitution,F0,combined,0.3,0,0.7076923076923077,True,0.13122608540947095,0.0
2024-08-07_02,8,2,direct_substitution,F0,combined,0.3,0,0.5756498673740053,False,0.13689790712468375,0.13689790712468375
2024-08-07_03,8,3,direct_substitution,F0,combined,0.3,0,0.4549602122015915,False,0.05909054832983405,0.05909054832983405
2024-08-07_04,8,4,direct_substitution,F0,combined,0.3,0,0.3506631299734749,False,0.0517092944990597,0.0517092944990597
2024-08-07_05,8,5,direct_substitution,F0,combined,0.3,0,0.210026525198939,False,0.1292807729332478,0.1292807729332478
2024-08-07_06,8,6,direct_substitution,F0,combined,0.3,0,0.46901856763925737,False,0.12497887376657493,0.12497887376657493
2024-08-07_07,8,7,direct_substitution,F0,combined,0.3,0,0.25310344827586206,False,0.053493237426682286,0.053493237426682286
2024-08-07_08,8,8,direct_substitution,F0,combined,0.3,0,0.7201061007957559,True,0.38954083707612575,0.0
2024-08-07_09,8,9,direct_substitution,F0,combined,0.3,0,0.6491246684350133,False,0.5515305703842542,0.5515305703842542
2024-08-07_10,8,10,direct_substitution,F0,combined,0.3,0,0.36535809018567644,True,0.8287893928499465,0.0
2024-08-07_01,8,1,ranking_only,F0,validated_combined,0.3,0,0.7076923076923077,True,0.13122608540947095,0.0
2024-08-07_02,8,2,ranking_only,F0,validated_combined,0.3,0,0.5756498673740053,False,0.13689790712468375,0.13689790712468375
2024-08-07_03,8,3,ranking_only,F0,validated_combined,0.3,0,0.4549602122015915,False,0.05909054832983405,0.05909054832983405
2024-08-07_04,8,4,ranking_only,F0,validated_combined,0.3,0,0.3506631299734749,False,0.0517092944990597,0.0517092944990597
2024-08-07_05,8,5,ranking_only,F0,validated_combined,0.3,0,0.210026525198939,False,0.1292807729332478,0.1292807729332478
2024-08-07_06,8,6,ranking_only,F0,validated_combined,0.3,0,0.46901856763925737,False,0.12497887376657493,0.12497887376657493
2024-08-07_07,8,7,ranking_only,F0,validated_combined,0.3,0,0.25310344827586206,False,0.053493237426682286,0.053493237426682286
2024-08-07_08,8,8,ranking_only,F0,validated_combined,0.3,0,0.7201061007957559,True,0.38954083707612575,0.0
2024-08-07_09,8,9,ranking_only,F0,validated_combined,0.3,0,0.6491246684350133,True,0.5515305703842542,0.0
2024-08-07_10,8,10,ranking_only,F0,validated_combined,0.3,0,0.36535809018567644,False,0.8287893928499465,0.8287893928499465
2024-08-07_01,8,1,direct_substitution,F0,validated_combined,0.3,0,0.7076923076923077,True,0.13122608540947095,0.0
2024-08-07_02,8,2,direct_substitution,F0,validated_combined,0.3,0,0.5756498673740053,False,0.13689790712468375,0.13689790712468375
2024-08-07_03,8,3,direct_substitution,F0,validated_combined,0.3,0,0.4549602122015915,False,0.05909054832983405,0.05909054832983405
2024-08-07_04,8,4,direct_substitution,F0,validated_combined,0.3,0,0.3506631299734749,False,0.0517092944990597,0.0517092944990597
2024-08-07_05,8,5,direct_substitution,F0,validated_combined,0.3,0,0.210026525198939,False,0.1292807729332478,0.1292807729332478
2024-08-07_06,8,6,direct_substitution,F0,validated_combined,0.3,0,0.46901856763925737,False,0.12497887376657493,0.12497887376657493
2024-08-07_07,8,7,direct_substitution,F0,validated_combined,0.3,0,0.25310344827586206,False,0.053493237426682286,0.053493237426682286
2024-08-07_08,8,8,direct_substitution,F0,validated_combined,0.3,0,0.7201061007957559,True,0.38954083707612575,0.0
2024-08-07_09,8,9,direct_substitution,F0,validated_combined,0.3,0,0.6491246684350133,False,0.5515305703842542,0.5515305703842542
2024-08-07_10,8,10,direct_substitution,F0,validated_combined,0.3,0,0.36535809018567644,True,0.8287893928499465,0.0
2024-08-07_01,8,1,ranking_only,F0,oracle,0.3,0,0.6,False,0.13122608540947095,0.13122608540947095
2024-08-07_02,8,2,ranking_only,F0,oracle,0.3,0,0.7,False,0.13689790712468375,0.13689790712468375
2024-08-07_03,8,3,ranking_only,F0,oracle,0.3,0,0.3,False,0.05909054832983405,0.05909054832983405
2024-08-07_04,8,4,ranking_only,F0,oracle,0.3,0,0.1,False,0.0517092944990597,0.0517092944990597
2024-08-07_05,8,5,ranking_only,F0,oracle,0.3,0,0.5,False,0.1292807729332478,0.1292807729332478
2024-08-07_06,8,6,ranking_only,F0,oracle,0.3,0,0.4,False,0.12497887376657493,0.12497887376657493
2024-08-07_07,8,7,ranking_only,F0,oracle,0.3,0,0.2,False,0.053493237426682286,0.053493237426682286
2024-08-07_08,8,8,ranking_only,F0,oracle,0.3,0,0.8,True,0.38954083707612575,0.0
2024-08-07_09,8,9,ranking_only,F0,oracle,0.3,0,0.9,True,0.5515305703842542,0.0
2024-08-07_10,8,10,ranking_only,F0,oracle,0.3,0,1.0,True,0.8287893928499465,0.0
2024-08-07_01,8,1,direct_substitution,F0,oracle,0.3,0,0.6,False,0.13122608540947095,0.13122608540947095
2024-08-07_02,8,2,direct_substitution,F0,oracle,0.3,0,0.7,True,0.13689790712468375,0.0
2024-08-07_03,8,3,direct_substitution,F0,oracle,0.3,0,0.3,False,0.05909054832983405,0.05909054832983405
2024-08-07_04,8,4,direct_substitution,F0,oracle,0.3,0,0.1,False,0.0517092944990597,0.0517092944990597
2024-08-07_05,8,5,direct_substitution,F0,oracle,0.3,0,0.5,False,0.1292807729332478,0.1292807729332478
2024-08-07_06,8,6,direct_substitution,F0,oracle,0.3,0,0.4,False,0.12497887376657493,0.12497887376657493
2024-08-07_07,8,7,direct_substitution,F0,oracle,0.3,0,0.2,False,0.053493237426682286,0.053493237426682286
2024-08-07_08,8,8,direct_substitution,F0,oracle,0.3,0,0.8,True,0.38954083707612575,0.0
2024-08-07_09,8,9,direct_substitution,F0,oracle,0.3,0,0.9,True,0.5515305703842542,0.0
2024-08-07_10,8,10,direct_substitution,F0,oracle,0.3,0,1.0,False,0.8287893928499465,0.8287893928499465
2024-08-07_01,8,1,causal_feedback,F0,combined,0.3,0,0.7076923076923077,True,0.13122608540947087,0.0
2024-08-07_02,8,2,causal_feedback,F0,combined,0.3,0,0.5756498673740053,False,0.13689790712468375,0.13689790712468375
2024-08-07_03,8,3,causal_feedback,F0,combined,0.3,0,0.4549602122015915,False,0.05909054832983405,0.05909054832983405
2024-08-07_04,8,4,causal_feedback,F0,combined,0.3,0,0.3506631299734749,False,0.0517092944990597,0.0517092944990597
2024-08-07_05,8,5,causal_feedback,F0,combined,0.3,0,0.210026525198939,False,0.1292807729332478,0.1292807729332478
2024-08-07_06,8,6,causal_feedback,F0,combined,0.3,0,0.46901856763925737,False,0.12497887376657493,0.12497887376657493
2024-08-07_07,8,7,causal_feedback,F0,combined,0.3,0,0.25310344827586206,False,0.053493237426682286,0.053493237426682286
2024-08-07_08,8,8,causal_feedback,F0,combined,0.3,0,0.7201061007957559,True,0.38954083707612575,0.0
2024-08-07_09,8,9,causal_feedback,F0,combined,0.3,0,0.6491246684350133,False,0.5515305703842541,0.5515305703842541
2024-08-07_10,8,10,causal_feedback,F0,combined,0.3,0,0.36535809018567644,True,0.8287893928499465,0.0
2024-08-07_01,8,1,causal_feedback,F1,combined,0.3,0,0.7076923076923077,True,0.13122608540947087,0.0
2024-08-07_02,8,2,causal_feedback,F1,combined,0.3,0,0.5756498673740053,False,0.16740791814297007,0.16740791814297007
2024-08-07_03,8,3,causal_feedback,F1,combined,0.3,0,0.4549602122015915,False,0.08765695523050956,0.08765695523050956
2024-08-07_04,8,4,causal_feedback,F1,combined,0.3,0,0.3506631299734749,False,0.08102897768001535,0.08102897768001535
2024-08-07_05,8,5,causal_feedback,F1,combined,0.3,0,0.210026525198939,False,0.1551218782952514,0.1551218782952514
2024-08-07_06,8,6,causal_feedback,F1,combined,0.3,0,0.46901856763925737,False,0.10090213573972849,0.10090213573972849
2024-08-07_07,8,7,causal_feedback,F1,combined,0.3,0,0.25310344827586206,False,0.08265872352619644,0.08265872352619644
2024-08-07_08,8,8,causal_feedback,F1,combined,0.3,0,0.7201061007957559,True,0.3631445354086196,0.0
2024-08-07_09,8,9,causal_feedback,F1,combined,0.3,0,0.6491246684350133,False,0.42501242226938635,0.42501242226938635
2024-08-07_10,8,10,causal_feedback,F1,combined,0.3,0,0.36535809018567644,True,0.6993627815600241,0.0
2024-08-07_01,8,1,causal_feedback,F2,combined,0.3,0,0.7076923076923077,True,0.13122608540947087,0.0
2024-08-07_02,8,2,causal_feedback,F2,combined,0.3,0,0.5756498673740053,False,0.147902952362173,0.147902952362173
2024-08-07_03,8,3,causal_feedback,F2,combined,0.3,0,0.4549602122015915,False,0.0685808485080279,0.0685808485080279
2024-08-07_04,8,4,causal_feedback,F2,combined,0.3,0,0.3506631299734749,False,0.056037775614083275,0.056037775614083275
2024-08-07_05,8,5,causal_feedback,F2,combined,0.3,0,0.210026525198939,False,0.1222816347949724,0.1222816347949724
2024-08-07_06,8,6,causal_feedback,F2,combined,0.3,0,0.46901856763925737,False,0.13017311273933874,0.13017311273933874
2024-08-07_07,8,7,causal_feedback,F2,combined,0.3,0,0.25310344827586206,False,0.051650937594891054,0.051650937594891054
2024-08-07_08,8,8,causal_feedback,F2,combined,0.3,0,0.7201061007957559,True,0.40379424519451185,0.0
2024-08-07_09,8,9,causal_feedback,F2,combined,0.3,0,0.6491246684350133,False,0.33706705795258035,0.33706705795258035
2024-08-07_10,8,10,causal_feedback,F2,combined,0.3,0,0.36535809018567644,True,0.735776560042955,0.0
2024-08-07_01,8,1,causal_feedback,F3,combined,0.3,0,0.7076923076923077,True,0.13122608540947087,0.0
2024-08-07_02,8,2,causal_feedback,F3,combined,0.3,0,0.5756498673740053,False,0.147902952362173,0.147902952362173
2024-08-07_03,8,3,causal_feedback,F3,combined,0.3,0,0.4549602122015915,False,0.06844705264791373,0.06844705264791373
2024-08-07_04,8,4,causal_feedback,F3,combined,0.3,0,0.3506631299734749,False,0.056096895212141666,0.056096895212141666
2024-08-07_05,8,5,causal_feedback,F3,combined,0.3,0,0.210026525198939,False,0.12221251036535578,0.12221251036535578
2024-08-07_06,8,6,causal_feedback,F3,combined,0.3,0,0.46901856763925737,False,0.12945415102559718,0.12945415102559718
2024-08-07_07,8,7,causal_feedback,F3,combined,0.3,0,0.25310344827586206,False,0.05100040300197645,0.05100040300197645
2024-08-07_08,8,8,causal_feedback,F3,combined,0.3,0,0.7201061007957559,True,0.40268919199573566,0.0
2024-08-07_09,8,9,causal_feedback,F3,combined,0.3,0,0.6491246684350133,False,0.3354567982739129,0.3354567982739129
2024-08-07_10,8,10,causal_feedback,F3,combined,0.3,0,0.36535809018567644,True,0.7357765600429553,0.0
2024-08-07_01,8,1,ranking_only,F0,no_metrology,0.5,0,,False,0.13122608540947095,0.13122608540947095
2024-08-07_02,8,2,ranking_only,F0,no_metrology,0.5,0,,False,0.13689790712468375,0.13689790712468375
2024-08-07_03,8,3,ranking_only,F0,no_metrology,0.5,0,,False,0.05909054832983405,0.05909054832983405
2024-08-07_04,8,4,ranking_only,F0,no_metrology,0.5,0,,False,0.0517092944990597,0.0517092944990597
2024-08-07_05,8,5,ranking_only,F0,no_metrology,0.5,0,,False,0.1292807729332478,0.1292807729332478
2024-08-07_06,8,6,ranking_only,F0,no_metrology,0.5,0,,False,0.12497887376657493,0.12497887376657493
2024-08-07_07,8,7,ranking_only,F0,no_metrology,0.5,0,,False,0.053493237426682286,0.053493237426682286
2024-08-07_08,8,8,ranking_only,F0,no_metrology,0.5,0,,False,0.38954083707612575,0.38954083707612575
2024-08-07_09,8,9,ranking_only,F0,no_metrology,0.5,0,,False,0.5515305703842542,0.5515305703842542
2024-08-07_10,8,10,ranking_only,F0,no_metrology,0.5,0,,False,0.8287893928499465,0.8287893928499465
2024-08-07_01,8,1,direct_substitution,F0,no_metrology,0.5,0,,False,0.13122608540947095,0.13122608540947095
2024-08-07_02,8,2,direct_substitution,F0,no_metrology,0.5,0,,False,0.13689790712468375,0.13689790712468375
2024-08-07_03,8,3,direct_substitution,F0,no_metrology,0.5,0,,False,0.05909054832983405,0.05909054832983405
2024-08-07_04,8,4,direct_substitution,F0,no_metrology,0.5,0,,False,0.0517092944990597,0.0517092944990597
2024-08-07_05,8,5,direct_substitution,F0,no_metrology,0.5,0,,False,0.1292807729332478,0.1292807729332478
2024-08-07_06,8,6,direct_substitution,F0,no_metrology,0.5,0,,False,0.12497887376657493,0.12497887376657493
2024-08-07_07,8,7,direct_substitution,F0,no_metrology,0.5,0,,False,0.053493237426682286,0.053493237426682286
2024-08-07_08,8,8,direct_substitution,F0,no_metrology,0.5,0,,False,0.38954083707612575,0.38954083707612575
2024-08-07_09,8,9,direct_substitution,F0,no_metrology,0.5,0,,False,0.5515305703842542,0.5515305703842542
2024-08-07_10,8,10,direct_substitution,F0,no_metrology,0.5,0,,False,0.8287893928499465,0.8287893928499465
2024-08-07_01,8,1,ranking_only,F0,periodic,0.5,0,,True,0.13122608540947095,0.0
2024-08-07_02,8,2,ranking_only,F0,periodic,0.5,0,,False,0.13689790712468375,0.13689790712468375
2024-08-07_03,8,3,ranking_only,F0,periodic,0.5,0,,True,0.05909054832983405,0.0
2024-08-07_04,8,4,ranking_only,F0,periodic,0.5,0,,False,0.0517092944990597,0.0517092944990597
2024-08-07_05,8,5,ranking_only,F0,periodic,0.5,0,,True,0.1292807729332478,0.0
2024-08-07_06,8,6,ranking_only,F0,periodic,0.5,0,,False,0.12497887376657493,0.12497887376657493
2024-08-07_07,8,7,ranking_only,F0,periodic,0.5,0,,False,0.053493237426682286,0.053493237426682286
2024-08-07_08,8,8,ranking_only,F0,periodic,0.5,0,,True,0.38954083707612575,0.0
2024-08-07_09,8,9,ranking_only,F0,periodic,0.5,0,,False,0.5515305703842542,0.5515305703842542
2024-08-07_10,8,10,ranking_only,F0,periodic,0.5,0,,True,0.8287893928499465,0.0
2024-08-07_01,8,1,direct_substitution,F0,periodic,0.5,0,,True,0.13122608540947095,0.0
2024-08-07_02,8,2,direct_substitution,F0,periodic,0.5,0,,False,0.13689790712468375,0.13689790712468375
2024-08-07_03,8,3,direct_substitution,F0,periodic,0.5,0,,True,0.05909054832983405,0.0
2024-08-07_04,8,4,direct_substitution,F0,periodic,0.5,0,,False,0.0517092944990597,0.0517092944990597
2024-08-07_05,8,5,direct_substitution,F0,periodic,0.5,0,,True,0.1292807729332478,0.0
2024-08-07_06,8,6,direct_substitution,F0,periodic,0.5,0,,False,0.12497887376657493,0.12497887376657493
2024-08-07_07,8,7,direct_substitution,F0,periodic,0.5,0,,False,0.053493237426682286,0.053493237426682286
2024-08-07_08,8,8,direct_substitution,F0,periodic,0.5,0,,True,0.38954083707612575,0.0
2024-08-07_09,8,9,direct_substitution,F0,periodic,0.5,0,,False,0.5515305703842542,0.5515305703842542
2024-08-07_10,8,10,direct_substitution,F0,periodic,0.5,0,,True,0.8287893928499465,0.0
2024-08-07_01,8,1,ranking_only,F0,ood,0.5,0,0.8923076923076924,True,0.13122608540947095,0.0
2024-08-07_02,8,2,ranking_only,F0,ood,0.5,0,0.8,True,0.13689790712468375,0.0
2024-08-07_03,8,3,ranking_only,F0,ood,0.5,0,0.7538461538461538,True,0.05909054832983405,0.0
2024-08-07_04,8,4,ranking_only,F0,ood,0.5,0,0.47692307692307695,False,0.0517092944990597,0.0517092944990597
2024-08-07_05,8,5,ranking_only,F0,ood,0.5,0,0.4461538461538462,False,0.1292807729332478,0.1292807729332478
2024-08-07_06,8,6,ranking_only,F0,ood,0.5,0,0.6153846153846154,False,0.12497887376657493,0.12497887376657493
2024-08-07_07,8,7,ranking_only,F0,ood,0.5,0,0.2153846153846154,False,0.053493237426682286,0.053493237426682286
2024-08-07_08,8,8,ranking_only,F0,ood,0.5,0,0.8153846153846154,True,0.38954083707612575,0.0
2024-08-07_09,8,9,ranking_only,F0,ood,0.5,0,0.8153846153846154,True,0.5515305703842542,0.0
2024-08-07_10,8,10,ranking_only,F0,ood,0.5,0,0.4461538461538462,False,0.8287893928499465,0.8287893928499465
2024-08-07_01,8,1,direct_substitution,F0,ood,0.5,0,0.8923076923076924,True,0.13122608540947095,0.0
2024-08-07_02,8,2,direct_substitution,F0,ood,0.5,0,0.8,False,0.13689790712468375,0.13689790712468375
2024-08-07_03,8,3,direct_substitution,F0,ood,0.5,0,0.7538461538461538,True,0.05909054832983405,0.0
2024-08-07_04,8,4,direct_substitution,F0,ood,0.5,0,0.47692307692307695,False,0.0517092944990597,0.0517092944990597
2024-08-07_05,8,5,direct_substitution,F0,ood,0.5,0,0.4461538461538462,False,0.1292807729332478,0.1292807729332478
2024-08-07_06,8,6,direct_substitution,F0,ood,0.5,0,0.6153846153846154,True,0.12497887376657493,0.0
2024-08-07_07,8,7,direct_substitution,F0,ood,0.5,0,0.2153846153846154,False,0.053493237426682286,0.053493237426682286
2024-08-07_08,8,8,direct_substitution,F0,ood,0.5,0,0.8153846153846154,True,0.38954083707612575,0.0
2024-08-07_09,8,9,direct_substitution,F0,ood,0.5,0,0.8153846153846154,True,0.5515305703842542,0.0
2024-08-07_10,8,10,direct_substitution,F0,ood,0.5,0,0.4461538461538462,False,0.8287893928499465,0.8287893928499465
2024-08-07_01,8,1,ranking_only,F0,disagreement,0.5,0,0.8307692307692308,True,0.13122608540947095,0.0
2024-08-07_02,8,2,ranking_only,F0,disagreement,0.5,0,0.4307692307692308,False,0.13689790712468375,0.13689790712468375
2024-08-07_03,8,3,ranking_only,F0,disagreement,0.5,0,0.5846153846153846,True,0.05909054832983405,0.0
2024-08-07_04,8,4,ranking_only,F0,disagreement,0.5,0,0.09230769230769231,False,0.0517092944990597,0.0517092944990597
2024-08-07_05,8,5,ranking_only,F0,disagreement,0.5,0,0.09230769230769231,False,0.1292807729332478,0.1292807729332478
2024-08-07_06,8,6,ranking_only,F0,disagreement,0.5,0,0.4461538461538462,True,0.12497887376657493,0.0
2024-08-07_07,8,7,ranking_only,F0,disagreement,0.5,0,0.3076923076923077,False,0.053493237426682286,0.053493237426682286
2024-08-07_08,8,8,ranking_only,F0,disagreement,0.5,0,0.015384615384615385,False,0.38954083707612575,0.38954083707612575
2024-08-07_09,8,9,ranking_only,F0,disagreement,0.5,0,0.7230769230769231,True,0.5515305703842542,0.0
2024-08-07_10,8,10,ranking_only,F0,disagreement,0.5,0,0.7538461538461538,True,0.8287893928499465,0.0
2024-08-07_01,8,1,direct_substitution,F0,disagreement,0.5,0,0.8307692307692308,True,0.13122608540947095,0.0
2024-08-07_02,8,2,direct_substitution,F0,disagreement,0.5,0,0.4307692307692308,False,0.13689790712468375,0.13689790712468375
2024-08-07_03,8,3,direct_substitution,F0,disagreement,0.5,0,0.5846153846153846,True,0.05909054832983405,0.0
2024-08-07_04,8,4,direct_substitution,F0,disagreement,0.5,0,0.09230769230769231,False,0.0517092944990597,0.0517092944990597
2024-08-07_05,8,5,direct_substitution,F0,disagreement,0.5,0,0.09230769230769231,False,0.1292807729332478,0.1292807729332478
2024-08-07_06,8,6,direct_substitution,F0,disagreement,0.5,0,0.4461538461538462,False,0.12497887376657493,0.12497887376657493
2024-08-07_07,8,7,direct_substitution,F0,disagreement,0.5,0,0.3076923076923077,False,0.053493237426682286,0.053493237426682286
2024-08-07_08,8,8,direct_substitution,F0,disagreement,0.5,0,0.015384615384615385,True,0.38954083707612575,0.0
2024-08-07_09,8,9,direct_substitution,F0,disagreement,0.5,0,0.7230769230769231,True,0.5515305703842542,0.0
2024-08-07_10,8,10,direct_substitution,F0,disagreement,0.5,0,0.7538461538461538,True,0.8287893928499465,0.0
2024-08-07_01,8,1,ranking_only,F0,combined,0.5,0,0.7076923076923077,True,0.13122608540947095,0.0
2024-08-07_02,8,2,ranking_only,F0,combined,0.5,0,0.5756498673740053,True,0.13689790712468375,0.0
2024-08-07_03,8,3,ranking_only,F0,combined,0.5,0,0.4549602122015915,False,0.05909054832983405,0.05909054832983405
2024-08-07_04,8,4,ranking_only,F0,combined,0.5,0,0.3506631299734749,False,0.0517092944990597,0.0517092944990597
2024-08-07_05,8,5,ranking_only,F0,combined,0.5,0,0.210026525198939,False,0.1292807729332478,0.1292807729332478
2024-08-07_06,8,6,ranking_only,F0,combined,0.5,0,0.46901856763925737,True,0.12497887376657493,0.0
2024-08-07_07,8,7,ranking_only,F0,combined,0.5,0,0.25310344827586206,False,0.053493237426682286,0.053493237426682286
2024-08-07_08,8,8,ranking_only,F0,combined,0.5,0,0.7201061007957559,True,0.38954083707612575,0.0
2024-08-07_09,8,9,ranking_only,F0,combined,0.5,0,0.6491246684350133,True,0.5515305703842542,0.0
2024-08-07_10,8,10,ranking_only,F0,combined,0.5,0,0.36535809018567644,False,0.8287893928499465,0.8287893928499465
2024-08-07_01,8,1,direct_substitution,F0,combined,0.5,0,0.7076923076923077,True,0.13122608540947095,0.0
2024-08-07_02,8,2,direct_substitution,F0,combined,0.5,0,0.5756498673740053,False,0.13689790712468375,0.13689790712468375
2024-08-07_03,8,3,direct_substitution,F0,combined,0.5,0,0.4549602122015915,False,0.05909054832983405,0.05909054832983405
2024-08-07_04,8,4,direct_substitution,F0,combined,0.5,0,0.3506631299734749,False,0.0517092944990597,0.0517092944990597
2024-08-07_05,8,5,direct_substitution,F0,combined,0.5,0,0.210026525198939,False,0.1292807729332478,0.1292807729332478
2024-08-07_06,8,6,direct_substitution,F0,combined,0.5,0,0.46901856763925737,False,0.12497887376657493,0.12497887376657493
2024-08-07_07,8,7,direct_substitution,F0,combined,0.5,0,0.25310344827586206,True,0.053493237426682286,0.0
2024-08-07_08,8,8,direct_substitution,F0,combined,0.5,0,0.7201061007957559,True,0.38954083707612575,0.0
2024-08-07_09,8,9,direct_substitution,F0,combined,0.5,0,0.6491246684350133,True,0.5515305703842542,0.0
2024-08-07_10,8,10,direct_substitution,F0,combined,0.5,0,0.36535809018567644,True,0.8287893928499465,0.0
2024-08-07_01,8,1,ranking_only,F0,validated_combined,0.5,0,0.7076923076923077,True,0.13122608540947095,0.0
2024-08-07_02,8,2,ranking_only,F0,validated_combined,0.5,0,0.5756498673740053,True,0.13689790712468375,0.0
2024-08-07_03,8,3,ranking_only,F0,validated_combined,0.5,0,0.4549602122015915,False,0.05909054832983405,0.05909054832983405
2024-08-07_04,8,4,ranking_only,F0,validated_combined,0.5,0,0.3506631299734749,False,0.0517092944990597,0.0517092944990597
2024-08-07_05,8,5,ranking_only,F0,validated_combined,0.5,0,0.210026525198939,False,0.1292807729332478,0.1292807729332478
2024-08-07_06,8,6,ranking_only,F0,validated_combined,0.5,0,0.46901856763925737,True,0.12497887376657493,0.0
2024-08-07_07,8,7,ranking_only,F0,validated_combined,0.5,0,0.25310344827586206,False,0.053493237426682286,0.053493237426682286
2024-08-07_08,8,8,ranking_only,F0,validated_combined,0.5,0,0.7201061007957559,True,0.38954083707612575,0.0
2024-08-07_09,8,9,ranking_only,F0,validated_combined,0.5,0,0.6491246684350133,True,0.5515305703842542,0.0
2024-08-07_10,8,10,ranking_only,F0,validated_combined,0.5,0,0.36535809018567644,False,0.8287893928499465,0.8287893928499465
2024-08-07_01,8,1,direct_substitution,F0,validated_combined,0.5,0,0.7076923076923077,True,0.13122608540947095,0.0
2024-08-07_02,8,2,direct_substitution,F0,validated_combined,0.5,0,0.5756498673740053,False,0.13689790712468375,0.13689790712468375
2024-08-07_03,8,3,direct_substitution,F0,validated_combined,0.5,0,0.4549602122015915,False,0.05909054832983405,0.05909054832983405
2024-08-07_04,8,4,direct_substitution,F0,validated_combined,0.5,0,0.3506631299734749,False,0.0517092944990597,0.0517092944990597
2024-08-07_05,8,5,direct_substitution,F0,validated_combined,0.5,0,0.210026525198939,False,0.1292807729332478,0.1292807729332478
2024-08-07_06,8,6,direct_substitution,F0,validated_combined,0.5,0,0.46901856763925737,False,0.12497887376657493,0.12497887376657493
2024-08-07_07,8,7,direct_substitution,F0,validated_combined,0.5,0,0.25310344827586206,True,0.053493237426682286,0.0
2024-08-07_08,8,8,direct_substitution,F0,validated_combined,0.5,0,0.7201061007957559,True,0.38954083707612575,0.0
2024-08-07_09,8,9,direct_substitution,F0,validated_combined,0.5,0,0.6491246684350133,True,0.5515305703842542,0.0
2024-08-07_10,8,10,direct_substitution,F0,validated_combined,0.5,0,0.36535809018567644,True,0.8287893928499465,0.0
2024-08-07_01,8,1,ranking_only,F0,oracle,0.5,0,0.6,True,0.13122608540947095,0.0
2024-08-07_02,8,2,ranking_only,F0,oracle,0.5,0,0.7,True,0.13689790712468375,0.0
2024-08-07_03,8,3,ranking_only,F0,oracle,0.5,0,0.3,False,0.05909054832983405,0.05909054832983405
2024-08-07_04,8,4,ranking_only,F0,oracle,0.5,0,0.1,False,0.0517092944990597,0.0517092944990597
2024-08-07_05,8,5,ranking_only,F0,oracle,0.5,0,0.5,False,0.1292807729332478,0.1292807729332478
2024-08-07_06,8,6,ranking_only,F0,oracle,0.5,0,0.4,False,0.12497887376657493,0.12497887376657493
2024-08-07_07,8,7,ranking_only,F0,oracle,0.5,0,0.2,False,0.053493237426682286,0.053493237426682286
2024-08-07_08,8,8,ranking_only,F0,oracle,0.5,0,0.8,True,0.38954083707612575,0.0
2024-08-07_09,8,9,ranking_only,F0,oracle,0.5,0,0.9,True,0.5515305703842542,0.0
2024-08-07_10,8,10,ranking_only,F0,oracle,0.5,0,1.0,True,0.8287893928499465,0.0
2024-08-07_01,8,1,direct_substitution,F0,oracle,0.5,0,0.6,True,0.13122608540947095,0.0
2024-08-07_02,8,2,direct_substitution,F0,oracle,0.5,0,0.7,False,0.13689790712468375,0.13689790712468375
2024-08-07_03,8,3,direct_substitution,F0,oracle,0.5,0,0.3,False,0.05909054832983405,0.05909054832983405
2024-08-07_04,8,4,direct_substitution,F0,oracle,0.5,0,0.1,False,0.0517092944990597,0.0517092944990597
2024-08-07_05,8,5,direct_substitution,F0,oracle,0.5,0,0.5,True,0.1292807729332478,0.0
2024-08-07_06,8,6,direct_substitution,F0,oracle,0.5,0,0.4,False,0.12497887376657493,0.12497887376657493
2024-08-07_07,8,7,direct_substitution,F0,oracle,0.5,0,0.2,False,0.053493237426682286,0.053493237426682286
2024-08-07_08,8,8,direct_substitution,F0,oracle,0.5,0,0.8,True,0.38954083707612575,0.0
2024-08-07_09,8,9,direct_substitution,F0,oracle,0.5,0,0.9,True,0.5515305703842542,0.0
2024-08-07_10,8,10,direct_substitution,F0,oracle,0.5,0,1.0,True,0.8287893928499465,0.0
2024-08-07_01,8,1,causal_feedback,F0,combined,0.5,0,0.7076923076923077,True,0.13122608540947087,0.0
2024-08-07_02,8,2,causal_feedback,F0,combined,0.5,0,0.5756498673740053,False,0.13689790712468375,0.13689790712468375
2024-08-07_03,8,3,causal_feedback,F0,combined,0.5,0,0.4549602122015915,False,0.05909054832983405,0.05909054832983405
2024-08-07_04,8,4,causal_feedback,F0,combined,0.5,0,0.3506631299734749,False,0.0517092944990597,0.0517092944990597
2024-08-07_05,8,5,causal_feedback,F0,combined,0.5,0,0.210026525198939,False,0.1292807729332478,0.1292807729332478
2024-08-07_06,8,6,causal_feedback,F0,combined,0.5,0,0.46901856763925737,False,0.12497887376657493,0.12497887376657493
2024-08-07_07,8,7,causal_feedback,F0,combined,0.5,0,0.25310344827586206,True,0.053493237426682286,0.0
2024-08-07_08,8,8,causal_feedback,F0,combined,0.5,0,0.7201061007957559,True,0.38954083707612575,0.0
2024-08-07_09,8,9,causal_feedback,F0,combined,0.5,0,0.6491246684350133,True,0.5515305703842541,0.0
2024-08-07_10,8,10,causal_feedback,F0,combined,0.5,0,0.36535809018567644,True,0.8287893928499465,0.0
2024-08-07_01,8,1,causal_feedback,F1,combined,0.5,0,0.7076923076923077,True,0.13122608540947087,0.0
2024-08-07_02,8,2,causal_feedback,F1,combined,0.5,0,0.5756498673740053,False,0.16740791814297007,0.16740791814297007
2024-08-07_03,8,3,causal_feedback,F1,combined,0.5,0,0.4549602122015915,False,0.08765695523050956,0.08765695523050956
2024-08-07_04,8,4,causal_feedback,F1,combined,0.5,0,0.3506631299734749,False,0.08102897768001535,0.08102897768001535
2024-08-07_05,8,5,causal_feedback,F1,combined,0.5,0,0.210026525198939,False,0.1551218782952514,0.1551218782952514
2024-08-07_06,8,6,causal_feedback,F1,combined,0.5,0,0.46901856763925737,False,0.10090213573972849,0.10090213573972849
2024-08-07_07,8,7,causal_feedback,F1,combined,0.5,0,0.25310344827586206,True,0.08265872352619644,0.0
2024-08-07_08,8,8,causal_feedback,F1,combined,0.5,0,0.7201061007957559,True,0.38459865353732714,0.0
2024-08-07_09,8,9,causal_feedback,F1,combined,0.5,0,0.6491246684350133,True,0.4419806793348256,0.0
2024-08-07_10,8,10,causal_feedback,F1,combined,0.5,0,0.36535809018567644,True,0.5854665118374647,0.0
2024-08-07_01,8,1,causal_feedback,F2,combined,0.5,0,0.7076923076923077,True,0.13122608540947087,0.0
2024-08-07_02,8,2,causal_feedback,F2,combined,0.5,0,0.5756498673740053,False,0.147902952362173,0.147902952362173
2024-08-07_03,8,3,causal_feedback,F2,combined,0.5,0,0.4549602122015915,False,0.0685808485080279,0.0685808485080279
2024-08-07_04,8,4,causal_feedback,F2,combined,0.5,0,0.3506631299734749,False,0.056037775614083275,0.056037775614083275
2024-08-07_05,8,5,causal_feedback,F2,combined,0.5,0,0.210026525198939,False,0.1222816347949724,0.1222816347949724
2024-08-07_06,8,6,causal_feedback,F2,combined,0.5,0,0.46901856763925737,False,0.13017311273933874,0.13017311273933874
2024-08-07_07,8,7,causal_feedback,F2,combined,0.5,0,0.25310344827586206,True,0.051650937594891054,0.0
2024-08-07_08,8,8,causal_feedback,F2,combined,0.5,0,0.7201061007957559,True,0.40255552456953103,0.0
2024-08-07_09,8,9,causal_feedback,F2,combined,0.5,0,0.6491246684350133,True,0.33762446930943124,0.0
2024-08-07_10,8,10,causal_feedback,F2,combined,0.5,0,0.36535809018567644,True,0.6347050729062267,0.0
2024-08-07_01,8,1,causal_feedback,F3,combined,0.5,0,0.7076923076923077,True,0.13122608540947087,0.0
2024-08-07_02,8,2,causal_feedback,F3,combined,0.5,0,0.5756498673740053,False,0.147902952362173,0.147902952362173
2024-08-07_03,8,3,causal_feedback,F3,combined,0.5,0,0.4549602122015915,False,0.06844705264791373,0.06844705264791373
2024-08-07_04,8,4,causal_feedback,F3,combined,0.5,0,0.3506631299734749,False,0.056096895212141666,0.056096895212141666
2024-08-07_05,8,5,causal_feedback,F3,combined,0.5,0,0.210026525198939,False,0.12221251036535578,0.12221251036535578
2024-08-07_06,8,6,causal_feedback,F3,combined,0.5,0,0.46901856763925737,False,0.12945415102559718,0.12945415102559718
2024-08-07_07,8,7,causal_feedback,F3,combined,0.5,0,0.25310344827586206,True,0.05100040300197645,0.0
2024-08-07_08,8,8,causal_feedback,F3,combined,0.5,0,0.7201061007957559,True,0.4012079057317137,0.0
2024-08-07_09,8,9,causal_feedback,F3,combined,0.5,0,0.6491246684350133,True,0.3361302358480292,0.0
2024-08-07_10,8,10,causal_feedback,F3,combined,0.5,0,0.36535809018567644,True,0.634705072906227,0.0
2024-08-21_01,9,1,ranking_only,F0,no_metrology,0.0,0,,False,0.10519989585039964,0.10519989585039964
2024-08-21_02,9,2,ranking_only,F0,no_metrology,0.0,0,,False,0.10246076635591718,0.10246076635591718
2024-08-21_03,9,3,ranking_only,F0,no_metrology,0.0,0,,False,0.10237858948176039,0.10237858948176039
2024-08-21_04,9,4,ranking_only,F0,no_metrology,0.0,0,,False,0.11897486650328683,0.11897486650328683
2024-08-21_05,9,5,ranking_only,F0,no_metrology,0.0,0,,False,0.16788256980965088,0.16788256980965088
2024-08-21_06,9,6,ranking_only,F0,no_metrology,0.0,0,,False,0.08087590089100305,0.08087590089100305
2024-08-21_07,9,7,ranking_only,F0,no_metrology,0.0,0,,False,0.08474406484272849,0.08474406484272849
2024-08-21_08,9,8,ranking_only,F0,no_metrology,0.0,0,,False,0.10568317556622635,0.10568317556622635
2024-08-21_10,9,9,ranking_only,F0,no_metrology,0.0,0,,False,0.0672648682044296,0.0672648682044296
2024-08-21_01,9,1,direct_substitution,F0,no_metrology,0.0,0,,False,0.10519989585039964,0.10519989585039964
2024-08-21_02,9,2,direct_substitution,F0,no_metrology,0.0,0,,False,0.10246076635591718,0.10246076635591718
2024-08-21_03,9,3,direct_substitution,F0,no_metrology,0.0,0,,False,0.10237858948176039,0.10237858948176039
2024-08-21_04,9,4,direct_substitution,F0,no_metrology,0.0,0,,False,0.11897486650328683,0.11897486650328683
2024-08-21_05,9,5,direct_substitution,F0,no_metrology,0.0,0,,False,0.16788256980965088,0.16788256980965088
2024-08-21_06,9,6,direct_substitution,F0,no_metrology,0.0,0,,False,0.08087590089100305,0.08087590089100305
2024-08-21_07,9,7,direct_substitution,F0,no_metrology,0.0,0,,False,0.08474406484272849,0.08474406484272849
2024-08-21_08,9,8,direct_substitution,F0,no_metrology,0.0,0,,False,0.10568317556622635,0.10568317556622635
2024-08-21_10,9,9,direct_substitution,F0,no_metrology,0.0,0,,False,0.0672648682044296,0.0672648682044296
2024-08-21_01,9,1,ranking_only,F0,periodic,0.0,0,,False,0.10519989585039964,0.10519989585039964
2024-08-21_02,9,2,ranking_only,F0,periodic,0.0,0,,False,0.10246076635591718,0.10246076635591718
2024-08-21_03,9,3,ranking_only,F0,periodic,0.0,0,,False,0.10237858948176039,0.10237858948176039
2024-08-21_04,9,4,ranking_only,F0,periodic,0.0,0,,False,0.11897486650328683,0.11897486650328683
2024-08-21_05,9,5,ranking_only,F0,periodic,0.0,0,,False,0.16788256980965088,0.16788256980965088
2024-08-21_06,9,6,ranking_only,F0,periodic,0.0,0,,False,0.08087590089100305,0.08087590089100305
2024-08-21_07,9,7,ranking_only,F0,periodic,0.0,0,,False,0.08474406484272849,0.08474406484272849
2024-08-21_08,9,8,ranking_only,F0,periodic,0.0,0,,False,0.10568317556622635,0.10568317556622635
2024-08-21_10,9,9,ranking_only,F0,periodic,0.0,0,,False,0.0672648682044296,0.0672648682044296
2024-08-21_01,9,1,direct_substitution,F0,periodic,0.0,0,,False,0.10519989585039964,0.10519989585039964
2024-08-21_02,9,2,direct_substitution,F0,periodic,0.0,0,,False,0.10246076635591718,0.10246076635591718
2024-08-21_03,9,3,direct_substitution,F0,periodic,0.0,0,,False,0.10237858948176039,0.10237858948176039
2024-08-21_04,9,4,direct_substitution,F0,periodic,0.0,0,,False,0.11897486650328683,0.11897486650328683
2024-08-21_05,9,5,direct_substitution,F0,periodic,0.0,0,,False,0.16788256980965088,0.16788256980965088
2024-08-21_06,9,6,direct_substitution,F0,periodic,0.0,0,,False,0.08087590089100305,0.08087590089100305
2024-08-21_07,9,7,direct_substitution,F0,periodic,0.0,0,,False,0.08474406484272849,0.08474406484272849
2024-08-21_08,9,8,direct_substitution,F0,periodic,0.0,0,,False,0.10568317556622635,0.10568317556622635
2024-08-21_10,9,9,direct_substitution,F0,periodic,0.0,0,,False,0.0672648682044296,0.0672648682044296
2024-08-21_01,9,1,ranking_only,F0,ood,0.0,0,0.8266666666666667,False,0.10519989585039964,0.10519989585039964
2024-08-21_02,9,2,ranking_only,F0,ood,0.0,0,0.22666666666666666,False,0.10246076635591718,0.10246076635591718
2024-08-21_03,9,3,ranking_only,F0,ood,0.0,0,0.38666666666666666,False,0.10237858948176039,0.10237858948176039
2024-08-21_04,9,4,ranking_only,F0,ood,0.0,0,0.38666666666666666,False,0.11897486650328683,0.11897486650328683
2024-08-21_05,9,5,ranking_only,F0,ood,0.0,0,0.13333333333333333,False,0.16788256980965088,0.16788256980965088
2024-08-21_06,9,6,ranking_only,F0,ood,0.0,0,0.13333333333333333,False,0.08087590089100305,0.08087590089100305
2024-08-21_07,9,7,ranking_only,F0,ood,0.0,0,0.38666666666666666,False,0.08474406484272849,0.08474406484272849
2024-08-21_08,9,8,ranking_only,F0,ood,0.0,0,0.24,False,0.10568317556622635,0.10568317556622635
2024-08-21_10,9,9,ranking_only,F0,ood,0.0,0,0.56,False,0.0672648682044296,0.0672648682044296
2024-08-21_01,9,1,direct_substitution,F0,ood,0.0,0,0.8266666666666667,False,0.10519989585039964,0.10519989585039964
2024-08-21_02,9,2,direct_substitution,F0,ood,0.0,0,0.22666666666666666,False,0.10246076635591718,0.10246076635591718
2024-08-21_03,9,3,direct_substitution,F0,ood,0.0,0,0.38666666666666666,False,0.10237858948176039,0.10237858948176039
2024-08-21_04,9,4,direct_substitution,F0,ood,0.0,0,0.38666666666666666,False,0.11897486650328683,0.11897486650328683
2024-08-21_05,9,5,direct_substitution,F0,ood,0.0,0,0.13333333333333333,False,0.16788256980965088,0.16788256980965088
2024-08-21_06,9,6,direct_substitution,F0,ood,0.0,0,0.13333333333333333,False,0.08087590089100305,0.08087590089100305
2024-08-21_07,9,7,direct_substitution,F0,ood,0.0,0,0.38666666666666666,False,0.08474406484272849,0.08474406484272849
2024-08-21_08,9,8,direct_substitution,F0,ood,0.0,0,0.24,False,0.10568317556622635,0.10568317556622635
2024-08-21_10,9,9,direct_substitution,F0,ood,0.0,0,0.56,False,0.0672648682044296,0.0672648682044296
2024-08-21_01,9,1,ranking_only,F0,disagreement,0.0,0,0.9333333333333333,False,0.10519989585039964,0.10519989585039964
2024-08-21_02,9,2,ranking_only,F0,disagreement,0.0,0,0.9333333333333333,False,0.10246076635591718,0.10246076635591718
2024-08-21_03,9,3,ranking_only,F0,disagreement,0.0,0,0.8533333333333334,False,0.10237858948176039,0.10237858948176039
2024-08-21_04,9,4,ranking_only,F0,disagreement,0.0,0,0.52,False,0.11897486650328683,0.11897486650328683
2024-08-21_05,9,5,ranking_only,F0,disagreement,0.0,0,0.2,False,0.16788256980965088,0.16788256980965088
2024-08-21_06,9,6,ranking_only,F0,disagreement,0.0,0,0.4533333333333333,False,0.08087590089100305,0.08087590089100305
2024-08-21_07,9,7,ranking_only,F0,disagreement,0.0,0,0.26666666666666666,False,0.08474406484272849,0.08474406484272849
2024-08-21_08,9,8,ranking_only,F0,disagreement,0.0,0,0.2,False,0.10568317556622635,0.10568317556622635
2024-08-21_10,9,9,ranking_only,F0,disagreement,0.0,0,0.49333333333333335,False,0.0672648682044296,0.0672648682044296
2024-08-21_01,9,1,direct_substitution,F0,disagreement,0.0,0,0.9333333333333333,False,0.10519989585039964,0.10519989585039964
2024-08-21_02,9,2,direct_substitution,F0,disagreement,0.0,0,0.9333333333333333,False,0.10246076635591718,0.10246076635591718
2024-08-21_03,9,3,direct_substitution,F0,disagreement,0.0,0,0.8533333333333334,False,0.10237858948176039,0.10237858948176039
2024-08-21_04,9,4,direct_substitution,F0,disagreement,0.0,0,0.52,False,0.11897486650328683,0.11897486650328683
2024-08-21_05,9,5,direct_substitution,F0,disagreement,0.0,0,0.2,False,0.16788256980965088,0.16788256980965088
2024-08-21_06,9,6,direct_substitution,F0,disagreement,0.0,0,0.4533333333333333,False,0.08087590089100305,0.08087590089100305
2024-08-21_07,9,7,direct_substitution,F0,disagreement,0.0,0,0.26666666666666666,False,0.08474406484272849,0.08474406484272849
2024-08-21_08,9,8,direct_substitution,F0,disagreement,0.0,0,0.2,False,0.10568317556622635,0.10568317556622635
2024-08-21_10,9,9,direct_substitution,F0,disagreement,0.0,0,0.49333333333333335,False,0.0672648682044296,0.0672648682044296
2024-08-21_01,9,1,ranking_only,F0,combined,0.0,0,0.7226666666666667,False,0.10519989585039964,0.10519989585039964
2024-08-21_02,9,2,ranking_only,F0,combined,0.0,0,0.5819303482587065,False,0.10246076635591718,0.10246076635591718
2024-08-21_03,9,3,ranking_only,F0,combined,0.0,0,0.4145273631840796,False,0.10237858948176039,0.10237858948176039
2024-08-21_04,9,4,ranking_only,F0,combined,0.0,0,0.3319800995024876,False,0.11897486650328683,0.11897486650328683
2024-08-21_05,9,5,ranking_only,F0,combined,0.0,0,0.16453731343283579,False,0.16788256980965088,0.16788256980965088
2024-08-21_06,9,6,ranking_only,F0,combined,0.0,0,0.3172537313432836,False,0.08087590089100305,0.08087590089100305
2024-08-21_07,9,7,ranking_only,F0,combined,0.0,0,0.3010547263681592,False,0.08474406484272849,0.08474406484272849
2024-08-21_08,9,8,ranking_only,F0,combined,0.0,0,0.15880597014925374,False,0.10568317556622635,0.10568317556622635
2024-08-21_10,9,9,ranking_only,F0,combined,0.0,0,0.31263681592039805,False,0.0672648682044296,0.0672648682044296
2024-08-21_01,9,1,direct_substitution,F0,combined,0.0,0,0.7226666666666667,False,0.10519989585039964,0.10519989585039964
2024-08-21_02,9,2,direct_substitution,F0,combined,0.0,0,0.5819303482587065,False,0.10246076635591718,0.10246076635591718
2024-08-21_03,9,3,direct_substitution,F0,combined,0.0,0,0.4145273631840796,False,0.10237858948176039,0.10237858948176039
2024-08-21_04,9,4,direct_substitution,F0,combined,0.0,0,0.3319800995024876,False,0.11897486650328683,0.11897486650328683
2024-08-21_05,9,5,direct_substitution,F0,combined,0.0,0,0.16453731343283579,False,0.16788256980965088,0.16788256980965088
2024-08-21_06,9,6,direct_substitution,F0,combined,0.0,0,0.3172537313432836,False,0.08087590089100305,0.08087590089100305
2024-08-21_07,9,7,direct_substitution,F0,combined,0.0,0,0.3010547263681592,False,0.08474406484272849,0.08474406484272849
2024-08-21_08,9,8,direct_substitution,F0,combined,0.0,0,0.15880597014925374,False,0.10568317556622635,0.10568317556622635
2024-08-21_10,9,9,direct_substitution,F0,combined,0.0,0,0.31263681592039805,False,0.0672648682044296,0.0672648682044296
2024-08-21_01,9,1,ranking_only,F0,validated_combined,0.0,0,0.7226666666666667,False,0.10519989585039964,0.10519989585039964
2024-08-21_02,9,2,ranking_only,F0,validated_combined,0.0,0,0.5819303482587065,False,0.10246076635591718,0.10246076635591718
2024-08-21_03,9,3,ranking_only,F0,validated_combined,0.0,0,0.4145273631840796,False,0.10237858948176039,0.10237858948176039
2024-08-21_04,9,4,ranking_only,F0,validated_combined,0.0,0,0.3319800995024876,False,0.11897486650328683,0.11897486650328683
2024-08-21_05,9,5,ranking_only,F0,validated_combined,0.0,0,0.16453731343283579,False,0.16788256980965088,0.16788256980965088
2024-08-21_06,9,6,ranking_only,F0,validated_combined,0.0,0,0.3172537313432836,False,0.08087590089100305,0.08087590089100305
2024-08-21_07,9,7,ranking_only,F0,validated_combined,0.0,0,0.3010547263681592,False,0.08474406484272849,0.08474406484272849
2024-08-21_08,9,8,ranking_only,F0,validated_combined,0.0,0,0.15880597014925374,False,0.10568317556622635,0.10568317556622635
2024-08-21_10,9,9,ranking_only,F0,validated_combined,0.0,0,0.31263681592039805,False,0.0672648682044296,0.0672648682044296
2024-08-21_01,9,1,direct_substitution,F0,validated_combined,0.0,0,0.7226666666666667,False,0.10519989585039964,0.10519989585039964
2024-08-21_02,9,2,direct_substitution,F0,validated_combined,0.0,0,0.5819303482587065,False,0.10246076635591718,0.10246076635591718
2024-08-21_03,9,3,direct_substitution,F0,validated_combined,0.0,0,0.4145273631840796,False,0.10237858948176039,0.10237858948176039
2024-08-21_04,9,4,direct_substitution,F0,validated_combined,0.0,0,0.3319800995024876,False,0.11897486650328683,0.11897486650328683
2024-08-21_05,9,5,direct_substitution,F0,validated_combined,0.0,0,0.16453731343283579,False,0.16788256980965088,0.16788256980965088
2024-08-21_06,9,6,direct_substitution,F0,validated_combined,0.0,0,0.3172537313432836,False,0.08087590089100305,0.08087590089100305
2024-08-21_07,9,7,direct_substitution,F0,validated_combined,0.0,0,0.3010547263681592,False,0.08474406484272849,0.08474406484272849
2024-08-21_08,9,8,direct_substitution,F0,validated_combined,0.0,0,0.15880597014925374,False,0.10568317556622635,0.10568317556622635
2024-08-21_10,9,9,direct_substitution,F0,validated_combined,0.0,0,0.31263681592039805,False,0.0672648682044296,0.0672648682044296
2024-08-21_01,9,1,ranking_only,F0,oracle,0.0,0,0.6666666666666666,False,0.10519989585039964,0.10519989585039964
2024-08-21_02,9,2,ranking_only,F0,oracle,0.0,0,0.5555555555555556,False,0.10246076635591718,0.10246076635591718
2024-08-21_03,9,3,ranking_only,F0,oracle,0.0,0,0.4444444444444444,False,0.10237858948176039,0.10237858948176039
2024-08-21_04,9,4,ranking_only,F0,oracle,0.0,0,0.8888888888888888,False,0.11897486650328683,0.11897486650328683
2024-08-21_05,9,5,ranking_only,F0,oracle,0.0,0,1.0,False,0.16788256980965088,0.16788256980965088
2024-08-21_06,9,6,ranking_only,F0,oracle,0.0,0,0.2222222222222222,False,0.08087590089100305,0.08087590089100305
2024-08-21_07,9,7,ranking_only,F0,oracle,0.0,0,0.3333333333333333,False,0.08474406484272849,0.08474406484272849
2024-08-21_08,9,8,ranking_only,F0,oracle,0.0,0,0.7777777777777778,False,0.10568317556622635,0.10568317556622635
2024-08-21_10,9,9,ranking_only,F0,oracle,0.0,0,0.1111111111111111,False,0.0672648682044296,0.0672648682044296
2024-08-21_01,9,1,direct_substitution,F0,oracle,0.0,0,0.6666666666666666,False,0.10519989585039964,0.10519989585039964
2024-08-21_02,9,2,direct_substitution,F0,oracle,0.0,0,0.5555555555555556,False,0.10246076635591718,0.10246076635591718
2024-08-21_03,9,3,direct_substitution,F0,oracle,0.0,0,0.4444444444444444,False,0.10237858948176039,0.10237858948176039
2024-08-21_04,9,4,direct_substitution,F0,oracle,0.0,0,0.8888888888888888,False,0.11897486650328683,0.11897486650328683
2024-08-21_05,9,5,direct_substitution,F0,oracle,0.0,0,1.0,False,0.16788256980965088,0.16788256980965088
2024-08-21_06,9,6,direct_substitution,F0,oracle,0.0,0,0.2222222222222222,False,0.08087590089100305,0.08087590089100305
2024-08-21_07,9,7,direct_substitution,F0,oracle,0.0,0,0.3333333333333333,False,0.08474406484272849,0.08474406484272849
2024-08-21_08,9,8,direct_substitution,F0,oracle,0.0,0,0.7777777777777778,False,0.10568317556622635,0.10568317556622635
2024-08-21_10,9,9,direct_substitution,F0,oracle,0.0,0,0.1111111111111111,False,0.0672648682044296,0.0672648682044296
2024-08-21_01,9,1,causal_feedback,F0,combined,0.0,0,0.7226666666666667,False,0.10519989585039971,0.10519989585039971
2024-08-21_02,9,2,causal_feedback,F0,combined,0.0,0,0.5819303482587065,False,0.10246076635591718,0.10246076635591718
2024-08-21_03,9,3,causal_feedback,F0,combined,0.0,0,0.4145273631840796,False,0.10237858948176046,0.10237858948176046
2024-08-21_04,9,4,causal_feedback,F0,combined,0.0,0,0.3319800995024876,False,0.11897486650328683,0.11897486650328683
2024-08-21_05,9,5,causal_feedback,F0,combined,0.0,0,0.16453731343283579,False,0.16788256980965088,0.16788256980965088
2024-08-21_06,9,6,causal_feedback,F0,combined,0.0,0,0.3172537313432836,False,0.08087590089100312,0.08087590089100312
2024-08-21_07,9,7,causal_feedback,F0,combined,0.0,0,0.3010547263681592,False,0.08474406484272842,0.08474406484272842
2024-08-21_08,9,8,causal_feedback,F0,combined,0.0,0,0.15880597014925374,False,0.10568317556622643,0.10568317556622643
2024-08-21_10,9,9,causal_feedback,F0,combined,0.0,0,0.31263681592039805,False,0.0672648682044296,0.0672648682044296
2024-08-21_01,9,1,causal_feedback,F1,combined,0.0,0,0.7226666666666667,False,0.10519989585039971,0.10519989585039971
2024-08-21_02,9,2,causal_feedback,F1,combined,0.0,0,0.5819303482587065,False,0.10246076635591718,0.10246076635591718
2024-08-21_03,9,3,causal_feedback,F1,combined,0.0,0,0.4145273631840796,False,0.10237858948176046,0.10237858948176046
2024-08-21_04,9,4,causal_feedback,F1,combined,0.0,0,0.3319800995024876,False,0.11897486650328683,0.11897486650328683
2024-08-21_05,9,5,causal_feedback,F1,combined,0.0,0,0.16453731343283579,False,0.16788256980965088,0.16788256980965088
2024-08-21_06,9,6,causal_feedback,F1,combined,0.0,0,0.3172537313432836,False,0.08087590089100312,0.08087590089100312
2024-08-21_07,9,7,causal_feedback,F1,combined,0.0,0,0.3010547263681592,False,0.08474406484272842,0.08474406484272842
2024-08-21_08,9,8,causal_feedback,F1,combined,0.0,0,0.15880597014925374,False,0.10568317556622643,0.10568317556622643
2024-08-21_10,9,9,causal_feedback,F1,combined,0.0,0,0.31263681592039805,False,0.0672648682044296,0.0672648682044296
2024-08-21_01,9,1,causal_feedback,F2,combined,0.0,0,0.7226666666666667,False,0.10519989585039971,0.10519989585039971
2024-08-21_02,9,2,causal_feedback,F2,combined,0.0,0,0.5819303482587065,False,0.10246076635591718,0.10246076635591718
2024-08-21_03,9,3,causal_feedback,F2,combined,0.0,0,0.4145273631840796,False,0.10237858948176046,0.10237858948176046
2024-08-21_04,9,4,causal_feedback,F2,combined,0.0,0,0.3319800995024876,False,0.11897486650328683,0.11897486650328683
2024-08-21_05,9,5,causal_feedback,F2,combined,0.0,0,0.16453731343283579,False,0.16788256980965088,0.16788256980965088
2024-08-21_06,9,6,causal_feedback,F2,combined,0.0,0,0.3172537313432836,False,0.08087590089100312,0.08087590089100312
2024-08-21_07,9,7,causal_feedback,F2,combined,0.0,0,0.3010547263681592,False,0.08474406484272842,0.08474406484272842
2024-08-21_08,9,8,causal_feedback,F2,combined,0.0,0,0.15880597014925374,False,0.10568317556622643,0.10568317556622643
2024-08-21_10,9,9,causal_feedback,F2,combined,0.0,0,0.31263681592039805,False,0.0672648682044296,0.0672648682044296
2024-08-21_01,9,1,causal_feedback,F3,combined,0.0,0,0.7226666666666667,False,0.10519989585039971,0.10519989585039971
2024-08-21_02,9,2,causal_feedback,F3,combined,0.0,0,0.5819303482587065,False,0.10246076635591718,0.10246076635591718
2024-08-21_03,9,3,causal_feedback,F3,combined,0.0,0,0.4145273631840796,False,0.10237858948176046,0.10237858948176046
2024-08-21_04,9,4,causal_feedback,F3,combined,0.0,0,0.3319800995024876,False,0.11897486650328683,0.11897486650328683
2024-08-21_05,9,5,causal_feedback,F3,combined,0.0,0,0.16453731343283579,False,0.16788256980965088,0.16788256980965088
2024-08-21_06,9,6,causal_feedback,F3,combined,0.0,0,0.3172537313432836,False,0.08087590089100312,0.08087590089100312
2024-08-21_07,9,7,causal_feedback,F3,combined,0.0,0,0.3010547263681592,False,0.08474406484272842,0.08474406484272842
2024-08-21_08,9,8,causal_feedback,F3,combined,0.0,0,0.15880597014925374,False,0.10568317556622643,0.10568317556622643
2024-08-21_10,9,9,causal_feedback,F3,combined,0.0,0,0.31263681592039805,False,0.0672648682044296,0.0672648682044296
2024-08-21_01,9,1,ranking_only,F0,no_metrology,0.1,0,,False,0.10519989585039964,0.10519989585039964
2024-08-21_02,9,2,ranking_only,F0,no_metrology,0.1,0,,False,0.10246076635591718,0.10246076635591718
2024-08-21_03,9,3,ranking_only,F0,no_metrology,0.1,0,,False,0.10237858948176039,0.10237858948176039
2024-08-21_04,9,4,ranking_only,F0,no_metrology,0.1,0,,False,0.11897486650328683,0.11897486650328683
2024-08-21_05,9,5,ranking_only,F0,no_metrology,0.1,0,,False,0.16788256980965088,0.16788256980965088
2024-08-21_06,9,6,ranking_only,F0,no_metrology,0.1,0,,False,0.08087590089100305,0.08087590089100305
2024-08-21_07,9,7,ranking_only,F0,no_metrology,0.1,0,,False,0.08474406484272849,0.08474406484272849
2024-08-21_08,9,8,ranking_only,F0,no_metrology,0.1,0,,False,0.10568317556622635,0.10568317556622635
2024-08-21_10,9,9,ranking_only,F0,no_metrology,0.1,0,,False,0.0672648682044296,0.0672648682044296
2024-08-21_01,9,1,direct_substitution,F0,no_metrology,0.1,0,,False,0.10519989585039964,0.10519989585039964
2024-08-21_02,9,2,direct_substitution,F0,no_metrology,0.1,0,,False,0.10246076635591718,0.10246076635591718
2024-08-21_03,9,3,direct_substitution,F0,no_metrology,0.1,0,,False,0.10237858948176039,0.10237858948176039
2024-08-21_04,9,4,direct_substitution,F0,no_metrology,0.1,0,,False,0.11897486650328683,0.11897486650328683
2024-08-21_05,9,5,direct_substitution,F0,no_metrology,0.1,0,,False,0.16788256980965088,0.16788256980965088
2024-08-21_06,9,6,direct_substitution,F0,no_metrology,0.1,0,,False,0.08087590089100305,0.08087590089100305
2024-08-21_07,9,7,direct_substitution,F0,no_metrology,0.1,0,,False,0.08474406484272849,0.08474406484272849
2024-08-21_08,9,8,direct_substitution,F0,no_metrology,0.1,0,,False,0.10568317556622635,0.10568317556622635
2024-08-21_10,9,9,direct_substitution,F0,no_metrology,0.1,0,,False,0.0672648682044296,0.0672648682044296
2024-08-21_01,9,1,ranking_only,F0,periodic,0.1,0,,True,0.10519989585039964,0.0
2024-08-21_02,9,2,ranking_only,F0,periodic,0.1,0,,False,0.10246076635591718,0.10246076635591718
2024-08-21_03,9,3,ranking_only,F0,periodic,0.1,0,,False,0.10237858948176039,0.10237858948176039
2024-08-21_04,9,4,ranking_only,F0,periodic,0.1,0,,False,0.11897486650328683,0.11897486650328683
2024-08-21_05,9,5,ranking_only,F0,periodic,0.1,0,,False,0.16788256980965088,0.16788256980965088
2024-08-21_06,9,6,ranking_only,F0,periodic,0.1,0,,False,0.08087590089100305,0.08087590089100305
2024-08-21_07,9,7,ranking_only,F0,periodic,0.1,0,,False,0.08474406484272849,0.08474406484272849
2024-08-21_08,9,8,ranking_only,F0,periodic,0.1,0,,False,0.10568317556622635,0.10568317556622635
2024-08-21_10,9,9,ranking_only,F0,periodic,0.1,0,,False,0.0672648682044296,0.0672648682044296
2024-08-21_01,9,1,direct_substitution,F0,periodic,0.1,0,,True,0.10519989585039964,0.0
2024-08-21_02,9,2,direct_substitution,F0,periodic,0.1,0,,False,0.10246076635591718,0.10246076635591718
2024-08-21_03,9,3,direct_substitution,F0,periodic,0.1,0,,False,0.10237858948176039,0.10237858948176039
2024-08-21_04,9,4,direct_substitution,F0,periodic,0.1,0,,False,0.11897486650328683,0.11897486650328683
2024-08-21_05,9,5,direct_substitution,F0,periodic,0.1,0,,False,0.16788256980965088,0.16788256980965088
2024-08-21_06,9,6,direct_substitution,F0,periodic,0.1,0,,False,0.08087590089100305,0.08087590089100305
2024-08-21_07,9,7,direct_substitution,F0,periodic,0.1,0,,False,0.08474406484272849,0.08474406484272849
2024-08-21_08,9,8,direct_substitution,F0,periodic,0.1,0,,False,0.10568317556622635,0.10568317556622635
2024-08-21_10,9,9,direct_substitution,F0,periodic,0.1,0,,False,0.0672648682044296,0.0672648682044296
2024-08-21_01,9,1,ranking_only,F0,ood,0.1,0,0.8266666666666667,True,0.10519989585039964,0.0
2024-08-21_02,9,2,ranking_only,F0,ood,0.1,0,0.22666666666666666,False,0.10246076635591718,0.10246076635591718
2024-08-21_03,9,3,ranking_only,F0,ood,0.1,0,0.38666666666666666,False,0.10237858948176039,0.10237858948176039
2024-08-21_04,9,4,ranking_only,F0,ood,0.1,0,0.38666666666666666,False,0.11897486650328683,0.11897486650328683
2024-08-21_05,9,5,ranking_only,F0,ood,0.1,0,0.13333333333333333,False,0.16788256980965088,0.16788256980965088
2024-08-21_06,9,6,ranking_only,F0,ood,0.1,0,0.13333333333333333,False,0.08087590089100305,0.08087590089100305
2024-08-21_07,9,7,ranking_only,F0,ood,0.1,0,0.38666666666666666,False,0.08474406484272849,0.08474406484272849
2024-08-21_08,9,8,ranking_only,F0,ood,0.1,0,0.24,False,0.10568317556622635,0.10568317556622635
2024-08-21_10,9,9,ranking_only,F0,ood,0.1,0,0.56,False,0.0672648682044296,0.0672648682044296
2024-08-21_01,9,1,direct_substitution,F0,ood,0.1,0,0.8266666666666667,False,0.10519989585039964,0.10519989585039964
2024-08-21_02,9,2,direct_substitution,F0,ood,0.1,0,0.22666666666666666,False,0.10246076635591718,0.10246076635591718
2024-08-21_03,9,3,direct_substitution,F0,ood,0.1,0,0.38666666666666666,False,0.10237858948176039,0.10237858948176039
2024-08-21_04,9,4,direct_substitution,F0,ood,0.1,0,0.38666666666666666,False,0.11897486650328683,0.11897486650328683
2024-08-21_05,9,5,direct_substitution,F0,ood,0.1,0,0.13333333333333333,False,0.16788256980965088,0.16788256980965088
2024-08-21_06,9,6,direct_substitution,F0,ood,0.1,0,0.13333333333333333,False,0.08087590089100305,0.08087590089100305
2024-08-21_07,9,7,direct_substitution,F0,ood,0.1,0,0.38666666666666666,False,0.08474406484272849,0.08474406484272849
2024-08-21_08,9,8,direct_substitution,F0,ood,0.1,0,0.24,False,0.10568317556622635,0.10568317556622635
2024-08-21_10,9,9,direct_substitution,F0,ood,0.1,0,0.56,True,0.0672648682044296,0.0
2024-08-21_01,9,1,ranking_only,F0,disagreement,0.1,0,0.9333333333333333,True,0.10519989585039964,0.0
2024-08-21_02,9,2,ranking_only,F0,disagreement,0.1,0,0.9333333333333333,False,0.10246076635591718,0.10246076635591718
2024-08-21_03,9,3,ranking_only,F0,disagreement,0.1,0,0.8533333333333334,False,0.10237858948176039,0.10237858948176039
2024-08-21_04,9,4,ranking_only,F0,disagreement,0.1,0,0.52,False,0.11897486650328683,0.11897486650328683
2024-08-21_05,9,5,ranking_only,F0,disagreement,0.1,0,0.2,False,0.16788256980965088,0.16788256980965088
2024-08-21_06,9,6,ranking_only,F0,disagreement,0.1,0,0.4533333333333333,False,0.08087590089100305,0.08087590089100305
2024-08-21_07,9,7,ranking_only,F0,disagreement,0.1,0,0.26666666666666666,False,0.08474406484272849,0.08474406484272849
2024-08-21_08,9,8,ranking_only,F0,disagreement,0.1,0,0.2,False,0.10568317556622635,0.10568317556622635
2024-08-21_10,9,9,ranking_only,F0,disagreement,0.1,0,0.49333333333333335,False,0.0672648682044296,0.0672648682044296
2024-08-21_01,9,1,direct_substitution,F0,disagreement,0.1,0,0.9333333333333333,True,0.10519989585039964,0.0
2024-08-21_02,9,2,direct_substitution,F0,disagreement,0.1,0,0.9333333333333333,False,0.10246076635591718,0.10246076635591718
2024-08-21_03,9,3,direct_substitution,F0,disagreement,0.1,0,0.8533333333333334,False,0.10237858948176039,0.10237858948176039
2024-08-21_04,9,4,direct_substitution,F0,disagreement,0.1,0,0.52,False,0.11897486650328683,0.11897486650328683
2024-08-21_05,9,5,direct_substitution,F0,disagreement,0.1,0,0.2,False,0.16788256980965088,0.16788256980965088
2024-08-21_06,9,6,direct_substitution,F0,disagreement,0.1,0,0.4533333333333333,False,0.08087590089100305,0.08087590089100305
2024-08-21_07,9,7,direct_substitution,F0,disagreement,0.1,0,0.26666666666666666,False,0.08474406484272849,0.08474406484272849
2024-08-21_08,9,8,direct_substitution,F0,disagreement,0.1,0,0.2,False,0.10568317556622635,0.10568317556622635
2024-08-21_10,9,9,direct_substitution,F0,disagreement,0.1,0,0.49333333333333335,False,0.0672648682044296,0.0672648682044296
2024-08-21_01,9,1,ranking_only,F0,combined,0.1,0,0.7226666666666667,True,0.10519989585039964,0.0
2024-08-21_02,9,2,ranking_only,F0,combined,0.1,0,0.5819303482587065,False,0.10246076635591718,0.10246076635591718
2024-08-21_03,9,3,ranking_only,F0,combined,0.1,0,0.4145273631840796,False,0.10237858948176039,0.10237858948176039
2024-08-21_04,9,4,ranking_only,F0,combined,0.1,0,0.3319800995024876,False,0.11897486650328683,0.11897486650328683
2024-08-21_05,9,5,ranking_only,F0,combined,0.1,0,0.16453731343283579,False,0.16788256980965088,0.16788256980965088
2024-08-21_06,9,6,ranking_only,F0,combined,0.1,0,0.3172537313432836,False,0.08087590089100305,0.08087590089100305
2024-08-21_07,9,7,ranking_only,F0,combined,0.1,0,0.3010547263681592,False,0.08474406484272849,0.08474406484272849
2024-08-21_08,9,8,ranking_only,F0,combined,0.1,0,0.15880597014925374,False,0.10568317556622635,0.10568317556622635
2024-08-21_10,9,9,ranking_only,F0,combined,0.1,0,0.31263681592039805,False,0.0672648682044296,0.0672648682044296
2024-08-21_01,9,1,direct_substitution,F0,combined,0.1,0,0.7226666666666667,False,0.10519989585039964,0.10519989585039964
2024-08-21_02,9,2,direct_substitution,F0,combined,0.1,0,0.5819303482587065,False,0.10246076635591718,0.10246076635591718
2024-08-21_03,9,3,direct_substitution,F0,combined,0.1,0,0.4145273631840796,False,0.10237858948176039,0.10237858948176039
2024-08-21_04,9,4,direct_substitution,F0,combined,0.1,0,0.3319800995024876,False,0.11897486650328683,0.11897486650328683
2024-08-21_05,9,5,direct_substitution,F0,combined,0.1,0,0.16453731343283579,False,0.16788256980965088,0.16788256980965088
2024-08-21_06,9,6,direct_substitution,F0,combined,0.1,0,0.3172537313432836,False,0.08087590089100305,0.08087590089100305
2024-08-21_07,9,7,direct_substitution,F0,combined,0.1,0,0.3010547263681592,False,0.08474406484272849,0.08474406484272849
2024-08-21_08,9,8,direct_substitution,F0,combined,0.1,0,0.15880597014925374,False,0.10568317556622635,0.10568317556622635
2024-08-21_10,9,9,direct_substitution,F0,combined,0.1,0,0.31263681592039805,True,0.0672648682044296,0.0
2024-08-21_01,9,1,ranking_only,F0,validated_combined,0.1,0,0.7226666666666667,True,0.10519989585039964,0.0
2024-08-21_02,9,2,ranking_only,F0,validated_combined,0.1,0,0.5819303482587065,False,0.10246076635591718,0.10246076635591718
2024-08-21_03,9,3,ranking_only,F0,validated_combined,0.1,0,0.4145273631840796,False,0.10237858948176039,0.10237858948176039
2024-08-21_04,9,4,ranking_only,F0,validated_combined,0.1,0,0.3319800995024876,False,0.11897486650328683,0.11897486650328683
2024-08-21_05,9,5,ranking_only,F0,validated_combined,0.1,0,0.16453731343283579,False,0.16788256980965088,0.16788256980965088
2024-08-21_06,9,6,ranking_only,F0,validated_combined,0.1,0,0.3172537313432836,False,0.08087590089100305,0.08087590089100305
2024-08-21_07,9,7,ranking_only,F0,validated_combined,0.1,0,0.3010547263681592,False,0.08474406484272849,0.08474406484272849
2024-08-21_08,9,8,ranking_only,F0,validated_combined,0.1,0,0.15880597014925374,False,0.10568317556622635,0.10568317556622635
2024-08-21_10,9,9,ranking_only,F0,validated_combined,0.1,0,0.31263681592039805,False,0.0672648682044296,0.0672648682044296
2024-08-21_01,9,1,direct_substitution,F0,validated_combined,0.1,0,0.7226666666666667,False,0.10519989585039964,0.10519989585039964
2024-08-21_02,9,2,direct_substitution,F0,validated_combined,0.1,0,0.5819303482587065,False,0.10246076635591718,0.10246076635591718
2024-08-21_03,9,3,direct_substitution,F0,validated_combined,0.1,0,0.4145273631840796,False,0.10237858948176039,0.10237858948176039
2024-08-21_04,9,4,direct_substitution,F0,validated_combined,0.1,0,0.3319800995024876,False,0.11897486650328683,0.11897486650328683
2024-08-21_05,9,5,direct_substitution,F0,validated_combined,0.1,0,0.16453731343283579,False,0.16788256980965088,0.16788256980965088
2024-08-21_06,9,6,direct_substitution,F0,validated_combined,0.1,0,0.3172537313432836,False,0.08087590089100305,0.08087590089100305
2024-08-21_07,9,7,direct_substitution,F0,validated_combined,0.1,0,0.3010547263681592,False,0.08474406484272849,0.08474406484272849
2024-08-21_08,9,8,direct_substitution,F0,validated_combined,0.1,0,0.15880597014925374,False,0.10568317556622635,0.10568317556622635
2024-08-21_10,9,9,direct_substitution,F0,validated_combined,0.1,0,0.31263681592039805,True,0.0672648682044296,0.0
2024-08-21_01,9,1,ranking_only,F0,oracle,0.1,0,0.6666666666666666,False,0.10519989585039964,0.10519989585039964
2024-08-21_02,9,2,ranking_only,F0,oracle,0.1,0,0.5555555555555556,False,0.10246076635591718,0.10246076635591718
2024-08-21_03,9,3,ranking_only,F0,oracle,0.1,0,0.4444444444444444,False,0.10237858948176039,0.10237858948176039
2024-08-21_04,9,4,ranking_only,F0,oracle,0.1,0,0.8888888888888888,False,0.11897486650328683,0.11897486650328683
2024-08-21_05,9,5,ranking_only,F0,oracle,0.1,0,1.0,True,0.16788256980965088,0.0
2024-08-21_06,9,6,ranking_only,F0,oracle,0.1,0,0.2222222222222222,False,0.08087590089100305,0.08087590089100305
2024-08-21_07,9,7,ranking_only,F0,oracle,0.1,0,0.3333333333333333,False,0.08474406484272849,0.08474406484272849
2024-08-21_08,9,8,ranking_only,F0,oracle,0.1,0,0.7777777777777778,False,0.10568317556622635,0.10568317556622635
2024-08-21_10,9,9,ranking_only,F0,oracle,0.1,0,0.1111111111111111,False,0.0672648682044296,0.0672648682044296
2024-08-21_01,9,1,direct_substitution,F0,oracle,0.1,0,0.6666666666666666,False,0.10519989585039964,0.10519989585039964
2024-08-21_02,9,2,direct_substitution,F0,oracle,0.1,0,0.5555555555555556,False,0.10246076635591718,0.10246076635591718
2024-08-21_03,9,3,direct_substitution,F0,oracle,0.1,0,0.4444444444444444,False,0.10237858948176039,0.10237858948176039
2024-08-21_04,9,4,direct_substitution,F0,oracle,0.1,0,0.8888888888888888,False,0.11897486650328683,0.11897486650328683
2024-08-21_05,9,5,direct_substitution,F0,oracle,0.1,0,1.0,True,0.16788256980965088,0.0
2024-08-21_06,9,6,direct_substitution,F0,oracle,0.1,0,0.2222222222222222,False,0.08087590089100305,0.08087590089100305
2024-08-21_07,9,7,direct_substitution,F0,oracle,0.1,0,0.3333333333333333,False,0.08474406484272849,0.08474406484272849
2024-08-21_08,9,8,direct_substitution,F0,oracle,0.1,0,0.7777777777777778,False,0.10568317556622635,0.10568317556622635
2024-08-21_10,9,9,direct_substitution,F0,oracle,0.1,0,0.1111111111111111,False,0.0672648682044296,0.0672648682044296
2024-08-21_01,9,1,causal_feedback,F0,combined,0.1,0,0.7226666666666667,False,0.10519989585039971,0.10519989585039971
2024-08-21_02,9,2,causal_feedback,F0,combined,0.1,0,0.5819303482587065,False,0.10246076635591718,0.10246076635591718
2024-08-21_03,9,3,causal_feedback,F0,combined,0.1,0,0.4145273631840796,False,0.10237858948176046,0.10237858948176046
2024-08-21_04,9,4,causal_feedback,F0,combined,0.1,0,0.3319800995024876,False,0.11897486650328683,0.11897486650328683
2024-08-21_05,9,5,causal_feedback,F0,combined,0.1,0,0.16453731343283579,False,0.16788256980965088,0.16788256980965088
2024-08-21_06,9,6,causal_feedback,F0,combined,0.1,0,0.3172537313432836,False,0.08087590089100312,0.08087590089100312
2024-08-21_07,9,7,causal_feedback,F0,combined,0.1,0,0.3010547263681592,False,0.08474406484272842,0.08474406484272842
2024-08-21_08,9,8,causal_feedback,F0,combined,0.1,0,0.15880597014925374,False,0.10568317556622643,0.10568317556622643
2024-08-21_10,9,9,causal_feedback,F0,combined,0.1,0,0.31263681592039805,True,0.0672648682044296,0.0
2024-08-21_01,9,1,causal_feedback,F1,combined,0.1,0,0.7226666666666667,False,0.10519989585039971,0.10519989585039971
2024-08-21_02,9,2,causal_feedback,F1,combined,0.1,0,0.5819303482587065,False,0.10246076635591718,0.10246076635591718
2024-08-21_03,9,3,causal_feedback,F1,combined,0.1,0,0.4145273631840796,False,0.10237858948176046,0.10237858948176046
2024-08-21_04,9,4,causal_feedback,F1,combined,0.1,0,0.3319800995024876,False,0.11897486650328683,0.11897486650328683
2024-08-21_05,9,5,causal_feedback,F1,combined,0.1,0,0.16453731343283579,False,0.16788256980965088,0.16788256980965088
2024-08-21_06,9,6,causal_feedback,F1,combined,0.1,0,0.3172537313432836,False,0.08087590089100312,0.08087590089100312
2024-08-21_07,9,7,causal_feedback,F1,combined,0.1,0,0.3010547263681592,False,0.08474406484272842,0.08474406484272842
2024-08-21_08,9,8,causal_feedback,F1,combined,0.1,0,0.15880597014925374,False,0.10568317556622643,0.10568317556622643
2024-08-21_10,9,9,causal_feedback,F1,combined,0.1,0,0.31263681592039805,True,0.0672648682044296,0.0
2024-08-21_01,9,1,causal_feedback,F2,combined,0.1,0,0.7226666666666667,False,0.10519989585039971,0.10519989585039971
2024-08-21_02,9,2,causal_feedback,F2,combined,0.1,0,0.5819303482587065,False,0.10246076635591718,0.10246076635591718
2024-08-21_03,9,3,causal_feedback,F2,combined,0.1,0,0.4145273631840796,False,0.10237858948176046,0.10237858948176046
2024-08-21_04,9,4,causal_feedback,F2,combined,0.1,0,0.3319800995024876,False,0.11897486650328683,0.11897486650328683
2024-08-21_05,9,5,causal_feedback,F2,combined,0.1,0,0.16453731343283579,False,0.16788256980965088,0.16788256980965088
2024-08-21_06,9,6,causal_feedback,F2,combined,0.1,0,0.3172537313432836,False,0.08087590089100312,0.08087590089100312
2024-08-21_07,9,7,causal_feedback,F2,combined,0.1,0,0.3010547263681592,False,0.08474406484272842,0.08474406484272842
2024-08-21_08,9,8,causal_feedback,F2,combined,0.1,0,0.15880597014925374,False,0.10568317556622643,0.10568317556622643
2024-08-21_10,9,9,causal_feedback,F2,combined,0.1,0,0.31263681592039805,True,0.0672648682044296,0.0
2024-08-21_01,9,1,causal_feedback,F3,combined,0.1,0,0.7226666666666667,False,0.10519989585039971,0.10519989585039971
2024-08-21_02,9,2,causal_feedback,F3,combined,0.1,0,0.5819303482587065,False,0.10246076635591718,0.10246076635591718
2024-08-21_03,9,3,causal_feedback,F3,combined,0.1,0,0.4145273631840796,False,0.10237858948176046,0.10237858948176046
2024-08-21_04,9,4,causal_feedback,F3,combined,0.1,0,0.3319800995024876,False,0.11897486650328683,0.11897486650328683
2024-08-21_05,9,5,causal_feedback,F3,combined,0.1,0,0.16453731343283579,False,0.16788256980965088,0.16788256980965088
2024-08-21_06,9,6,causal_feedback,F3,combined,0.1,0,0.3172537313432836,False,0.08087590089100312,0.08087590089100312
2024-08-21_07,9,7,causal_feedback,F3,combined,0.1,0,0.3010547263681592,False,0.08474406484272842,0.08474406484272842
2024-08-21_08,9,8,causal_feedback,F3,combined,0.1,0,0.15880597014925374,False,0.10568317556622643,0.10568317556622643
2024-08-21_10,9,9,causal_feedback,F3,combined,0.1,0,0.31263681592039805,True,0.0672648682044296,0.0
2024-08-21_01,9,1,ranking_only,F0,no_metrology,0.2,0,,False,0.10519989585039964,0.10519989585039964
2024-08-21_02,9,2,ranking_only,F0,no_metrology,0.2,0,,False,0.10246076635591718,0.10246076635591718
2024-08-21_03,9,3,ranking_only,F0,no_metrology,0.2,0,,False,0.10237858948176039,0.10237858948176039
2024-08-21_04,9,4,ranking_only,F0,no_metrology,0.2,0,,False,0.11897486650328683,0.11897486650328683
2024-08-21_05,9,5,ranking_only,F0,no_metrology,0.2,0,,False,0.16788256980965088,0.16788256980965088
2024-08-21_06,9,6,ranking_only,F0,no_metrology,0.2,0,,False,0.08087590089100305,0.08087590089100305
2024-08-21_07,9,7,ranking_only,F0,no_metrology,0.2,0,,False,0.08474406484272849,0.08474406484272849
2024-08-21_08,9,8,ranking_only,F0,no_metrology,0.2,0,,False,0.10568317556622635,0.10568317556622635
2024-08-21_10,9,9,ranking_only,F0,no_metrology,0.2,0,,False,0.0672648682044296,0.0672648682044296
2024-08-21_01,9,1,direct_substitution,F0,no_metrology,0.2,0,,False,0.10519989585039964,0.10519989585039964
2024-08-21_02,9,2,direct_substitution,F0,no_metrology,0.2,0,,False,0.10246076635591718,0.10246076635591718
2024-08-21_03,9,3,direct_substitution,F0,no_metrology,0.2,0,,False,0.10237858948176039,0.10237858948176039
2024-08-21_04,9,4,direct_substitution,F0,no_metrology,0.2,0,,False,0.11897486650328683,0.11897486650328683
2024-08-21_05,9,5,direct_substitution,F0,no_metrology,0.2,0,,False,0.16788256980965088,0.16788256980965088
2024-08-21_06,9,6,direct_substitution,F0,no_metrology,0.2,0,,False,0.08087590089100305,0.08087590089100305
2024-08-21_07,9,7,direct_substitution,F0,no_metrology,0.2,0,,False,0.08474406484272849,0.08474406484272849
2024-08-21_08,9,8,direct_substitution,F0,no_metrology,0.2,0,,False,0.10568317556622635,0.10568317556622635
2024-08-21_10,9,9,direct_substitution,F0,no_metrology,0.2,0,,False,0.0672648682044296,0.0672648682044296
2024-08-21_01,9,1,ranking_only,F0,periodic,0.2,0,,True,0.10519989585039964,0.0
2024-08-21_02,9,2,ranking_only,F0,periodic,0.2,0,,False,0.10246076635591718,0.10246076635591718
2024-08-21_03,9,3,ranking_only,F0,periodic,0.2,0,,False,0.10237858948176039,0.10237858948176039
2024-08-21_04,9,4,ranking_only,F0,periodic,0.2,0,,False,0.11897486650328683,0.11897486650328683
2024-08-21_05,9,5,ranking_only,F0,periodic,0.2,0,,False,0.16788256980965088,0.16788256980965088
2024-08-21_06,9,6,ranking_only,F0,periodic,0.2,0,,False,0.08087590089100305,0.08087590089100305
2024-08-21_07,9,7,ranking_only,F0,periodic,0.2,0,,False,0.08474406484272849,0.08474406484272849
2024-08-21_08,9,8,ranking_only,F0,periodic,0.2,0,,False,0.10568317556622635,0.10568317556622635
2024-08-21_10,9,9,ranking_only,F0,periodic,0.2,0,,True,0.0672648682044296,0.0
2024-08-21_01,9,1,direct_substitution,F0,periodic,0.2,0,,True,0.10519989585039964,0.0
2024-08-21_02,9,2,direct_substitution,F0,periodic,0.2,0,,False,0.10246076635591718,0.10246076635591718
2024-08-21_03,9,3,direct_substitution,F0,periodic,0.2,0,,False,0.10237858948176039,0.10237858948176039
2024-08-21_04,9,4,direct_substitution,F0,periodic,0.2,0,,False,0.11897486650328683,0.11897486650328683
2024-08-21_05,9,5,direct_substitution,F0,periodic,0.2,0,,False,0.16788256980965088,0.16788256980965088
2024-08-21_06,9,6,direct_substitution,F0,periodic,0.2,0,,False,0.08087590089100305,0.08087590089100305
2024-08-21_07,9,7,direct_substitution,F0,periodic,0.2,0,,False,0.08474406484272849,0.08474406484272849
2024-08-21_08,9,8,direct_substitution,F0,periodic,0.2,0,,False,0.10568317556622635,0.10568317556622635
2024-08-21_10,9,9,direct_substitution,F0,periodic,0.2,0,,True,0.0672648682044296,0.0
2024-08-21_01,9,1,ranking_only,F0,ood,0.2,0,0.8266666666666667,True,0.10519989585039964,0.0
2024-08-21_02,9,2,ranking_only,F0,ood,0.2,0,0.22666666666666666,False,0.10246076635591718,0.10246076635591718
2024-08-21_03,9,3,ranking_only,F0,ood,0.2,0,0.38666666666666666,False,0.10237858948176039,0.10237858948176039
2024-08-21_04,9,4,ranking_only,F0,ood,0.2,0,0.38666666666666666,False,0.11897486650328683,0.11897486650328683
2024-08-21_05,9,5,ranking_only,F0,ood,0.2,0,0.13333333333333333,False,0.16788256980965088,0.16788256980965088
2024-08-21_06,9,6,ranking_only,F0,ood,0.2,0,0.13333333333333333,False,0.08087590089100305,0.08087590089100305
2024-08-21_07,9,7,ranking_only,F0,ood,0.2,0,0.38666666666666666,False,0.08474406484272849,0.08474406484272849
2024-08-21_08,9,8,ranking_only,F0,ood,0.2,0,0.24,False,0.10568317556622635,0.10568317556622635
2024-08-21_10,9,9,ranking_only,F0,ood,0.2,0,0.56,True,0.0672648682044296,0.0
2024-08-21_01,9,1,direct_substitution,F0,ood,0.2,0,0.8266666666666667,True,0.10519989585039964,0.0
2024-08-21_02,9,2,direct_substitution,F0,ood,0.2,0,0.22666666666666666,False,0.10246076635591718,0.10246076635591718
2024-08-21_03,9,3,direct_substitution,F0,ood,0.2,0,0.38666666666666666,False,0.10237858948176039,0.10237858948176039
2024-08-21_04,9,4,direct_substitution,F0,ood,0.2,0,0.38666666666666666,False,0.11897486650328683,0.11897486650328683
2024-08-21_05,9,5,direct_substitution,F0,ood,0.2,0,0.13333333333333333,False,0.16788256980965088,0.16788256980965088
2024-08-21_06,9,6,direct_substitution,F0,ood,0.2,0,0.13333333333333333,False,0.08087590089100305,0.08087590089100305
2024-08-21_07,9,7,direct_substitution,F0,ood,0.2,0,0.38666666666666666,False,0.08474406484272849,0.08474406484272849
2024-08-21_08,9,8,direct_substitution,F0,ood,0.2,0,0.24,False,0.10568317556622635,0.10568317556622635
2024-08-21_10,9,9,direct_substitution,F0,ood,0.2,0,0.56,True,0.0672648682044296,0.0
2024-08-21_01,9,1,ranking_only,F0,disagreement,0.2,0,0.9333333333333333,True,0.10519989585039964,0.0
2024-08-21_02,9,2,ranking_only,F0,disagreement,0.2,0,0.9333333333333333,True,0.10246076635591718,0.0
2024-08-21_03,9,3,ranking_only,F0,disagreement,0.2,0,0.8533333333333334,False,0.10237858948176039,0.10237858948176039
2024-08-21_04,9,4,ranking_only,F0,disagreement,0.2,0,0.52,False,0.11897486650328683,0.11897486650328683
2024-08-21_05,9,5,ranking_only,F0,disagreement,0.2,0,0.2,False,0.16788256980965088,0.16788256980965088
2024-08-21_06,9,6,ranking_only,F0,disagreement,0.2,0,0.4533333333333333,False,0.08087590089100305,0.08087590089100305
2024-08-21_07,9,7,ranking_only,F0,disagreement,0.2,0,0.26666666666666666,False,0.08474406484272849,0.08474406484272849
2024-08-21_08,9,8,ranking_only,F0,disagreement,0.2,0,0.2,False,0.10568317556622635,0.10568317556622635
2024-08-21_10,9,9,ranking_only,F0,disagreement,0.2,0,0.49333333333333335,False,0.0672648682044296,0.0672648682044296
2024-08-21_01,9,1,direct_substitution,F0,disagreement,0.2,0,0.9333333333333333,True,0.10519989585039964,0.0
2024-08-21_02,9,2,direct_substitution,F0,disagreement,0.2,0,0.9333333333333333,False,0.10246076635591718,0.10246076635591718
2024-08-21_03,9,3,direct_substitution,F0,disagreement,0.2,0,0.8533333333333334,False,0.10237858948176039,0.10237858948176039
2024-08-21_04,9,4,direct_substitution,F0,disagreement,0.2,0,0.52,False,0.11897486650328683,0.11897486650328683
2024-08-21_05,9,5,direct_substitution,F0,disagreement,0.2,0,0.2,False,0.16788256980965088,0.16788256980965088
2024-08-21_06,9,6,direct_substitution,F0,disagreement,0.2,0,0.4533333333333333,False,0.08087590089100305,0.08087590089100305
2024-08-21_07,9,7,direct_substitution,F0,disagreement,0.2,0,0.26666666666666666,False,0.08474406484272849,0.08474406484272849
2024-08-21_08,9,8,direct_substitution,F0,disagreement,0.2,0,0.2,False,0.10568317556622635,0.10568317556622635
2024-08-21_10,9,9,direct_substitution,F0,disagreement,0.2,0,0.49333333333333335,True,0.0672648682044296,0.0
2024-08-21_01,9,1,ranking_only,F0,combined,0.2,0,0.7226666666666667,True,0.10519989585039964,0.0
2024-08-21_02,9,2,ranking_only,F0,combined,0.2,0,0.5819303482587065,True,0.10246076635591718,0.0
2024-08-21_03,9,3,ranking_only,F0,combined,0.2,0,0.4145273631840796,False,0.10237858948176039,0.10237858948176039
2024-08-21_04,9,4,ranking_only,F0,combined,0.2,0,0.3319800995024876,False,0.11897486650328683,0.11897486650328683
2024-08-21_05,9,5,ranking_only,F0,combined,0.2,0,0.16453731343283579,False,0.16788256980965088,0.16788256980965088
2024-08-21_06,9,6,ranking_only,F0,combined,0.2,0,0.3172537313432836,False,0.08087590089100305,0.08087590089100305
2024-08-21_07,9,7,ranking_only,F0,combined,0.2,0,0.3010547263681592,False,0.08474406484272849,0.08474406484272849
2024-08-21_08,9,8,ranking_only,F0,combined,0.2,0,0.15880597014925374,False,0.10568317556622635,0.10568317556622635
2024-08-21_10,9,9,ranking_only,F0,combined,0.2,0,0.31263681592039805,False,0.0672648682044296,0.0672648682044296
2024-08-21_01,9,1,direct_substitution,F0,combined,0.2,0,0.7226666666666667,False,0.10519989585039964,0.10519989585039964
2024-08-21_02,9,2,direct_substitution,F0,combined,0.2,0,0.5819303482587065,False,0.10246076635591718,0.10246076635591718
2024-08-21_03,9,3,direct_substitution,F0,combined,0.2,0,0.4145273631840796,False,0.10237858948176039,0.10237858948176039
2024-08-21_04,9,4,direct_substitution,F0,combined,0.2,0,0.3319800995024876,False,0.11897486650328683,0.11897486650328683
2024-08-21_05,9,5,direct_substitution,F0,combined,0.2,0,0.16453731343283579,False,0.16788256980965088,0.16788256980965088
2024-08-21_06,9,6,direct_substitution,F0,combined,0.2,0,0.3172537313432836,False,0.08087590089100305,0.08087590089100305
2024-08-21_07,9,7,direct_substitution,F0,combined,0.2,0,0.3010547263681592,False,0.08474406484272849,0.08474406484272849
2024-08-21_08,9,8,direct_substitution,F0,combined,0.2,0,0.15880597014925374,True,0.10568317556622635,0.0
2024-08-21_10,9,9,direct_substitution,F0,combined,0.2,0,0.31263681592039805,True,0.0672648682044296,0.0
2024-08-21_01,9,1,ranking_only,F0,validated_combined,0.2,0,0.7226666666666667,True,0.10519989585039964,0.0
2024-08-21_02,9,2,ranking_only,F0,validated_combined,0.2,0,0.5819303482587065,True,0.10246076635591718,0.0
2024-08-21_03,9,3,ranking_only,F0,validated_combined,0.2,0,0.4145273631840796,False,0.10237858948176039,0.10237858948176039
2024-08-21_04,9,4,ranking_only,F0,validated_combined,0.2,0,0.3319800995024876,False,0.11897486650328683,0.11897486650328683
2024-08-21_05,9,5,ranking_only,F0,validated_combined,0.2,0,0.16453731343283579,False,0.16788256980965088,0.16788256980965088
2024-08-21_06,9,6,ranking_only,F0,validated_combined,0.2,0,0.3172537313432836,False,0.08087590089100305,0.08087590089100305
2024-08-21_07,9,7,ranking_only,F0,validated_combined,0.2,0,0.3010547263681592,False,0.08474406484272849,0.08474406484272849
2024-08-21_08,9,8,ranking_only,F0,validated_combined,0.2,0,0.15880597014925374,False,0.10568317556622635,0.10568317556622635
2024-08-21_10,9,9,ranking_only,F0,validated_combined,0.2,0,0.31263681592039805,False,0.0672648682044296,0.0672648682044296
2024-08-21_01,9,1,direct_substitution,F0,validated_combined,0.2,0,0.7226666666666667,False,0.10519989585039964,0.10519989585039964
2024-08-21_02,9,2,direct_substitution,F0,validated_combined,0.2,0,0.5819303482587065,False,0.10246076635591718,0.10246076635591718
2024-08-21_03,9,3,direct_substitution,F0,validated_combined,0.2,0,0.4145273631840796,False,0.10237858948176039,0.10237858948176039
2024-08-21_04,9,4,direct_substitution,F0,validated_combined,0.2,0,0.3319800995024876,False,0.11897486650328683,0.11897486650328683
2024-08-21_05,9,5,direct_substitution,F0,validated_combined,0.2,0,0.16453731343283579,False,0.16788256980965088,0.16788256980965088
2024-08-21_06,9,6,direct_substitution,F0,validated_combined,0.2,0,0.3172537313432836,False,0.08087590089100305,0.08087590089100305
2024-08-21_07,9,7,direct_substitution,F0,validated_combined,0.2,0,0.3010547263681592,False,0.08474406484272849,0.08474406484272849
2024-08-21_08,9,8,direct_substitution,F0,validated_combined,0.2,0,0.15880597014925374,True,0.10568317556622635,0.0
2024-08-21_10,9,9,direct_substitution,F0,validated_combined,0.2,0,0.31263681592039805,True,0.0672648682044296,0.0
2024-08-21_01,9,1,ranking_only,F0,oracle,0.2,0,0.6666666666666666,False,0.10519989585039964,0.10519989585039964
2024-08-21_02,9,2,ranking_only,F0,oracle,0.2,0,0.5555555555555556,False,0.10246076635591718,0.10246076635591718
2024-08-21_03,9,3,ranking_only,F0,oracle,0.2,0,0.4444444444444444,False,0.10237858948176039,0.10237858948176039
2024-08-21_04,9,4,ranking_only,F0,oracle,0.2,0,0.8888888888888888,True,0.11897486650328683,0.0
2024-08-21_05,9,5,ranking_only,F0,oracle,0.2,0,1.0,True,0.16788256980965088,0.0
2024-08-21_06,9,6,ranking_only,F0,oracle,0.2,0,0.2222222222222222,False,0.08087590089100305,0.08087590089100305
2024-08-21_07,9,7,ranking_only,F0,oracle,0.2,0,0.3333333333333333,False,0.08474406484272849,0.08474406484272849
2024-08-21_08,9,8,ranking_only,F0,oracle,0.2,0,0.7777777777777778,False,0.10568317556622635,0.10568317556622635
2024-08-21_10,9,9,ranking_only,F0,oracle,0.2,0,0.1111111111111111,False,0.0672648682044296,0.0672648682044296
2024-08-21_01,9,1,direct_substitution,F0,oracle,0.2,0,0.6666666666666666,False,0.10519989585039964,0.10519989585039964
2024-08-21_02,9,2,direct_substitution,F0,oracle,0.2,0,0.5555555555555556,False,0.10246076635591718,0.10246076635591718
2024-08-21_03,9,3,direct_substitution,F0,oracle,0.2,0,0.4444444444444444,False,0.10237858948176039,0.10237858948176039
2024-08-21_04,9,4,direct_substitution,F0,oracle,0.2,0,0.8888888888888888,True,0.11897486650328683,0.0
2024-08-21_05,9,5,direct_substitution,F0,oracle,0.2,0,1.0,False,0.16788256980965088,0.16788256980965088
2024-08-21_06,9,6,direct_substitution,F0,oracle,0.2,0,0.2222222222222222,False,0.08087590089100305,0.08087590089100305
2024-08-21_07,9,7,direct_substitution,F0,oracle,0.2,0,0.3333333333333333,False,0.08474406484272849,0.08474406484272849
2024-08-21_08,9,8,direct_substitution,F0,oracle,0.2,0,0.7777777777777778,False,0.10568317556622635,0.10568317556622635
2024-08-21_10,9,9,direct_substitution,F0,oracle,0.2,0,0.1111111111111111,True,0.0672648682044296,0.0
2024-08-21_01,9,1,causal_feedback,F0,combined,0.2,0,0.7226666666666667,False,0.10519989585039971,0.10519989585039971
2024-08-21_02,9,2,causal_feedback,F0,combined,0.2,0,0.5819303482587065,False,0.10246076635591718,0.10246076635591718
2024-08-21_03,9,3,causal_feedback,F0,combined,0.2,0,0.4145273631840796,False,0.10237858948176046,0.10237858948176046
2024-08-21_04,9,4,causal_feedback,F0,combined,0.2,0,0.3319800995024876,False,0.11897486650328683,0.11897486650328683
2024-08-21_05,9,5,causal_feedback,F0,combined,0.2,0,0.16453731343283579,False,0.16788256980965088,0.16788256980965088
2024-08-21_06,9,6,causal_feedback,F0,combined,0.2,0,0.3172537313432836,False,0.08087590089100312,0.08087590089100312
2024-08-21_07,9,7,causal_feedback,F0,combined,0.2,0,0.3010547263681592,False,0.08474406484272842,0.08474406484272842
2024-08-21_08,9,8,causal_feedback,F0,combined,0.2,0,0.15880597014925374,True,0.10568317556622643,0.0
2024-08-21_10,9,9,causal_feedback,F0,combined,0.2,0,0.31263681592039805,True,0.0672648682044296,0.0
2024-08-21_01,9,1,causal_feedback,F1,combined,0.2,0,0.7226666666666667,False,0.10519989585039971,0.10519989585039971
2024-08-21_02,9,2,causal_feedback,F1,combined,0.2,0,0.5819303482587065,False,0.10246076635591718,0.10246076635591718
2024-08-21_03,9,3,causal_feedback,F1,combined,0.2,0,0.4145273631840796,False,0.10237858948176046,0.10237858948176046
2024-08-21_04,9,4,causal_feedback,F1,combined,0.2,0,0.3319800995024876,False,0.11897486650328683,0.11897486650328683
2024-08-21_05,9,5,causal_feedback,F1,combined,0.2,0,0.16453731343283579,False,0.16788256980965088,0.16788256980965088
2024-08-21_06,9,6,causal_feedback,F1,combined,0.2,0,0.3172537313432836,False,0.08087590089100312,0.08087590089100312
2024-08-21_07,9,7,causal_feedback,F1,combined,0.2,0,0.3010547263681592,False,0.08474406484272842,0.08474406484272842
2024-08-21_08,9,8,causal_feedback,F1,combined,0.2,0,0.15880597014925374,True,0.10568317556622643,0.0
2024-08-21_10,9,9,causal_feedback,F1,combined,0.2,0,0.31263681592039805,True,0.056505662713533814,0.0
2024-08-21_01,9,1,causal_feedback,F2,combined,0.2,0,0.7226666666666667,False,0.10519989585039971,0.10519989585039971
2024-08-21_02,9,2,causal_feedback,F2,combined,0.2,0,0.5819303482587065,False,0.10246076635591718,0.10246076635591718
2024-08-21_03,9,3,causal_feedback,F2,combined,0.2,0,0.4145273631840796,False,0.10237858948176046,0.10237858948176046
2024-08-21_04,9,4,causal_feedback,F2,combined,0.2,0,0.3319800995024876,False,0.11897486650328683,0.11897486650328683
2024-08-21_05,9,5,causal_feedback,F2,combined,0.2,0,0.16453731343283579,False,0.16788256980965088,0.16788256980965088
2024-08-21_06,9,6,causal_feedback,F2,combined,0.2,0,0.3172537313432836,False,0.08087590089100312,0.08087590089100312
2024-08-21_07,9,7,causal_feedback,F2,combined,0.2,0,0.3010547263681592,False,0.08474406484272842,0.08474406484272842
2024-08-21_08,9,8,causal_feedback,F2,combined,0.2,0,0.15880597014925374,True,0.10568317556622643,0.0
2024-08-21_10,9,9,causal_feedback,F2,combined,0.2,0,0.31263681592039805,True,0.056649915705585856,0.0
2024-08-21_01,9,1,causal_feedback,F3,combined,0.2,0,0.7226666666666667,False,0.10519989585039971,0.10519989585039971
2024-08-21_02,9,2,causal_feedback,F3,combined,0.2,0,0.5819303482587065,False,0.10246076635591718,0.10246076635591718
2024-08-21_03,9,3,causal_feedback,F3,combined,0.2,0,0.4145273631840796,False,0.10237858948176046,0.10237858948176046
2024-08-21_04,9,4,causal_feedback,F3,combined,0.2,0,0.3319800995024876,False,0.11897486650328683,0.11897486650328683
2024-08-21_05,9,5,causal_feedback,F3,combined,0.2,0,0.16453731343283579,False,0.16788256980965088,0.16788256980965088
2024-08-21_06,9,6,causal_feedback,F3,combined,0.2,0,0.3172537313432836,False,0.08087590089100312,0.08087590089100312
2024-08-21_07,9,7,causal_feedback,F3,combined,0.2,0,0.3010547263681592,False,0.08474406484272842,0.08474406484272842
2024-08-21_08,9,8,causal_feedback,F3,combined,0.2,0,0.15880597014925374,True,0.10568317556622643,0.0
2024-08-21_10,9,9,causal_feedback,F3,combined,0.2,0,0.31263681592039805,True,0.05673573612267578,0.0
2024-08-21_01,9,1,ranking_only,F0,no_metrology,0.3,0,,False,0.10519989585039964,0.10519989585039964
2024-08-21_02,9,2,ranking_only,F0,no_metrology,0.3,0,,False,0.10246076635591718,0.10246076635591718
2024-08-21_03,9,3,ranking_only,F0,no_metrology,0.3,0,,False,0.10237858948176039,0.10237858948176039
2024-08-21_04,9,4,ranking_only,F0,no_metrology,0.3,0,,False,0.11897486650328683,0.11897486650328683
2024-08-21_05,9,5,ranking_only,F0,no_metrology,0.3,0,,False,0.16788256980965088,0.16788256980965088
2024-08-21_06,9,6,ranking_only,F0,no_metrology,0.3,0,,False,0.08087590089100305,0.08087590089100305
2024-08-21_07,9,7,ranking_only,F0,no_metrology,0.3,0,,False,0.08474406484272849,0.08474406484272849
2024-08-21_08,9,8,ranking_only,F0,no_metrology,0.3,0,,False,0.10568317556622635,0.10568317556622635
2024-08-21_10,9,9,ranking_only,F0,no_metrology,0.3,0,,False,0.0672648682044296,0.0672648682044296
2024-08-21_01,9,1,direct_substitution,F0,no_metrology,0.3,0,,False,0.10519989585039964,0.10519989585039964
2024-08-21_02,9,2,direct_substitution,F0,no_metrology,0.3,0,,False,0.10246076635591718,0.10246076635591718
2024-08-21_03,9,3,direct_substitution,F0,no_metrology,0.3,0,,False,0.10237858948176039,0.10237858948176039
2024-08-21_04,9,4,direct_substitution,F0,no_metrology,0.3,0,,False,0.11897486650328683,0.11897486650328683
2024-08-21_05,9,5,direct_substitution,F0,no_metrology,0.3,0,,False,0.16788256980965088,0.16788256980965088
2024-08-21_06,9,6,direct_substitution,F0,no_metrology,0.3,0,,False,0.08087590089100305,0.08087590089100305
2024-08-21_07,9,7,direct_substitution,F0,no_metrology,0.3,0,,False,0.08474406484272849,0.08474406484272849
2024-08-21_08,9,8,direct_substitution,F0,no_metrology,0.3,0,,False,0.10568317556622635,0.10568317556622635
2024-08-21_10,9,9,direct_substitution,F0,no_metrology,0.3,0,,False,0.0672648682044296,0.0672648682044296
2024-08-21_01,9,1,ranking_only,F0,periodic,0.3,0,,True,0.10519989585039964,0.0
2024-08-21_02,9,2,ranking_only,F0,periodic,0.3,0,,False,0.10246076635591718,0.10246076635591718
2024-08-21_03,9,3,ranking_only,F0,periodic,0.3,0,,False,0.10237858948176039,0.10237858948176039
2024-08-21_04,9,4,ranking_only,F0,periodic,0.3,0,,False,0.11897486650328683,0.11897486650328683
2024-08-21_05,9,5,ranking_only,F0,periodic,0.3,0,,True,0.16788256980965088,0.0
2024-08-21_06,9,6,ranking_only,F0,periodic,0.3,0,,False,0.08087590089100305,0.08087590089100305
2024-08-21_07,9,7,ranking_only,F0,periodic,0.3,0,,False,0.08474406484272849,0.08474406484272849
2024-08-21_08,9,8,ranking_only,F0,periodic,0.3,0,,False,0.10568317556622635,0.10568317556622635
2024-08-21_10,9,9,ranking_only,F0,periodic,0.3,0,,True,0.0672648682044296,0.0
2024-08-21_01,9,1,direct_substitution,F0,periodic,0.3,0,,True,0.10519989585039964,0.0
2024-08-21_02,9,2,direct_substitution,F0,periodic,0.3,0,,False,0.10246076635591718,0.10246076635591718
2024-08-21_03,9,3,direct_substitution,F0,periodic,0.3,0,,False,0.10237858948176039,0.10237858948176039
2024-08-21_04,9,4,direct_substitution,F0,periodic,0.3,0,,False,0.11897486650328683,0.11897486650328683
2024-08-21_05,9,5,direct_substitution,F0,periodic,0.3,0,,True,0.16788256980965088,0.0
2024-08-21_06,9,6,direct_substitution,F0,periodic,0.3,0,,False,0.08087590089100305,0.08087590089100305
2024-08-21_07,9,7,direct_substitution,F0,periodic,0.3,0,,False,0.08474406484272849,0.08474406484272849
2024-08-21_08,9,8,direct_substitution,F0,periodic,0.3,0,,False,0.10568317556622635,0.10568317556622635
2024-08-21_10,9,9,direct_substitution,F0,periodic,0.3,0,,True,0.0672648682044296,0.0
2024-08-21_01,9,1,ranking_only,F0,ood,0.3,0,0.8266666666666667,True,0.10519989585039964,0.0
2024-08-21_02,9,2,ranking_only,F0,ood,0.3,0,0.22666666666666666,False,0.10246076635591718,0.10246076635591718
2024-08-21_03,9,3,ranking_only,F0,ood,0.3,0,0.38666666666666666,True,0.10237858948176039,0.0
2024-08-21_04,9,4,ranking_only,F0,ood,0.3,0,0.38666666666666666,False,0.11897486650328683,0.11897486650328683
2024-08-21_05,9,5,ranking_only,F0,ood,0.3,0,0.13333333333333333,False,0.16788256980965088,0.16788256980965088
2024-08-21_06,9,6,ranking_only,F0,ood,0.3,0,0.13333333333333333,False,0.08087590089100305,0.08087590089100305
2024-08-21_07,9,7,ranking_only,F0,ood,0.3,0,0.38666666666666666,False,0.08474406484272849,0.08474406484272849
2024-08-21_08,9,8,ranking_only,F0,ood,0.3,0,0.24,False,0.10568317556622635,0.10568317556622635
2024-08-21_10,9,9,ranking_only,F0,ood,0.3,0,0.56,True,0.0672648682044296,0.0
2024-08-21_01,9,1,direct_substitution,F0,ood,0.3,0,0.8266666666666667,True,0.10519989585039964,0.0
2024-08-21_02,9,2,direct_substitution,F0,ood,0.3,0,0.22666666666666666,False,0.10246076635591718,0.10246076635591718
2024-08-21_03,9,3,direct_substitution,F0,ood,0.3,0,0.38666666666666666,False,0.10237858948176039,0.10237858948176039
2024-08-21_04,9,4,direct_substitution,F0,ood,0.3,0,0.38666666666666666,False,0.11897486650328683,0.11897486650328683
2024-08-21_05,9,5,direct_substitution,F0,ood,0.3,0,0.13333333333333333,False,0.16788256980965088,0.16788256980965088
2024-08-21_06,9,6,direct_substitution,F0,ood,0.3,0,0.13333333333333333,False,0.08087590089100305,0.08087590089100305
2024-08-21_07,9,7,direct_substitution,F0,ood,0.3,0,0.38666666666666666,False,0.08474406484272849,0.08474406484272849
2024-08-21_08,9,8,direct_substitution,F0,ood,0.3,0,0.24,True,0.10568317556622635,0.0
2024-08-21_10,9,9,direct_substitution,F0,ood,0.3,0,0.56,True,0.0672648682044296,0.0
2024-08-21_01,9,1,ranking_only,F0,disagreement,0.3,0,0.9333333333333333,True,0.10519989585039964,0.0
2024-08-21_02,9,2,ranking_only,F0,disagreement,0.3,0,0.9333333333333333,True,0.10246076635591718,0.0
2024-08-21_03,9,3,ranking_only,F0,disagreement,0.3,0,0.8533333333333334,True,0.10237858948176039,0.0
2024-08-21_04,9,4,ranking_only,F0,disagreement,0.3,0,0.52,False,0.11897486650328683,0.11897486650328683
2024-08-21_05,9,5,ranking_only,F0,disagreement,0.3,0,0.2,False,0.16788256980965088,0.16788256980965088
2024-08-21_06,9,6,ranking_only,F0,disagreement,0.3,0,0.4533333333333333,False,0.08087590089100305,0.08087590089100305
2024-08-21_07,9,7,ranking_only,F0,disagreement,0.3,0,0.26666666666666666,False,0.08474406484272849,0.08474406484272849
2024-08-21_08,9,8,ranking_only,F0,disagreement,0.3,0,0.2,False,0.10568317556622635,0.10568317556622635
2024-08-21_10,9,9,ranking_only,F0,disagreement,0.3,0,0.49333333333333335,False,0.0672648682044296,0.0672648682044296
2024-08-21_01,9,1,direct_substitution,F0,disagreement,0.3,0,0.9333333333333333,True,0.10519989585039964,0.0
2024-08-21_02,9,2,direct_substitution,F0,disagreement,0.3,0,0.9333333333333333,False,0.10246076635591718,0.10246076635591718
2024-08-21_03,9,3,direct_substitution,F0,disagreement,0.3,0,0.8533333333333334,False,0.10237858948176039,0.10237858948176039
2024-08-21_04,9,4,direct_substitution,F0,disagreement,0.3,0,0.52,False,0.11897486650328683,0.11897486650328683
2024-08-21_05,9,5,direct_substitution,F0,disagreement,0.3,0,0.2,False,0.16788256980965088,0.16788256980965088
2024-08-21_06,9,6,direct_substitution,F0,disagreement,0.3,0,0.4533333333333333,False,0.08087590089100305,0.08087590089100305
2024-08-21_07,9,7,direct_substitution,F0,disagreement,0.3,0,0.26666666666666666,False,0.08474406484272849,0.08474406484272849
2024-08-21_08,9,8,direct_substitution,F0,disagreement,0.3,0,0.2,True,0.10568317556622635,0.0
2024-08-21_10,9,9,direct_substitution,F0,disagreement,0.3,0,0.49333333333333335,True,0.0672648682044296,0.0
2024-08-21_01,9,1,ranking_only,F0,combined,0.3,0,0.7226666666666667,True,0.10519989585039964,0.0
2024-08-21_02,9,2,ranking_only,F0,combined,0.3,0,0.5819303482587065,True,0.10246076635591718,0.0
2024-08-21_03,9,3,ranking_only,F0,combined,0.3,0,0.4145273631840796,True,0.10237858948176039,0.0
2024-08-21_04,9,4,ranking_only,F0,combined,0.3,0,0.3319800995024876,False,0.11897486650328683,0.11897486650328683
2024-08-21_05,9,5,ranking_only,F0,combined,0.3,0,0.16453731343283579,False,0.16788256980965088,0.16788256980965088
2024-08-21_06,9,6,ranking_only,F0,combined,0.3,0,0.3172537313432836,False,0.08087590089100305,0.08087590089100305
2024-08-21_07,9,7,ranking_only,F0,combined,0.3,0,0.3010547263681592,False,0.08474406484272849,0.08474406484272849
2024-08-21_08,9,8,ranking_only,F0,combined,0.3,0,0.15880597014925374,False,0.10568317556622635,0.10568317556622635
2024-08-21_10,9,9,ranking_only,F0,combined,0.3,0,0.31263681592039805,False,0.0672648682044296,0.0672648682044296
2024-08-21_01,9,1,direct_substitution,F0,combined,0.3,0,0.7226666666666667,True,0.10519989585039964,0.0
2024-08-21_02,9,2,direct_substitution,F0,combined,0.3,0,0.5819303482587065,False,0.10246076635591718,0.10246076635591718
2024-08-21_03,9,3,direct_substitution,F0,combined,0.3,0,0.4145273631840796,False,0.10237858948176039,0.10237858948176039
2024-08-21_04,9,4,direct_substitution,F0,combined,0.3,0,0.3319800995024876,False,0.11897486650328683,0.11897486650328683
2024-08-21_05,9,5,direct_substitution,F0,combined,0.3,0,0.16453731343283579,False,0.16788256980965088,0.16788256980965088
2024-08-21_06,9,6,direct_substitution,F0,combined,0.3,0,0.3172537313432836,False,0.08087590089100305,0.08087590089100305
2024-08-21_07,9,7,direct_substitution,F0,combined,0.3,0,0.3010547263681592,False,0.08474406484272849,0.08474406484272849
2024-08-21_08,9,8,direct_substitution,F0,combined,0.3,0,0.15880597014925374,True,0.10568317556622635,0.0
2024-08-21_10,9,9,direct_substitution,F0,combined,0.3,0,0.31263681592039805,True,0.0672648682044296,0.0
2024-08-21_01,9,1,ranking_only,F0,validated_combined,0.3,0,0.7226666666666667,True,0.10519989585039964,0.0
2024-08-21_02,9,2,ranking_only,F0,validated_combined,0.3,0,0.5819303482587065,True,0.10246076635591718,0.0
2024-08-21_03,9,3,ranking_only,F0,validated_combined,0.3,0,0.4145273631840796,True,0.10237858948176039,0.0
2024-08-21_04,9,4,ranking_only,F0,validated_combined,0.3,0,0.3319800995024876,False,0.11897486650328683,0.11897486650328683
2024-08-21_05,9,5,ranking_only,F0,validated_combined,0.3,0,0.16453731343283579,False,0.16788256980965088,0.16788256980965088
2024-08-21_06,9,6,ranking_only,F0,validated_combined,0.3,0,0.3172537313432836,False,0.08087590089100305,0.08087590089100305
2024-08-21_07,9,7,ranking_only,F0,validated_combined,0.3,0,0.3010547263681592,False,0.08474406484272849,0.08474406484272849
2024-08-21_08,9,8,ranking_only,F0,validated_combined,0.3,0,0.15880597014925374,False,0.10568317556622635,0.10568317556622635
2024-08-21_10,9,9,ranking_only,F0,validated_combined,0.3,0,0.31263681592039805,False,0.0672648682044296,0.0672648682044296
2024-08-21_01,9,1,direct_substitution,F0,validated_combined,0.3,0,0.7226666666666667,True,0.10519989585039964,0.0
2024-08-21_02,9,2,direct_substitution,F0,validated_combined,0.3,0,0.5819303482587065,False,0.10246076635591718,0.10246076635591718
2024-08-21_03,9,3,direct_substitution,F0,validated_combined,0.3,0,0.4145273631840796,False,0.10237858948176039,0.10237858948176039
2024-08-21_04,9,4,direct_substitution,F0,validated_combined,0.3,0,0.3319800995024876,False,0.11897486650328683,0.11897486650328683
2024-08-21_05,9,5,direct_substitution,F0,validated_combined,0.3,0,0.16453731343283579,False,0.16788256980965088,0.16788256980965088
2024-08-21_06,9,6,direct_substitution,F0,validated_combined,0.3,0,0.3172537313432836,False,0.08087590089100305,0.08087590089100305
2024-08-21_07,9,7,direct_substitution,F0,validated_combined,0.3,0,0.3010547263681592,False,0.08474406484272849,0.08474406484272849
2024-08-21_08,9,8,direct_substitution,F0,validated_combined,0.3,0,0.15880597014925374,True,0.10568317556622635,0.0
2024-08-21_10,9,9,direct_substitution,F0,validated_combined,0.3,0,0.31263681592039805,True,0.0672648682044296,0.0
2024-08-21_01,9,1,ranking_only,F0,oracle,0.3,0,0.6666666666666666,False,0.10519989585039964,0.10519989585039964
2024-08-21_02,9,2,ranking_only,F0,oracle,0.3,0,0.5555555555555556,False,0.10246076635591718,0.10246076635591718
2024-08-21_03,9,3,ranking_only,F0,oracle,0.3,0,0.4444444444444444,False,0.10237858948176039,0.10237858948176039
2024-08-21_04,9,4,ranking_only,F0,oracle,0.3,0,0.8888888888888888,True,0.11897486650328683,0.0
2024-08-21_05,9,5,ranking_only,F0,oracle,0.3,0,1.0,True,0.16788256980965088,0.0
2024-08-21_06,9,6,ranking_only,F0,oracle,0.3,0,0.2222222222222222,False,0.08087590089100305,0.08087590089100305
2024-08-21_07,9,7,ranking_only,F0,oracle,0.3,0,0.3333333333333333,False,0.08474406484272849,0.08474406484272849
2024-08-21_08,9,8,ranking_only,F0,oracle,0.3,0,0.7777777777777778,True,0.10568317556622635,0.0
2024-08-21_10,9,9,ranking_only,F0,oracle,0.3,0,0.1111111111111111,False,0.0672648682044296,0.0672648682044296
2024-08-21_01,9,1,direct_substitution,F0,oracle,0.3,0,0.6666666666666666,False,0.10519989585039964,0.10519989585039964
2024-08-21_02,9,2,direct_substitution,F0,oracle,0.3,0,0.5555555555555556,False,0.10246076635591718,0.10246076635591718
2024-08-21_03,9,3,direct_substitution,F0,oracle,0.3,0,0.4444444444444444,False,0.10237858948176039,0.10237858948176039
2024-08-21_04,9,4,direct_substitution,F0,oracle,0.3,0,0.8888888888888888,True,0.11897486650328683,0.0
2024-08-21_05,9,5,direct_substitution,F0,oracle,0.3,0,1.0,True,0.16788256980965088,0.0
2024-08-21_06,9,6,direct_substitution,F0,oracle,0.3,0,0.2222222222222222,False,0.08087590089100305,0.08087590089100305
2024-08-21_07,9,7,direct_substitution,F0,oracle,0.3,0,0.3333333333333333,False,0.08474406484272849,0.08474406484272849
2024-08-21_08,9,8,direct_substitution,F0,oracle,0.3,0,0.7777777777777778,True,0.10568317556622635,0.0
2024-08-21_10,9,9,direct_substitution,F0,oracle,0.3,0,0.1111111111111111,False,0.0672648682044296,0.0672648682044296
2024-08-21_01,9,1,causal_feedback,F0,combined,0.3,0,0.7226666666666667,True,0.10519989585039971,0.0
2024-08-21_02,9,2,causal_feedback,F0,combined,0.3,0,0.5819303482587065,False,0.10246076635591718,0.10246076635591718
2024-08-21_03,9,3,causal_feedback,F0,combined,0.3,0,0.4145273631840796,False,0.10237858948176046,0.10237858948176046
2024-08-21_04,9,4,causal_feedback,F0,combined,0.3,0,0.3319800995024876,False,0.11897486650328683,0.11897486650328683
2024-08-21_05,9,5,causal_feedback,F0,combined,0.3,0,0.16453731343283579,False,0.16788256980965088,0.16788256980965088
2024-08-21_06,9,6,causal_feedback,F0,combined,0.3,0,0.3172537313432836,False,0.08087590089100312,0.08087590089100312
2024-08-21_07,9,7,causal_feedback,F0,combined,0.3,0,0.3010547263681592,False,0.08474406484272842,0.08474406484272842
2024-08-21_08,9,8,causal_feedback,F0,combined,0.3,0,0.15880597014925374,True,0.10568317556622643,0.0
2024-08-21_10,9,9,causal_feedback,F0,combined,0.3,0,0.31263681592039805,True,0.0672648682044296,0.0
2024-08-21_01,9,1,causal_feedback,F1,combined,0.3,0,0.7226666666666667,True,0.10519989585039971,0.0
2024-08-21_02,9,2,causal_feedback,F1,combined,0.3,0,0.5819303482587065,False,0.11029718286603489,0.11029718286603489
2024-08-21_03,9,3,causal_feedback,F1,combined,0.3,0,0.4145273631840796,False,0.09707001383616475,0.09707001383616475
2024-08-21_04,9,4,causal_feedback,F1,combined,0.3,0,0.3319800995024876,False,0.10234407868479031,0.10234407868479031
2024-08-21_05,9,5,causal_feedback,F1,combined,0.3,0,0.16453731343283579,False,0.1413469039205586,0.1413469039205586
2024-08-21_06,9,6,causal_feedback,F1,combined,0.3,0,0.3172537313432836,False,0.09118703050675898,0.09118703050675898
2024-08-21_07,9,7,causal_feedback,F1,combined,0.3,0,0.3010547263681592,False,0.09827826616404063,0.09827826616404063
2024-08-21_08,9,8,causal_feedback,F1,combined,0.3,0,0.15880597014925374,True,0.07914750967713415,0.0
2024-08-21_10,9,9,causal_feedback,F1,combined,0.3,0,0.31263681592039805,True,0.06094948879758669,0.0
2024-08-21_01,9,1,causal_feedback,F2,combined,0.3,0,0.7226666666666667,True,0.10519989585039971,0.0
2024-08-21_02,9,2,causal_feedback,F2,combined,0.3,0,0.5819303482587065,False,0.1063560436136087,0.1063560436136087
2024-08-21_03,9,3,causal_feedback,F2,combined,0.3,0,0.4145273631840796,False,0.10019262771694658,0.10019262771694658
2024-08-21_04,9,4,causal_feedback,F2,combined,0.3,0,0.3319800995024876,False,0.1026920733994409,0.1026920733994409
2024-08-21_05,9,5,causal_feedback,F2,combined,0.3,0,0.16453731343283579,False,0.15404933120367503,0.15404933120367503
2024-08-21_06,9,6,causal_feedback,F2,combined,0.3,0,0.3172537313432836,False,0.08640627436821459,0.08640627436821459
2024-08-21_07,9,7,causal_feedback,F2,combined,0.3,0,0.3010547263681592,False,0.08486850587564915,0.08486850587564915
2024-08-21_08,9,8,causal_feedback,F2,combined,0.3,0,0.15880597014925374,True,0.09766956695543795,0.0
2024-08-21_10,9,9,causal_feedback,F2,combined,0.3,0,0.31263681592039805,True,0.05652022191190984,0.0
2024-08-21_01,9,1,causal_feedback,F3,combined,0.3,0,0.7226666666666667,True,0.10519989585039971,0.0
2024-08-21_02,9,2,causal_feedback,F3,combined,0.3,0,0.5819303482587065,False,0.10040481055844667,0.10040481055844667
2024-08-21_03,9,3,causal_feedback,F3,combined,0.3,0,0.4145273631840796,False,0.09983510720176061,0.09983510720176061
2024-08-21_04,9,4,causal_feedback,F3,combined,0.3,0,0.3319800995024876,False,0.10117696583800687,0.10117696583800687
2024-08-21_05,9,5,causal_feedback,F3,combined,0.3,0,0.16453731343283579,False,0.15404933120367448,0.15404933120367448
2024-08-21_06,9,6,causal_feedback,F3,combined,0.3,0,0.3172537313432836,False,0.081365096431026,0.081365096431026
2024-08-21_07,9,7,causal_feedback,F3,combined,0.3,0,0.3010547263681592,False,0.0827013054333479,0.0827013054333479
2024-08-21_08,9,8,causal_feedback,F3,combined,0.3,0,0.15880597014925374,True,0.09766956695543787,0.0
2024-08-21_10,9,9,causal_feedback,F3,combined,0.3,0,0.31263681592039805,True,0.04988837889236703,0.0
2024-08-21_01,9,1,ranking_only,F0,no_metrology,0.5,0,,False,0.10519989585039964,0.10519989585039964
2024-08-21_02,9,2,ranking_only,F0,no_metrology,0.5,0,,False,0.10246076635591718,0.10246076635591718
2024-08-21_03,9,3,ranking_only,F0,no_metrology,0.5,0,,False,0.10237858948176039,0.10237858948176039
2024-08-21_04,9,4,ranking_only,F0,no_metrology,0.5,0,,False,0.11897486650328683,0.11897486650328683
2024-08-21_05,9,5,ranking_only,F0,no_metrology,0.5,0,,False,0.16788256980965088,0.16788256980965088
2024-08-21_06,9,6,ranking_only,F0,no_metrology,0.5,0,,False,0.08087590089100305,0.08087590089100305
2024-08-21_07,9,7,ranking_only,F0,no_metrology,0.5,0,,False,0.08474406484272849,0.08474406484272849
2024-08-21_08,9,8,ranking_only,F0,no_metrology,0.5,0,,False,0.10568317556622635,0.10568317556622635
2024-08-21_10,9,9,ranking_only,F0,no_metrology,0.5,0,,False,0.0672648682044296,0.0672648682044296
2024-08-21_01,9,1,direct_substitution,F0,no_metrology,0.5,0,,False,0.10519989585039964,0.10519989585039964
2024-08-21_02,9,2,direct_substitution,F0,no_metrology,0.5,0,,False,0.10246076635591718,0.10246076635591718
2024-08-21_03,9,3,direct_substitution,F0,no_metrology,0.5,0,,False,0.10237858948176039,0.10237858948176039
2024-08-21_04,9,4,direct_substitution,F0,no_metrology,0.5,0,,False,0.11897486650328683,0.11897486650328683
2024-08-21_05,9,5,direct_substitution,F0,no_metrology,0.5,0,,False,0.16788256980965088,0.16788256980965088
2024-08-21_06,9,6,direct_substitution,F0,no_metrology,0.5,0,,False,0.08087590089100305,0.08087590089100305
2024-08-21_07,9,7,direct_substitution,F0,no_metrology,0.5,0,,False,0.08474406484272849,0.08474406484272849
2024-08-21_08,9,8,direct_substitution,F0,no_metrology,0.5,0,,False,0.10568317556622635,0.10568317556622635
2024-08-21_10,9,9,direct_substitution,F0,no_metrology,0.5,0,,False,0.0672648682044296,0.0672648682044296
2024-08-21_01,9,1,ranking_only,F0,periodic,0.5,0,,True,0.10519989585039964,0.0
2024-08-21_02,9,2,ranking_only,F0,periodic,0.5,0,,False,0.10246076635591718,0.10246076635591718
2024-08-21_03,9,3,ranking_only,F0,periodic,0.5,0,,False,0.10237858948176039,0.10237858948176039
2024-08-21_04,9,4,ranking_only,F0,periodic,0.5,0,,True,0.11897486650328683,0.0
2024-08-21_05,9,5,ranking_only,F0,periodic,0.5,0,,False,0.16788256980965088,0.16788256980965088
2024-08-21_06,9,6,ranking_only,F0,periodic,0.5,0,,True,0.08087590089100305,0.0
2024-08-21_07,9,7,ranking_only,F0,periodic,0.5,0,,False,0.08474406484272849,0.08474406484272849
2024-08-21_08,9,8,ranking_only,F0,periodic,0.5,0,,False,0.10568317556622635,0.10568317556622635
2024-08-21_10,9,9,ranking_only,F0,periodic,0.5,0,,True,0.0672648682044296,0.0
2024-08-21_01,9,1,direct_substitution,F0,periodic,0.5,0,,True,0.10519989585039964,0.0
2024-08-21_02,9,2,direct_substitution,F0,periodic,0.5,0,,False,0.10246076635591718,0.10246076635591718
2024-08-21_03,9,3,direct_substitution,F0,periodic,0.5,0,,False,0.10237858948176039,0.10237858948176039
2024-08-21_04,9,4,direct_substitution,F0,periodic,0.5,0,,True,0.11897486650328683,0.0
2024-08-21_05,9,5,direct_substitution,F0,periodic,0.5,0,,False,0.16788256980965088,0.16788256980965088
2024-08-21_06,9,6,direct_substitution,F0,periodic,0.5,0,,True,0.08087590089100305,0.0
2024-08-21_07,9,7,direct_substitution,F0,periodic,0.5,0,,False,0.08474406484272849,0.08474406484272849
2024-08-21_08,9,8,direct_substitution,F0,periodic,0.5,0,,False,0.10568317556622635,0.10568317556622635
2024-08-21_10,9,9,direct_substitution,F0,periodic,0.5,0,,True,0.0672648682044296,0.0
2024-08-21_01,9,1,ranking_only,F0,ood,0.5,0,0.8266666666666667,True,0.10519989585039964,0.0
2024-08-21_02,9,2,ranking_only,F0,ood,0.5,0,0.22666666666666666,False,0.10246076635591718,0.10246076635591718
2024-08-21_03,9,3,ranking_only,F0,ood,0.5,0,0.38666666666666666,True,0.10237858948176039,0.0
2024-08-21_04,9,4,ranking_only,F0,ood,0.5,0,0.38666666666666666,True,0.11897486650328683,0.0
2024-08-21_05,9,5,ranking_only,F0,ood,0.5,0,0.13333333333333333,False,0.16788256980965088,0.16788256980965088
2024-08-21_06,9,6,ranking_only,F0,ood,0.5,0,0.13333333333333333,False,0.08087590089100305,0.08087590089100305
2024-08-21_07,9,7,ranking_only,F0,ood,0.5,0,0.38666666666666666,False,0.08474406484272849,0.08474406484272849
2024-08-21_08,9,8,ranking_only,F0,ood,0.5,0,0.24,False,0.10568317556622635,0.10568317556622635
2024-08-21_10,9,9,ranking_only,F0,ood,0.5,0,0.56,True,0.0672648682044296,0.0
2024-08-21_01,9,1,direct_substitution,F0,ood,0.5,0,0.8266666666666667,True,0.10519989585039964,0.0
2024-08-21_02,9,2,direct_substitution,F0,ood,0.5,0,0.22666666666666666,False,0.10246076635591718,0.10246076635591718
2024-08-21_03,9,3,direct_substitution,F0,ood,0.5,0,0.38666666666666666,False,0.10237858948176039,0.10237858948176039
2024-08-21_04,9,4,direct_substitution,F0,ood,0.5,0,0.38666666666666666,False,0.11897486650328683,0.11897486650328683
2024-08-21_05,9,5,direct_substitution,F0,ood,0.5,0,0.13333333333333333,False,0.16788256980965088,0.16788256980965088
2024-08-21_06,9,6,direct_substitution,F0,ood,0.5,0,0.13333333333333333,False,0.08087590089100305,0.08087590089100305
2024-08-21_07,9,7,direct_substitution,F0,ood,0.5,0,0.38666666666666666,True,0.08474406484272849,0.0
2024-08-21_08,9,8,direct_substitution,F0,ood,0.5,0,0.24,True,0.10568317556622635,0.0
2024-08-21_10,9,9,direct_substitution,F0,ood,0.5,0,0.56,True,0.0672648682044296,0.0
2024-08-21_01,9,1,ranking_only,F0,disagreement,0.5,0,0.9333333333333333,True,0.10519989585039964,0.0
2024-08-21_02,9,2,ranking_only,F0,disagreement,0.5,0,0.9333333333333333,True,0.10246076635591718,0.0
2024-08-21_03,9,3,ranking_only,F0,disagreement,0.5,0,0.8533333333333334,True,0.10237858948176039,0.0
2024-08-21_04,9,4,ranking_only,F0,disagreement,0.5,0,0.52,True,0.11897486650328683,0.0
2024-08-21_05,9,5,ranking_only,F0,disagreement,0.5,0,0.2,False,0.16788256980965088,0.16788256980965088
2024-08-21_06,9,6,ranking_only,F0,disagreement,0.5,0,0.4533333333333333,False,0.08087590089100305,0.08087590089100305
2024-08-21_07,9,7,ranking_only,F0,disagreement,0.5,0,0.26666666666666666,False,0.08474406484272849,0.08474406484272849
2024-08-21_08,9,8,ranking_only,F0,disagreement,0.5,0,0.2,False,0.10568317556622635,0.10568317556622635
2024-08-21_10,9,9,ranking_only,F0,disagreement,0.5,0,0.49333333333333335,False,0.0672648682044296,0.0672648682044296
2024-08-21_01,9,1,direct_substitution,F0,disagreement,0.5,0,0.9333333333333333,True,0.10519989585039964,0.0
2024-08-21_02,9,2,direct_substitution,F0,disagreement,0.5,0,0.9333333333333333,False,0.10246076635591718,0.10246076635591718
2024-08-21_03,9,3,direct_substitution,F0,disagreement,0.5,0,0.8533333333333334,True,0.10237858948176039,0.0
2024-08-21_04,9,4,direct_substitution,F0,disagreement,0.5,0,0.52,False,0.11897486650328683,0.11897486650328683
2024-08-21_05,9,5,direct_substitution,F0,disagreement,0.5,0,0.2,False,0.16788256980965088,0.16788256980965088
2024-08-21_06,9,6,direct_substitution,F0,disagreement,0.5,0,0.4533333333333333,False,0.08087590089100305,0.08087590089100305
2024-08-21_07,9,7,direct_substitution,F0,disagreement,0.5,0,0.26666666666666666,False,0.08474406484272849,0.08474406484272849
2024-08-21_08,9,8,direct_substitution,F0,disagreement,0.5,0,0.2,True,0.10568317556622635,0.0
2024-08-21_10,9,9,direct_substitution,F0,disagreement,0.5,0,0.49333333333333335,True,0.0672648682044296,0.0
2024-08-21_01,9,1,ranking_only,F0,combined,0.5,0,0.7226666666666667,True,0.10519989585039964,0.0
2024-08-21_02,9,2,ranking_only,F0,combined,0.5,0,0.5819303482587065,True,0.10246076635591718,0.0
2024-08-21_03,9,3,ranking_only,F0,combined,0.5,0,0.4145273631840796,True,0.10237858948176039,0.0
2024-08-21_04,9,4,ranking_only,F0,combined,0.5,0,0.3319800995024876,True,0.11897486650328683,0.0
2024-08-21_05,9,5,ranking_only,F0,combined,0.5,0,0.16453731343283579,False,0.16788256980965088,0.16788256980965088
2024-08-21_06,9,6,ranking_only,F0,combined,0.5,0,0.3172537313432836,False,0.08087590089100305,0.08087590089100305
2024-08-21_07,9,7,ranking_only,F0,combined,0.5,0,0.3010547263681592,False,0.08474406484272849,0.08474406484272849
2024-08-21_08,9,8,ranking_only,F0,combined,0.5,0,0.15880597014925374,False,0.10568317556622635,0.10568317556622635
2024-08-21_10,9,9,ranking_only,F0,combined,0.5,0,0.31263681592039805,False,0.0672648682044296,0.0672648682044296
2024-08-21_01,9,1,direct_substitution,F0,combined,0.5,0,0.7226666666666667,True,0.10519989585039964,0.0
2024-08-21_02,9,2,direct_substitution,F0,combined,0.5,0,0.5819303482587065,False,0.10246076635591718,0.10246076635591718
2024-08-21_03,9,3,direct_substitution,F0,combined,0.5,0,0.4145273631840796,False,0.10237858948176039,0.10237858948176039
2024-08-21_04,9,4,direct_substitution,F0,combined,0.5,0,0.3319800995024876,False,0.11897486650328683,0.11897486650328683
2024-08-21_05,9,5,direct_substitution,F0,combined,0.5,0,0.16453731343283579,False,0.16788256980965088,0.16788256980965088
2024-08-21_06,9,6,direct_substitution,F0,combined,0.5,0,0.3172537313432836,False,0.08087590089100305,0.08087590089100305
2024-08-21_07,9,7,direct_substitution,F0,combined,0.5,0,0.3010547263681592,True,0.08474406484272849,0.0
2024-08-21_08,9,8,direct_substitution,F0,combined,0.5,0,0.15880597014925374,True,0.10568317556622635,0.0
2024-08-21_10,9,9,direct_substitution,F0,combined,0.5,0,0.31263681592039805,True,0.0672648682044296,0.0
2024-08-21_01,9,1,ranking_only,F0,validated_combined,0.5,0,0.7226666666666667,True,0.10519989585039964,0.0
2024-08-21_02,9,2,ranking_only,F0,validated_combined,0.5,0,0.5819303482587065,True,0.10246076635591718,0.0
2024-08-21_03,9,3,ranking_only,F0,validated_combined,0.5,0,0.4145273631840796,True,0.10237858948176039,0.0
2024-08-21_04,9,4,ranking_only,F0,validated_combined,0.5,0,0.3319800995024876,True,0.11897486650328683,0.0
2024-08-21_05,9,5,ranking_only,F0,validated_combined,0.5,0,0.16453731343283579,False,0.16788256980965088,0.16788256980965088
2024-08-21_06,9,6,ranking_only,F0,validated_combined,0.5,0,0.3172537313432836,False,0.08087590089100305,0.08087590089100305
2024-08-21_07,9,7,ranking_only,F0,validated_combined,0.5,0,0.3010547263681592,False,0.08474406484272849,0.08474406484272849
2024-08-21_08,9,8,ranking_only,F0,validated_combined,0.5,0,0.15880597014925374,False,0.10568317556622635,0.10568317556622635
2024-08-21_10,9,9,ranking_only,F0,validated_combined,0.5,0,0.31263681592039805,False,0.0672648682044296,0.0672648682044296
2024-08-21_01,9,1,direct_substitution,F0,validated_combined,0.5,0,0.7226666666666667,True,0.10519989585039964,0.0
2024-08-21_02,9,2,direct_substitution,F0,validated_combined,0.5,0,0.5819303482587065,False,0.10246076635591718,0.10246076635591718
2024-08-21_03,9,3,direct_substitution,F0,validated_combined,0.5,0,0.4145273631840796,False,0.10237858948176039,0.10237858948176039
2024-08-21_04,9,4,direct_substitution,F0,validated_combined,0.5,0,0.3319800995024876,False,0.11897486650328683,0.11897486650328683
2024-08-21_05,9,5,direct_substitution,F0,validated_combined,0.5,0,0.16453731343283579,False,0.16788256980965088,0.16788256980965088
2024-08-21_06,9,6,direct_substitution,F0,validated_combined,0.5,0,0.3172537313432836,False,0.08087590089100305,0.08087590089100305
2024-08-21_07,9,7,direct_substitution,F0,validated_combined,0.5,0,0.3010547263681592,True,0.08474406484272849,0.0
2024-08-21_08,9,8,direct_substitution,F0,validated_combined,0.5,0,0.15880597014925374,True,0.10568317556622635,0.0
2024-08-21_10,9,9,direct_substitution,F0,validated_combined,0.5,0,0.31263681592039805,True,0.0672648682044296,0.0
2024-08-21_01,9,1,ranking_only,F0,oracle,0.5,0,0.6666666666666666,True,0.10519989585039964,0.0
2024-08-21_02,9,2,ranking_only,F0,oracle,0.5,0,0.5555555555555556,False,0.10246076635591718,0.10246076635591718
2024-08-21_03,9,3,ranking_only,F0,oracle,0.5,0,0.4444444444444444,False,0.10237858948176039,0.10237858948176039
2024-08-21_04,9,4,ranking_only,F0,oracle,0.5,0,0.8888888888888888,True,0.11897486650328683,0.0
2024-08-21_05,9,5,ranking_only,F0,oracle,0.5,0,1.0,True,0.16788256980965088,0.0
2024-08-21_06,9,6,ranking_only,F0,oracle,0.5,0,0.2222222222222222,False,0.08087590089100305,0.08087590089100305
2024-08-21_07,9,7,ranking_only,F0,oracle,0.5,0,0.3333333333333333,False,0.08474406484272849,0.08474406484272849
2024-08-21_08,9,8,ranking_only,F0,oracle,0.5,0,0.7777777777777778,True,0.10568317556622635,0.0
2024-08-21_10,9,9,ranking_only,F0,oracle,0.5,0,0.1111111111111111,False,0.0672648682044296,0.0672648682044296
2024-08-21_01,9,1,direct_substitution,F0,oracle,0.5,0,0.6666666666666666,True,0.10519989585039964,0.0
2024-08-21_02,9,2,direct_substitution,F0,oracle,0.5,0,0.5555555555555556,False,0.10246076635591718,0.10246076635591718
2024-08-21_03,9,3,direct_substitution,F0,oracle,0.5,0,0.4444444444444444,False,0.10237858948176039,0.10237858948176039
2024-08-21_04,9,4,direct_substitution,F0,oracle,0.5,0,0.8888888888888888,True,0.11897486650328683,0.0
2024-08-21_05,9,5,direct_substitution,F0,oracle,0.5,0,1.0,True,0.16788256980965088,0.0
2024-08-21_06,9,6,direct_substitution,F0,oracle,0.5,0,0.2222222222222222,False,0.08087590089100305,0.08087590089100305
2024-08-21_07,9,7,direct_substitution,F0,oracle,0.5,0,0.3333333333333333,False,0.08474406484272849,0.08474406484272849
2024-08-21_08,9,8,direct_substitution,F0,oracle,0.5,0,0.7777777777777778,True,0.10568317556622635,0.0
2024-08-21_10,9,9,direct_substitution,F0,oracle,0.5,0,0.1111111111111111,False,0.0672648682044296,0.0672648682044296
2024-08-21_01,9,1,causal_feedback,F0,combined,0.5,0,0.7226666666666667,True,0.10519989585039971,0.0
2024-08-21_02,9,2,causal_feedback,F0,combined,0.5,0,0.5819303482587065,False,0.10246076635591718,0.10246076635591718
2024-08-21_03,9,3,causal_feedback,F0,combined,0.5,0,0.4145273631840796,False,0.10237858948176046,0.10237858948176046
2024-08-21_04,9,4,causal_feedback,F0,combined,0.5,0,0.3319800995024876,False,0.11897486650328683,0.11897486650328683
2024-08-21_05,9,5,causal_feedback,F0,combined,0.5,0,0.16453731343283579,False,0.16788256980965088,0.16788256980965088
2024-08-21_06,9,6,causal_feedback,F0,combined,0.5,0,0.3172537313432836,False,0.08087590089100312,0.08087590089100312
2024-08-21_07,9,7,causal_feedback,F0,combined,0.5,0,0.3010547263681592,True,0.08474406484272842,0.0
2024-08-21_08,9,8,causal_feedback,F0,combined,0.5,0,0.15880597014925374,True,0.10568317556622643,0.0
2024-08-21_10,9,9,causal_feedback,F0,combined,0.5,0,0.31263681592039805,True,0.0672648682044296,0.0
2024-08-21_01,9,1,causal_feedback,F1,combined,0.5,0,0.7226666666666667,True,0.10519989585039971,0.0
2024-08-21_02,9,2,causal_feedback,F1,combined,0.5,0,0.5819303482587065,False,0.11029718286603489,0.11029718286603489
2024-08-21_03,9,3,causal_feedback,F1,combined,0.5,0,0.4145273631840796,False,0.09707001383616475,0.09707001383616475
2024-08-21_04,9,4,causal_feedback,F1,combined,0.5,0,0.3319800995024876,False,0.10234407868479031,0.10234407868479031
2024-08-21_05,9,5,causal_feedback,F1,combined,0.5,0,0.16453731343283579,False,0.1413469039205586,0.1413469039205586
2024-08-21_06,9,6,causal_feedback,F1,combined,0.5,0,0.3172537313432836,False,0.09118703050675898,0.09118703050675898
2024-08-21_07,9,7,causal_feedback,F1,combined,0.5,0,0.3010547263681592,True,0.09827826616404063,0.0
2024-08-21_08,9,8,causal_feedback,F1,combined,0.5,0,0.15880597014925374,True,0.0941778799077957,0.0
2024-08-21_10,9,9,causal_feedback,F1,combined,0.5,0,0.31263681592039805,True,0.05799692307239883,0.0
2024-08-21_01,9,1,causal_feedback,F2,combined,0.5,0,0.7226666666666667,True,0.10519989585039971,0.0
2024-08-21_02,9,2,causal_feedback,F2,combined,0.5,0,0.5819303482587065,False,0.1063560436136087,0.1063560436136087
2024-08-21_03,9,3,causal_feedback,F2,combined,0.5,0,0.4145273631840796,False,0.10019262771694658,0.10019262771694658
2024-08-21_04,9,4,causal_feedback,F2,combined,0.5,0,0.3319800995024876,False,0.1026920733994409,0.1026920733994409
2024-08-21_05,9,5,causal_feedback,F2,combined,0.5,0,0.16453731343283579,False,0.15404933120367503,0.15404933120367503
2024-08-21_06,9,6,causal_feedback,F2,combined,0.5,0,0.3172537313432836,False,0.08640627436821459,0.08640627436821459
2024-08-21_07,9,7,causal_feedback,F2,combined,0.5,0,0.3010547263681592,True,0.08486850587564915,0.0
2024-08-21_08,9,8,causal_feedback,F2,combined,0.5,0,0.15880597014925374,True,0.08981064399295403,0.0
2024-08-21_10,9,9,causal_feedback,F2,combined,0.5,0,0.31263681592039805,True,0.05636879121583006,0.0
2024-08-21_01,9,1,causal_feedback,F3,combined,0.5,0,0.7226666666666667,True,0.10519989585039971,0.0
2024-08-21_02,9,2,causal_feedback,F3,combined,0.5,0,0.5819303482587065,False,0.10040481055844667,0.10040481055844667
2024-08-21_03,9,3,causal_feedback,F3,combined,0.5,0,0.4145273631840796,False,0.09983510720176061,0.09983510720176061
2024-08-21_04,9,4,causal_feedback,F3,combined,0.5,0,0.3319800995024876,False,0.10117696583800687,0.10117696583800687
2024-08-21_05,9,5,causal_feedback,F3,combined,0.5,0,0.16453731343283579,False,0.15404933120367448,0.15404933120367448
2024-08-21_06,9,6,causal_feedback,F3,combined,0.5,0,0.3172537313432836,False,0.081365096431026,0.081365096431026
2024-08-21_07,9,7,causal_feedback,F3,combined,0.5,0,0.3010547263681592,True,0.0827013054333479,0.0
2024-08-21_08,9,8,causal_feedback,F3,combined,0.5,0,0.15880597014925374,True,0.08981064399295363,0.0
2024-08-21_10,9,9,causal_feedback,F3,combined,0.5,0,0.31263681592039805,True,0.048327489819490886,0.0
2024-08-22_01,10,1,ranking_only,F0,no_metrology,0.0,0,,False,0.07326822702214646,0.07326822702214646
2024-08-22_02,10,2,ranking_only,F0,no_metrology,0.0,0,,False,0.07827819067036573,0.07827819067036573
2024-08-22_03,10,3,ranking_only,F0,no_metrology,0.0,0,,False,0.08360327321893994,0.08360327321893994
2024-08-22_04,10,4,ranking_only,F0,no_metrology,0.0,0,,False,0.17034188150394924,0.17034188150394924
2024-08-22_01,10,1,direct_substitution,F0,no_metrology,0.0,0,,False,0.07326822702214646,0.07326822702214646
2024-08-22_02,10,2,direct_substitution,F0,no_metrology,0.0,0,,False,0.07827819067036573,0.07827819067036573
2024-08-22_03,10,3,direct_substitution,F0,no_metrology,0.0,0,,False,0.08360327321893994,0.08360327321893994
2024-08-22_04,10,4,direct_substitution,F0,no_metrology,0.0,0,,False,0.17034188150394924,0.17034188150394924
2024-08-22_01,10,1,ranking_only,F0,periodic,0.0,0,,False,0.07326822702214646,0.07326822702214646
2024-08-22_02,10,2,ranking_only,F0,periodic,0.0,0,,False,0.07827819067036573,0.07827819067036573
2024-08-22_03,10,3,ranking_only,F0,periodic,0.0,0,,False,0.08360327321893994,0.08360327321893994
2024-08-22_04,10,4,ranking_only,F0,periodic,0.0,0,,False,0.17034188150394924,0.17034188150394924
2024-08-22_01,10,1,direct_substitution,F0,periodic,0.0,0,,False,0.07326822702214646,0.07326822702214646
2024-08-22_02,10,2,direct_substitution,F0,periodic,0.0,0,,False,0.07827819067036573,0.07827819067036573
2024-08-22_03,10,3,direct_substitution,F0,periodic,0.0,0,,False,0.08360327321893994,0.08360327321893994
2024-08-22_04,10,4,direct_substitution,F0,periodic,0.0,0,,False,0.17034188150394924,0.17034188150394924
2024-08-22_01,10,1,ranking_only,F0,ood,0.0,0,0.9523809523809523,False,0.07326822702214646,0.07326822702214646
2024-08-22_02,10,2,ranking_only,F0,ood,0.0,0,0.39285714285714285,False,0.07827819067036573,0.07827819067036573
2024-08-22_03,10,3,ranking_only,F0,ood,0.0,0,0.09523809523809523,False,0.08360327321893994,0.08360327321893994
2024-08-22_04,10,4,ranking_only,F0,ood,0.0,0,0.2619047619047619,False,0.17034188150394924,0.17034188150394924
2024-08-22_01,10,1,direct_substitution,F0,ood,0.0,0,0.9523809523809523,False,0.07326822702214646,0.07326822702214646
2024-08-22_02,10,2,direct_substitution,F0,ood,0.0,0,0.39285714285714285,False,0.07827819067036573,0.07827819067036573
2024-08-22_03,10,3,direct_substitution,F0,ood,0.0,0,0.09523809523809523,False,0.08360327321893994,0.08360327321893994
2024-08-22_04,10,4,direct_substitution,F0,ood,0.0,0,0.2619047619047619,False,0.17034188150394924,0.17034188150394924
2024-08-22_01,10,1,ranking_only,F0,disagreement,0.0,0,0.7857142857142857,False,0.07326822702214646,0.07326822702214646
2024-08-22_02,10,2,ranking_only,F0,disagreement,0.0,0,0.44047619047619047,False,0.07827819067036573,0.07827819067036573
2024-08-22_03,10,3,ranking_only,F0,disagreement,0.0,0,0.2619047619047619,False,0.08360327321893994,0.08360327321893994
2024-08-22_04,10,4,ranking_only,F0,disagreement,0.0,0,0.011904761904761904,False,0.17034188150394924,0.17034188150394924
2024-08-22_01,10,1,direct_substitution,F0,disagreement,0.0,0,0.7857142857142857,False,0.07326822702214646,0.07326822702214646
2024-08-22_02,10,2,direct_substitution,F0,disagreement,0.0,0,0.44047619047619047,False,0.07827819067036573,0.07827819067036573
2024-08-22_03,10,3,direct_substitution,F0,disagreement,0.0,0,0.2619047619047619,False,0.08360327321893994,0.08360327321893994
2024-08-22_04,10,4,direct_substitution,F0,disagreement,0.0,0,0.011904761904761904,False,0.17034188150394924,0.17034188150394924
2024-08-22_01,10,1,ranking_only,F0,combined,0.0,0,0.7357142857142857,False,0.07326822702214646,0.07326822702214646
2024-08-22_02,10,2,ranking_only,F0,combined,0.0,0,0.5999047619047619,False,0.07827819067036573,0.07827819067036573
2024-08-22_03,10,3,ranking_only,F0,combined,0.0,0,0.33399999999999996,False,0.08360327321893994,0.08360327321893994
2024-08-22_04,10,4,ranking_only,F0,combined,0.0,0,0.22514285714285714,False,0.17034188150394924,0.17034188150394924
2024-08-22_01,10,1,direct_substitution,F0,combined,0.0,0,0.7357142857142857,False,0.07326822702214646,0.07326822702214646
2024-08-22_02,10,2,direct_substitution,F0,combined,0.0,0,0.5999047619047619,False,0.07827819067036573,0.07827819067036573
2024-08-22_03,10,3,direct_substitution,F0,combined,0.0,0,0.33399999999999996,False,0.08360327321893994,0.08360327321893994
2024-08-22_04,10,4,direct_substitution,F0,combined,0.0,0,0.22514285714285714,False,0.17034188150394924,0.17034188150394924
2024-08-22_01,10,1,ranking_only,F0,validated_combined,0.0,0,0.7357142857142857,False,0.07326822702214646,0.07326822702214646
2024-08-22_02,10,2,ranking_only,F0,validated_combined,0.0,0,0.5999047619047619,False,0.07827819067036573,0.07827819067036573
2024-08-22_03,10,3,ranking_only,F0,validated_combined,0.0,0,0.33399999999999996,False,0.08360327321893994,0.08360327321893994
2024-08-22_04,10,4,ranking_only,F0,validated_combined,0.0,0,0.22514285714285714,False,0.17034188150394924,0.17034188150394924
2024-08-22_01,10,1,direct_substitution,F0,validated_combined,0.0,0,0.7357142857142857,False,0.07326822702214646,0.07326822702214646
2024-08-22_02,10,2,direct_substitution,F0,validated_combined,0.0,0,0.5999047619047619,False,0.07827819067036573,0.07827819067036573
2024-08-22_03,10,3,direct_substitution,F0,validated_combined,0.0,0,0.33399999999999996,False,0.08360327321893994,0.08360327321893994
2024-08-22_04,10,4,direct_substitution,F0,validated_combined,0.0,0,0.22514285714285714,False,0.17034188150394924,0.17034188150394924
2024-08-22_01,10,1,ranking_only,F0,oracle,0.0,0,0.25,False,0.07326822702214646,0.07326822702214646
2024-08-22_02,10,2,ranking_only,F0,oracle,0.0,0,0.5,False,0.07827819067036573,0.07827819067036573
2024-08-22_03,10,3,ranking_only,F0,oracle,0.0,0,0.75,False,0.08360327321893994,0.08360327321893994
2024-08-22_04,10,4,ranking_only,F0,oracle,0.0,0,1.0,False,0.17034188150394924,0.17034188150394924
2024-08-22_01,10,1,direct_substitution,F0,oracle,0.0,0,0.25,False,0.07326822702214646,0.07326822702214646
2024-08-22_02,10,2,direct_substitution,F0,oracle,0.0,0,0.5,False,0.07827819067036573,0.07827819067036573
2024-08-22_03,10,3,direct_substitution,F0,oracle,0.0,0,0.75,False,0.08360327321893994,0.08360327321893994
2024-08-22_04,10,4,direct_substitution,F0,oracle,0.0,0,1.0,False,0.17034188150394924,0.17034188150394924
2024-08-22_01,10,1,causal_feedback,F0,combined,0.0,0,0.7357142857142857,False,0.07326822702214646,0.07326822702214646
2024-08-22_02,10,2,causal_feedback,F0,combined,0.0,0,0.5999047619047619,False,0.07827819067036573,0.07827819067036573
2024-08-22_03,10,3,causal_feedback,F0,combined,0.0,0,0.33399999999999996,False,0.08360327321893994,0.08360327321893994
2024-08-22_04,10,4,causal_feedback,F0,combined,0.0,0,0.22514285714285714,False,0.17034188150394924,0.17034188150394924
2024-08-22_01,10,1,causal_feedback,F1,combined,0.0,0,0.7357142857142857,False,0.07326822702214646,0.07326822702214646
2024-08-22_02,10,2,causal_feedback,F1,combined,0.0,0,0.5999047619047619,False,0.07827819067036573,0.07827819067036573
2024-08-22_03,10,3,causal_feedback,F1,combined,0.0,0,0.33399999999999996,False,0.08360327321893994,0.08360327321893994
2024-08-22_04,10,4,causal_feedback,F1,combined,0.0,0,0.22514285714285714,False,0.17034188150394924,0.17034188150394924
2024-08-22_01,10,1,causal_feedback,F2,combined,0.0,0,0.7357142857142857,False,0.07326822702214646,0.07326822702214646
2024-08-22_02,10,2,causal_feedback,F2,combined,0.0,0,0.5999047619047619,False,0.07827819067036573,0.07827819067036573
2024-08-22_03,10,3,causal_feedback,F2,combined,0.0,0,0.33399999999999996,False,0.08360327321893994,0.08360327321893994
2024-08-22_04,10,4,causal_feedback,F2,combined,0.0,0,0.22514285714285714,False,0.17034188150394924,0.17034188150394924
2024-08-22_01,10,1,causal_feedback,F3,combined,0.0,0,0.7357142857142857,False,0.07326822702214646,0.07326822702214646
2024-08-22_02,10,2,causal_feedback,F3,combined,0.0,0,0.5999047619047619,False,0.07827819067036573,0.07827819067036573
2024-08-22_03,10,3,causal_feedback,F3,combined,0.0,0,0.33399999999999996,False,0.08360327321893994,0.08360327321893994
2024-08-22_04,10,4,causal_feedback,F3,combined,0.0,0,0.22514285714285714,False,0.17034188150394924,0.17034188150394924
2024-08-22_01,10,1,ranking_only,F0,no_metrology,0.1,0,,False,0.07326822702214646,0.07326822702214646
2024-08-22_02,10,2,ranking_only,F0,no_metrology,0.1,0,,False,0.07827819067036573,0.07827819067036573
2024-08-22_03,10,3,ranking_only,F0,no_metrology,0.1,0,,False,0.08360327321893994,0.08360327321893994
2024-08-22_04,10,4,ranking_only,F0,no_metrology,0.1,0,,False,0.17034188150394924,0.17034188150394924
2024-08-22_01,10,1,direct_substitution,F0,no_metrology,0.1,0,,False,0.07326822702214646,0.07326822702214646
2024-08-22_02,10,2,direct_substitution,F0,no_metrology,0.1,0,,False,0.07827819067036573,0.07827819067036573
2024-08-22_03,10,3,direct_substitution,F0,no_metrology,0.1,0,,False,0.08360327321893994,0.08360327321893994
2024-08-22_04,10,4,direct_substitution,F0,no_metrology,0.1,0,,False,0.17034188150394924,0.17034188150394924
2024-08-22_01,10,1,ranking_only,F0,periodic,0.1,0,,False,0.07326822702214646,0.07326822702214646
2024-08-22_02,10,2,ranking_only,F0,periodic,0.1,0,,False,0.07827819067036573,0.07827819067036573
2024-08-22_03,10,3,ranking_only,F0,periodic,0.1,0,,False,0.08360327321893994,0.08360327321893994
2024-08-22_04,10,4,ranking_only,F0,periodic,0.1,0,,False,0.17034188150394924,0.17034188150394924
2024-08-22_01,10,1,direct_substitution,F0,periodic,0.1,0,,False,0.07326822702214646,0.07326822702214646
2024-08-22_02,10,2,direct_substitution,F0,periodic,0.1,0,,False,0.07827819067036573,0.07827819067036573
2024-08-22_03,10,3,direct_substitution,F0,periodic,0.1,0,,False,0.08360327321893994,0.08360327321893994
2024-08-22_04,10,4,direct_substitution,F0,periodic,0.1,0,,False,0.17034188150394924,0.17034188150394924
2024-08-22_01,10,1,ranking_only,F0,ood,0.1,0,0.9523809523809523,False,0.07326822702214646,0.07326822702214646
2024-08-22_02,10,2,ranking_only,F0,ood,0.1,0,0.39285714285714285,False,0.07827819067036573,0.07827819067036573
2024-08-22_03,10,3,ranking_only,F0,ood,0.1,0,0.09523809523809523,False,0.08360327321893994,0.08360327321893994
2024-08-22_04,10,4,ranking_only,F0,ood,0.1,0,0.2619047619047619,False,0.17034188150394924,0.17034188150394924
2024-08-22_01,10,1,direct_substitution,F0,ood,0.1,0,0.9523809523809523,False,0.07326822702214646,0.07326822702214646
2024-08-22_02,10,2,direct_substitution,F0,ood,0.1,0,0.39285714285714285,False,0.07827819067036573,0.07827819067036573
2024-08-22_03,10,3,direct_substitution,F0,ood,0.1,0,0.09523809523809523,False,0.08360327321893994,0.08360327321893994
2024-08-22_04,10,4,direct_substitution,F0,ood,0.1,0,0.2619047619047619,False,0.17034188150394924,0.17034188150394924
2024-08-22_01,10,1,ranking_only,F0,disagreement,0.1,0,0.7857142857142857,False,0.07326822702214646,0.07326822702214646
2024-08-22_02,10,2,ranking_only,F0,disagreement,0.1,0,0.44047619047619047,False,0.07827819067036573,0.07827819067036573
2024-08-22_03,10,3,ranking_only,F0,disagreement,0.1,0,0.2619047619047619,False,0.08360327321893994,0.08360327321893994
2024-08-22_04,10,4,ranking_only,F0,disagreement,0.1,0,0.011904761904761904,False,0.17034188150394924,0.17034188150394924
2024-08-22_01,10,1,direct_substitution,F0,disagreement,0.1,0,0.7857142857142857,False,0.07326822702214646,0.07326822702214646
2024-08-22_02,10,2,direct_substitution,F0,disagreement,0.1,0,0.44047619047619047,False,0.07827819067036573,0.07827819067036573
2024-08-22_03,10,3,direct_substitution,F0,disagreement,0.1,0,0.2619047619047619,False,0.08360327321893994,0.08360327321893994
2024-08-22_04,10,4,direct_substitution,F0,disagreement,0.1,0,0.011904761904761904,False,0.17034188150394924,0.17034188150394924
2024-08-22_01,10,1,ranking_only,F0,combined,0.1,0,0.7357142857142857,False,0.07326822702214646,0.07326822702214646
2024-08-22_02,10,2,ranking_only,F0,combined,0.1,0,0.5999047619047619,False,0.07827819067036573,0.07827819067036573
2024-08-22_03,10,3,ranking_only,F0,combined,0.1,0,0.33399999999999996,False,0.08360327321893994,0.08360327321893994
2024-08-22_04,10,4,ranking_only,F0,combined,0.1,0,0.22514285714285714,False,0.17034188150394924,0.17034188150394924
2024-08-22_01,10,1,direct_substitution,F0,combined,0.1,0,0.7357142857142857,False,0.07326822702214646,0.07326822702214646
2024-08-22_02,10,2,direct_substitution,F0,combined,0.1,0,0.5999047619047619,False,0.07827819067036573,0.07827819067036573
2024-08-22_03,10,3,direct_substitution,F0,combined,0.1,0,0.33399999999999996,False,0.08360327321893994,0.08360327321893994
2024-08-22_04,10,4,direct_substitution,F0,combined,0.1,0,0.22514285714285714,False,0.17034188150394924,0.17034188150394924
2024-08-22_01,10,1,ranking_only,F0,validated_combined,0.1,0,0.7357142857142857,False,0.07326822702214646,0.07326822702214646
2024-08-22_02,10,2,ranking_only,F0,validated_combined,0.1,0,0.5999047619047619,False,0.07827819067036573,0.07827819067036573
2024-08-22_03,10,3,ranking_only,F0,validated_combined,0.1,0,0.33399999999999996,False,0.08360327321893994,0.08360327321893994
2024-08-22_04,10,4,ranking_only,F0,validated_combined,0.1,0,0.22514285714285714,False,0.17034188150394924,0.17034188150394924
2024-08-22_01,10,1,direct_substitution,F0,validated_combined,0.1,0,0.7357142857142857,False,0.07326822702214646,0.07326822702214646
2024-08-22_02,10,2,direct_substitution,F0,validated_combined,0.1,0,0.5999047619047619,False,0.07827819067036573,0.07827819067036573
2024-08-22_03,10,3,direct_substitution,F0,validated_combined,0.1,0,0.33399999999999996,False,0.08360327321893994,0.08360327321893994
2024-08-22_04,10,4,direct_substitution,F0,validated_combined,0.1,0,0.22514285714285714,False,0.17034188150394924,0.17034188150394924
2024-08-22_01,10,1,ranking_only,F0,oracle,0.1,0,0.25,False,0.07326822702214646,0.07326822702214646
2024-08-22_02,10,2,ranking_only,F0,oracle,0.1,0,0.5,False,0.07827819067036573,0.07827819067036573
2024-08-22_03,10,3,ranking_only,F0,oracle,0.1,0,0.75,False,0.08360327321893994,0.08360327321893994
2024-08-22_04,10,4,ranking_only,F0,oracle,0.1,0,1.0,False,0.17034188150394924,0.17034188150394924
2024-08-22_01,10,1,direct_substitution,F0,oracle,0.1,0,0.25,False,0.07326822702214646,0.07326822702214646
2024-08-22_02,10,2,direct_substitution,F0,oracle,0.1,0,0.5,False,0.07827819067036573,0.07827819067036573
2024-08-22_03,10,3,direct_substitution,F0,oracle,0.1,0,0.75,False,0.08360327321893994,0.08360327321893994
2024-08-22_04,10,4,direct_substitution,F0,oracle,0.1,0,1.0,False,0.17034188150394924,0.17034188150394924
2024-08-22_01,10,1,causal_feedback,F0,combined,0.1,0,0.7357142857142857,False,0.07326822702214646,0.07326822702214646
2024-08-22_02,10,2,causal_feedback,F0,combined,0.1,0,0.5999047619047619,False,0.07827819067036573,0.07827819067036573
2024-08-22_03,10,3,causal_feedback,F0,combined,0.1,0,0.33399999999999996,False,0.08360327321893994,0.08360327321893994
2024-08-22_04,10,4,causal_feedback,F0,combined,0.1,0,0.22514285714285714,False,0.17034188150394924,0.17034188150394924
2024-08-22_01,10,1,causal_feedback,F1,combined,0.1,0,0.7357142857142857,False,0.07326822702214646,0.07326822702214646
2024-08-22_02,10,2,causal_feedback,F1,combined,0.1,0,0.5999047619047619,False,0.07827819067036573,0.07827819067036573
2024-08-22_03,10,3,causal_feedback,F1,combined,0.1,0,0.33399999999999996,False,0.08360327321893994,0.08360327321893994
2024-08-22_04,10,4,causal_feedback,F1,combined,0.1,0,0.22514285714285714,False,0.17034188150394924,0.17034188150394924
2024-08-22_01,10,1,causal_feedback,F2,combined,0.1,0,0.7357142857142857,False,0.07326822702214646,0.07326822702214646
2024-08-22_02,10,2,causal_feedback,F2,combined,0.1,0,0.5999047619047619,False,0.07827819067036573,0.07827819067036573
2024-08-22_03,10,3,causal_feedback,F2,combined,0.1,0,0.33399999999999996,False,0.08360327321893994,0.08360327321893994
2024-08-22_04,10,4,causal_feedback,F2,combined,0.1,0,0.22514285714285714,False,0.17034188150394924,0.17034188150394924
2024-08-22_01,10,1,causal_feedback,F3,combined,0.1,0,0.7357142857142857,False,0.07326822702214646,0.07326822702214646
2024-08-22_02,10,2,causal_feedback,F3,combined,0.1,0,0.5999047619047619,False,0.07827819067036573,0.07827819067036573
2024-08-22_03,10,3,causal_feedback,F3,combined,0.1,0,0.33399999999999996,False,0.08360327321893994,0.08360327321893994
2024-08-22_04,10,4,causal_feedback,F3,combined,0.1,0,0.22514285714285714,False,0.17034188150394924,0.17034188150394924
2024-08-22_01,10,1,ranking_only,F0,no_metrology,0.2,0,,False,0.07326822702214646,0.07326822702214646
2024-08-22_02,10,2,ranking_only,F0,no_metrology,0.2,0,,False,0.07827819067036573,0.07827819067036573
2024-08-22_03,10,3,ranking_only,F0,no_metrology,0.2,0,,False,0.08360327321893994,0.08360327321893994
2024-08-22_04,10,4,ranking_only,F0,no_metrology,0.2,0,,False,0.17034188150394924,0.17034188150394924
2024-08-22_01,10,1,direct_substitution,F0,no_metrology,0.2,0,,False,0.07326822702214646,0.07326822702214646
2024-08-22_02,10,2,direct_substitution,F0,no_metrology,0.2,0,,False,0.07827819067036573,0.07827819067036573
2024-08-22_03,10,3,direct_substitution,F0,no_metrology,0.2,0,,False,0.08360327321893994,0.08360327321893994
2024-08-22_04,10,4,direct_substitution,F0,no_metrology,0.2,0,,False,0.17034188150394924,0.17034188150394924
2024-08-22_01,10,1,ranking_only,F0,periodic,0.2,0,,True,0.07326822702214646,0.0
2024-08-22_02,10,2,ranking_only,F0,periodic,0.2,0,,False,0.07827819067036573,0.07827819067036573
2024-08-22_03,10,3,ranking_only,F0,periodic,0.2,0,,False,0.08360327321893994,0.08360327321893994
2024-08-22_04,10,4,ranking_only,F0,periodic,0.2,0,,False,0.17034188150394924,0.17034188150394924
2024-08-22_01,10,1,direct_substitution,F0,periodic,0.2,0,,True,0.07326822702214646,0.0
2024-08-22_02,10,2,direct_substitution,F0,periodic,0.2,0,,False,0.07827819067036573,0.07827819067036573
2024-08-22_03,10,3,direct_substitution,F0,periodic,0.2,0,,False,0.08360327321893994,0.08360327321893994
2024-08-22_04,10,4,direct_substitution,F0,periodic,0.2,0,,False,0.17034188150394924,0.17034188150394924
2024-08-22_01,10,1,ranking_only,F0,ood,0.2,0,0.9523809523809523,True,0.07326822702214646,0.0
2024-08-22_02,10,2,ranking_only,F0,ood,0.2,0,0.39285714285714285,False,0.07827819067036573,0.07827819067036573
2024-08-22_03,10,3,ranking_only,F0,ood,0.2,0,0.09523809523809523,False,0.08360327321893994,0.08360327321893994
2024-08-22_04,10,4,ranking_only,F0,ood,0.2,0,0.2619047619047619,False,0.17034188150394924,0.17034188150394924
2024-08-22_01,10,1,direct_substitution,F0,ood,0.2,0,0.9523809523809523,True,0.07326822702214646,0.0
2024-08-22_02,10,2,direct_substitution,F0,ood,0.2,0,0.39285714285714285,False,0.07827819067036573,0.07827819067036573
2024-08-22_03,10,3,direct_substitution,F0,ood,0.2,0,0.09523809523809523,False,0.08360327321893994,0.08360327321893994
2024-08-22_04,10,4,direct_substitution,F0,ood,0.2,0,0.2619047619047619,False,0.17034188150394924,0.17034188150394924
2024-08-22_01,10,1,ranking_only,F0,disagreement,0.2,0,0.7857142857142857,True,0.07326822702214646,0.0
2024-08-22_02,10,2,ranking_only,F0,disagreement,0.2,0,0.44047619047619047,False,0.07827819067036573,0.07827819067036573
2024-08-22_03,10,3,ranking_only,F0,disagreement,0.2,0,0.2619047619047619,False,0.08360327321893994,0.08360327321893994
2024-08-22_04,10,4,ranking_only,F0,disagreement,0.2,0,0.011904761904761904,False,0.17034188150394924,0.17034188150394924
2024-08-22_01,10,1,direct_substitution,F0,disagreement,0.2,0,0.7857142857142857,False,0.07326822702214646,0.07326822702214646
2024-08-22_02,10,2,direct_substitution,F0,disagreement,0.2,0,0.44047619047619047,False,0.07827819067036573,0.07827819067036573
2024-08-22_03,10,3,direct_substitution,F0,disagreement,0.2,0,0.2619047619047619,False,0.08360327321893994,0.08360327321893994
2024-08-22_04,10,4,direct_substitution,F0,disagreement,0.2,0,0.011904761904761904,True,0.17034188150394924,0.0
2024-08-22_01,10,1,ranking_only,F0,combined,0.2,0,0.7357142857142857,True,0.07326822702214646,0.0
2024-08-22_02,10,2,ranking_only,F0,combined,0.2,0,0.5999047619047619,False,0.07827819067036573,0.07827819067036573
2024-08-22_03,10,3,ranking_only,F0,combined,0.2,0,0.33399999999999996,False,0.08360327321893994,0.08360327321893994
2024-08-22_04,10,4,ranking_only,F0,combined,0.2,0,0.22514285714285714,False,0.17034188150394924,0.17034188150394924
2024-08-22_01,10,1,direct_substitution,F0,combined,0.2,0,0.7357142857142857,False,0.07326822702214646,0.07326822702214646
2024-08-22_02,10,2,direct_substitution,F0,combined,0.2,0,0.5999047619047619,False,0.07827819067036573,0.07827819067036573
2024-08-22_03,10,3,direct_substitution,F0,combined,0.2,0,0.33399999999999996,False,0.08360327321893994,0.08360327321893994
2024-08-22_04,10,4,direct_substitution,F0,combined,0.2,0,0.22514285714285714,True,0.17034188150394924,0.0
2024-08-22_01,10,1,ranking_only,F0,validated_combined,0.2,0,0.7357142857142857,True,0.07326822702214646,0.0
2024-08-22_02,10,2,ranking_only,F0,validated_combined,0.2,0,0.5999047619047619,False,0.07827819067036573,0.07827819067036573
2024-08-22_03,10,3,ranking_only,F0,validated_combined,0.2,0,0.33399999999999996,False,0.08360327321893994,0.08360327321893994
2024-08-22_04,10,4,ranking_only,F0,validated_combined,0.2,0,0.22514285714285714,False,0.17034188150394924,0.17034188150394924
2024-08-22_01,10,1,direct_substitution,F0,validated_combined,0.2,0,0.7357142857142857,False,0.07326822702214646,0.07326822702214646
2024-08-22_02,10,2,direct_substitution,F0,validated_combined,0.2,0,0.5999047619047619,False,0.07827819067036573,0.07827819067036573
2024-08-22_03,10,3,direct_substitution,F0,validated_combined,0.2,0,0.33399999999999996,False,0.08360327321893994,0.08360327321893994
2024-08-22_04,10,4,direct_substitution,F0,validated_combined,0.2,0,0.22514285714285714,True,0.17034188150394924,0.0
2024-08-22_01,10,1,ranking_only,F0,oracle,0.2,0,0.25,False,0.07326822702214646,0.07326822702214646
2024-08-22_02,10,2,ranking_only,F0,oracle,0.2,0,0.5,False,0.07827819067036573,0.07827819067036573
2024-08-22_03,10,3,ranking_only,F0,oracle,0.2,0,0.75,False,0.08360327321893994,0.08360327321893994
2024-08-22_04,10,4,ranking_only,F0,oracle,0.2,0,1.0,True,0.17034188150394924,0.0
2024-08-22_01,10,1,direct_substitution,F0,oracle,0.2,0,0.25,False,0.07326822702214646,0.07326822702214646
2024-08-22_02,10,2,direct_substitution,F0,oracle,0.2,0,0.5,False,0.07827819067036573,0.07827819067036573
2024-08-22_03,10,3,direct_substitution,F0,oracle,0.2,0,0.75,False,0.08360327321893994,0.08360327321893994
2024-08-22_04,10,4,direct_substitution,F0,oracle,0.2,0,1.0,True,0.17034188150394924,0.0
2024-08-22_01,10,1,causal_feedback,F0,combined,0.2,0,0.7357142857142857,False,0.07326822702214646,0.07326822702214646
2024-08-22_02,10,2,causal_feedback,F0,combined,0.2,0,0.5999047619047619,False,0.07827819067036573,0.07827819067036573
2024-08-22_03,10,3,causal_feedback,F0,combined,0.2,0,0.33399999999999996,False,0.08360327321893994,0.08360327321893994
2024-08-22_04,10,4,causal_feedback,F0,combined,0.2,0,0.22514285714285714,True,0.17034188150394924,0.0
2024-08-22_01,10,1,causal_feedback,F1,combined,0.2,0,0.7357142857142857,False,0.07326822702214646,0.07326822702214646
2024-08-22_02,10,2,causal_feedback,F1,combined,0.2,0,0.5999047619047619,False,0.07827819067036573,0.07827819067036573
2024-08-22_03,10,3,causal_feedback,F1,combined,0.2,0,0.33399999999999996,False,0.08360327321893994,0.08360327321893994
2024-08-22_04,10,4,causal_feedback,F1,combined,0.2,0,0.22514285714285714,True,0.17034188150394924,0.0
2024-08-22_01,10,1,causal_feedback,F2,combined,0.2,0,0.7357142857142857,False,0.07326822702214646,0.07326822702214646
2024-08-22_02,10,2,causal_feedback,F2,combined,0.2,0,0.5999047619047619,False,0.07827819067036573,0.07827819067036573
2024-08-22_03,10,3,causal_feedback,F2,combined,0.2,0,0.33399999999999996,False,0.08360327321893994,0.08360327321893994
2024-08-22_04,10,4,causal_feedback,F2,combined,0.2,0,0.22514285714285714,True,0.17034188150394924,0.0
2024-08-22_01,10,1,causal_feedback,F3,combined,0.2,0,0.7357142857142857,False,0.07326822702214646,0.07326822702214646
2024-08-22_02,10,2,causal_feedback,F3,combined,0.2,0,0.5999047619047619,False,0.07827819067036573,0.07827819067036573
2024-08-22_03,10,3,causal_feedback,F3,combined,0.2,0,0.33399999999999996,False,0.08360327321893994,0.08360327321893994
2024-08-22_04,10,4,causal_feedback,F3,combined,0.2,0,0.22514285714285714,True,0.17034188150394924,0.0
2024-08-22_01,10,1,ranking_only,F0,no_metrology,0.3,0,,False,0.07326822702214646,0.07326822702214646
2024-08-22_02,10,2,ranking_only,F0,no_metrology,0.3,0,,False,0.07827819067036573,0.07827819067036573
2024-08-22_03,10,3,ranking_only,F0,no_metrology,0.3,0,,False,0.08360327321893994,0.08360327321893994
2024-08-22_04,10,4,ranking_only,F0,no_metrology,0.3,0,,False,0.17034188150394924,0.17034188150394924
2024-08-22_01,10,1,direct_substitution,F0,no_metrology,0.3,0,,False,0.07326822702214646,0.07326822702214646
2024-08-22_02,10,2,direct_substitution,F0,no_metrology,0.3,0,,False,0.07827819067036573,0.07827819067036573
2024-08-22_03,10,3,direct_substitution,F0,no_metrology,0.3,0,,False,0.08360327321893994,0.08360327321893994
2024-08-22_04,10,4,direct_substitution,F0,no_metrology,0.3,0,,False,0.17034188150394924,0.17034188150394924
2024-08-22_01,10,1,ranking_only,F0,periodic,0.3,0,,True,0.07326822702214646,0.0
2024-08-22_02,10,2,ranking_only,F0,periodic,0.3,0,,False,0.07827819067036573,0.07827819067036573
2024-08-22_03,10,3,ranking_only,F0,periodic,0.3,0,,False,0.08360327321893994,0.08360327321893994
2024-08-22_04,10,4,ranking_only,F0,periodic,0.3,0,,False,0.17034188150394924,0.17034188150394924
2024-08-22_01,10,1,direct_substitution,F0,periodic,0.3,0,,True,0.07326822702214646,0.0
2024-08-22_02,10,2,direct_substitution,F0,periodic,0.3,0,,False,0.07827819067036573,0.07827819067036573
2024-08-22_03,10,3,direct_substitution,F0,periodic,0.3,0,,False,0.08360327321893994,0.08360327321893994
2024-08-22_04,10,4,direct_substitution,F0,periodic,0.3,0,,False,0.17034188150394924,0.17034188150394924
2024-08-22_01,10,1,ranking_only,F0,ood,0.3,0,0.9523809523809523,True,0.07326822702214646,0.0
2024-08-22_02,10,2,ranking_only,F0,ood,0.3,0,0.39285714285714285,False,0.07827819067036573,0.07827819067036573
2024-08-22_03,10,3,ranking_only,F0,ood,0.3,0,0.09523809523809523,False,0.08360327321893994,0.08360327321893994
2024-08-22_04,10,4,ranking_only,F0,ood,0.3,0,0.2619047619047619,False,0.17034188150394924,0.17034188150394924
2024-08-22_01,10,1,direct_substitution,F0,ood,0.3,0,0.9523809523809523,True,0.07326822702214646,0.0
2024-08-22_02,10,2,direct_substitution,F0,ood,0.3,0,0.39285714285714285,False,0.07827819067036573,0.07827819067036573
2024-08-22_03,10,3,direct_substitution,F0,ood,0.3,0,0.09523809523809523,False,0.08360327321893994,0.08360327321893994
2024-08-22_04,10,4,direct_substitution,F0,ood,0.3,0,0.2619047619047619,False,0.17034188150394924,0.17034188150394924
2024-08-22_01,10,1,ranking_only,F0,disagreement,0.3,0,0.7857142857142857,True,0.07326822702214646,0.0
2024-08-22_02,10,2,ranking_only,F0,disagreement,0.3,0,0.44047619047619047,False,0.07827819067036573,0.07827819067036573
2024-08-22_03,10,3,ranking_only,F0,disagreement,0.3,0,0.2619047619047619,False,0.08360327321893994,0.08360327321893994
2024-08-22_04,10,4,ranking_only,F0,disagreement,0.3,0,0.011904761904761904,False,0.17034188150394924,0.17034188150394924
2024-08-22_01,10,1,direct_substitution,F0,disagreement,0.3,0,0.7857142857142857,True,0.07326822702214646,0.0
2024-08-22_02,10,2,direct_substitution,F0,disagreement,0.3,0,0.44047619047619047,False,0.07827819067036573,0.07827819067036573
2024-08-22_03,10,3,direct_substitution,F0,disagreement,0.3,0,0.2619047619047619,False,0.08360327321893994,0.08360327321893994
2024-08-22_04,10,4,direct_substitution,F0,disagreement,0.3,0,0.011904761904761904,False,0.17034188150394924,0.17034188150394924
2024-08-22_01,10,1,ranking_only,F0,combined,0.3,0,0.7357142857142857,True,0.07326822702214646,0.0
2024-08-22_02,10,2,ranking_only,F0,combined,0.3,0,0.5999047619047619,False,0.07827819067036573,0.07827819067036573
2024-08-22_03,10,3,ranking_only,F0,combined,0.3,0,0.33399999999999996,False,0.08360327321893994,0.08360327321893994
2024-08-22_04,10,4,ranking_only,F0,combined,0.3,0,0.22514285714285714,False,0.17034188150394924,0.17034188150394924
2024-08-22_01,10,1,direct_substitution,F0,combined,0.3,0,0.7357142857142857,True,0.07326822702214646,0.0
2024-08-22_02,10,2,direct_substitution,F0,combined,0.3,0,0.5999047619047619,False,0.07827819067036573,0.07827819067036573
2024-08-22_03,10,3,direct_substitution,F0,combined,0.3,0,0.33399999999999996,False,0.08360327321893994,0.08360327321893994
2024-08-22_04,10,4,direct_substitution,F0,combined,0.3,0,0.22514285714285714,False,0.17034188150394924,0.17034188150394924
2024-08-22_01,10,1,ranking_only,F0,validated_combined,0.3,0,0.7357142857142857,True,0.07326822702214646,0.0
2024-08-22_02,10,2,ranking_only,F0,validated_combined,0.3,0,0.5999047619047619,False,0.07827819067036573,0.07827819067036573
2024-08-22_03,10,3,ranking_only,F0,validated_combined,0.3,0,0.33399999999999996,False,0.08360327321893994,0.08360327321893994
2024-08-22_04,10,4,ranking_only,F0,validated_combined,0.3,0,0.22514285714285714,False,0.17034188150394924,0.17034188150394924
2024-08-22_01,10,1,direct_substitution,F0,validated_combined,0.3,0,0.7357142857142857,True,0.07326822702214646,0.0
2024-08-22_02,10,2,direct_substitution,F0,validated_combined,0.3,0,0.5999047619047619,False,0.07827819067036573,0.07827819067036573
2024-08-22_03,10,3,direct_substitution,F0,validated_combined,0.3,0,0.33399999999999996,False,0.08360327321893994,0.08360327321893994
2024-08-22_04,10,4,direct_substitution,F0,validated_combined,0.3,0,0.22514285714285714,False,0.17034188150394924,0.17034188150394924
2024-08-22_01,10,1,ranking_only,F0,oracle,0.3,0,0.25,False,0.07326822702214646,0.07326822702214646
2024-08-22_02,10,2,ranking_only,F0,oracle,0.3,0,0.5,False,0.07827819067036573,0.07827819067036573
2024-08-22_03,10,3,ranking_only,F0,oracle,0.3,0,0.75,False,0.08360327321893994,0.08360327321893994
2024-08-22_04,10,4,ranking_only,F0,oracle,0.3,0,1.0,True,0.17034188150394924,0.0
2024-08-22_01,10,1,direct_substitution,F0,oracle,0.3,0,0.25,False,0.07326822702214646,0.07326822702214646
2024-08-22_02,10,2,direct_substitution,F0,oracle,0.3,0,0.5,False,0.07827819067036573,0.07827819067036573
2024-08-22_03,10,3,direct_substitution,F0,oracle,0.3,0,0.75,True,0.08360327321893994,0.0
2024-08-22_04,10,4,direct_substitution,F0,oracle,0.3,0,1.0,False,0.17034188150394924,0.17034188150394924
2024-08-22_01,10,1,causal_feedback,F0,combined,0.3,0,0.7357142857142857,True,0.07326822702214646,0.0
2024-08-22_02,10,2,causal_feedback,F0,combined,0.3,0,0.5999047619047619,False,0.07827819067036573,0.07827819067036573
2024-08-22_03,10,3,causal_feedback,F0,combined,0.3,0,0.33399999999999996,False,0.08360327321893994,0.08360327321893994
2024-08-22_04,10,4,causal_feedback,F0,combined,0.3,0,0.22514285714285714,False,0.17034188150394924,0.17034188150394924
2024-08-22_01,10,1,causal_feedback,F1,combined,0.3,0,0.7357142857142857,True,0.07326822702214646,0.0
2024-08-22_02,10,2,causal_feedback,F1,combined,0.3,0,0.5999047619047619,False,0.07606336139043841,0.07606336139043841
2024-08-22_03,10,3,causal_feedback,F1,combined,0.3,0,0.33399999999999996,False,0.06779076664039979,0.06779076664039979
2024-08-22_04,10,4,causal_feedback,F1,combined,0.3,0,0.22514285714285714,False,0.15483270111877928,0.15483270111877928
2024-08-22_01,10,1,causal_feedback,F2,combined,0.3,0,0.7357142857142857,True,0.07326822702214646,0.0
2024-08-22_02,10,2,causal_feedback,F2,combined,0.3,0,0.5999047619047619,False,0.07721708457539397,0.07721708457539397
2024-08-22_03,10,3,causal_feedback,F2,combined,0.3,0,0.33399999999999996,False,0.0786374369786865,0.0786374369786865
2024-08-22_04,10,4,causal_feedback,F2,combined,0.3,0,0.22514285714285714,False,0.16753274884914088,0.16753274884914088
2024-08-22_01,10,1,causal_feedback,F3,combined,0.3,0,0.7357142857142857,True,0.07326822702214646,0.0
2024-08-22_02,10,2,causal_feedback,F3,combined,0.3,0,0.5999047619047619,False,0.07603763131232343,0.07603763131232343
2024-08-22_03,10,3,causal_feedback,F3,combined,0.3,0,0.33399999999999996,False,0.07875040353062741,0.07875040353062741
2024-08-22_04,10,4,causal_feedback,F3,combined,0.3,0,0.22514285714285714,False,0.16716036469053708,0.16716036469053708
2024-08-22_01,10,1,ranking_only,F0,no_metrology,0.5,0,,False,0.07326822702214646,0.07326822702214646
2024-08-22_02,10,2,ranking_only,F0,no_metrology,0.5,0,,False,0.07827819067036573,0.07827819067036573
2024-08-22_03,10,3,ranking_only,F0,no_metrology,0.5,0,,False,0.08360327321893994,0.08360327321893994
2024-08-22_04,10,4,ranking_only,F0,no_metrology,0.5,0,,False,0.17034188150394924,0.17034188150394924
2024-08-22_01,10,1,direct_substitution,F0,no_metrology,0.5,0,,False,0.07326822702214646,0.07326822702214646
2024-08-22_02,10,2,direct_substitution,F0,no_metrology,0.5,0,,False,0.07827819067036573,0.07827819067036573
2024-08-22_03,10,3,direct_substitution,F0,no_metrology,0.5,0,,False,0.08360327321893994,0.08360327321893994
2024-08-22_04,10,4,direct_substitution,F0,no_metrology,0.5,0,,False,0.17034188150394924,0.17034188150394924
2024-08-22_01,10,1,ranking_only,F0,periodic,0.5,0,,True,0.07326822702214646,0.0
2024-08-22_02,10,2,ranking_only,F0,periodic,0.5,0,,False,0.07827819067036573,0.07827819067036573
2024-08-22_03,10,3,ranking_only,F0,periodic,0.5,0,,False,0.08360327321893994,0.08360327321893994
2024-08-22_04,10,4,ranking_only,F0,periodic,0.5,0,,True,0.17034188150394924,0.0
2024-08-22_01,10,1,direct_substitution,F0,periodic,0.5,0,,True,0.07326822702214646,0.0
2024-08-22_02,10,2,direct_substitution,F0,periodic,0.5,0,,False,0.07827819067036573,0.07827819067036573
2024-08-22_03,10,3,direct_substitution,F0,periodic,0.5,0,,False,0.08360327321893994,0.08360327321893994
2024-08-22_04,10,4,direct_substitution,F0,periodic,0.5,0,,True,0.17034188150394924,0.0
2024-08-22_01,10,1,ranking_only,F0,ood,0.5,0,0.9523809523809523,True,0.07326822702214646,0.0
2024-08-22_02,10,2,ranking_only,F0,ood,0.5,0,0.39285714285714285,True,0.07827819067036573,0.0
2024-08-22_03,10,3,ranking_only,F0,ood,0.5,0,0.09523809523809523,False,0.08360327321893994,0.08360327321893994
2024-08-22_04,10,4,ranking_only,F0,ood,0.5,0,0.2619047619047619,False,0.17034188150394924,0.17034188150394924
2024-08-22_01,10,1,direct_substitution,F0,ood,0.5,0,0.9523809523809523,True,0.07326822702214646,0.0
2024-08-22_02,10,2,direct_substitution,F0,ood,0.5,0,0.39285714285714285,False,0.07827819067036573,0.07827819067036573
2024-08-22_03,10,3,direct_substitution,F0,ood,0.5,0,0.09523809523809523,False,0.08360327321893994,0.08360327321893994
2024-08-22_04,10,4,direct_substitution,F0,ood,0.5,0,0.2619047619047619,True,0.17034188150394924,0.0
2024-08-22_01,10,1,ranking_only,F0,disagreement,0.5,0,0.7857142857142857,True,0.07326822702214646,0.0
2024-08-22_02,10,2,ranking_only,F0,disagreement,0.5,0,0.44047619047619047,True,0.07827819067036573,0.0
2024-08-22_03,10,3,ranking_only,F0,disagreement,0.5,0,0.2619047619047619,False,0.08360327321893994,0.08360327321893994
2024-08-22_04,10,4,ranking_only,F0,disagreement,0.5,0,0.011904761904761904,False,0.17034188150394924,0.17034188150394924
2024-08-22_01,10,1,direct_substitution,F0,disagreement,0.5,0,0.7857142857142857,True,0.07326822702214646,0.0
2024-08-22_02,10,2,direct_substitution,F0,disagreement,0.5,0,0.44047619047619047,False,0.07827819067036573,0.07827819067036573
2024-08-22_03,10,3,direct_substitution,F0,disagreement,0.5,0,0.2619047619047619,False,0.08360327321893994,0.08360327321893994
2024-08-22_04,10,4,direct_substitution,F0,disagreement,0.5,0,0.011904761904761904,True,0.17034188150394924,0.0
2024-08-22_01,10,1,ranking_only,F0,combined,0.5,0,0.7357142857142857,True,0.07326822702214646,0.0
2024-08-22_02,10,2,ranking_only,F0,combined,0.5,0,0.5999047619047619,True,0.07827819067036573,0.0
2024-08-22_03,10,3,ranking_only,F0,combined,0.5,0,0.33399999999999996,False,0.08360327321893994,0.08360327321893994
2024-08-22_04,10,4,ranking_only,F0,combined,0.5,0,0.22514285714285714,False,0.17034188150394924,0.17034188150394924
2024-08-22_01,10,1,direct_substitution,F0,combined,0.5,0,0.7357142857142857,True,0.07326822702214646,0.0
2024-08-22_02,10,2,direct_substitution,F0,combined,0.5,0,0.5999047619047619,False,0.07827819067036573,0.07827819067036573
2024-08-22_03,10,3,direct_substitution,F0,combined,0.5,0,0.33399999999999996,False,0.08360327321893994,0.08360327321893994
2024-08-22_04,10,4,direct_substitution,F0,combined,0.5,0,0.22514285714285714,True,0.17034188150394924,0.0
2024-08-22_01,10,1,ranking_only,F0,validated_combined,0.5,0,0.7357142857142857,True,0.07326822702214646,0.0
2024-08-22_02,10,2,ranking_only,F0,validated_combined,0.5,0,0.5999047619047619,True,0.07827819067036573,0.0
2024-08-22_03,10,3,ranking_only,F0,validated_combined,0.5,0,0.33399999999999996,False,0.08360327321893994,0.08360327321893994
2024-08-22_04,10,4,ranking_only,F0,validated_combined,0.5,0,0.22514285714285714,False,0.17034188150394924,0.17034188150394924
2024-08-22_01,10,1,direct_substitution,F0,validated_combined,0.5,0,0.7357142857142857,True,0.07326822702214646,0.0
2024-08-22_02,10,2,direct_substitution,F0,validated_combined,0.5,0,0.5999047619047619,False,0.07827819067036573,0.07827819067036573
2024-08-22_03,10,3,direct_substitution,F0,validated_combined,0.5,0,0.33399999999999996,False,0.08360327321893994,0.08360327321893994
2024-08-22_04,10,4,direct_substitution,F0,validated_combined,0.5,0,0.22514285714285714,True,0.17034188150394924,0.0
2024-08-22_01,10,1,ranking_only,F0,oracle,0.5,0,0.25,False,0.07326822702214646,0.07326822702214646
2024-08-22_02,10,2,ranking_only,F0,oracle,0.5,0,0.5,False,0.07827819067036573,0.07827819067036573
2024-08-22_03,10,3,ranking_only,F0,oracle,0.5,0,0.75,True,0.08360327321893994,0.0
2024-08-22_04,10,4,ranking_only,F0,oracle,0.5,0,1.0,True,0.17034188150394924,0.0
2024-08-22_01,10,1,direct_substitution,F0,oracle,0.5,0,0.25,False,0.07326822702214646,0.07326822702214646
2024-08-22_02,10,2,direct_substitution,F0,oracle,0.5,0,0.5,True,0.07827819067036573,0.0
2024-08-22_03,10,3,direct_substitution,F0,oracle,0.5,0,0.75,True,0.08360327321893994,0.0
2024-08-22_04,10,4,direct_substitution,F0,oracle,0.5,0,1.0,False,0.17034188150394924,0.17034188150394924
2024-08-22_01,10,1,causal_feedback,F0,combined,0.5,0,0.7357142857142857,True,0.07326822702214646,0.0
2024-08-22_02,10,2,causal_feedback,F0,combined,0.5,0,0.5999047619047619,False,0.07827819067036573,0.07827819067036573
2024-08-22_03,10,3,causal_feedback,F0,combined,0.5,0,0.33399999999999996,False,0.08360327321893994,0.08360327321893994
2024-08-22_04,10,4,causal_feedback,F0,combined,0.5,0,0.22514285714285714,True,0.17034188150394924,0.0
2024-08-22_01,10,1,causal_feedback,F1,combined,0.5,0,0.7357142857142857,True,0.07326822702214646,0.0
2024-08-22_02,10,2,causal_feedback,F1,combined,0.5,0,0.5999047619047619,False,0.07606336139043841,0.07606336139043841
2024-08-22_03,10,3,causal_feedback,F1,combined,0.5,0,0.33399999999999996,False,0.06779076664039979,0.06779076664039979
2024-08-22_04,10,4,causal_feedback,F1,combined,0.5,0,0.22514285714285714,True,0.15483270111877928,0.0
2024-08-22_01,10,1,causal_feedback,F2,combined,0.5,0,0.7357142857142857,True,0.07326822702214646,0.0
2024-08-22_02,10,2,causal_feedback,F2,combined,0.5,0,0.5999047619047619,False,0.07721708457539397,0.07721708457539397
2024-08-22_03,10,3,causal_feedback,F2,combined,0.5,0,0.33399999999999996,False,0.0786374369786865,0.0786374369786865
2024-08-22_04,10,4,causal_feedback,F2,combined,0.5,0,0.22514285714285714,True,0.16753274884914088,0.0
2024-08-22_01,10,1,causal_feedback,F3,combined,0.5,0,0.7357142857142857,True,0.07326822702214646,0.0
2024-08-22_02,10,2,causal_feedback,F3,combined,0.5,0,0.5999047619047619,False,0.07603763131232343,0.07603763131232343
2024-08-22_03,10,3,causal_feedback,F3,combined,0.5,0,0.33399999999999996,False,0.07875040353062741,0.07875040353062741
2024-08-22_04,10,4,causal_feedback,F3,combined,0.5,0,0.22514285714285714,True,0.16716036469053708,0.0
