experiment_key,lot_number,stage,full_map_mae,full_map_rmse,mean_shift_absolute_error,mean_centered_residual_mae,mean_centered_residual_rmse,spatial_correlation_after_mean_removal,center_mean_error,middle_zone_mean_error,edge_mean_error,center_to_edge_difference_error,map_standard_deviation_error,map_range_error,worst_point_absolute_error,p95_point_absolute_error
2024-07-02_01,1,full_map,0.14585171856233559,0.24489355517343767,0.09321301758727014,0.14170744321308285,0.22646012169421975,0.9983135837140945,0.012705811396195088,0.04678166750822754,0.13214845331674496,0.11944264192054987,0.05974407554109051,0.09681752685968092,1.2561401562704333,0.4041971378032825
2024-07-02_01,1,mean_shift,0.26361858254200343,0.31952496963103894,0.09321301758727829,0.2268108358010031,0.30562647066311205,0.9973140056216891,0.24003732580960246,0.22836092938604224,0.00497083441977253,0.245008160229375,0.14680380838450668,0.6596025316455538,1.0190260740514958,0.655337723416843
2024-07-02_01,1,oracle_true_mean_pca_reconstruction,0.13596218017702294,0.21752866854328018,3.4329592851330684e-15,0.13596218017702294,0.21752866854328018,0.9983522693584344,0.043212504446096034,0.018423933105729873,0.017399666672609726,0.06061217111870576,0.032204093023266545,0.19160819310423705,1.1073404963489892,0.3776903552693395
2024-07-02_01,1,oracle_true_mean_zero_residual,0.2268108358010051,0.30562647066311205,1.1097240479848756e-14,0.22681083580100111,0.30562647066311205,0.9973140056216891,0.14682430822232817,0.13514791179876795,0.09818385200702551,0.24500816022935368,0.14680380838450668,0.6596025316455538,0.9258130564642286,0.7169699530650061
2024-07-02_01,1,template,0.6920004835727498,0.7504100949033217,0.6853522969705597,0.2268108358010031,0.30562647066311205,0.9973140056216891,0.5385279887482426,0.5502043851717957,0.7835361489776105,0.2450081602293679,0.14680380838450668,0.6596025316455538,1.5625392405063323,1.2837379746835607
2024-07-02_02,1,full_map,0.1706597400302561,0.20874873896966056,0.07367468771997042,0.16768984965079395,0.19531532559117915,0.9985907739545286,0.04164466553147861,0.06724999484556093,0.08267779541574072,0.04103312988426211,0.0016006867093447674,0.21186310692996102,0.5712445937358908,0.38024119860791067
2024-07-02_02,1,mean_shift,0.2018067089154627,0.25890445734508666,0.07367468771996276,0.2026982199217261,0.24820064146274834,0.9979947803748185,0.06368907118900324,0.01688450016226284,0.14621182408308897,0.2099008952720922,0.09341867749583121,0.04890253164555247,0.6811110694579909,0.5823019555339314
2024-07-02_02,1,oracle_true_mean_pca_reconstruction,0.15920148289425567,0.18906314833024496,1.4370527240091913e-15,0.15920148289425576,0.18906314833024496,0.998728547516513,0.005314491125055554,0.02271882207492837,0.013153027658155736,0.01846751878321129,0.03227633222928361,0.30368595378809715,0.4556867352144991,0.3180369773478488
2024-07-02_02,1,oracle_true_mean_zero_residual,0.20269821992172699,0.24820064146274834,9.340842706059745e-15,0.2026982199217261,0.24820064146274834,0.9979947803748185,0.13736375890897534,0.09055918788224204,0.07253713636312398,0.20990089527209932,0.09341867749583121,0.04890253164555247,0.6074363817380188,0.5086272678139593
2024-07-02_02,1,template,0.43630285876831243,0.5019599017769464,0.43630285876831243,0.2026982199217261,0.24820064146274834,0.9979947803748185,0.2989390998593464,0.3457436708860797,0.5088399951314599,0.20990089527211353,0.09341867749583121,0.04890253164555247,1.0437392405063406,0.944930126582281
2024-07-02_03,1,full_map,0.24692393550660252,0.3124525001526235,0.1952171187394502,0.20714254183147407,0.2439607374203738,0.9977647314112714,0.15540652566644297,0.17021897231084893,0.2155679540790345,0.06016142841259153,0.019001673348114867,0.147929969783263,0.7558625391787288,0.5895252232722697
2024-07-02_03,1,mean_shift,0.25306964972342444,0.3295632000524068,0.1952171187394427,0.220491165129066,0.26552246492500975,0.9974529685783465,0.107041749343594,0.13158798703698693,0.24474008051311813,0.13769833116952412,0.06247724326369175,0.02819746835444903,0.8116832402015319,0.6814921009610242
2024-07-02_03,1,oracle_true_mean_pca_reconstruction,0.1910396307618676,0.22668586816783748,7.185263620045957e-16,0.1910396307618676,0.22668586816783748,0.9981265684886447,0.024861911597362507,0.02559765345709053,0.018086375022583923,0.04294828661994643,0.033087821775029,0.304475159183184,0.6538893209198733,0.364730874725383
2024-07-02_03,1,oracle_true_mean_zero_residual,0.22049116512906639,0.2655224649250098,7.105427357601002e-15,0.220491165129066,0.26552246492500975,0.9974529685783465,0.0881753693958558,0.06362913170246287,0.04952296177366122,0.13769833116951702,0.06247724326369175,0.02819746835444903,0.6164661214620821,0.4862749822215744
2024-07-02_03,1,template,0.5500478025885371,0.6107820924948041,0.5500478025885371,0.220491165129066,0.26552246492500975,0.9974529685783465,0.46187243319268845,0.4864186708860814,0.5995707643622339,0.13769833116954544,0.06247724326369175,0.02819746835444903,1.1665139240506264,1.0363227848101186
2024-07-02_04,1,full_map,0.2012042319054522,0.24866068807336442,0.11292626629742467,0.18643972936679606,0.22153960407394918,0.9981102722691941,0.038751676647962086,0.11248755884803074,0.1260004031325863,0.08724872648462423,0.008957556955379697,0.12225915272372134,0.6376556736146526,0.46464227992984064
2024-07-02_04,1,mean_shift,0.2039169404596333,0.2552430687110257,0.11292626629741731,0.1928812172098195,0.2289032164587168,0.9979728588320294,0.015944529860369983,0.09427052945852665,0.13975696359399592,0.12381243373362594,0.011510912941710139,0.06579746835444666,0.7147193540516454,0.47712922746936776
2024-07-02_04,1,oracle_true_mean_pca_reconstruction,0.17235795401850995,0.2076634313930933,3.5127955475780233e-15,0.17235795401850995,0.2076634313930933,0.9984074229342843,0.03361615251372996,0.031423377876024006,0.011102100152022842,0.022514052361707115,0.038599922616498805,0.21435272411050477,0.5548750368779238,0.3474925270037971
2024-07-02_04,1,oracle_true_mean_zero_residual,0.19288121720981974,0.2289032164587168,3.991813122247754e-15,0.1928812172098195,0.2289032164587168,0.9979728588320294,0.09698173643705132,0.018655736838894654,0.026830697296581718,0.12381243373363304,0.011510912941710139,0.06579746835444666,0.6017930877542241,0.40027404067699296
2024-07-02_04,1,template,0.317329554828617,0.38649659737790293,0.3114208362964024,0.1928812172098195,0.2289032164587168,0.9979728588320294,0.21443909985935505,0.2927650994575117,0.3382515335929952,0.12381243373364015,0.011510912941710139,0.06579746835444666,0.9132139240506305,0.6756237974683528
2024-07-02_05,1,full_map,0.17476120752299878,0.20970205231533065,0.05738863620442027,0.17059674183931486,0.20169654231012082,0.9983947340206871,0.04652045316674247,0.055788547346402595,0.06013125419219989,0.01361080102545742,0.008586852938267331,0.18858316682476328,0.6455723311780233,0.34372963671407036
2024-07-02_05,1,mean_shift,0.17318301537749226,0.2044856988611191,0.057388636204412764,0.16657461291008144,0.19626753545433295,0.9985289043805344,0.07326707454888748,0.07715220113117027,0.043998525376537145,0.029268549172350333,0.03251415688963144,0.2547974683544396,0.5551974542957154,0.330312419122005
2024-07-02_05,1,oracle_true_mean_pca_reconstruction,0.15715231938177152,0.18583529149541408,2.075742823568832e-15,0.15715231938177174,0.18583529149541408,0.9986925740233892,0.026274447914964583,0.027890376962403707,0.019565395888108128,0.04583984380307271,0.034886292349300074,0.26973207574003055,0.3958568251677974,0.32962200178094875
2024-07-02_05,1,oracle_true_mean_zero_residual,0.1665746129100815,0.19626753545433293,9.26100644361479e-15,0.16657461291008144,0.19626753545433295,0.9985289043805344,0.01587843834446545,0.019763564926748245,0.013390110827884882,0.029268549172350333,0.03251415688963144,0.2547974683544396,0.4978088180912934,0.3524635869719957
2024-07-02_05,1,template,0.20160459394111668,0.25271319665173775,0.15919489404067594,0.16657461291008144,0.19626753545433295,0.9985289043805344,0.14331645569620122,0.13943132911391842,0.17258500486853023,0.029268549172329017,0.03251415688963144,0.2547974683544396,0.5482291139240445,0.4907625316455763
2024-07-02_06,1,full_map,0.18432686356993241,0.22263329236851315,0.11473500677435575,0.1585930893025991,0.19079166934468705,0.9986200027992468,0.1365592804117881,0.13465118019479405,0.10023363526457274,0.03632564514721537,0.036009002739450846,0.15017721762710323,0.6329645528014183,0.3794808572576713
2024-07-02_06,1,mean_shift,0.1843469212150165,0.22262588406867975,0.11473500677434824,0.15857284385841833,0.1907830246060993,0.99862085647602,0.13680982464440916,0.1348513004330485,0.10008251478829777,0.03672730985611139,0.03623352379913625,0.15079746835444752,0.6321179821690208,0.37937215938423063
2024-07-02_06,1,oracle_true_mean_pca_reconstruction,0.14887523950890816,0.1773175608357672,2.1555790860137872e-15,0.14887523950890816,0.1773175608357672,0.9987800919716003,0.016544428175350845,0.015371372150646323,0.011140351419143713,0.027684779594494557,0.02286666896631928,0.12488364838778665,0.5086698836633943,0.28997515716764183
2024-07-02_06,1,oracle_true_mean_zero_residual,0.15857284385841808,0.1907830246060993,4.87001200914226e-15,0.15857284385841833,0.1907830246060993,0.99862085647602,0.02207481787005605,0.02011629365870249,0.014652491986041127,0.03672730985609718,0.03623352379913625,0.15079746835444752,0.5373182904281038,0.35428563220025205
2024-07-02_06,1,template,0.15854157303370744,0.19078947664892776,0.0015690513440467086,0.15857284385841833,0.1907830246060993,0.99862085647602,0.020505766526014213,0.018547242314653545,0.01622154333007586,0.036727309856090073,0.03623352379913625,0.15079746835444752,0.5388873417721456,0.3558546835442939
2024-07-02_08,1,full_map,0.08580213990970464,0.11607425287411134,0.030371424034435462,0.08461144894292212,0.11203039222641176,0.9995346965369996,0.0008718592497274358,0.012367834186598259,0.045171358626781455,0.04429949937705402,0.03036490637302336,0.21915893878352222,0.4067049959420217,0.23545990193517088
2024-07-02_08,1,mean_shift,0.09347286571460021,0.12479755157862368,0.030371424034442887,0.09502184483163681,0.12104546865595302,0.9995860882299107,0.03771999808030557,0.018457108789590393,0.06844876476725403,0.1061687628475596,0.06486200266691755,0.3146974683544528,0.4270953324400679,0.28050488927283507
2024-07-02_08,1,oracle_true_mean_pca_reconstruction,0.07623688840021786,0.09600417890471759,1.037871411784416e-15,0.07623688840021786,0.09600417890471759,0.9996353961670915,0.016713384952907973,0.007838938040130472,0.0071136678788548124,0.023827052831762785,0.012291346132315084,0.17598080552835427,0.2979062490591744,0.18258434920200697
2024-07-02_08,1,oracle_true_mean_zero_residual,0.09502184483163545,0.12104546865595302,8.063462506940464e-15,0.09502184483163681,0.12104546865595302,0.9995860882299107,0.0680914221147404,0.048828532824011006,0.03807734073281921,0.1061687628475596,0.06486200266691755,0.3146974683544528,0.3967239084056331,0.26242036410186237
2024-07-02_08,1,template,0.4813634333665187,0.49634943383118935,0.4813634333665187,0.09502184483163681,0.12104546865595302,0.9995860882299107,0.41327201125177027,0.43253490054249255,0.5194407740993157,0.1061687628475454,0.06486200266691755,0.3146974683544528,0.8780873417721438,0.7190374683544432
2024-07-02_09,1,full_map,0.14236900698813668,0.17523344892270046,0.04327998079682101,0.13937877171104818,0.16980460795741517,0.9988434421950138,0.049263476083716284,0.03689236662839335,0.04568386039553474,0.0035796156881815477,0.005228402830477208,0.09844904969745016,0.6860864627352186,0.2807806649298669
2024-07-02_09,1,mean_shift,0.14330620581506626,0.1698512873697479,0.04327998079681374,0.135084548524272,0.16424464400213515,0.9990459377179944,0.11464056645714749,0.08911180415053366,0.006250436088194533,0.10839013036895295,0.053108012155053785,0.26029746835444456,0.4651820573150829,0.27199066491003804
2024-07-02_09,1,oracle_true_mean_pca_reconstruction,0.1263848061940431,0.14956222321387794,3.113614235353248e-15,0.1263848061940431,0.14956222321387794,0.9991197868384388,0.039508528673081855,0.02047369544803246,0.01786231212697942,0.057370840800061274,0.01744958236761418,0.16855725353187978,0.38576719292058215,0.2478918444866863
2024-07-02_09,1,oracle_true_mean_zero_residual,0.13508454852427082,0.16424464400213515,4.3111581720275744e-15,0.135084548524272,0.16424464400213515,0.9990459377179944,0.07136058566032943,0.045831823353715606,0.037029544708630624,0.10839013036896006,0.053108012155053785,0.26029746835444456,0.4806991893045023,0.2830310880386704
2024-07-02_09,1,template,0.24446711705304955,0.2911404591089917,0.2403881524676422,0.135084548524272,0.16424464400213515,0.9990459377179944,0.16902756680730846,0.1945563291139223,0.2774176971762401,0.10839013036893164,0.053108012155053785,0.26029746835444456,0.7210873417721402,0.5105810126582297
2024-07-02_10,1,full_map,0.11745570673231226,0.14812832759107597,0.050644481864959755,0.1135645921005001,0.13920178839209962,0.9992280822241838,0.028351106141982996,0.04489872511702231,0.057596819758217066,0.02924571361623407,0.013481822511279162,0.1120697339153196,0.5260760158342705,0.26426875857076054
2024-07-02_10,1,mean_shift,0.11454505549879944,0.15093472787139375,0.05064448186496686,0.11485278389923226,0.14218448767091552,0.9993676430794023,0.029665916529445724,0.001441916127603804,0.09259088050615816,0.12225679703560388,0.06527625639230417,0.2556974683544482,0.4578605251020491,0.3175815377602844
2024-07-02_10,1,oracle_true_mean_pca_reconstruction,0.1044582735646183,0.12270119400935235,4.151485647137664e-15,0.1044582735646183,0.12270119400935235,0.9994083642210392,0.03423333487108948,0.015750903853316345,0.014406256187157851,0.04863959105824733,0.018012064800448258,0.1277916964415695,0.27627825853218013,0.20226533201566207
2024-07-02_10,1,oracle_true_mean_zero_residual,0.11485278389923226,0.14218448767091552,2.794269185573428e-15,0.11485278389923433,0.14218448767091552,0.9993676430794023,0.08031039839440979,0.05208639799257497,0.041946398641194094,0.12225679703560388,0.06527625639230417,0.2556974683544482,0.40721604323708505,0.26693705589532035
2024-07-02_10,1,template,0.2973862181766453,0.32790199266279885,0.29547129853505816,0.11485278389923329,0.14218448767091552,0.9993676430794023,0.2151609001406456,0.24338490054248751,0.33741769717623527,0.12225679703558967,0.06527625639230417,0.2556974683544482,0.7026873417721404,0.5391010126582343
2024-07-05_01,2,full_map,0.22157967943561357,0.27234594085515546,0.20047508943288608,0.11421598944133912,0.1843422089949997,0.9988950542180817,0.2487566246398032,0.18283732157125598,0.20161592949565232,0.04714069514415087,0.043140183746025684,0.28547233738597555,1.143803267239079,0.4096428425508802
2024-07-05_01,2,mean_shift,0.2103795889802311,0.3433568738053365,0.2004750894328797,0.21855262512179371,0.2787538005234237,0.9993707478306115,0.014772451704402556,0.0006389086944693645,0.34090808341598233,0.3261356317115798,0.24574134717742702,0.8178153846153577,1.2023505143824949,0.7513184631004008
2024-07-05_01,2,oracle_true_mean_pca_reconstruction,0.08526725543367783,0.10404611681498901,1.1975439366743261e-15,0.08526725543367783,0.10404611681498901,0.9996732930853431,0.03491278675324594,0.02629655180989232,0.008117084036499023,0.026795702716746916,0.03620483626494453,0.29237378248167545,0.29036606778063856,0.1830931137989253
2024-07-05_01,2,oracle_true_mean_zero_residual,0.21855262512179668,0.2787538005234237,5.34902958381199e-15,0.21855262512179371,0.2787538005234237,0.9993707478306115,0.1857026377284825,0.2011139981273402,0.1404329939831257,0.3261356317116082,0.24574134717742702,0.8178153846153577,1.0018754249496098,0.5508433736675158
2024-07-05_01,2,template,0.5909476519734955,0.6533933032096673,0.5909476519734955,0.21855262512179371,0.2787538005234237,0.9993707478306115,0.40524501424501835,0.38983365384616064,0.7313806459565981,0.3261356317115798,0.24574134717742702,0.8178153846153577,1.5928230769231106,1.1417910256410166
2024-07-05_02,2,full_map,0.10232660777983531,0.13554578749505028,0.08382104937895718,0.07828237022460363,0.10652085330424156,0.9995894946363328,0.0388138923253436,0.08264745813681884,0.09224268338400066,0.053428791058657055,0.01124427872010303,0.08599085991622957,0.3773943773866364,0.24873266426700835
2024-07-05_02,2,mean_shift,0.11267285197418447,0.16248199925787818,0.08382104937895095,0.11371663834208925,0.13919206789127242,0.9997604176288083,0.08135811768785572,0.011584160626398443,0.163781787527995,0.24513990521585072,0.11405423705262985,0.18741538461536322,0.4211857569560209,0.37456780823806485
2024-07-05_02,2,oracle_true_mean_pca_reconstruction,0.06510949014456506,0.08656539538498287,2.7144329231284725e-15,0.06510949014456506,0.08656539538498287,0.9997492292119208,0.06853449896455999,0.019290169035372173,0.02224875430135853,0.09078325326591852,0.025813874823402028,0.04116037479551693,0.2966852347240092,0.17550128453828062
2024-07-05_02,2,oracle_true_mean_zero_residual,0.11371663834208925,0.13919206789127242,3.672468072467934e-15,0.11371663834208773,0.13919206789127242,0.9997604176288083,0.16517916706681035,0.09540521000536017,0.07996073814904747,0.24513990521585782,0.1140542370526294,0.18741538461536322,0.33736470757706627,0.2907467588591102
2024-07-05_02,2,template,0.5882352924229329,0.6044792726105188,0.5882352924229329,0.11371663834208773,0.13919206789127242,0.9997604176288083,0.42305612535612624,0.4928300824175835,0.6681960305719699,0.2451399052158436,0.1140542370526294,0.18741538461536322,0.9256000000000029,0.8789820512820468
2024-07-05_03,2,full_map,0.0986289105646475,0.1454584499973038,0.09661792416142086,0.08833529259891836,0.10873425130268777,0.999717303352587,0.004460351972113585,0.03448863251283285,0.14602250715881837,0.14156215518670479,0.06627680310019768,0.28446093069654665,0.382093991295001,0.33426203756961986
2024-07-05_03,2,mean_shift,0.10025623738232183,0.10619114695757491,0.09661792416142685,0.02950087142584523,0.04406286898174064,0.9999252655135924,0.08677511869390742,0.09903489179117742,0.09702004253787067,0.01024492384396325,0.0038517970777305344,0.0971846153846343,0.24572697054576764,0.1500028679816495
2024-07-05_03,2,oracle_true_mean_pca_reconstruction,0.024401244372906396,0.03675032501766749,7.185263620045957e-16,0.024401244372906396,0.03675032501766749,0.9999502146992312,0.003337151027082541,0.006412168893973558,0.00287512249591515,0.00046202853116739107,0.008287207236155059,0.07627696934320483,0.1596160965001232,0.07335115976907494
2024-07-05_03,2,oracle_true_mean_zero_residual,0.02950087142584451,0.04406286898174064,5.5087021087019e-15,0.02950087142584523,0.04406286898174064,0.9999252655135924,0.009842805467513926,0.0024169676297560727,0.00040211837645642845,0.010244923843970355,0.0038517970777305344,0.0971846153846343,0.15310505617976844,0.10738947277442598
2024-07-05_03,2,template,0.33805776433304563,0.34091727508115377,0.33805776433304563,0.02950087142584523,0.04406286898174064,0.9999252655135924,0.34790056980056505,0.33564079670330926,0.3376556459565876,0.01024492384397746,0.0038517970777305344,0.0971846153846343,0.49116282051281956,0.3978869230769262
2024-07-05_04,2,full_map,0.060871728084151436,0.08524378311537777,0.024975053428248996,0.06518307432060853,0.08150306292451634,0.999918953876385,0.04660294355769423,0.029953986820487444,0.06694072842513066,0.11354367198282489,0.06785684699802452,0.23638268487929537,0.24996569524290635,0.20250041146305336
2024-07-05_04,2,mean_shift,0.06758219541968626,0.09362184054888129,0.024975053428254904,0.07274263188732477,0.09022912907712213,0.9999068907531682,0.056405454910681385,0.0376405230832475,0.07277622107002912,0.1291816759807105,0.0761204476265509,0.25868461538463805,0.2701677644625349,0.22104904651382354
2024-07-05_04,2,oracle_true_mean_pca_reconstruction,0.022290098746925103,0.026617097671250662,8.781988868945058e-16,0.022290098746925665,0.026617097671250655,0.9999743310711827,0.005278860134282581,0.0040667736167279145,0.0031034500476252447,0.008382310181907826,0.008580222602877274,0.07080420125337383,0.0675089841202734,0.04632494997162694
2024-07-05_04,2,oracle_true_mean_zero_residual,0.0727426318873226,0.09022912907712213,5.109520796477125e-15,0.07274263188732477,0.09022912907712213,0.9999068907531682,0.08138050833893118,0.0626155765115044,0.047801167641786435,0.12918167598071761,0.0761204476265509,0.25868461538463805,0.24519271103428508,0.19607399308557374
2024-07-05_04,2,template,0.17793549409392084,0.19950522748154673,0.17793549409392084,0.07274263188732477,0.09022912907712213,0.9999068907531682,0.09655498575498456,0.11531991758240423,0.22573666173570928,0.12918167598072472,0.0761204476265509,0.25868461538463805,0.4231282051282008,0.3740094871794895
2024-07-05_05,2,full_map,0.08052734097372147,0.12042924511771617,0.06383614576929958,0.08022720878863429,0.10211831164362102,0.9998488341175278,0.039844789904101674,0.007051439942785009,0.11995116155773644,0.15979595146183811,0.08130834852221991,0.21347063375304742,0.3891185708814291,0.2800309005680134
2024-07-05_05,2,mean_shift,0.07736132884300904,0.11512912387597479,0.06383614576930564,0.07481453584920464,0.09581055086873004,0.9998623407160712,0.033038120372374635,0.0017140615608184362,0.11589911116389828,0.14893723153627292,0.075559090868349,0.19798461538463386,0.375090654556395,0.26404526994101185
2024-07-05_05,2,oracle_true_mean_pca_reconstruction,0.01868182186004818,0.027997750190077247,1.037871411784416e-15,0.018681821860049058,0.027997750190077247,0.9999691956219686,0.01669980689594297,0.004071947867508641,0.005082938506802748,0.021782745402745718,0.0047537505562917914,0.0008596801764966244,0.12259709489337212,0.058836238969240624
2024-07-05_05,2,oracle_true_mean_zero_residual,0.07481453584920265,0.09581055086873005,4.7901757466973045e-15,0.07481453584920265,0.09581055086873005,0.9998623407160712,0.09687426614167549,0.06555020733011929,0.052062965394583216,0.1489372315362587,0.07555909086834856,0.19798461538463386,0.31125450878709415,0.20020912417171102
2024-07-05_05,2,template,0.07485298184961113,0.11141938338220372,0.05687369634111174,0.07481453584920464,0.09581055086873004,0.9998623407160712,0.04000056980056854,0.008676510989026553,0.10893666173571859,0.14893723153628713,0.075559090868349,0.19798461538463386,0.3681282051282011,0.25708282051281794
2024-07-05_06,2,full_map,0.08906624594525912,0.10334192295231001,0.03849959776048762,0.07295169767548243,0.09590273203492086,0.9997985185816085,0.11802184574909802,0.08912610136036392,0.0025242932528470874,0.12054613900194511,0.06462280553603383,0.13630153232830367,0.33153953915681456,0.16527275139777656
2024-07-05_06,2,mean_shift,0.11210234742617219,0.1288854908704929,0.03849959776048123,0.09672050958342122,0.12300101922020425,0.9997240347323973,0.1488698688959218,0.11331525452882119,0.020888302811286508,0.1697581717072083,0.09056319494390452,0.20648461538464602,0.39511446158840613,0.230745487229437
2024-07-05_06,2,oracle_true_mean_pca_reconstruction,0.018579071957480545,0.0312742476150034,2.5547603982385624e-15,0.018579071957480545,0.0312742476150034,0.9999602335256266,0.004627583618557196,0.006508688702922427,0.0027037505983784627,0.0019238330201787335,0.0023826878107859883,0.05353091739788596,0.18805449882909642,0.05636680319048821
2024-07-05_06,2,oracle_true_mean_zero_residual,0.09672050958341939,0.12300101922020425,3.2732867602431583e-15,0.09672050958342122,0.12300101922020425,0.9997240347323973,0.11037027113543729,0.07481565676833668,0.05938790057177812,0.1697581717072154,0.09056319494390452,0.20648461538464602,0.43361405934889063,0.2692450849899215
2024-07-05_06,2,template,0.1843141457793142,0.22158735312189487,0.1843141457793142,0.09672050958342122,0.12300101922020425,0.9997240347323973,0.07394387464387364,0.10949848901097425,0.24370204635109616,0.16975817170722252,0.09056319494390452,0.20648461538464602,0.6179282051282016,0.45355923076923244
2024-07-05_07,2,full_map,0.13805263442109134,0.1760617105329605,0.1349788139837219,0.08059862099129445,0.11304178736794533,0.9997556086624195,0.1005152554566422,0.06420766810697387,0.17905120073935876,0.07853594528271657,0.08164862012462404,0.17255107350340637,0.5587696198974683,0.3498899774686335
2024-07-05_07,2,mean_shift,0.13755184661242592,0.18245650791285808,0.13497881398372796,0.0899454886232329,0.12276439652969837,0.9997425953138261,0.08727046544504447,0.05382190520897723,0.18693590210951783,0.09966543666447336,0.09280956213660563,0.20268461538464067,0.586065907040485,0.37873411216870206
2024-07-05_07,2,oracle_true_mean_pca_reconstruction,0.0425038448567653,0.0616901551666727,3.9918131222477537e-16,0.0425038448567653,0.0616901551666727,0.9998485538731283,0.043775387107132246,0.010478371712039802,0.0019343091543717605,0.04570969626150401,0.009713104376005699,0.02474861435272402,0.2358116114684634,0.1388134841231291
2024-07-05_07,2,oracle_true_mean_zero_residual,0.08994548862323075,0.12276439652969837,6.386900995596406e-15,0.0899454886232329,0.12276439652969837,0.9997425953138261,0.04770834853868422,0.08115690877474435,0.05195708812578914,0.09966543666447336,0.09280956213660563,0.20268461538464067,0.4510870930567634,0.24375529818498048
2024-07-05_07,2,template,0.3005411120714491,0.32464758908768193,0.3005411120714491,0.0899454886232329,0.12276439652969837,0.9997425953138261,0.2528327635327656,0.21938420329669128,0.3524982001972532,0.09966543666448757,0.09280956213660563,0.20268461538464067,0.7516282051282062,0.5442964102564232
2024-07-05_08,2,full_map,0.05980098388817152,0.08929707074647146,0.029784503242625104,0.050523527124009954,0.08418343192392659,0.9997895320834383,0.08302620373421377,0.064266574597589,0.002002324351032314,0.08102387938318145,0.04416530344364089,0.14038146915137162,0.6210465089520625,0.10496998091168867
2024-07-05_08,2,mean_shift,0.12184130758528974,0.14042512473600677,0.029784503242619196,0.11202495994095768,0.13723009518219198,0.9997959152971586,0.170539293728865,0.1328890444411286,0.05009473267919162,0.22063402640805663,0.11725207603111709,0.3394846153846345,0.30248178889220867,0.25650050684094466
2024-07-05_08,2,oracle_true_mean_pca_reconstruction,0.027832528011332732,0.03557907238227449,1.6765615113440566e-15,0.027832528011332732,0.03557907238227449,0.999953961928148,0.023335905568416138,0.01235741320189021,0.010692898457087097,0.034028804025503234,0.012349978687288488,0.05073119541711435,0.1150824019933836,0.07991921072875519
2024-07-05_08,2,oracle_true_mean_zero_residual,0.11202495994095585,0.13723009518219198,4.630503221807395e-15,0.11202495994095585,0.13723009518219198,0.9997959152971586,0.14075479048624118,0.10310454119849055,0.07987923592180124,0.22063402640804242,0.11725207603111665,0.3394846153846345,0.3322662921348325,0.2862850100835685
2024-07-05_08,2,template,0.6336208873523479,0.6483112893609753,0.6336208873523479,0.11202495994095768,0.13723009518219198,0.9997959152971586,0.49286609686610205,0.5305163461538385,0.7135001232741729,0.22063402640807084,0.11725207603111709,0.3394846153846345,0.9658871794871757,0.9199058974359118
2024-07-05_09,2,full_map,0.09157884415549274,0.1076435056608978,0.04862743961219786,0.07299681087984575,0.09603382960045792,0.9998129482058018,0.14912269785623522,0.1085018344248212,0.001006029213769466,0.15012872707000469,0.0676290052506694,0.1851435876128491,0.3423660678992064,0.15574268927402668
2024-07-05_09,2,mean_shift,0.11691470242571975,0.13484153477620364,0.0486274396121918,0.1000916518569627,0.12576808664190123,0.9997434962466889,0.1839520178637386,0.13581287968708722,0.021740128202466735,0.20569214606620534,0.09690339095866651,0.26438461538464253,0.33049897928725613,0.21625415483180588
2024-07-05_09,2,oracle_true_mean_pca_reconstruction,0.019175981410981934,0.028675343365986927,7.744117457160642e-15,0.019175981410981934,0.028675343365986927,0.9999662842052132,0.026956066637211507,0.0031953045673134284,0.006386021684988918,0.033342088322200425,0.000637302474634005,0.0015883016706226272,0.12898449125880518,0.051569115902442744
2024-07-05_09,2,oracle_true_mean_zero_residual,0.10009165185696117,0.12576808664190123,1.836234036233967e-15,0.1000916518569627,0.12576808664190123,0.9997434962466889,0.13532457825154864,0.08718544007490436,0.07036756781463538,0.20569214606618402,0.09690339095866651,0.26438461538464253,0.3791264188994461,0.25720282915585074
2024-07-05_09,2,template,0.40870178622875203,0.42761520282157567,0.40870178622875203,0.1000916518569627,0.12576808664190123,0.9997434962466889,0.2733772079772052,0.3215163461538424,0.47906935404341056,0.20569214606620534,0.09690339095866651,0.26438461538464253,0.7878282051282,0.6659046153846047
2024-07-05_10,2,full_map,0.10583710041506993,0.14475924625157766,0.09496439610640989,0.08562740606893518,0.10925659178040373,0.9997851391402228,0.023970269765257513,0.02309873184304223,0.15424613826448308,0.1782164080297406,0.08148158933631766,0.18581508143238068,0.4008665050401632,0.2981510109233155
2024-07-05_10,2,mean_shift,0.12125575218715919,0.17468047291731406,0.09496439610641556,0.11945846095578895,0.14661183816718315,0.9996933233533611,0.06711935817509129,0.010736172379424147,0.17993304430137158,0.24705240247646287,0.11771269772413584,0.2839846153846466,0.4949867671810253,0.40884189538616456
2024-07-05_10,2,oracle_true_mean_pca_reconstruction,0.023889645922618316,0.0320813568220897,1.0298877855399205e-14,0.023889645922618316,0.0320813568220897,0.9999581607203147,0.034817087507207134,0.0073517861005854,0.009984688430400013,0.04480177593760715,0.0044679373381506515,0.028360146121428897,0.11414224637591275,0.06482468440552079
2024-07-05_10,2,oracle_true_mean_zero_residual,0.1194584609557876,0.14661183816718315,4.151485647137664e-15,0.1194584609557876,0.14661183816718315,0.9996933233533611,0.162083754281511,0.10570056848582965,0.08496864819493055,0.24705240247644156,0.1177126977241354,0.2839846153846466,0.4000223710746056,0.31387749927974484
2024-07-05_10,2,template,0.4903276289253811,0.5117775051507701,0.4903276289253811,0.11945846095578895,0.14661183816718315,0.9996933233533611,0.3282438746438743,0.3846270604395414,0.5752962771203372,0.24705240247646287,0.11771269772413584,0.2839846153846466,0.8903499999999909,0.8042051282051301
2024-07-09_01,3,full_map,0.1732048369511666,0.24029410220457087,0.1732048369511666,0.08485436358647627,0.16655731749467076,0.9991731306582093,0.07012342336374644,0.12129102356184518,0.2189994426663091,0.14887601930256267,0.06591908038998051,0.09860159279921987,1.2119594622657033,0.3829664917642088
2024-07-09_01,3,mean_shift,0.2611577144758428,0.2900179386346553,0.17320483695116953,0.16758238599762182,0.2326166141672032,0.9987491182519205,0.2992912065532707,0.30409261579217883,0.08090416129795841,0.21838704525531227,0.14378183659911192,0.6586012820512579,1.0053819472939978,0.38464574501367815
2024-07-09_01,3,oracle_true_mean_pca_reconstruction,0.06930989514756694,0.14026935550628972,2.235415348458742e-15,0.06930989514756694,0.14026935550628972,0.9993046245789609,0.04030712551221427,0.0049704935377405945,0.009652652858989086,0.049959778371203356,0.016078019118289877,0.18903578815366018,0.9130510369980911,0.2001205501385441
2024-07-09_01,3,oracle_true_mean_zero_residual,0.16758238599762412,0.2326166141672032,5.0296845340321695e-15,0.16758238599762182,0.2326166141672032,0.9987491182519205,0.12608636960210617,0.13088777884100722,0.0923006756532132,0.21838704525531938,0.14378183659911192,0.6586012820512579,0.8321771103428333,0.5498951973494499
2024-07-09_01,3,template,0.5841281042927114,0.6234476144965109,0.5784258282915594,0.16758238599762182,0.2326166141672032,0.9987491182519205,0.45233945868946535,0.4475380494505501,0.6707265039447776,0.21838704525531227,0.14378183659911192,0.6586012820512579,1.1924179487179458,1.1256682051281983
2024-07-09_02,3,full_map,0.201178856702194,1.2499899696620262,0.06964309601776283,0.2626081021049771,1.2480483818477288,0.9417743707981225,0.021738800506241773,0.010271893407079347,0.12096537223891346,0.09922657173267169,0.00635073826575594,1.0527517789910377,11.755703639689209,0.24104579986571073
2024-07-09_02,3,mean_shift,0.24759598433983246,1.23941619596687,0.06964309601776532,0.2681742006804357,1.2374580178745647,0.941867586966677,0.09828477148753478,0.050786974377231786,0.07483917922367311,0.02344559226386167,0.07571987091453236,1.2398012820512605,11.588349016501738,0.3885261117033636
2024-07-09_02,3,oracle_true_mean_pca_reconstruction,0.4305003042167392,1.1818019358984284,2.7144329231284725e-15,0.43050030421673946,1.1818019358984286,0.9465267315760325,0.1531180056105157,0.1109532782219631,0.08624526616747374,0.23936327177798944,0.24075589924266438,1.666003255147892,10.391730499237404,1.0499774664678494
2024-07-09_02,3,oracle_true_mean_zero_residual,0.2681742006804357,1.2374580178745647,1.6765615113440566e-15,0.2681742006804357,1.2374580178745647,0.941867586966677,0.02864167546976404,0.018856121640531853,0.00519608320591658,0.02344559226384746,0.07571987091453236,1.2398012820512605,11.518705920483974,0.45816920772112724
2024-07-09_02,3,template,0.5492742005185824,1.2726243555641892,0.297103356381447,0.26817420068044007,1.2374580178745647,0.941867586966677,0.26846168091168465,0.31595947802197344,0.2919072731755463,0.02344559226386167,0.07571987091453236,1.2398012820512605,11.221602564102525,0.7552725641025759
2024-07-09_03,3,full_map,0.1641059246708474,0.19524951199545357,0.1641059246708474,0.08266321757624008,0.10579044107285367,0.9998640880696018,0.05262271728015122,0.08810453183956923,0.22432492208992727,0.17170220480977605,0.08702475577698587,0.15611415823502028,0.5468231669058667,0.353923162434846
2024-07-09_03,3,mean_shift,0.16410592467084548,0.20824037923839855,0.16410592467084548,0.103080229768967,0.12819243750424145,0.9998159899250465,0.02991580975039909,0.06999178146385532,0.23800798321084216,0.20809217346044306,0.10752842271734098,0.21160128205125517,0.567291735676335,0.3981504536250227
2024-07-09_03,3,oracle_true_mean_pca_reconstruction,0.032123876804727405,0.05237545667220158,1.6765615113440566e-15,0.032123876804727405,0.05237545667220158,0.9999046882321733,0.02816510495438962,0.01094423156443014,0.010767777469077089,0.03893288242346671,0.012378083359609882,0.035561563981971744,0.28241603758579714,0.10673156780134282
2024-07-09_03,3,oracle_true_mean_zero_residual,0.103080229768967,0.12819243750424145,3.911976859802799e-15,0.10308022976896516,0.12819243750424145,0.9998159899250465,0.1341901149204432,0.09411414320698697,0.07390205853998566,0.20809217346042885,0.10752842271734098,0.21160128205125517,0.40318581100548556,0.2340445289541733
2024-07-09_03,3,template,0.567262906943245,0.5815672846945394,0.567262906943245,0.10308022976896516,0.12819243750424145,0.9998159899250465,0.4330727920228057,0.4731487637362548,0.6411649654832345,0.20809217346042885,0.10752842271734098,0.21160128205125517,0.9704487179487344,0.8013074358974221
2024-07-09_04,3,full_map,0.07843687101176323,0.0961556433948194,0.07843687101176323,0.0391481921418918,0.055619825804794555,0.9999165337861055,0.03434939865753961,0.053588669456964055,0.0994471959102654,0.0650977972527258,0.029787919869707746,0.00926820108904991,0.35644949559236494,0.14469473521416346
2024-07-09_04,3,mean_shift,0.08198812348565075,0.11841235219978587,0.07843687101176125,0.06846113835665567,0.08870818687906129,0.9998640584963439,0.0053332688774787584,0.021934766328058686,0.12335975928380805,0.1286930281612868,0.06566150145539806,0.08770128205125616,0.3922204348262426,0.2364042809800793
2024-07-09_04,3,oracle_true_mean_pca_reconstruction,0.02372601423823731,0.03808166959449914,6.706246045376226e-15,0.02372601423823731,0.03808166959449914,0.9999488211304068,0.0166906411908343,0.005475840626488093,0.005837294389579029,0.022527935580413327,0.009477577128551129,0.038503223521026086,0.20286113951221552,0.06887182227270892
2024-07-09_04,3,oracle_true_mean_zero_residual,0.06846113835665599,0.08870818687906101,9.021497656279924e-15,0.06846113835665599,0.08870818687906101,0.999864058496344,0.08377013988924631,0.05650210468371597,0.04492288827203339,0.1286930281612797,0.06566150145539806,0.08770128205125616,0.3137835638144679,0.1579674099683075
2024-07-09_04,3,template,0.3734651541342567,0.383855915379579,0.3734651541342567,0.06846113835665431,0.08870818687906101,0.999864058496344,0.2896950142450265,0.31696304945054266,0.41838804240631333,0.1286930281612868,0.06566150145539806,0.08770128205125616,0.6872487179487337,0.5314325641025732
2024-07-09_05,3,full_map,0.13263554837193728,0.139834697648513,0.13107140529455874,0.03716640625451729,0.04872401236105834,0.9999129959541527,0.1327746716187761,0.122303330947517,0.13549788000224083,0.002723208383464737,0.011000144400387768,0.0696302059795002,0.2796069791605973,0.20106447574393932
2024-07-09_05,3,mean_shift,0.13437507520300027,0.1413128547286205,0.13107140529456107,0.04002457699267413,0.05281675516028141,0.9998942563516485,0.15394466628242753,0.1391901231403807,0.12274095436045229,0.03120371192197524,0.008113731360245513,0.017898717948739318,0.24280976599754212,0.19425079163855655
2024-07-09_05,3,oracle_true_mean_pca_reconstruction,0.02088998981580507,0.028061936167097547,3.672468072467934e-15,0.02088998981580507,0.028061936167097547,0.9999700550717915,0.010436005275664684,0.0006426723708017335,0.0021522860358302864,0.01258829131149497,0.003903298644364117,0.004160272650779007,0.10045833557336437,0.05391091222029015
2024-07-09_05,3,oracle_true_mean_zero_residual,0.04002457699267413,0.05281675516028141,1.6765615113440566e-15,0.04002457699267413,0.05281675516028141,0.9998942563516485,0.022873260987864796,0.008118717845825074,0.008330450934110445,0.03120371192197524,0.008113731360245513,0.017898717948739318,0.278084716220107,0.07783189570729687
2024-07-09_05,3,template,0.27794605301066067,0.2829198084437817,0.27794605301066067,0.040024576992673255,0.05281675516028141,0.9998942563516485,0.2550727920228013,0.2698273351648268,0.28627650394477655,0.03120371192197524,0.008113731360245513,0.017898717948739318,0.556030769230766,0.3512330769230857
2024-07-09_06,3,full_map,0.121844374974216,0.13907505225698252,0.121844374974216,0.047982812022901715,0.06705086462846742,0.999894462593977,0.060331563635195096,0.08349000380317051,0.15314317679807488,0.09281161316287978,0.042566265120427715,0.12424403738993561,0.4927768424720611,0.23839642943815414
2024-07-09_06,3,mean_shift,0.12184437497421394,0.1266268979523746,0.12184437497421394,0.01979454743799939,0.03447201143223646,0.9999540444920288,0.10487311148946077,0.11901971812357459,0.1263026781123031,0.021429566622842344,0.002534160490225368,0.015401282051257681,0.3299088664752148,0.1431165587829028
2024-07-09_06,3,oracle_true_mean_pca_reconstruction,0.013265376465125088,0.022038574569919336,3.9918131222477537e-16,0.013265376465125088,0.022038574569919336,0.9999818035047187,0.014570015150368931,0.0018214077603389,0.0035024914161994047,0.018072506566568336,0.00423531652275555,0.03643765504209284,0.12423528356995917,0.04936691740404626
2024-07-09_06,3,oracle_true_mean_zero_residual,0.01979454743799979,0.03447201143223646,2.4749241357936075e-15,0.01979454743799979,0.03447201143223646,0.9999540444920288,0.01697126348475564,0.0028246568506418157,0.004458303138072495,0.021429566622828133,0.002534160490225368,0.015401282051257681,0.20806449150099837,0.05741448285797759
2024-07-09_06,3,template,0.02251557188130161,0.03786491555635987,0.01566627772976156,0.01979454743799939,0.03447201143223646,0.9999540444920288,0.0013049857549845,0.012841620879122218,0.02012458086785074,0.02142956662283524,0.002534160490225368,0.015401282051257681,0.2237307692307624,0.04747769230769018
2024-07-09_07,3,full_map,0.082410081406931,0.10072307813967747,0.082410081406931,0.03593432854093572,0.057911285190665365,0.999916620087074,0.03657789721514604,0.05394523813951935,0.1056697981225696,0.06909190090742356,0.03535385347709896,0.10447675955424529,0.45353758324313986,0.16863393295134727
2024-07-09_07,3,mean_shift,0.08542640603972329,0.09244484852486565,0.08241008140692868,0.027115591465728194,0.04188828596742462,0.9999403405291792,0.09275492279108732,0.09875629132997688,0.07181782274724924,0.020937100043838086,0.015093979059308094,0.03279871794874367,0.24812401111017834,0.11586349828969275
2024-07-09_07,3,oracle_true_mean_pca_reconstruction,0.016372113840216095,0.02728199113780541,3.752304334912888e-15,0.016372113840216095,0.02728199113780541,0.9999725881999141,0.01211248827095801,0.0010444940366483024,0.002658812066641758,0.014771300337599769,0.006861719473830963,0.030491735248553198,0.1662935627564721,0.04709240531901741
2024-07-09_07,3,oracle_true_mean_zero_residual,0.027115591465726036,0.04188828596742462,1.836234036233967e-15,0.027115591465728194,0.04188828596742462,0.9999403405291792,0.010344841384160475,0.01634620992305713,0.0105922586596634,0.020937100043823875,0.015093979059308094,0.03279871794874367,0.1657139297032515,0.10662504465572482
2024-07-09_07,3,template,0.1021006770383171,0.10812659701975304,0.09968316047248565,0.027115591465728194,0.04188828596742462,0.9999403405291792,0.0893383190883199,0.08333695054943746,0.11027541913215089,0.02093710004383098,0.015093979059308094,0.03279871794874367,0.21073461538460236,0.19849589743589457
2024-07-09_08,3,full_map,0.04486926610092819,0.07378014663023445,0.041326340709796267,0.04027648841745398,0.061119911651741875,0.9998906031362826,0.0030922840546097063,0.015051490249135213,0.06209176999431776,0.05899948593970805,0.03155313126296777,0.06956591468684792,0.4057406482408865,0.1504965682564517
2024-07-09_08,3,mean_shift,0.06973587820363532,0.07828072012544414,0.04132634070979379,0.051662372013378845,0.06648311595357241,0.9998619820594075,0.0717463381488983,0.06981516700523116,0.020721203917005937,0.051025134231892366,0.030044203941942627,0.09819871794874757,0.15688542823287577,0.13001209489953278
2024-07-09_08,3,oracle_true_mean_pca_reconstruction,0.021176217852363434,0.03657055155129253,8.861825131390013e-15,0.021176217852363434,0.03657055155129253,0.9999491694634527,0.013741937471358767,0.0040219151209512916,0.004544058858265032,0.0182859963296238,0.007453391136354792,0.013261970140050039,0.19252767889107503,0.0817845033927738
2024-07-09_08,3,oracle_true_mean_zero_residual,0.051662372013378845,0.06648311595357241,6.5465735204863165e-15,0.051662372013378845,0.06648311595357241,0.9998619820594075,0.030419997439103952,0.028488826295443914,0.020605136792759993,0.051025134231863944,0.030044203941942627,0.09819871794874757,0.198211768942663,0.13931869201958164
2024-07-09_08,3,template,0.17974720541630573,0.19164827826481448,0.17974720541630573,0.05166237201338068,0.06648311595357241,0.9998619820594075,0.14932720797720123,0.15125837912087547,0.20035234220907228,0.05102513423187105,0.030044203941942627,0.09819871794874757,0.3779589743589753,0.3190658974358939
2024-07-09_09,3,full_map,0.08290487899120519,0.10209591922822665,0.080997700924787,0.03607705577421132,0.06215262800522066,0.9998480807201032,0.04968091500317939,0.06712002074183232,0.09389051089436151,0.04420959589118212,0.009512865779980118,0.03777228199314919,0.44299465419612005,0.14677282401271863
2024-07-09_09,3,mean_shift,0.10592555852668722,0.1154666985218663,0.08099770092478469,0.0612727245653386,0.08229174267469791,0.9998576307308026,0.1230663875024618,0.12565783540642173,0.049668817373166974,0.07339757012929482,0.056307145003137826,0.21709871794874402,0.20175385188991157,0.16316692881301692
2024-07-09_09,3,oracle_true_mean_pca_reconstruction,0.02612483990102189,0.046751286927977115,3.5127955475780233e-15,0.02612483990102189,0.046751286927977115,0.9999126257462545,0.01726205145271109,0.0009229041583296294,0.003484611144394023,0.020746662597105114,0.002891370059533216,0.07802384373663784,0.24827421089949553,0.10688436008878592
2024-07-09_09,3,oracle_true_mean_zero_residual,0.0612727245653386,0.08229174267469791,5.5087021087019e-15,0.0612727245653386,0.08229174267469791,0.9998576307308026,0.0420686865776716,0.04466013448163153,0.03132888355163033,0.07339757012930193,0.056307145003137826,0.21709871794874402,0.26782974647078106,0.18192820800922632
2024-07-09_09,3,template,0.25552922788821614,0.2684531937183587,0.25552922788821614,0.06127272456534076,0.08229174267469791,0.9998576307308026,0.21346054131053194,0.21086909340658622,0.28685811143983386,0.07339757012930193,0.056307145003137826,0.21709871794874402,0.5233589743589917,0.43745743589743696
2024-07-09_10,3,full_map,0.3317227737214297,0.33566329725937055,0.3317227737214297,0.03535201757028924,0.05128206822656151,0.999923899268314,0.3065478764944345,0.3061829896737791,0.3498321588825348,0.04328428238810034,0.027147352128929825,0.08035655944754438,0.4562413694098453,0.4202455372624513
2024-07-09_10,3,mean_shift,0.3317227737214318,0.34297196008016995,0.3317227737214318,0.0711132274156028,0.0871192676495472,0.9999026963393164,0.2569730634234091,0.2666383615511947,0.3797056762877489,0.12273261286433979,0.07168723327471316,0.20149871794874485,0.5690603853607286,0.5089455135658694
2024-07-09_10,3,oracle_true_mean_pca_reconstruction,0.01835425229498052,0.026614519105333818,1.117707674229371e-15,0.01835425229498052,0.026614519105333818,0.9999732085711532,0.002092149959239009,0.009412719478753218,0.005430490289199952,0.007522640248438961,0.006766054632961094,0.03422883652675068,0.09447750262481946,0.06166112814280919
2024-07-09_10,3,oracle_true_mean_zero_residual,0.0711132274156028,0.0871192676495472,7.983626244495507e-16,0.0711132274156028,0.0871192676495472,0.9999026963393164,0.07474971029802902,0.0650844121702292,0.047982902566332086,0.1227326128643611,0.07168723327471316,0.20149871794874485,0.23733761163929756,0.1772227398444384
2024-07-09_10,3,template,0.7088213627196759,0.7141550889292688,0.7088213627196759,0.07111322741560464,0.08711926764954721,0.9999026963393164,0.6340716524216461,0.6437369505494459,0.756804265285993,0.12273261286434689,0.07168723327471316,0.20149871794874485,0.9461589743589727,0.8860441025641135
2024-07-11_01,4,full_map,0.15135047037080748,0.18474060105841472,0.14894088360769867,0.07338951837431568,0.10929639916109911,0.999703295375834,0.1010517715953938,0.10552041076838492,0.18060963836946087,0.07955786677406707,0.061506767470600465,0.23856385661572688,0.7412204304239438,0.32013455798360985
2024-07-11_01,4,mean_shift,0.15552900084856358,0.24081712177884113,0.14894088360770016,0.1446921506932193,0.18923398038408087,0.9995548566164149,0.003892440122250207,0.022212535457725835,0.2436311463340317,0.24752358645628192,0.15450835526846518,0.49306666666663546,0.8545225171427475,0.523599696629871
2024-07-11_01,4,oracle_true_mean_pca_reconstruction,0.05433771338795623,0.06809808573781254,1.5168889864541464e-15,0.05433771338795623,0.06809808573781254,0.9998370616352207,0.0022065725292463867,0.005613644833431408,0.0034046386172903453,0.005611211146536732,0.009563504251453914,0.11617747189705341,0.2273056917174685,0.10343451183352811
2024-07-11_01,4,oracle_true_mean_zero_residual,0.14469215069322178,0.18923398038408087,2.395087873348652e-16,0.14469215069322672,0.18923398038408087,0.9995548566164149,0.15283332372995062,0.12672834814996037,0.09469026272634551,0.24752358645629613,0.15450835526846518,0.49306666666663546,0.7055816335350471,0.37465881302217063
2024-07-11_01,4,template,0.6035388792855085,0.6325098245412559,0.6035388792855085,0.14469215069322178,0.18923398038408087,0.9995548566164149,0.45070555555555813,0.4768105311355342,0.69822914201184,0.24752358645628192,0.15450835526846518,0.49306666666663546,1.3091205128205559,0.9781976923076794
2024-07-11_02,4,full_map,0.24265855693849564,0.26269071100189106,0.24265855693849564,0.07712756842856662,0.10061428522434537,0.9998315549083259,0.1512586740144286,0.1742574978957805,0.2953091069291176,0.144050432914689,0.07484116688390241,0.18725845508572547,0.6581580401598899,0.458851207612875
2024-07-11_02,4,mean_shift,0.2426585569384977,0.28025616815438914,0.2426585569384977,0.11383333462816884,0.14021535056158121,0.9997673379555102,0.10445357278407386,0.1371021991577095,0.3234166891548682,0.21896311637079435,0.11612693804179575,0.30076666666663954,0.7086907522712949,0.5429074189379107
2024-07-11_02,4,oracle_true_mean_pca_reconstruction,0.05078145881455314,0.06285947875411892,2.3152516109036974e-15,0.05078145881455314,0.06285947875411892,0.9998616646803647,0.02988070850708624,0.018567420898172315,0.015169503109866866,0.045050211616953106,0.013209278487321896,0.030994182219060917,0.1963285502278893,0.1075659425773452
2024-07-11_02,4,oracle_true_mean_zero_residual,0.11383333462816884,0.14021535056158121,3.672468072467934e-15,0.11383333462817019,0.14021535056158121,0.9997673379555102,0.13820498415442017,0.10555635778078454,0.08075813221638128,0.21896311637080146,0.11612693804179575,0.30076666666663954,0.4660321953328008,0.30024886199941664
2024-07-11_02,4,template,0.6646883174877553,0.6793164976193424,0.6646883174877553,0.11383333462816884,0.14021535056158121,0.9997673379555102,0.5264833333333314,0.5591319597069742,0.74544644970414,0.21896311637080856,0.11612693804179575,0.30076666666663954,1.1307205128205524,0.9649371794871683
2024-07-11_03,4,full_map,0.10418102532018848,0.11584782307428268,0.09008714872228432,0.050984938761563244,0.07283559395061819,0.9998207910881661,0.10657361163664802,0.10497113794967561,0.07921926671081536,0.027354344925832663,0.023184541371178202,0.05679072048582867,0.328722857604582,0.17422745480298968
2024-07-11_03,4,mean_shift,0.09272994578928334,0.12174438432030997,0.09008714872228624,0.06107825611244338,0.08189017492117122,0.9998399716305385,0.023461440472978268,0.03899419383073166,0.1291301123993378,0.10566867192635954,0.0503419780431158,0.14476666666664073,0.41845417551576247,0.24812673961827708
2024-07-11_03,4,oracle_true_mean_pca_reconstruction,0.035543300156819994,0.052099845540057615,7.983626244495507e-16,0.03554330015681896,0.05209984554005761,0.9998978221459188,0.019177653651553328,0.012060737640112507,0.00981345263050315,0.028991106282056478,0.004047858900042112,0.031012368171538185,0.22305002020907239,0.09311874191843537
2024-07-11_03,4,oracle_true_mean_zero_residual,0.06107825611244155,0.08189017492117122,3.2732867602431583e-15,0.06107825611244338,0.08189017492117122,0.9998399716305385,0.0666257082493047,0.051092954891544196,0.03904296367706195,0.10566867192636664,0.0503419780431158,0.14476666666664073,0.3283670267934795,0.1868424920772013
2024-07-11_03,4,template,0.6126534860270813,0.6181021717238625,0.6126534860270813,0.06107825611244155,0.08189017492117122,0.9998399716305385,0.5460277777777733,0.5615605311355338,0.65169644970414,0.10566867192636664,0.0503419780431158,0.14476666666664073,0.9410205128205575,0.7706930769230721
2024-07-11_04,4,full_map,0.19470059550702526,0.20978423150984796,0.19470059550702526,0.05786284926149261,0.07810955062850655,0.9998620325372901,0.13486660708564813,0.14549914867102842,0.23154956487624645,0.09668295779059832,0.050569641892269424,0.1137501142705517,0.5210568199891767,0.33316488372100395
2024-07-11_04,4,mean_shift,0.19470059550702828,0.20362821787655472,0.19470059550702828,0.04254571327759118,0.05963328956874832,0.9998845993946881,0.16533244031640493,0.16968384446780505,0.21325410369573206,0.04792166337932713,0.02386889224258848,0.03986666666664007,0.47048329501723885,0.28734919245315066
2024-07-11_04,4,oracle_true_mean_pca_reconstruction,0.03651958533831126,0.050992051548229354,3.113614235353248e-15,0.03651958533831126,0.050992051548229354,0.9999029046096538,0.01518739937656477,0.012576860293599168,0.009400743896335939,0.02458814327290071,0.008770139825690304,0.009166364420472917,0.2617886537803926,0.08849778852554806
2024-07-11_04,4,oracle_true_mean_zero_residual,0.04254571327758998,0.05963328956874831,5.828047158481721e-15,0.04254571327758998,0.05963328956874831,0.9998845993946881,0.02936815519061753,0.025016751039210305,0.0185535081887096,0.04792166337932713,0.02386889224258848,0.03986666666664007,0.2757826995102164,0.09644654566408233
2024-07-11_04,4,template,0.2891737107461823,0.2952584701774141,0.2891737107461823,0.04254571327758998,0.05963328956874831,0.9998845993946881,0.25980555555555895,0.26415695970695907,0.3077272189349003,0.04792166337934134,0.02386889224258848,0.03986666666664007,0.5649564102563929,0.3818223076923047
2024-07-11_05,4,full_map,0.1526015248179054,0.16596798750041603,0.14931309298268527,0.05620108395594195,0.07246359871606046,0.9998534898818755,0.17137248174240938,0.17568066641115365,0.1312971976974069,0.04007528404500249,0.038768463461051894,0.14792113096079618,0.26366335736156543,0.25055675100569064
2024-07-11_05,4,mean_shift,0.15017652263752485,0.16281508888137955,0.14931309298268775,0.049937224968359326,0.06491805166049555,0.9998657490603713,0.1592544259318842,0.16606098881343456,0.13857437990952803,0.02068004602235618,0.02810986830568174,0.11853333333336025,0.30210741738487457,0.2445794686669302
2024-07-11_05,4,oracle_true_mean_pca_reconstruction,0.03538806504997319,0.04570100477368535,2.4749241357936075e-15,0.03538806504997231,0.04570100477368535,0.9999175300613479,0.024810270762309017,0.009368926467324457,0.009338891883565736,0.03414916264587475,0.001593957722231476,0.024464847804800627,0.14401630178510771,0.09162995465608073
2024-07-11_05,4,oracle_true_mean_zero_residual,0.049937224968359326,0.06491805166049555,1.5967252488991015e-16,0.049937224968358604,0.06491805166049555,0.9998657490603713,0.009941332949196635,0.01674789583075409,0.01073871307316665,0.020680046022363285,0.02810986830568174,0.11853333333336025,0.1683877268798568,0.14253823970036306
2024-07-11_05,4,template,0.2230197781619127,0.232276074710211,0.2230197781619127,0.049937224968359326,0.06491805166049555,0.9998657490603713,0.23296111111110918,0.23976767399265952,0.2122810650887672,0.02068004602234197,0.02810986830568174,0.11853333333336025,0.37581410256409953,0.31828615384615516
2024-07-11_06,4,full_map,0.057674704474745375,0.06915894531357891,0.009558926934109391,0.0566384874033499,0.06849515773217081,0.9998160059677651,0.016296470887148473,0.014040584535706557,0.005979613310593379,0.010316857576555094,0.004131196208336352,0.07842835273284976,0.18985634895616244,0.11662875702443923
2024-07-11_06,4,mean_shift,0.06380849364305363,0.07907561790111507,0.009558926934106598,0.0638974585570975,0.07849573403893718,0.9997731996028217,0.010119359822830631,0.0069290973075837314,0.021842951156784807,0.03196231097961544,0.01902804675511316,0.014366666666639105,0.22282209316861668,0.13636773419426612
2024-07-11_06,4,oracle_true_mean_pca_reconstruction,0.0504462936950308,0.06093828600488003,4.710339484252349e-15,0.0504462936950308,0.06093828600488003,0.9998640889262835,0.021704110411981503,0.015075571018762446,0.01187409581216059,0.03357820622414209,0.016508798586660767,0.12312251390505935,0.1668034437571464,0.11216473691457053
2024-07-11_06,4,oracle_true_mean_zero_residual,0.0638974585570982,0.07849573403893718,1.836234036233967e-15,0.0638974585570982,0.07849573403893718,0.9997731996028217,0.019678286756935393,0.016488024241688493,0.012284024222687151,0.031962310979622544,0.01902804675511316,0.014366666666639105,0.21326316623451191,0.1297321204263909
2024-07-11_06,4,template,0.07446054451167024,0.09619571027520199,0.055606064534716344,0.0638974585570982,0.07849573403893718,0.9997731996028217,0.03592777777777911,0.03911804029302601,0.06789008875740166,0.031962310979622544,0.01902804675511316,0.014366666666639105,0.2688692307692264,0.18241487179487587
2024-07-11_07,4,full_map,0.05914309356194065,0.08248760349023836,0.026553605576684416,0.05608455674428003,0.07809680377864804,0.9997584942502494,0.038735364603304845,0.03720086718231386,0.01871208334211616,0.020023281261188686,0.01009416730658641,0.03518756078189966,0.39116569552745517,0.14283422483045868
2024-07-11_07,4,mean_shift,0.10093536627289906,0.12041829605538139,0.02655360557668673,0.09360700733849457,0.11745412745305817,0.999628881694907,0.10336947036108768,0.08850936657599107,0.020102242327951103,0.12347171268903878,0.06657423330443768,0.1919333333333597,0.33202369203208804,0.23289753818592224
2024-07-11_07,4,oracle_true_mean_pca_reconstruction,0.04032113977914073,0.05386272438932141,4.231321909582619e-15,0.04032113977914001,0.05386272438932141,0.9998880568597892,0.013984431033811973,0.007848413065154602,0.00664645086784077,0.020630881901652742,0.011771918277946103,0.043937222996788705,0.2110701130591579,0.09751471503447533
2024-07-11_07,4,oracle_true_mean_zero_residual,0.09360700733849457,0.11745412745305817,5.588538371146855e-16,0.09360700733849457,0.11745412745305817,0.999628881694907,0.07681586478440039,0.06195576099931088,0.04665584790462418,0.12347171268902457,0.06657423330443768,0.1919333333333597,0.3585772976087753,0.2594511437626095
2024-07-11_07,4,template,0.4780880870066261,0.492304469808486,0.4780880870066261,0.09360700733849457,0.11745412745305817,0.999628881694907,0.40127222222222514,0.41613232600732175,0.5247439349112426,0.12347171268901747,0.06657423330443768,0.1919333333333597,0.8366653846154009,0.737539230769235
2024-07-11_08,4,full_map,0.04745415306044297,0.06847875200443924,0.017461785781034647,0.045666223191296484,0.06621499462676673,0.9998231414736197,0.021854320593554633,0.020498132652939205,0.015066583363243069,0.0067877372303115635,0.004841021230815645,0.046837849453247316,0.42200937325034005,0.08653425680018359
2024-07-11_08,4,mean_shift,0.09822747104813218,0.11643202714713269,0.01746178578103768,0.09321399363587259,0.11511517268773822,0.9997050348851345,0.10381760062786327,0.08556305239832795,0.034154325736352575,0.13797192636421585,0.0763557361606999,0.15193333333336057,0.3005238523635825,0.19841692928667243
2024-07-11_08,4,oracle_true_mean_pca_reconstruction,0.036108271587039796,0.04391362062543275,2.953941710463338e-15,0.036108271587038915,0.04391362062543275,0.9999232683207763,0.0083926367221423,0.005218947256352635,0.004262774109172085,0.012655410831314384,0.006516655579165587,0.09272971704675115,0.12299212754913214,0.07956010278797263
2024-07-11_08,4,oracle_true_mean_zero_residual,0.09321399363587395,0.11511517268773822,1.5967252488991015e-16,0.09321399363587395,0.11511517268773822,0.9997050348851345,0.08635581484682575,0.06810126661729043,0.051616111517390095,0.13797192636421585,0.0763557361606999,0.15193333333336057,0.31798563814462,0.21587871506770995
2024-07-11_08,4,template,0.552483592624604,0.5643488487649435,0.552483592624604,0.09321399363587395,0.11511517268773822,0.9997050348851345,0.46612777777777836,0.4843823260073208,0.6040997041420013,0.13797192636422295,0.0763557361606999,0.15193333333336057,0.8704692307692241,0.7683623076923141
2024-07-11_09,4,full_map,0.3635976654209137,0.3701158896978057,0.36299423399034153,0.05065501128818371,0.07225619625031061,0.999792993099634,0.34710152307957287,0.3523948443111351,0.37145225916754754,0.024350736087974667,0.011138159767293931,0.02822945263116594,0.5841652780657256,0.44936907783147145
2024-07-11_09,4,mean_shift,0.3629942339903385,0.3825561456060087,0.3629942339903385,0.09814815145718002,0.12076585043253377,0.9996875843842793,0.26580146533577675,0.2878564103907095,0.4202748874265012,0.15447342209072445,0.08207832849349384,0.16893333333335647,0.6940540294383339,0.5986168499511534
2024-07-11_09,4,oracle_true_mean_pca_reconstruction,0.039101980936211596,0.05017320235181811,6.386900995596406e-15,0.039101980936211596,0.05017320235181811,0.9998975388940441,5.1058658883107455e-05,0.00016411185998777,9.720500019483325e-05,0.0001482636590779407,0.001998946559964132,0.08168891452404381,0.18675007732747417,0.08274433004851715
2024-07-11_09,4,oracle_true_mean_zero_residual,0.09814815145718002,0.12076585043253377,3.353123022688113e-15,0.09814815145717899,0.12076585043253378,0.9996875843842793,0.09719276865455839,0.07513782359962562,0.05728065343616606,0.15447342209072445,0.08207832849349384,0.16893333333335647,0.3310597954479988,0.23562261596081827
2024-07-11_09,4,template,0.743309435321233,0.7530559788410577,0.743309435321233,0.09814815145718002,0.12076585043253377,0.9996875843842793,0.6461166666666713,0.6681716117216041,0.8005900887573887,0.15447342209071735,0.08207832849349384,0.16893333333335647,1.0743692307692285,0.978932051282048
2024-07-11_10,4,full_map,0.08245988885137966,0.10827015576411486,0.01965492119579557,0.08432428736429626,0.10647117310320556,0.9997258863097852,0.0758282945785993,0.044038925505063276,0.07047754907258508,0.14630584365118438,0.06734057262196247,0.11155463325134463,0.38094346083500596,0.24148486717825776
2024-07-11_10,4,mean_shift,0.10626273365110322,0.13659588862088057,0.019654921195793096,0.10964849038097285,0.13517440904592545,0.9996417517823107,0.10909614958112002,0.07044795055792719,0.0904556913130321,0.19955184089415212,0.09649009371382045,0.19223333333336257,0.40931624358125873,0.3145295769146088
2024-07-11_10,4,oracle_true_mean_pca_reconstruction,0.03486627752788292,0.052523794941019254,9.021497656279924e-15,0.03486627752788292,0.052523794941019254,0.9998866877032884,0.017527114648515862,0.003907882174480903,0.005137783321586653,0.022664897970102516,0.0011838225151676873,0.09505357934942538,0.2745566405222206,0.07527659079067056
2024-07-11_10,4,oracle_true_mean_zero_residual,0.10964849038097436,0.13517440904592545,5.828047158481721e-15,0.10964849038097436,0.13517440904592545,0.9996417517823107,0.12875107077690728,0.09010287175371445,0.07080077011724484,0.19955184089415212,0.09649009371382045,0.19223333333336257,0.38966132238547146,0.29487465571882154
2024-07-11_10,4,template,0.2677566263324694,0.29994288090544974,0.2677566263324694,0.10964849038097436,0.13517440904592545,0.9996417517823107,0.13900555555555627,0.1776537545787491,0.3385573964496942,0.1995518408941379,0.09649009371382045,0.19223333333336257,0.657417948717935,0.5626312820512851
2024-07-19_01,5,full_map,0.23511039179027096,0.25727196125687757,0.22512346352543777,0.0716519207236665,0.12453227782093763,0.9994713992101205,0.25928295645758226,0.22277626229498537,0.22047512118049184,0.03880783527709042,0.02742581251537901,0.20755287185885862,0.8302230674566644,0.4000326247048065
2024-07-19_01,5,mean_shift,0.2254565952402456,0.31143175881641827,0.22512346352543927,0.1569196604935273,0.21519564719063888,0.9991980369835955,0.11371894353439416,0.1055335141489806,0.3087996031881417,0.19508065965374755,0.157169819919472,0.5749320512820262,0.9731692284347417,0.7216510233064567
2024-07-19_01,5,oracle_true_mean_pca_reconstruction,0.05769446592205896,0.08080777513169017,4.071649384692709e-15,0.05769446592205896,0.08080777513169017,0.9997712205868834,0.06047590069058373,0.019975821305095565,0.02122319428381303,0.08169909497439676,0.008996266056880309,0.12114993283120157,0.3441555662629554,0.1641387881758361
2024-07-19_01,5,oracle_true_mean_zero_residual,0.1569196604935273,0.21519564719063888,2.7144329231284725e-15,0.1569196604935273,0.21519564719063888,0.9991980369835955,0.11140451999104783,0.11958994937646139,0.08367613966269971,0.19508065965374755,0.157169819919472,0.5749320512820262,0.7480457649092997,0.4965275597810147
2024-07-19_01,5,template,0.5935721838087007,0.6313771487480585,0.5935721838087007,0.1569196604935273,0.21519564719063888,0.9991980369835955,0.4821676638176555,0.4739822344322562,0.677248323471396,0.19508065965374044,0.157169819919472,0.5749320512820262,1.341617948718003,1.090099743589718
2024-07-19_02,5,full_map,0.11029475300896882,0.11588505916909259,0.107851291067454,0.02926284821764329,0.042396296462160483,0.9999321023823284,0.09901638320151562,0.10404495751635068,0.11142997395638332,0.012413590754867698,0.00010690386058342938,0.018435061576269618,0.21398366681386705,0.17090975468592545
2024-07-19_02,5,mean_shift,0.12065479869921651,0.13078017843209247,0.107851291067452,0.05636418867081564,0.07396995393951311,0.9998704596073861,0.15055194089620016,0.1455536401228983,0.0801595291057069,0.07039241179049327,0.045664097289791705,0.11163205128202947,0.19449054488477913,0.1840823397565927
2024-07-19_02,5,oracle_true_mean_pca_reconstruction,0.026307837427388688,0.03486571382770546,8.781988868945058e-16,0.026307837427388688,0.03486571382770546,0.9999555570215599,0.01177444140950712,0.006911190119389232,0.005759294154394468,0.017533735563901587,0.006089954847239287,0.027401712876056195,0.10990448983248058,0.07346497858590194
2024-07-19_02,5,oracle_true_mean_zero_residual,0.05636418867081564,0.07396995393951311,2.7144329231284725e-15,0.05636418867081564,0.07396995393951311,0.9998704596073861,0.042700649828738335,0.03770234905543646,0.027691761961754935,0.07039241179049327,0.045664097289791705,0.11163205128202947,0.26719407951604524,0.1580776692595705
2024-07-19_02,5,template,0.056995635263612454,0.07401834746778607,0.0026761307980409156,0.05636418867081564,0.07396995393951311,0.9998704596073861,0.04537678062678907,0.04037847985347298,0.0250156311637042,0.07039241179049327,0.045664097289791705,0.11163205128202947,0.2645179487180016,0.15540153846152688
2024-07-19_03,5,full_map,0.07260157563219034,0.10495723796646698,0.07136574289536644,0.05881775057069676,0.07696072077717328,0.9999053521905891,0.005313148655687883,0.019680183504696913,0.11246777533573749,0.11778092399142537,0.05896977835113715,0.21418137023567851,0.2835482236888254,0.2545680865690058
2024-07-19_03,5,mean_shift,0.07351353248687595,0.08452354842647339,0.07136574289536404,0.031876239078853355,0.04528974475082839,0.9999497205561371,0.030193733548081525,0.048278766108104776,0.09092311662937647,0.06072938308129494,0.027627385998025833,0.12456794871797428,0.19244644010077394,0.1765759272802782
2024-07-19_03,5,oracle_true_mean_pca_reconstruction,0.009963158418658,0.01463377913604738,6.626409782931271e-15,0.00996315841865824,0.014633779136047376,0.999991712127962,0.008532947275746494,0.002130607714661892,0.0003296059513786531,0.008862553227125147,0.0018977726087499036,0.030363605375157476,0.06672477781533814,0.03329594371674744
2024-07-19_03,5,oracle_true_mean_zero_residual,0.031876239078853355,0.04528974475082839,4.470830696917484e-15,0.03187623907885551,0.04528974475082839,0.9999497205561371,0.04117200934727805,0.02308697678726901,0.019557373734016892,0.06072938308129494,0.027627385998025833,0.12456794871797428,0.16694237971763926,0.10678300489773562
2024-07-19_03,5,template,0.13478454335926224,0.14219013365265548,0.13478454335926224,0.031876239078853355,0.04528974475082839,0.9999497205561371,0.17595655270654476,0.15787152014653572,0.11522716962524271,0.060729383081302046,0.027627385998025833,0.12456794871797428,0.30172692307690596,0.1769284615384734
2024-07-19_04,5,full_map,0.15571043300705595,0.18306556124611056,0.15281700845430843,0.0790423675247697,0.10079663506997286,0.9998852616322137,0.061124788691593324,0.08478759796060586,0.20531803675599747,0.14419324806440414,0.08549264325147377,0.22616614040646965,0.39305299915294256,0.3530282160531641
2024-07-19_04,5,mean_shift,0.152817008454306,0.19759104171472366,0.152817008454306,0.10094775491310115,0.12525646367747348,0.9998593527400825,0.032833763151955964,0.062000938569127584,0.22248430007941522,0.18965053692745926,0.11031827337956912,0.2975679487179761,0.455586469704663,0.4098710850892914
2024-07-19_04,5,oracle_true_mean_pca_reconstruction,0.02492164450861814,0.03263312869475126,2.1555790860137872e-15,0.0249216445086179,0.03263312869475126,0.9999628047529246,0.01286356244212783,0.006077914465990375,0.005499108981290135,0.018362671423417964,0.01263264489072169,0.0038537684431716457,0.13241012416786901,0.06539484901064298
2024-07-19_04,5,oracle_true_mean_zero_residual,0.10094775491310115,0.12525646367747348,3.193450497798203e-16,0.100947754913099,0.1252564636774735,0.9998593527400825,0.11998324530235038,0.09081606988517876,0.06966729162510887,0.18965053692745926,0.11031827337956912,0.2975679487179761,0.30276946125035664,0.25705407663498503
2024-07-19_04,5,template,0.3683266925957934,0.38904207249543377,0.3683266925957934,0.10094775491310115,0.12525646367747348,0.9998593527400825,0.24834344729345048,0.2775106227106079,0.43799398422091684,0.18965053692746636,0.11031827337956912,0.2975679487179761,0.6710961538461504,0.6253807692307788
2024-07-19_05,5,full_map,0.17301325418519226,0.2081134622879834,0.17265451277853355,0.09133753917407868,0.11619652491662162,0.9997691135508885,0.06346477192905553,0.09715523244080515,0.23220619579971213,0.1687414238706566,0.08783192945162721,0.12768237332100796,0.4785858152585618,0.4388616826367652
2024-07-19_05,5,mean_shift,0.17265451277853164,0.21290070171590147,0.17265451277853164,0.09868574513060137,0.12456776472398909,0.9997498117227563,0.054080006552347015,0.08959638831872496,0.2379006289498875,0.1838206223975405,0.09608177864441991,0.15136794871797576,0.49472972165206386,0.46028151652383825
2024-07-19_05,5,oracle_true_mean_pca_reconstruction,0.018903585254129017,0.038799267094201034,5.5087021087019e-15,0.018903585254129017,0.038799267094201034,0.9999387772060755,0.014358270564883924,0.0010951359599360444,0.003074773883895432,0.017433044448779356,0.002697789902912362,0.1350521474631705,0.1962748883042451,0.10538695345445163
2024-07-19_05,5,oracle_true_mean_zero_residual,0.09868574513060137,0.12456776472398909,3.033777972908293e-15,0.09868574513060137,0.12456776472398909,0.9997498117227563,0.1185745062261816,0.08305812445980365,0.06524611617135889,0.1838206223975405,0.09608177864441991,0.15136794871797576,0.32207520887353525,0.28762700374530964
2024-07-19_05,5,template,0.22134017574186107,0.25398543542055524,0.22134017574186107,0.09868574513060137,0.12456776472398909,0.9997498117227563,0.10276566951568356,0.1382820512820473,0.28658629191321694,0.18382062239753338,0.09608177864441991,0.15136794871797576,0.5434153846153933,0.5089671794871677
2024-07-19_06,5,full_map,0.22845425680370657,0.2572143372694306,0.22836204840295982,0.09189198864698822,0.11836380420617042,0.9997051001685627,0.11966084900337393,0.1566969837325587,0.28576459850619074,0.1661037495028168,0.08169921889263554,0.12395910639474295,0.5812516918880064,0.49010572174389466
2024-07-19_06,5,mean_shift,0.22836204840295732,0.2697291269753843,0.22836204840295732,0.1146408725264567,0.14354294405545806,0.9996310274153809,0.09128779186466573,0.1338442529961199,0.30298063648443474,0.211692844619769,0.1065966396424396,0.19556794871797223,0.6300597291865984,0.5584381907250644
2024-07-19_06,5,oracle_true_mean_pca_reconstruction,0.025571939143691016,0.048027876299968096,4.071649384692709e-15,0.025571939143691016,0.048027876299968096,0.999905215351373,0.015995248255798344,0.001102466380636713,0.0021747726085266095,0.018170020864324954,0.002101819880816258,0.13419613316072088,0.2552373987635619,0.12551593414882659
2024-07-19_06,5,oracle_true_mean_zero_residual,0.11464087252645823,0.14354294405545806,6.706246045376226e-15,0.11464087252645823,0.14354294405545806,0.9996310274153809,0.1370742565383054,0.09451779540684413,0.0746185880814565,0.2116928446197619,0.1065966396424396,0.19556794871797223,0.4016976807836343,0.3300761423221004
2024-07-19_06,5,template,0.3505177038317488,0.37877069248767115,0.3505177038317488,0.11464087252645823,0.14354294405545806,0.9996310274153809,0.2134434472934572,0.25599990842489717,0.4251362919132191,0.2116928446197619,0.1065966396424396,0.19556794871797223,0.7522153846153898,0.6805938461538559
2024-07-19_07,5,full_map,0.08553350967569484,0.10872365421143251,0.04900848772683331,0.06519554977905856,0.09705153845156693,0.9997315171574624,0.10319615513621017,0.08682405427254736,0.019267624842903786,0.08392853029330638,0.053383858571603326,0.09552006025379711,0.5146414270176507,0.15302746767291778
2024-07-19_07,5,mean_shift,0.1416472385159031,0.16261029472831173,0.04900848772683594,0.12487725067089028,0.15504926985431752,0.999627662496132,0.18115215749858748,0.14961275985918832,0.02803406318955126,0.20918622068813875,0.12146621579261474,0.2922679487179778,0.3346022584558028,0.28830918153273327
2024-07-19_07,5,oracle_true_mean_pca_reconstruction,0.03410382756343458,0.05374579575694694,2.5547603982385624e-15,0.03410382756343458,0.05374579575694694,0.9998809951103522,0.001586723365051057,0.0026084392641649856,0.0011299190213662769,0.0004568043436847802,0.004180997724986479,0.06264517870513941,0.2747116953741653,0.09679015940560304
2024-07-19_07,5,oracle_true_mean_zero_residual,0.12487725067089028,0.15504926985431752,5.748210896036765e-15,0.12487725067089028,0.15504926985431752,0.999627662496132,0.1321436697717573,0.10060427213237233,0.07704255091636014,0.20918622068811743,0.12146621579261474,0.2922679487179778,0.383610746182633,0.33731766925956347
2024-07-19_07,5,template,0.4522648948429846,0.47810439361053036,0.4522648948429846,0.12487725067089028,0.15504926985431752,0.999627662496132,0.3201212250712331,0.35166062271061804,0.5293074457593647,0.20918622068813164,0.12146621579261474,0.2922679487179778,0.8358756410256234,0.7895825641025538
2024-07-19_08,5,full_map,0.14190321987080684,0.18965806544488467,0.13945026559685483,0.10266283505417034,0.12854495405601418,0.9996370325902962,0.022000855803320007,0.06283646950492994,0.20103163057216022,0.17903077476884022,0.08681456464953285,0.09313904566764108,0.4788325928262154,0.4203059751753883
2024-07-19_08,5,mean_shift,0.1475261599239305,0.21244252492945667,0.13945026559685236,0.1298056312496163,0.16026680823979167,0.9995214089924334,0.012640470342198284,0.034935038408292485,0.2220510922262946,0.23469156256849288,0.11719438582920683,0.18056794871797166,0.5715776208258845,0.47348121056948556
2024-07-19_08,5,oracle_true_mean_pca_reconstruction,0.02997280086643915,0.043738097587778295,1.3572164615642363e-15,0.029972800866440028,0.0437380975877783,0.9999220219345126,0.014006152348073897,0.004389762427749133,6.0423522221242365e-05,0.01406657587029514,0.005694985800778429,0.19477833175604076,0.18072524548388458,0.06858104586491001
2024-07-19_08,5,oracle_true_mean_zero_residual,0.129805631249618,0.16026680823979167,4.231321909582619e-15,0.129805631249618,0.16026680823979167,0.9995214089924334,0.15209073593905487,0.10451522718855699,0.08260082662943091,0.23469156256848578,0.11719438582920683,0.18056794871797166,0.4321273552290279,0.334030944972629
2024-07-19_08,5,template,0.5097008498991642,0.5343036647930653,0.5097008498991642,0.129805631249618,0.16026680823979167,0.9995214089924334,0.35761011396011355,0.4051856227106043,0.5923016765286064,0.23469156256849288,0.11719438582920683,0.18056794871797166,0.9418282051281963,0.8437317948717974
2024-07-19_09,5,full_map,0.1824655263405752,0.2230542460521857,0.17747407202014634,0.10529992625100017,0.1351153227524432,0.9995529275128804,0.05249051034059704,0.10001281766743375,0.24081574850077203,0.188325238160175,0.08585558721742093,0.10943596627711116,0.5399447026046502,0.46982962680034457
2024-07-19_09,5,mean_shift,0.18590807272782084,0.2647183657839425,0.17747407202014379,0.16037093866029845,0.19641478290574257,0.9993048171049089,0.01650455405623319,0.0444415896149053,0.2826801709054294,0.2991847249616626,0.14616434685437785,0.2835679487179732,0.7197913148896262,0.5633869559152628
2024-07-19_09,5,oracle_true_mean_pca_reconstruction,0.033676609167149936,0.05100547148357473,3.193450497798203e-16,0.033676609167149936,0.05100547148357473,0.9998918428995013,0.023168207597429102,0.0019748164689232794,0.002946519370148337,0.02611472696757744,0.006063018577187496,0.15203663740562945,0.24848774636297577,0.05756175353039905
2024-07-19_09,5,oracle_true_mean_zero_residual,0.16037093866029845,0.19641478290574257,2.6345966606835177e-15,0.16037093866029845,0.19641478290574257,0.9993048171049089,0.1939786260763725,0.13303248240524113,0.10520609888527588,0.2991847249616484,0.14616434685437785,0.2835679487179732,0.5423172428694798,0.3859128838951164
2024-07-19_09,5,template,0.4462109622587152,0.48752742464784327,0.4462109622587152,0.16037093866029845,0.19641478290574257,0.9993048171049089,0.2522323361823453,0.3131784798534625,0.5514170611439937,0.2991847249616484,0.14616434685437785,0.2835679487179732,0.9885282051281976,0.8321238461538342
2024-07-19_10,5,full_map,0.08737529864617435,0.12894959228460293,0.051829804792761315,0.08497372413124282,0.11807484357605386,0.9995776502230005,0.05414451234625517,0.004820514399952458,0.10067553155521125,0.15482004390146642,0.06100115319621047,0.012219261181783736,0.46724566882878804,0.2865733958096783
2024-07-19_10,5,mean_shift,0.15110017945746917,0.20210692773774688,0.051829804792759074,0.15900027839012976,0.19534810358622715,0.9993023654893818,0.149906499186244,0.08195083170557638,0.15878143090360197,0.30868793008984596,0.1444888338625927,0.22946794871796783,0.5632534723237512,0.4870480877083465
2024-07-19_10,5,oracle_true_mean_pca_reconstruction,0.03594994934038262,0.05792401884955698,1.5168889864541464e-15,0.035949949340383175,0.05792401884955699,0.9998599179861398,0.03356871460258759,0.0008208792643884522,0.00625198174665087,0.03982069634923846,0.00543084338888189,0.2019873657017186,0.2693230837273788,0.1312512947174339
2024-07-19_10,5,oracle_true_mean_zero_residual,0.15900027839012976,0.19534810358622715,1.037871411784416e-15,0.15900027839012976,0.19534810358622715,0.9993023654893818,0.2017363039790041,0.1337806364983365,0.10695162611084186,0.30868793008984596,0.1444888338625927,0.22946794871796783,0.5114236675309911,0.4352182829155864
2024-07-19_10,5,template,0.65310197349467,0.6816913299708072,0.65310197349467,0.15900027839012976,0.19534810358622715,0.9993023654893818,0.45136566951567403,0.5193213369963274,0.7600535996055271,0.30868793008985307,0.1444888338625927,0.22946794871796783,1.1645256410256621,1.0883202564102574
2024-08-01_01,6,full_map,0.08771731618721694,0.14536265478315194,0.0754641172078057,0.07609041639484806,0.12423956060632367,0.9995948706303711,0.013238307859971599,0.022779025990260493,0.11460286409668186,0.10136455623671026,0.06726364956703357,0.0737420985187569,0.751785458656343,0.27183950422798797
2024-08-01_01,6,mean_shift,0.11638948916118073,0.14950949758016688,0.07546411720780802,0.07377325253545357,0.1290668698029054,0.9994539983450368,0.13737345009298707,0.12238502925455919,0.03948393387558724,0.09788951621739983,0.04914671850429908,0.2669064102564036,0.6597938204633493,0.24044918462528472
2024-08-01_01,6,oracle_true_mean_pca_reconstruction,0.04469359583416584,0.08955682029281146,2.7144329231284725e-15,0.04469359583416584,0.08955682029281146,0.9997173432377113,0.00148899620173637,0.008776421985416505,0.004983476565527667,0.006472472767264037,0.02236335978856152,0.04567996994162371,0.555269455579932,0.1423739062061585
2024-08-01_01,6,oracle_true_mean_zero_residual,0.07377325253545357,0.1290668698029054,7.983626244495507e-17,0.07377325253545357,0.1290668698029054,0.9994539983450368,0.061909332885171864,0.04692091204675819,0.035980183332213755,0.09788951621738562,0.04914671850429908,0.2669064102564036,0.5843297032555412,0.30992798905213953
2024-08-01_01,6,template,0.10331892826274837,0.1537285595674009,0.0835117545375966,0.07377325253545357,0.1290668698029054,0.9994539983450368,0.021602421652424653,0.03659084249084543,0.11949193786981027,0.09788951621738562,0.04914671850429908,0.2669064102564036,0.601106410256449,0.3209764102564022
2024-08-01_02,6,full_map,0.06210140601687705,0.08427727790690315,0.030605561782246358,0.06247557764878149,0.07852362166501546,0.9997838106153807,0.043337626195842915,0.006318064217083474,0.05648130454433442,0.09981893074017734,0.01834879321991334,0.07568378325338188,0.2544316863309035,0.16810208276719146
2024-08-01_02,6,mean_shift,0.10055909473085614,0.1311004398975876,0.030605561782243565,0.10437566773166994,0.12747793899076912,0.9997188844749431,0.12412337160230891,0.05850439520833106,0.10536785401680504,0.22949122561911395,0.0939529498441316,0.1460064102564047,0.41333745460849514,0.2474448905059731
2024-08-01_02,6,oracle_true_mean_pca_reconstruction,0.04494129847259898,0.06529299151379421,9.580351493394609e-16,0.04494129847259898,0.06529299151379421,0.9998426696062882,0.06349424275902749,0.011832775504245774,0.017360882672129208,0.0808551254311567,0.00038683713851073165,0.16971181235987132,0.2203105624072137,0.1474173342239567
2024-08-01_02,6,oracle_true_mean_zero_residual,0.10437566773166994,0.12747793899076912,1.5967252488991015e-15,0.10437566773166874,0.12747793899076912,0.9997188844749431,0.15472893338454696,0.08910995699056201,0.07476229223455277,0.22949122561909974,0.09395294984413116,0.1460064102564047,0.38273189282625,0.21996618553732641
2024-08-01_02,6,template,0.5230757994814168,0.5383854724381572,0.5230757994814168,0.10437566773166994,0.12747793899076912,0.9997188844749431,0.3683468660968714,0.43396584249085635,0.5978380917159711,0.22949122561909974,0.0939529498441316,0.1460064102564047,0.9058076923076683,0.7399151282051463
2024-08-01_03,6,full_map,0.4179769862658289,0.42498985421511715,0.4179769862658289,0.061260973932679465,0.07688702841130975,0.9998947920806985,0.34414568874986173,0.36077355643531206,0.46155732689848605,0.11741163814862432,0.05617377457084993,0.1668476674908561,0.7080589869366278,0.5650732290082814
2024-08-01_03,6,mean_shift,0.417976986265827,0.4257187349218998,0.417976986265827,0.06461051796749073,0.08081881102589586,0.9998896751506164,0.339642060371915,0.3571598462897043,0.46428264496537963,0.12464058459346461,0.06037292208494094,0.1792064102564055,0.7143682711981612,0.5731785276083726
2024-08-01_03,6,oracle_true_mean_pca_reconstruction,0.02588568232114173,0.03906984749803882,1.995906561123877e-15,0.02588568232114173,0.03906984749803882,0.9999426274243765,0.02012328266451391,0.011802810853929202,0.009838235536371087,0.029961518200884996,0.0002632821883357117,0.0036410724886124513,0.17536808567749063,0.10088610145352703
2024-08-01_03,6,oracle_true_mean_zero_residual,0.06461051796749226,0.08081881102589586,5.588538371146855e-16,0.06461051796749226,0.08081881102589586,0.9998896751506164,0.07833492589391255,0.06081713997613036,0.04630565869955916,0.12464058459347171,0.06037292208494138,0.1792064102564055,0.2963912849323336,0.15520154134254507
2024-08-01_03,6,template,0.39821512532411363,0.4063335652546304,0.39821512532411363,0.06461051796749226,0.08081881102589586,0.9998896751506164,0.31988019943020163,0.3373979853479909,0.44452078402365913,0.1246405845934575,0.06037292208494138,0.1792064102564055,0.6946064102564478,0.5534166666666592
2024-08-01_04,6,full_map,0.2987649658416337,0.30856231349049823,0.2987649658416337,0.06102466309295782,0.07713751676231197,0.9999446140199842,0.22354063127080082,0.23837066453080524,0.34430457060780384,0.12076393933700302,0.0672347638784192,0.17124502917912565,0.5955523973406471,0.4387753929272676
2024-08-01_04,6,mean_shift,0.298764965841632,0.30276278069827706,0.298764965841632,0.03620621748743111,0.049038725124145366,0.999967054082626,0.25350906616494484,0.26241732827320874,0.32616952255329323,0.0726604563883484,0.03934076284702881,0.08900641025640255,0.5535686103245325,0.3826675846834646
2024-08-01_04,6,oracle_true_mean_pca_reconstruction,0.014350281737271483,0.02070858529580302,1.5967252488991015e-16,0.014350281737270924,0.02070858529580302,0.9999842776636866,0.012210834080789823,0.008157688900141125,0.0065060153063569715,0.018716849387146794,0.003973649187581696,0.013876110891693827,0.08852116580588643,0.041030281226184684
2024-08-01_04,6,oracle_true_mean_zero_residual,0.03620621748743111,0.049038725124145366,2.4749241357936075e-15,0.036206217487429276,0.049038725124145366,0.999967054082626,0.04525589967669674,0.03634763756842574,0.027404556711658756,0.0726604563883555,0.039340762847028365,0.08900641025640255,0.25480364448289805,0.08390261884183015
2024-08-01_04,6,template,0.22440276577355187,0.22969849335296272,0.22440276577355187,0.03620621748743111,0.049038725124145366,0.999967054082626,0.1791468660968647,0.1880551282051357,0.2518073224851989,0.07266045638833418,0.03934076284702881,0.08900641025640255,0.4792064102564524,0.3083053846153845
2024-08-01_05,6,full_map,0.06816399683094249,0.0750818873532545,0.06775304567598132,0.019643538613091125,0.03235451452510435,0.9999660663599091,0.05290946267374608,0.053202360006636695,0.07815711194064079,0.02524764926689471,0.013320062077011308,0.013394282973571592,0.28099275900439835,0.11105755113600962
2024-08-01_05,6,mean_shift,0.06975955375982132,0.07531147395955398,0.06775304567597965,0.018885412357286045,0.0328837788520297,0.9999580211340164,0.06850588507545297,0.0657169249614995,0.06871911924157814,0.00021323416612517576,0.001207307753010145,0.056193589743600114,0.2591432070128121,0.09846320701276597
2024-08-01_05,6,oracle_true_mean_pca_reconstruction,0.014121713025399765,0.02109145841007163,3.672468072467934e-15,0.014121713025399765,0.02109145841007163,0.9999831914654996,0.009109341904760981,0.008360958652389172,0.00607867152712771,0.015188013431888692,0.0036109966294204376,0.03997456483389783,0.10114673833801646,0.04510784329880122
2024-08-01_05,6,oracle_true_mean_zero_residual,0.018885412357286045,0.0328837788520297,1.3572164615642363e-15,0.018885412357286045,0.0328837788520297,0.9999580211340164,0.0007528393994675753,0.002036120714478784,0.0009660735655998565,0.0002132341661322812,0.001207307753010145,0.056193589743600114,0.19139016133683384,0.05531009507347728
2024-08-01_05,6,template,0.028938720829733432,0.039297479297789484,0.02151624891961881,0.018885412357286045,0.0328837788520297,0.9999580211340164,0.022269088319092134,0.01948012820513867,0.0224823224852031,0.0002132341661109649,0.001207307753010145,0.056193589743600114,0.2129064102564513,0.05944641025642027
2024-08-01_06,6,full_map,0.14191716116154668,0.14769686990706452,0.13995755283137437,0.027098226781557398,0.047183140906444494,0.9999109725724142,0.1339347322050628,0.13846562491688275,0.14180330989373857,0.00786857768867577,0.00035672134083553075,0.01464649230177173,0.34629225033570776,0.18929244226297892
2024-08-01_06,6,mean_shift,0.14896966952769938,0.15922135826119738,0.13995755283137254,0.057456093668570685,0.07591656164496736,0.9998751120740911,0.189120754278278,0.18274687352940333,0.10840813374355207,0.08071262053472594,0.05094316042175784,0.136793589743597,0.2689802984378673,0.2192269651044924
2024-08-01_06,6,oracle_true_mean_pca_reconstruction,0.02005902757477437,0.034350262903793734,5.18935705892208e-15,0.02005902757477437,0.034350262903793734,0.9999545051935205,0.006516916875128231,0.0010974726610299967,0.0005369811032238658,0.007053897978352097,0.006339803072278549,0.01881831160556402,0.17130647998389037,0.07953819068005996
2024-08-01_06,6,oracle_true_mean_zero_residual,0.057456093668570685,0.07591656164496736,3.5127955475780233e-15,0.057456093668570685,0.07591656164496736,0.9998751120740911,0.049163201446916105,0.04278932069803432,0.03154941908781694,0.08071262053473305,0.05094316042175784,0.136793589743597,0.2603054595217529,0.17479956208585873
2024-08-01_06,6,template,0.44031633535004394,0.446812935699143,0.44031633535004394,0.057456093668570685,0.07591656164496736,0.9998751120740911,0.39115313390313133,0.3975270146520131,0.4718657544378786,0.08071262053474726,0.05094316042175784,0.136793589743597,0.7006217948718003,0.6151158974359062
2024-08-01_07,6,full_map,0.2226124578828821,1.682395819056581,0.14214072136753514,0.3532930998508069,1.6763805377384282,0.8996820384501434,0.04681105192209856,0.04478596690442771,0.275496745044876,0.32230779696697454,0.3044177251545168,10.896973137841524,15.863683664728566,0.09229018533574873
2024-08-01_07,6,mean_shift,0.2637130742263576,1.6874359979228373,0.1421407213675365,0.35990460509065775,1.6814387477440143,0.8995032459941562,0.1067805325138238,0.09290546128877253,0.31178657520039366,0.41856710771421746,0.24868496960732633,10.732406410256406,15.892389410506123,0.15108864127534496
2024-08-01_07,6,oracle_true_mean_pca_reconstruction,0.4433689002941587,1.6420933783430942,5.987719683371631e-16,0.4433689002941587,1.6420933783430942,0.9038362134386219,0.09349124642780993,0.14152878063234198,0.09238898222220371,0.18588022865001363,0.3149441974430136,10.57118191296237,15.146699812133466,0.6552028304062858
2024-08-01_07,6,oracle_true_mean_zero_residual,0.3599046050906518,1.681438747744014,4.1914037783601415e-15,0.3599046050906518,1.681438747744014,0.8995032459941562,0.2489212538813632,0.23504618265630484,0.16964585383285424,0.41856710771421746,0.24868496960732678,10.732406410256406,15.75024868913859,0.2724192595793696
2024-08-01_07,6,template,0.7287410544511673,1.832566448142483,0.7287410544511673,0.3599046050906518,1.681438747744014,0.8995032459941562,0.4798198005697998,0.49369487179485816,0.8983869082840314,0.41856710771423167,0.24868496960732678,10.732406410256406,16.478989743589754,0.7376889743589756
2024-08-01_08,6,full_map,0.06350648900750687,0.07485749100838282,0.03245378357204758,0.05487462089380621,0.06745662229854686,0.9998267089836317,0.06710303656934258,0.05027746225573537,0.016859432031289145,0.05024360453805343,0.015418827770897092,0.07012258463308285,0.2034089700049364,0.11957877845698729
2024-08-01_08,6,mean_shift,0.09680612263166419,0.11455157093155462,0.03245378357204591,0.08718037932273778,0.10985815552222689,0.9997007986530859,0.12279051810259745,0.09496108179816787,0.016839196449240035,0.13962971455183748,0.06718352084158585,0.08269358974359875,0.2815542112421241,0.19599549329341504
2024-08-01_08,6,oracle_true_mean_pca_reconstruction,0.011902552506311352,0.026298144332903495,4.231321909582619e-15,0.011902552506312232,0.026298144332903495,0.9999720967408067,0.004445206537745605,0.001065749585258402,0.0001954975087130606,0.004640704046458666,0.0005547572294388736,0.07726078123696567,0.13718528525232898,0.06586489626391755
2024-08-01_08,6,oracle_true_mean_zero_residual,0.08718037932273676,0.10985815552222689,6.067555945816586e-15,0.08718037932273778,0.10985815552222689,0.9997007986530859,0.09033673453054547,0.06250729822610879,0.049292980021284905,0.13962971455183038,0.06718352084158585,0.08269358974359875,0.3140079948141761,0.228449276865467
2024-08-01_08,6,template,0.37823431287813386,0.3938654716691219,0.37823431287813386,0.08718037932273676,0.10985815552222689,0.9997007986530859,0.28789757834757523,0.3157270146520119,0.4275272928994198,0.13962971455184459,0.06718352084158541,0.08269358974359875,0.6922423076923039,0.6066835897435948
2024-08-01_09,6,full_map,0.09672364839122936,0.12175255809510234,0.07086490950590242,0.08286240829100924,0.09900429285349971,0.9996530605659888,0.043726529719386065,0.03696915199116546,0.09381349851536669,0.050086968795980624,0.03497077528857906,0.016718870071592562,0.33449990213860303,0.24844859292075652
2024-08-01_09,6,mean_shift,0.11962728260552356,0.16087134390600213,0.0708649095059037,0.11558259705619178,0.14442213781426758,0.9994792363659909,0.013585682702547786,0.009018151160020693,0.12849531390056512,0.1420809966031129,0.08824129132360703,0.17399358974359558,0.43755391843706093,0.37067263638577685
2024-08-01_09,6,oracle_true_mean_pca_reconstruction,0.045475006807386205,0.06037254939914595,5.5087021087019e-15,0.04547500680738261,0.06037254939914595,0.9998512390798044,0.02638501755855316,0.003652826480880833,0.006533544220992837,0.032918561779545996,0.002268188127349635,0.05442634646905731,0.15707138473440097,0.13411015641461854
2024-08-01_09,6,oracle_true_mean_zero_residual,0.11558259705619027,0.14442213781426758,3.5926318100229786e-15,0.11558259705619027,0.14442213781426758,0.9994792363659909,0.08445059220846218,0.07988306066592799,0.057630404394650725,0.1420809966031129,0.08824129132360659,0.17399358974359558,0.36668900893115364,0.29980772687986956
2024-08-01_09,6,template,0.4708815038893696,0.4925313640733529,0.4708815038893696,0.11558259705619027,0.14442213781426758,0.9994792363659909,0.38643091168091104,0.39099844322344524,0.528511908284031,0.14208099660312,0.08824129132360659,0.17399358974359558,0.8375705128205269,0.7706892307692428
2024-08-01_10,6,full_map,0.05759941581699343,0.07237882533813343,0.05093106551799596,0.038880613608466584,0.05142685021007633,0.9998948393639768,0.011774351178786446,0.03734392979822587,0.06502433915659367,0.05324998797780722,0.007807157359757344,0.07856243824972609,0.20989566435226692,0.1325773420507019
2024-08-01_10,6,mean_shift,0.09471321996669486,0.12955295506830422,0.05093106551799732,0.09878012941904254,0.11912176430917869,0.9997289918273543,0.07238794117235159,0.03018786994729794,0.11595416654188995,0.18834210771424154,0.08592528703533686,0.15239358974359618,0.37933841210399777,0.27833507877067504
2024-08-01_10,6,oracle_true_mean_pca_reconstruction,0.02032928468703871,0.030291545893711247,2.4749241357936075e-15,0.02032928468703871,0.030291545893711247,0.9999626404407267,0.022658362022966116,0.004064205637604346,0.006110058001169705,0.02876842002413582,0.0011816913773836646,0.07545978469306647,0.13369048408057438,0.06427585468093604
2024-08-01_10,6,oracle_true_mean_zero_residual,0.09878012941904118,0.11912176430917867,4.231321909582619e-15,0.09878012941904118,0.11912176430917867,0.9997289918273543,0.12331900669035178,0.08111893546529103,0.06502310102388265,0.18834210771423443,0.08592528703533642,0.15239358974359618,0.3284073465860047,0.22740401325268192
2024-08-01_10,6,template,0.5025388072601558,0.5164641783653456,0.5025388072601558,0.09878012941904118,0.11912176430917867,0.9997289918273543,0.37921980056979976,0.4214198717948605,0.5675619082840484,0.18834210771424864,0.08592528703533642,0.15239358974359618,0.8309461538461562,0.7299428205128334
2024-08-05_01,7,full_map,0.19163279048364654,0.21320318544307085,0.18306529464690055,0.08081865432916385,0.10928264353920042,0.9995604833621926,0.10154958366148037,0.15556784791076694,0.21198010055996974,0.11043051689848937,0.0035427673257779624,0.13602270835872332,0.5089900176487774,0.36473408300764865
2024-08-05_01,7,mean_shift,0.20820470374262173,0.21997568382214233,0.18306529464690077,0.08729430288735385,0.1219688458946076,0.9998013948797226,0.21741078351752918,0.24687379648694474,0.14276245904387252,0.07464832447365666,0.09815420972598288,0.4106207317073114,0.2975470978806527,0.28400148812456644
2024-08-05_01,7,oracle_true_mean_pca_reconstruction,0.05565604810270518,0.08378567277079489,3.193450497798203e-16,0.05565604810270518,0.08378567277079489,0.9997692734755202,0.037505858462694164,0.005836920416406599,0.0033484414327844547,0.04085429989547862,0.028489948235874252,0.23674567236442812,0.3896470164972854,0.131800897512106
2024-08-05_01,7,oracle_true_mean_zero_residual,0.08729430288735385,0.1219688458946076,7.983626244495507e-16,0.08729430288735385,0.1219688458946076,0.9998013948797226,0.034345488870613394,0.06380850184003606,0.04030283560302195,0.07464832447363534,0.09815420972598288,0.4106207317073114,0.4549767333516357,0.2984828309125714
2024-08-05_01,7,template,0.14289277884351828,0.1878689586240504,0.14289277884351828,0.08729430288735385,0.1219688458946076,0.9998013948797226,0.10854728997289698,0.07908427700347431,0.18319561444653942,0.07464832447364245,0.09815420972598288,0.4106207317073114,0.5978695121951532,0.44137560975608886
2024-08-05_02,7,full_map,0.10879737530673084,0.11735478959494945,0.09829502055354288,0.043034663474282336,0.06411111896741034,0.9999217385996148,0.1382674213271784,0.13556508110637822,0.07130822627581068,0.06695919505136771,0.04492714354798588,0.16299951609972396,0.29112568138309314,0.15383415524820662
2024-08-05_02,7,mean_shift,0.13651371467015194,0.14809824670499327,0.09829502055354256,0.08498457142329466,0.11077535651701466,0.9998707675957437,0.19460405499219746,0.1799619092314515,0.03765167068949893,0.15695238430269853,0.09414787416782877,0.29652073170731086,0.34696261167449904,0.2028381200328539
2024-08-05_02,7,oracle_true_mean_pca_reconstruction,0.027563308512011397,0.035671233061670346,7.983626244495507e-17,0.027563308512012434,0.035671233061670346,0.9999568709362872,0.00794013823733053,0.010650664729404014,0.007109228010762081,0.01504936624809261,0.010427275208530151,0.0845924535770024,0.12071119345328896,0.0665196258215033
2024-08-05_02,7,oracle_true_mean_zero_residual,0.0849845714232925,0.11077535651701466,5.588538371146855e-16,0.08498457142329466,0.11077535651701466,0.9998707675957437,0.09630903443866146,0.0816668886779155,0.06064334986402997,0.15695238430269143,0.09414787416782877,0.29652073170731086,0.44525763222804216,0.20682421759385922
2024-08-05_02,7,template,0.42301187996711376,0.43727591999192406,0.42301187996711376,0.0849845714232925,0.11077535651701466,0.9998707675957437,0.32670284552845175,0.3413449912891977,0.4836552298311432,0.15695238430269143,0.09414787416782877,0.29652073170731086,0.8682695121951554,0.6298360975609725
2024-08-05_03,7,full_map,0.209019427604688,0.22869031853439845,0.209019427604688,0.07132712373519572,0.09279084370331601,0.9998097779171009,0.12455583796115377,0.14725530023974898,0.2568957328548791,0.13233989489372533,0.06139587028857019,0.18273853469703738,0.6055373200444265,0.3829666019324435
2024-08-05_03,7,mean_shift,0.20901942760468895,0.21345136152316083,0.20901942760468895,0.029547955265564568,0.043270805630347235,0.9999347746007504,0.17954085508862505,0.19058696910334305,0.22404665819473735,0.044505803106112296,0.013791021849635321,0.05242073170732198,0.41891863286643627,0.2834083889639686
2024-08-05_03,7,oracle_true_mean_pca_reconstruction,0.020354506892222096,0.027199856390914243,6.147392208261541e-15,0.020354506892222096,0.027199856390914243,0.9999721022152128,0.011563825068726885,0.003137535271811487,0.003690873331322564,0.015254698400049449,0.004093288390021765,0.014217129490205593,0.10495798796208078,0.05548324166688443
2024-08-05_03,7,oracle_true_mean_zero_residual,0.029547955265564568,0.043270805630347235,5.428865846256945e-15,0.029547955265564568,0.043270805630347235,0.9999347746007504,0.029478572516083545,0.01843245850135844,0.015027230590057172,0.04450580310614072,0.013791021849635321,0.05242073170732198,0.20989920526174188,0.07662993696901878
2024-08-05_03,7,template,0.029418128254315473,0.04327766158968092,0.0007703069334058623,0.029547955265564568,0.043270805630347235,0.9999347746007504,0.02870826558266515,0.01766215156794715,0.015797537523454253,0.0445058031061194,0.013791021849635321,0.05242073170732198,0.21066951219515317,0.07740024390243007
2024-08-05_04,7,full_map,0.055572718252980796,0.07311112465050441,0.05373258517451917,0.02772870965761646,0.04957868330366022,0.9999174423690089,0.03780554551642723,0.03365328417732627,0.06730111949843831,0.02949557398201108,0.018925693456021353,0.03142673332752821,0.3609614681771305,0.12118912912103495
2024-08-05_04,7,mean_shift,0.06230497393785943,0.07120918372873405,0.05373258517451973,0.02794413645727461,0.04672854735357804,0.9999175831624769,0.06934589780203027,0.05850907530881244,0.048458324839771194,0.02088757296225907,0.008434943826165942,0.10617926829268498,0.23913194116245506,0.1120172703040935
2024-08-05_04,7,oracle_true_mean_pca_reconstruction,0.02014167061166397,0.03573015180872807,3.193450497798203e-15,0.02014167061166397,0.03573015180872807,0.9999532429481303,0.003206612281303478,0.00932554498939453,0.005576437889132535,0.008783050170436013,0.009171176001112613,0.053603264974690035,0.1841344286517952,0.07466730966897606
2024-08-05_04,7,oracle_true_mean_zero_residual,0.02794413645727341,0.04672854735357804,2.5547603982385624e-15,0.02794413645727341,0.04672854735357804,0.9999175831624769,0.01561331262749377,0.004776490134283051,0.005274260334743985,0.020887572962237755,0.008434943826166386,0.10617926829268498,0.18539935598793278,0.10876329953411375
2024-08-05_04,7,template,0.07269168265278157,0.08094968978683213,0.06610064401205762,0.02794413645727341,0.04672854735357804,0.9999175831624769,0.08171395663956105,0.07087713414634322,0.060826383677301976,0.02088757296225907,0.008434943826166386,0.10617926829268498,0.25149999999999295,0.11516780487805249
2024-08-05_05,7,full_map,0.0545778662667292,0.07141017373835157,0.04347627121874585,0.0360344445793601,0.05665003754858073,0.9998743221361337,0.07892754142742575,0.051944921514532894,0.03278043198488945,0.046147109442536305,0.009360354025738093,0.016211088167246146,0.2552094866737278,0.15002003086552093
2024-08-05_05,7,mean_shift,0.06393662994572544,0.09706318468133664,0.04347627121874449,0.0683327471586813,0.0867817703287818,0.9998232652785779,0.004090549103089813,0.00703135856241488,0.07748944685168624,0.07339889774859643,0.05532291853857396,0.19357926829268735,0.34008323202991875,0.2142259149567635
2024-08-05_05,7,oracle_true_mean_pca_reconstruction,0.03171907642135168,0.043647066537947025,1.836234036233967e-15,0.03171907642135168,0.043647066537947025,0.9999236407252662,0.027694400789528117,0.0009971123605936327,0.005330168330800689,0.033024569120328806,0.0021318639556908714,0.02576883761413029,0.11906138584590309,0.09828880753198348
2024-08-05_05,7,oracle_true_mean_zero_residual,0.06833274715867915,0.0867817703287818,9.580351493394609e-16,0.06833274715867915,0.0867817703287818,0.9998232652785779,0.039385722115646615,0.050507629781158414,0.03401317563294981,0.07339889774859643,0.055322918538574406,0.19357926829268735,0.2966069608111752,0.17074964373801996
2024-08-05_05,7,template,0.14261620992052668,0.16694447877511004,0.14261620992052668,0.06833274715867915,0.0867817703287818,0.9998232652785779,0.10323048780487909,0.0921085801393744,0.17662938555347552,0.07339889774859643,0.055322918538574406,0.19357926829268735,0.4392231707317009,0.3133658536585457
2024-08-05_06,7,full_map,0.1573091383502495,0.16040824612373195,0.15034464447070325,0.023718515299274504,0.055922207605472805,0.9998731938110527,0.13999142541607057,0.15276193409067673,0.15083493028094352,0.010843504864872955,0.0010557687582073427,0.10814467184877685,0.30991997763980805,0.21728753029782544
2024-08-05_06,7,mean_shift,0.1503446444707023,0.18314084750345375,0.1503446444707023,0.08297459208463856,0.10458038966872052,0.9997750340159417,0.05466703721148747,0.08552092319677485,0.20180931102845534,0.14714227381696787,0.07262585769683616,0.0940792682926812,0.45718194236052767,0.3727099911410249
2024-08-05_06,7,oracle_true_mean_pca_reconstruction,0.01561058459128609,0.023967314471357706,4.231321909582619e-15,0.01561058459128609,0.023967314471357706,0.9999793502227433,0.0047578956424274566,0.0053957522528023105,0.0020819231210893463,0.0026759725213381103,0.008147234953576277,0.13633131056190706,0.11555309473579456,0.043031394486857256
2024-08-05_06,7,oracle_true_mean_zero_residual,0.08297459208464024,0.10458038966872052,2.794269185573428e-15,0.08297459208464192,0.10458038966872052,0.9997750340159417,0.09567760725920493,0.06482372127392466,0.05146466655774873,0.14714227381695366,0.07262585769683572,0.0940792682926812,0.30683729788982816,0.22236534667032537
2024-08-05_06,7,template,0.3215858728418751,0.3381634686283131,0.3215858728418751,0.08297459208464024,0.10458038966872052,0.9997750340159417,0.2259082655826603,0.2567621515679477,0.3730505393996282,0.14714227381696787,0.07262585769683616,0.0940792682926812,0.6284231707317005,0.5439512195121977
2024-08-07_01,8,full_map,0.11394515928623565,0.1272734868239016,0.09861468273834458,0.04650777200489698,0.08045921200664034,0.9997711473761338,0.0749616154093502,0.10286154771684863,0.10042170940300821,0.025460093993658006,0.018506916065254675,0.1561218011769796,0.4132975830115484,0.19342200422122316
2024-08-07_01,8,mean_shift,0.1509227965611468,0.16366619000360108,0.09861468273834745,0.08929337625720807,0.13062069552222544,0.9996434226222258,0.15625830609376834,0.16631995139290723,0.05218121865129177,0.10407708744247657,0.08769126241166525,0.34383461538460125,0.47295921527378226,0.22174020822730822
2024-08-07_01,8,oracle_true_mean_pca_reconstruction,0.03854145158438459,0.05317550789379907,7.983626244495507e-16,0.03854145158438459,0.05317550789379907,0.9998962332447584,0.04144876161031874,0.011357256662726911,0.013289270020187871,0.05473803163050661,0.005422438272009167,0.11150252617626677,0.24961892403490538,0.09426836056446884
2024-08-07_01,8,oracle_true_mean_zero_residual,0.08929337625720807,0.13062069552222544,3.8321405973578436e-15,0.08929337625720807,0.13062069552222544,0.9996434226222258,0.05764362335542472,0.06770526865456361,0.046433464087051846,0.10407708744247657,0.08769126241166525,0.34383461538460125,0.5715738980121259,0.2674003082685075
2024-08-07_01,8,template,0.07985766349755048,0.13806630646793686,0.044727384039180584,0.08929337625720807,0.13062069552222544,0.9996434226222258,0.012916239316247413,0.02297788461537209,0.09116084812622915,0.10407708744247657,0.08769126241166525,0.34383461538460125,0.6163012820513103,0.31212769230769194
2024-08-07_02,8,full_map,0.13124903078166764,0.15897538969636713,0.13124903078166764,0.0688781938088771,0.08970432792226167,0.9998734626505714,0.04778658488288556,0.06816635203099253,0.17966205036066896,0.1318754654777834,0.06886894599174953,0.0844310284238432,0.4645191868109322,0.2827032726656867
2024-08-07_02,8,mean_shift,0.13124903078166514,0.1573172856262823,0.13124903078166514,0.0661989774018428,0.08673188730619666,0.9998800155493115,0.05090328507917263,0.07059917946257599,0.1778126374789295,0.12690935239975687,0.06623654392079992,0.07723461538460441,0.4622319175578369,0.27857089191677886
2024-08-07_02,8,oracle_true_mean_pca_reconstruction,0.024208869983899678,0.03591790648943632,3.9918131222477537e-16,0.024208869983899678,0.03591790648943632,0.9999523984537059,0.013339477807981837,0.0072861268161261705,0.006232054829304445,0.019571532637286282,0.005002319643126807,0.07774719910320727,0.1824123020836126,0.07360070271473651
2024-08-07_02,8,oracle_true_mean_zero_residual,0.0661989774018428,0.08673188730619666,2.235415348458742e-15,0.0661989774018428,0.08673188730619666,0.9998800155493115,0.08034574570248765,0.0606498513190985,0.04656360669726922,0.12690935239975687,0.06623654392079992,0.07723461538460441,0.3309828867761695,0.14732186113511145
2024-08-07_02,8,template,0.19811839527513572,0.21627140084183513,0.19811839527513572,0.0661989774018428,0.08673188730619666,0.9998800155493115,0.11777264957264322,0.13746854395604657,0.2446820019724001,0.12690935239975687,0.06623654392079992,0.07723461538460441,0.5291012820513075,0.34544025641024945
2024-08-07_03,8,full_map,0.045331810360324146,0.06495794698823681,0.044014947787981096,0.03188956261391256,0.04777257841217995,0.9999198774955251,0.017438886424692157,0.026352065298198113,0.05812543359535738,0.04068654717066522,0.015021857464903032,0.04155676761699567,0.27230449296796877,0.12409321491461173
2024-08-07_03,8,mean_shift,0.0467233111283208,0.06319410744175913,0.04401494778797854,0.030210015570424444,0.045345116457917715,0.9999227848863859,0.025281561636049332,0.0324738845908783,0.05347168326656515,0.02819012163051582,0.008400709585372645,0.05966538461539983,0.2386499377044231,0.11787634796083911
2024-08-07_03,8,oracle_true_mean_pca_reconstruction,0.025331175976257413,0.03564816659987396,2.4749241357936075e-15,0.025331175976256056,0.03564816659987396,0.999951481927902,0.01624679359221659,0.008328588940457848,0.007296569858908697,0.023543363451125288,0.004673094842670533,0.05916377908081216,0.1493618690270324,0.0643728386853581
2024-08-07_03,8,oracle_true_mean_zero_residual,0.03021001557042628,0.045345116457917715,0.0,0.030210015570424444,0.045345116457917715,0.9999227848863859,0.018733386151936315,0.011541063197107349,0.009456735478579503,0.02819012163051582,0.008400709585372645,0.05966538461539983,0.19463498991644457,0.0892286430423524
2024-08-07_03,8,template,0.02990347162201194,0.04901391794139936,0.018606035724573644,0.03021001557042628,0.045345116457917715,0.9999227848863859,0.00012735042736267133,0.007064972527473401,0.028062771203160253,0.028190121630522924,0.00840070958537309,0.05966538461539983,0.2132410256410182,0.09246743589743421
2024-08-07_04,8,full_map,0.030908916813493018,0.04705880920376085,0.013067595561364354,0.02496869033409035,0.04520806863736359,0.9999274988684531,0.02187258235984757,0.02692571876451666,0.004081589198392521,0.01779099316145505,0.013691888975782884,0.028057212465235182,0.2504907603958699,0.076416991356386
2024-08-07_04,8,mean_shift,0.028247091251286334,0.04465540397015061,0.01306759556136667,0.02326347165438272,0.04270062118964891,0.9999294091395248,0.009519708305049335,0.017283337731171855,0.011411637956612708,0.0018919296515633732,0.0032673452504754508,0.0004653846154027974,0.19748200109664538,0.09795210146745024
2024-08-07_04,8,oracle_true_mean_pca_reconstruction,0.01772339237387463,0.026387192646957883,2.6345966606835177e-15,0.01772339237387407,0.02638719264695788,0.9999743578626298,0.0021294862299825468,0.007066378188376632,0.004173537795075788,0.006303024025058335,0.00619438446556364,0.020725298859986196,0.09963850187116208,0.0631550456967801
2024-08-07_04,8,oracle_true_mean_zero_residual,0.02326347165438272,0.04270062118964891,1.5967252488991015e-16,0.02326347165438272,0.04270062118964891,0.9999294091395248,0.0035478872563174946,0.004215742169812131,0.001655957604747016,0.0018919296515704787,0.0032673452504754508,0.0004653846154027974,0.2105495966580122,0.08488450590608342
2024-08-07_04,8,template,0.12539142898300087,0.13246264949932432,0.12539142898300087,0.02326347165438272,0.04270062118964891,0.9999294091395248,0.1289393162393111,0.12117568681319568,0.12704738658776193,0.0018919296515491624,0.0032673452504754508,0.0004653846154027974,0.3359410256410129,0.16763384615384921
2024-08-07_05,8,full_map,0.0858426332946416,0.10919793983319126,0.0625873893850694,0.05389189686736233,0.08948189064707429,0.9996962398608034,0.015101695157362371,0.04618318844440239,0.08486660837007065,0.09996830352743302,0.019189429198225305,0.0703781845097069,0.5416174857323455,0.1730170158771982
2024-08-07_05,8,mean_shift,0.09082274456303276,0.10547717549035149,0.06258738938506685,0.06132297236492522,0.08490143249312361,0.9997435365250108,0.03866374106085857,0.0881513021109086,0.05296283705033744,0.014299095989478872,0.026008409583269998,0.05376538461540292,0.3692409597938635,0.14581314277025967
2024-08-07_05,8,oracle_true_mean_pca_reconstruction,0.04935057097619518,0.07065542362842077,4.151485647137664e-15,0.04935057097619518,0.07065542362842077,0.9998026217985447,0.05622203428831085,0.0017533603618105076,0.008786619585855249,0.0650086538741661,0.0021853828904778716,0.03273805946106023,0.36352292942594033,0.1383447405741137
2024-08-07_05,8,oracle_true_mean_zero_residual,0.06132297236492522,0.08490143249312361,1.5967252488991015e-15,0.06132297236492522,0.08490143249312361,0.9997435365250108,0.023923648324213787,0.025563912725836246,0.009624552334720704,0.014299095989493082,0.026008409583269998,0.05376538461540292,0.43182834917892876,0.1679819389224902
2024-08-07_05,8,template,0.06644320080668611,0.10342901771739653,0.05907036876980794,0.06132297236492522,0.08490143249312361,0.9997435365250108,0.08299401709402332,0.03350645604396618,0.06869492110453024,0.014299095989493082,0.026008409583269998,0.05376538461540292,0.4908987179487383,0.20460871794871294
2024-08-07_06,8,full_map,0.13453994189078225,0.1461813960484496,0.12340121247367627,0.04705588664207698,0.07836543441275802,0.9998154324372142,0.16543421894755994,0.16050891303456893,0.09614519951271916,0.06928901943484078,0.03942003400264138,0.051406240706569406,0.4365718710721751,0.1767175715098631
2024-08-07_06,8,mean_shift,0.12445933801146536,0.1458074572093947,0.12340121247367827,0.05846970824067311,0.07766566382833262,0.9998152423277986,0.0746706785257345,0.089660895253445,0.15000320646787202,0.07533252794213752,0.03661192473838959,0.1581653846154012,0.3797082853633498,0.27545392638897226
2024-08-07_06,8,oracle_true_mean_pca_reconstruction,0.028500261893138607,0.03950676006881559,4.7901757466973045e-15,0.028500261893138607,0.03950676006881559,0.9999433029666083,0.008058320202948721,0.008988865957654468,0.006234867858481152,0.014293188061429873,0.011856149943597849,0.014290291736045901,0.12706959750710922,0.08226540494439258
2024-08-07_06,8,oracle_true_mean_zero_residual,0.05846970824067311,0.07766566382833262,2.4749241357936075e-15,0.05846970824067311,0.07766566382833262,0.9998152423277986,0.04873053394794624,0.03374031722022863,0.026601993994177064,0.0753325279421233,0.03661192473838959,0.1581653846154012,0.25630707288966903,0.17227474791126127
2024-08-07_06,8,template,0.19774677326419018,0.2124517396358397,0.19774677326419018,0.05846970824067311,0.07766566382833262,0.9998152423277986,0.14901623931625352,0.16400645604395692,0.22434876725837682,0.0753325279421233,0.03661192473838959,0.1581653846154012,0.4540538461538617,0.34979948717948417
2024-08-07_07,8,full_map,0.03576697502028728,0.06802554530021258,0.011718199843936633,0.03782855503406843,0.06700864575417742,0.9998491497822422,0.01544792702921427,0.010308950314581011,0.028280802657349113,0.04372872968656338,0.027368808500641162,0.10381562175872006,0.5217899496757354,0.08687110545618135
2024-08-07_07,8,mean_shift,0.0733775848516087,0.09000866156862977,0.011718199843934077,0.0703862517358934,0.08924260725569236,0.9997707713560933,0.0726778224310749,0.05848006602084155,0.02401197046832948,0.09668979289940438,0.04647221547355418,0.09966538461539898,0.28687089551764444,0.13725300038364444
2024-08-07_07,8,oracle_true_mean_pca_reconstruction,0.028581146920269345,0.0354575112163542,3.193450497798203e-15,0.028581146920269345,0.0354575112163542,0.999958131481166,0.011214288315244403,0.007803997956862929,0.006143087262110214,0.017357375577354617,0.014667310390076516,0.08057671775714681,0.0888672971912925,0.06247711613989962
2024-08-07_07,8,oracle_true_mean_zero_residual,0.07038625173589205,0.08924260725569236,5.588538371146855e-16,0.07038625173589205,0.08924260725569236,0.9997707713560933,0.06095962258714849,0.046761866176900924,0.035730170312263,0.09668979289941149,0.046472215473553735,0.09966538461539898,0.29858909536157796,0.13738601843847956
2024-08-07_07,8,template,0.3000647507922801,0.3130544642994681,0.3000647507922801,0.07038625173589205,0.08924260725569236,0.9997707713560933,0.2391051282051393,0.25330288461537975,0.33579492110452946,0.09668979289939017,0.046472215473553735,0.09966538461539898,0.5986538461538586,0.43745076923076026
2024-08-07_08,8,full_map,0.4306308823072704,0.44945894276335474,0.4182799834982071,0.1076283268587876,0.164484639509871,0.9994991696704292,0.44607227419830053,0.47152118884737604,0.38480143799672106,0.06127083620157947,0.11575938703053845,0.2851142924705172,0.6075693817977523,0.5835933850189633
2024-08-07_08,8,mean_shift,0.4416822854845974,0.4646512207330501,0.41827998349820983,0.15316556573082576,0.2023428089491964,0.999538799855322,0.5087060038573838,0.5204116967755681,0.34763532667131614,0.1610706771860677,0.16897411084141467,0.42973461538459645,0.5701013030026658,0.5602197645411436
2024-08-07_08,8,oracle_true_mean_pca_reconstruction,0.08889658742337926,0.1294198420874965,4.87001200914226e-15,0.08889658742337998,0.12941984208749646,0.9994648019821243,0.04383844006123638,0.003907537734484379,0.009691481098414556,0.05352992115965094,0.04319973588134962,0.10816800658267312,0.4683594763869934,0.26200468549282185
2024-08-07_08,8,oracle_true_mean_zero_residual,0.15316556573082576,0.2023428089491964,7.744117457160642e-15,0.15316556573082576,0.2023428089491964,0.999538799855322,0.0904260203591889,0.10213171327737314,0.07064465682688592,0.16107067718607482,0.16897411084141467,0.42973461538459645,0.683558167675038,0.5079066292134805
2024-08-07_08,8,template,0.1576843704984151,0.20252365942039657,0.008556885623740768,0.15316556573082576,0.2023428089491964,0.999538799855322,0.09898290598292192,0.11068859890110616,0.06208777120316711,0.16107067718608903,0.16897411084141467,0.42973461538459645,0.6750012820513049,0.4993497435897475
2024-08-07_09,8,full_map,0.6162398080559519,0.6279647957896115,0.6162398080559519,0.08647363925639248,0.12078196768662143,0.9995369992959428,0.5717337298396572,0.6135762530947204,0.6253770050340535,0.05364327519439627,0.04415472961090394,0.18451387760539717,0.982933071217488,0.79498327957819
2024-08-07_09,8,mean_shift,0.6162398080559545,0.6359089575830565,0.6162398080559545,0.12098387150028983,0.15693534114892682,0.9997593656595726,0.678239736030612,0.6967124924408594,0.5621776058530799,0.1160621301775322,0.1349908200275265,0.4304346153845984,0.7533230693639368,0.7413905052613657
2024-08-07_09,8,oracle_true_mean_pca_reconstruction,0.07377944814055246,0.09914607216788798,6.865918570266137e-15,0.0737794481405519,0.09914607216788798,0.9996946142052692,0.04000192050127538,0.00046725986820206344,0.007175010785005043,0.04717693128628042,0.03848215556578127,0.18687475023873645,0.33255520082029477,0.19791926934682771
2024-08-07_09,8,oracle_true_mean_zero_residual,0.12098387150029359,0.15693534114892682,3.911976859802799e-15,0.12098387150029359,0.15693534114892682,0.9997593656595726,0.061999927974646596,0.08047268438489397,0.054062202202864285,0.11606213017751088,0.13499082002752694,0.4304346153845984,0.5914064822817906,0.35499648228176695
2024-08-07_09,8,template,0.25979180351483877,0.27844405799836075,0.23000520023048274,0.12098387150029359,0.15693534114892682,0.9997593656595726,0.29200512820514035,0.3104778846153877,0.17594299802760816,0.1160621301775322,0.13499082002752694,0.4304346153845984,0.3670884615384651,0.35764769230769244
2024-08-07_10,8,full_map,0.845591727079492,0.8562873559637002,0.845591727079492,0.1117374515331945,0.13491726011903252,0.9996776521314893,0.705119487505506,0.7482244662967545,0.922332755119541,0.21721326761403503,0.09999782569791948,0.2024048990771874,1.1839719176510357,1.1476965350609505
2024-08-07_10,8,mean_shift,0.8455917270794948,0.8509297227238348,0.8455917270794948,0.07774852016224366,0.09516314470203228,0.9998038267508057,0.7474062617957102,0.7812325896345342,0.8972402854643491,0.14983402366863885,0.06413504237531242,0.10476538461539775,1.1033947233341692,1.0414170310264779
2024-08-07_10,8,oracle_true_mean_pca_reconstruction,0.02709235319103035,0.03846045715815029,5.34902958381199e-15,0.02709235319103035,0.03846045715815029,0.9999402246217619,0.021661936782713553,0.006608887585080936,0.007307813142844566,0.02896974992555812,0.00016190453613740274,0.08561504050961588,0.12950006833557381,0.09429590996297178
2024-08-07_10,8,oracle_true_mean_zero_residual,0.07774852016224232,0.09516314470203228,7.584444932270732e-15,0.07774852016224232,0.09516314470203228,0.9998038267508057,0.0981854652837697,0.0643591374449386,0.05164855838485494,0.14983402366862464,0.06413504237531198,0.10476538461539775,0.25780299625468217,0.1958253039469909
2024-08-07_10,8,template,0.48369059348890936,0.4929630963259149,0.48369059348890936,0.07774852016224232,0.09516314470203228,0.9998038267508057,0.38550512820513205,0.41933145604395605,0.5353391518737567,0.14983402366862464,0.06413504237531198,0.10476538461539775,0.7414935897435839,0.6795158974358927
2024-08-21_01,9,full_map,0.061107082110579726,0.09859841686164714,0.015619372473539393,0.05855312578537356,0.09735339239675207,0.9997309591656792,0.08545142155748664,0.04082854849843898,0.010041115419774371,0.09549253697726101,0.04360425319976047,0.15115079817891797,0.5198746519242547,0.1673830079139491
2024-08-21_01,9,mean_shift,0.18914895289122313,0.23645079003621552,0.015619372473537157,0.1850559544489172,0.23593433686575463,0.9993410213194217,0.25431949731747494,0.17651600625860908,0.1123307596337142,0.36665025695118914,0.194573217578772,0.560254430379743,0.5871997713182537,0.5442443282802883
2024-08-21_01,9,oracle_true_mean_pca_reconstruction,0.04100345688650959,0.05188993525251155,1.1975439366743261e-15,0.04100345688650959,0.05188993525251155,0.9999056876188338,0.03519763124324271,0.0029715685964646354,0.004491822317071126,0.03968945356031384,0.0027551350804930763,0.04770401080718756,0.17348638630296165,0.11344265638326759
2024-08-21_01,9,oracle_true_mean_zero_residual,0.1850559544489172,0.23593433686575463,2.395087873348652e-16,0.1850559544489172,0.23593433686575463,0.9993410213194217,0.23870012484394465,0.16089663378507169,0.1279501321072658,0.36665025695121045,0.194573217578772,0.560254430379743,0.6028191437917911,0.5598637007538257
2024-08-21_01,9,template,0.6097568055753089,0.6538106555094437,0.6097568055753089,0.18505595444891906,0.23593433686575463,0.9993410213194217,0.371056680731364,0.44886017179022986,0.7377069376825673,0.36665025695120335,0.19457321757877244,0.560254430379743,1.2125759493670998,1.1696205063291343
2024-08-21_02,9,full_map,0.12931091237004777,0.14523085413633424,0.06607488440299943,0.10073699941917154,0.12932946549143182,0.9998286643013469,0.19264986275228324,0.15770506962410025,0.005171653891892447,0.1978215166441757,0.10967028919999722,0.24261654936467636,0.38673543319887216,0.19696498621428163
2024-08-21_02,9,mean_shift,0.19325986198722114,0.21468152370179422,0.06607488440299696,0.1683806356760341,0.20426029048754096,0.9996332724827955,0.2702260704204704,0.220038452377473,0.05216243439397772,0.32238850481444814,0.17848016243655973,0.4305544303797362,0.4513386271885338,0.333500146175875
2024-08-21_02,9,oracle_true_mean_pca_reconstruction,0.04017409692866588,0.06729095197935919,1.9160702986789218e-15,0.04017409692866588,0.06729095197935919,0.9998509870195513,0.03258730737681503,0.016042213868281863,0.014278226051992249,0.04686553342880728,0.018425339259149798,0.0003262908496566297,0.3760118508096184,0.10199652934238936
2024-08-21_02,9,oracle_true_mean_zero_residual,0.1683806356760341,0.20426029048754096,4.071649384692709e-15,0.1683806356760341,0.20426029048754096,0.9996332724827955,0.2041511860174765,0.15396356797447197,0.11823731879697874,0.32238850481445525,0.17848016243655973,0.4305544303797362,0.5174135115915348,0.399575030578876
2024-08-21_02,9,template,0.6968523111932866,0.7261717495782108,0.6968523111932866,0.16838063567603592,0.20426029048754096,0.9996332724827955,0.492701125175806,0.5428887432188034,0.8150896299902612,0.32238850481445525,0.17848016243656017,0.4305544303797362,1.2142658227848173,1.0964273417721586
2024-08-21_03,9,full_map,0.09789733810746334,0.12205326849777237,0.00785312648509661,0.09957384825596681,0.1218003643483811,0.9998094480185289,0.10872454407696353,0.07934264918177547,0.07498160251841313,0.18370614659537665,0.09883827398170997,0.23260513428272134,0.3592902213816984,0.2648862586409435
2024-08-21_03,9,mean_shift,0.11608271920336972,0.14299590239912974,0.007853126485099246,0.117781621039408,0.14278009842884432,0.9997394629838559,0.12835174242875524,0.09511333073496075,0.08687052306946441,0.21522226549821966,0.11615700042806276,0.28015443037973853,0.3756351774024722,0.30555897487081723
2024-08-21_03,9,oracle_true_mean_pca_reconstruction,0.022767064995367892,0.042873481902888096,1.9160702986789218e-15,0.022767064995367892,0.042873481902888096,0.9999335544264547,0.015728439315175535,0.005901799760742676,0.005900122060346291,0.021628561375521826,0.005043719476060637,0.018643254881311577,0.27065254526252147,0.06207720109063054
2024-08-21_03,9,oracle_true_mean_zero_residual,0.117781621039408,0.14278009842884432,4.071649384692709e-15,0.117781621039408,0.14278009842884432,0.9997394629838559,0.1362048689138433,0.10296645722004882,0.07901739658437634,0.21522226549821966,0.11615700042806276,0.28015443037973853,0.36778205091737703,0.29770584838572206
2024-08-21_03,9,template,0.5204837718674439,0.5397124357328741,0.5204837718674439,0.11778162103940966,0.14278009842884432,0.9997394629838559,0.38427890295358935,0.41751731464737674,0.5995011684518161,0.21522226549822676,0.1161570004280632,0.28015443037973853,0.8882658227848168,0.8181896202531618
2024-08-21_04,9,full_map,0.09050427809904202,0.12922262710127605,0.05201503022971422,0.09502882635189895,0.11829169026249206,0.999770272597985,0.05006174350994286,0.027980141037176054,0.11275648713605335,0.1628182306459962,0.08960055490284402,0.24909142404744955,0.41459018493230104,0.2902643215185122
2024-08-21_04,9,mean_shift,0.07291294665124733,0.10610087729309316,0.05201503022971725,0.07303373375372925,0.09247612012063229,0.9998520941093189,0.026022922329580922,0.008664669365956001,0.09819528333957805,0.12421820566915898,0.0684747524533944,0.19085443037973704,0.3176195530571988,0.24781651508250488
2024-08-21_04,9,oracle_true_mean_pca_reconstruction,0.023526127660239933,0.039086741191449004,3.4329592851330684e-15,0.023526127660239933,0.039086741191449004,0.9999427375156396,0.005037383360047443,0.0017628913343941122,0.00182110399238411,0.006858487352431553,0.002109661969472487,0.012299095689385808,0.207758228891322,0.0690469831420813
2024-08-21_04,9,oracle_true_mean_zero_residual,0.07303373375372742,0.0924761201206323,6.147392208261541e-15,0.07303373375372742,0.0924761201206323,0.9998520941093189,0.07803795255929202,0.06067969959566,0.04618025310985274,0.12421820566914477,0.06847475245339396,0.19085443037973704,0.2656045228274877,0.19580148485279378
2024-08-21_04,9,template,0.30426129995733125,0.31800435758695306,0.30426129995733125,0.07303373375372925,0.09247612012063229,0.9998520941093189,0.22622334739802596,0.243581600361658,0.35044155306718494,0.12421820566915898,0.0684747524533944,0.19085443037973704,0.5698658227848128,0.5000627848101189
2024-08-21_05,9,full_map,0.11912568242797489,0.1686955367860519,0.118147090341888,0.09289514031488162,0.12041365859104168,0.9997146617564546,0.02226032145004808,0.0422717735585465,0.17559881707188651,0.15333849562183843,0.0851094363664906,0.2473669620554091,0.6337456850423635,0.3502203397511535
2024-08-21_05,9,mean_shift,0.11814709034189096,0.13007429604728318,0.11814709034189096,0.04005587838129383,0.0544112813297144,0.999917676348859,0.08649340744550926,0.0938838032662801,0.13669045926852164,0.05019705182301237,0.028875217509405804,0.09175443037974418,0.34970676890824137,0.22259816131332133
2024-08-21_05,9,oracle_true_mean_pca_reconstruction,0.023232779503362493,0.035064331448606864,2.7144329231284725e-15,0.023232779503362493,0.035064331448606864,0.9999528005684598,0.00037842159746048765,0.0014390927547012211,0.0007094000529690447,0.0003309784555085571,0.000732135935711753,0.019291375154566026,0.1352944403241878,0.0806036675842306
2024-08-21_05,9,oracle_true_mean_zero_residual,0.04005587838129383,0.0544112813297144,5.428865846256945e-15,0.04005587838129383,0.0544112813297144,0.999917676348859,0.03165368289636916,0.024263287075598328,0.018543368926621895,0.05019705182299106,0.028875217509405804,0.09175443037974418,0.23155967856635584,0.1044510709714358
2024-08-21_05,9,template,0.10127703029441025,0.11496792770680099,0.10127703029441025,0.040055878381295026,0.0544112813297144,0.999917676348859,0.06962334739802856,0.07701374321879939,0.11982039922103382,0.05019705182300527,0.028875217509406248,0.09175443037974418,0.33283670886076067,0.20572810126584062
2024-08-21_06,9,full_map,0.0962400158416793,0.11304144773921691,0.06812649283236906,0.06453896777438209,0.09020615212577951,0.9997488473310817,0.13049477294477896,0.10983086146676158,0.03487578431747096,0.095618988627308,0.043136358565010635,0.1636617952621009,0.4578355082174639,0.15846779963317204
2024-08-21_06,9,mean_shift,0.07087964357856531,0.08024225639346731,0.06812649283236538,0.029482904760461913,0.042398121249373935,0.9999504967066501,0.05466481992350225,0.04890061457890482,0.08080879374153227,0.02614397381803002,0.023176368609874043,0.020045569620258163,0.20420631078147267,0.1569356778700736
2024-08-21_06,9,oracle_true_mean_pca_reconstruction,0.022809989602646286,0.031504508910496234,1.5168889864541464e-15,0.022809989602645405,0.031504508910496234,0.9999646305380672,0.0008399951687891871,0.008577920019760654,0.00447349623141946,0.0036335010626302733,0.009763634288775691,0.02289005627109475,0.10077360780071132,0.06709981597221457
2024-08-21_06,9,oracle_true_mean_zero_residual,0.029482904760461913,0.042398121249373935,4.5506669593624395e-15,0.029482904760461913,0.042398121249373935,0.9999504967066501,0.013461672908867683,0.019225878253465112,0.012682300909148125,0.02614397381801581,0.023176368609874043,0.020045569620258163,0.19064170103826683,0.09898513440479202
2024-08-21_06,9,template,0.3310049921775001,0.3337093129235436,0.3310049921775001,0.029482904760459117,0.042398121249373935,0.9999504967066501,0.317543319268637,0.3117791139240538,0.3436872930866528,0.02614397381801581,0.0231763686098736,0.020045569620258163,0.4670848101266074,0.4198141772152083
2024-08-21_07,9,full_map,0.11056772417627578,0.13263590463610084,0.07089335101803353,0.07709675112966735,0.11210002667292601,0.9996129957126497,0.16515557706553352,0.11915044043603729,0.028594148361655414,0.1365614287038781,0.05390224496419238,0.08181700996520647,0.5352628823032433,0.22473706232496365
2024-08-21_07,9,mean_shift,0.07742100989941045,0.0987583685921319,0.0708933510180301,0.04486684458393789,0.06875571356922823,0.9998296895510078,0.08096476175461476,0.051502143711623205,0.07959164155553111,0.001373120199083644,0.0196622936013231,0.12214556962025824,0.3386089249051025,0.19613221604435566
2024-08-21_07,9,oracle_true_mean_pca_reconstruction,0.04089118451317343,0.06016473115420411,4.470830696917484e-15,0.04089118451317343,0.06016473115420411,0.9998577563205512,0.026554715487904446,0.00689466677667383,0.000883495570072057,0.027438211057976503,0.0033102569313734342,0.07239033630374081,0.22654645702448306,0.14336966702834383
2024-08-21_07,9,oracle_true_mean_zero_residual,0.04486684458393925,0.06875571356922822,1.3572164615642363e-15,0.04486684458393925,0.06875571356922822,0.9998296895510078,0.010071410736593123,0.019391207306419744,0.00869829053752369,0.001373120199069433,0.019662293601323544,0.12214556962025824,0.2677155738870738,0.16745779832173607
2024-08-21_07,9,template,0.16960469350021387,0.18164303545400576,0.1681274640876125,0.04486684458393789,0.06875571356922823,0.9998296895510078,0.17819887482420427,0.1487362567812056,0.17682575462512062,0.001373120199083644,0.0196622936013231,0.12214556962025824,0.43584303797468493,0.29336632911393806
2024-08-21_08,9,full_map,0.04960099683411971,0.09066244752725221,0.04888234281224756,0.049775418659646326,0.07635571984349089,0.9998471134341346,0.005924670268314003,0.010169495455208732,0.07716270394480773,0.07123803367649373,0.04498434656850003,0.0644503881377716,0.5242368682264527,0.17967777629945791
2024-08-21_08,9,mean_shift,0.07130481093594063,0.07997261873820079,0.04888234281225116,0.04872406725272878,0.06329404639483228,0.9998749758605222,0.09033565117679387,0.07799469779123314,0.026031848298941895,0.06430380287785198,0.028770989498168476,0.1400455696202627,0.17730034878579914,0.13363939804964098
2024-08-21_08,9,oracle_true_mean_pca_reconstruction,0.025413332649951603,0.0395417346917956,1.1975439366743261e-15,0.025413332649951603,0.0395417346917956,0.9999415572831217,0.0006266920628519301,0.003944802584769036,0.0022325904026700982,0.0028592824655220284,0.009683869579906634,0.029144008788676956,0.17135188677991664,0.07606957138457061
2024-08-21_08,9,oracle_true_mean_zero_residual,0.04872406725272878,0.06329404639483228,2.4749241357936075e-15,0.04872406725272878,0.06329404639483228,0.9998749758605222,0.041453308364545194,0.029112354978984456,0.022850494513306785,0.06430380287785198,0.028770989498168476,0.1400455696202627,0.19212882946949605,0.14678047503910385
2024-08-21_08,9,template,0.25185218318873587,0.2596837663119583,0.25185218318873587,0.04872406725272694,0.06329404639483228,0.9998749758605222,0.21039887482420028,0.22273982820976812,0.27470267770203805,0.06430380287783777,0.02877098949816803,0.1400455696202627,0.4439810126582344,0.3986326582278422
2024-08-21_10,9,full_map,0.051843431553114425,0.09967824616268459,0.025667135290917773,0.058998744237548244,0.09631692958159778,0.9996893190329968,0.006862835045119198,0.010465411552850412,0.050753309226486465,0.05761614427160566,0.04044693214904216,0.1874445803332705,0.632939850359513,0.19216132568909072
2024-08-21_10,9,mean_shift,0.0651855922879704,0.08564611075526586,0.025667135290921527,0.05610990525106378,0.08170957381764268,0.999845377194114,0.09991819646444355,0.07533438593602426,0.013927914105721584,0.11384611057016514,0.05265039813591166,0.07124556962025963,0.4713259666860381,0.11690443384353552
2024-08-21_10,9,oracle_true_mean_pca_reconstruction,0.023152499065862232,0.04870401405938888,5.18935705892208e-15,0.023152499065862232,0.04870401405938888,0.9999052277393737,0.01933256366382352,0.006852922310457643,0.007036055724384482,0.026368619388208003,0.003446038643701854,0.0740362685190945,0.37953544079179125,0.07435760429092816
2024-08-21_10,9,oracle_true_mean_zero_residual,0.05610990525106378,0.08170957381764268,2.1555790860137872e-15,0.05610990525106378,0.08170957381764268,0.999845377194114,0.07425106117352698,0.049667250645107686,0.03959504939663816,0.11384611057016514,0.05265039813591166,0.07124556962025963,0.4969931019769618,0.13178644289575056
2024-08-21_10,9,template,0.3384499359977248,0.34817353953212016,0.3384499359977248,0.0561099052510621,0.08170957381764268,0.999845377194114,0.2641988748242028,0.2887826853526292,0.3780449853943608,0.11384611057015803,0.052650398135911214,0.07124556962025963,0.8354430379746844,0.463557974683539
2024-08-22_01,10,full_map,0.07326822702214646,0.11411838766212068,0.054130080560002555,0.061207453109247384,0.10046362914592373,0.9996715702806137,0.042096951387321724,0.03544572232069498,0.06627354581490863,0.024176594427586906,0.03147282747588909,0.08268020390168829,0.5839207931623136,0.220114589917585
2024-08-22_01,10,mean_shift,0.13164674306575044,0.19850607197446082,0.05413008055999744,0.14431514960232097,0.19098323222026067,0.9995611485146468,0.09996938290828439,0.07721610437464932,0.1515260103558589,0.2514953932641433,0.1572403397296731,0.42449880952381136,0.7092545588906987,0.39445027317637055
2024-08-22_01,10,oracle_true_mean_pca_reconstruction,0.049930410902228085,0.07061562184761813,2.3152516109036974e-15,0.049930410902228085,0.07061562184761813,0.9998255699873592,0.0009550290177102738,0.008439394080866691,0.004709582604306206,0.00566461162201648,0.011217718622320128,0.04469246906913327,0.31243793463326597,0.1324141849623827
2024-08-22_01,10,oracle_true_mean_zero_residual,0.14431514960232344,0.19098323222026065,2.794269185573428e-15,0.14431514960232097,0.19098323222026067,0.9995611485146468,0.15409946346828463,0.13134618493464956,0.09739592979585865,0.2514953932641433,0.1572403397296731,0.42449880952381136,0.6551244783306984,0.3403201926163703
2024-08-22_01,10,template,0.6603481407169597,0.6874112756841013,0.6603481407169597,0.14431514960232097,0.19098323222026067,0.9995611485146468,0.5062486772486778,0.5290019557823129,0.757744070512814,0.25149539326413617,0.1572403397296731,0.42449880952381136,1.3154726190476609,1.0006683333333328
2024-08-22_02,10,full_map,0.07827819067036573,0.11549000341672153,0.04371156246094842,0.0791611617417345,0.1068982703153655,0.9997141479998187,0.05656816469643644,0.017185107521690668,0.09385818369037935,0.1504263483868158,0.06197945179653308,0.1574813768173513,0.46419628475267416,0.24901827983553337
2024-08-22_02,10,mean_shift,0.09997703458701986,0.14132392598087162,0.043711562460944195,0.1046172813677915,0.13439401534990258,0.9996398569756755,0.0915289746652661,0.04490982311575209,0.11483778612024054,0.20636676078550664,0.09265878367713043,0.24159880952381485,0.495039411578162,0.3228634591971782
2024-08-22_02,10,oracle_true_mean_pca_reconstruction,0.04264788271502452,0.07413583992974185,2.395087873348652e-16,0.04264788271502452,0.07413583992974185,0.9997964714016219,0.040540409146302636,0.012178121470576286,0.013574059297937424,0.05411446844424006,0.002439720733859563,0.009552637815268383,0.4773647355073294,0.10099818615150574
2024-08-22_02,10,oracle_true_mean_zero_residual,0.10461728136779333,0.13439401534990258,4.7901757466973045e-15,0.10461728136779333,0.13439401534990258,0.9996398569756755,0.1352405371262151,0.08862138557671528,0.07112622365930577,0.20636676078552085,0.09265878367713043,0.24159880952381485,0.451327849117213,0.2803353317282073
2024-08-22_02,10,template,0.33524476993044294,0.3611797435178023,0.33524476993044294,0.1046172813677915,0.13439401534990258,0.9996398569756755,0.20000423280423973,0.24662338435373954,0.40637099358973217,0.20636676078549243,0.09265878367713043,0.24159880952381485,0.7865726190476607,0.6143966666666769
2024-08-22_03,10,full_map,0.08360327321893994,0.10496805229659031,0.08360327321893994,0.04636202175572555,0.06347270838729824,0.9999114057244759,0.022083924345466244,0.04246335083506381,0.11640311873067333,0.09431919438520708,0.04097532631041956,0.013933528757213764,0.37633149797769505,0.1987257435571095
2024-08-22_03,10,mean_shift,0.09057995915167107,0.13154609886183613,0.08360327321893539,0.08037905387126323,0.10156214271493096,0.9998575385572958,0.0236060529210107,0.006230162120559157,0.14382117794995253,0.16742723087096323,0.08110612702193665,0.09599880952381312,0.41664011110020027,0.2884922539572911
2024-08-22_03,10,oracle_true_mean_pca_reconstruction,0.03439222801075539,0.04368549104074539,1.3572164615642363e-15,0.03439222801075539,0.04368549104074539,0.9999306675558185,0.028646341001341113,0.014104532788223878,0.012552768982345697,0.04119910998368681,0.007236562114731893,0.0957757122488303,0.14141636112685774,0.0827792219119118
2024-08-22_03,10,oracle_true_mean_zero_residual,0.08037905387126475,0.10156214271493096,5.5087021087019e-15,0.08037905387126475,0.10156214271493096,0.9998575385572958,0.1072093261399445,0.07737311109836753,0.060217904731018734,0.16742723087096323,0.08110612702193665,0.09599880952381312,0.3330368378812594,0.2048889807383502
2024-08-22_03,10,template,0.4801357811663978,0.4907598569454464,0.4801357811663978,0.08037905387126323,0.10156214271493096,0.9998575385572958,0.3729264550264588,0.4027626700680358,0.540353685897415,0.16742723087095612,0.08110612702193665,0.09599880952381312,0.8131726190476627,0.6850247619047535
2024-08-22_04,10,full_map,0.17034188150394924,0.1928331750517666,0.15516925508847915,0.06110896816828647,0.1144863995234008,0.9994922276745536,0.09338809262621339,0.13265964116217788,0.1779827099365079,0.0845946173102945,0.009481017268565761,0.07587982350167977,0.6613817905119248,0.3427676173510889
2024-08-22_04,10,mean_shift,0.17093840880859584,0.19254700678566605,0.15516925508847507,0.059190852826424036,0.11400373720807179,0.9994944018700249,0.09979750697598888,0.13774245217629044,0.17413648998375209,0.0743389830077632,0.0038763906737639964,0.09130119047618734,0.6759845036060241,0.3307885916320714
2024-08-22_04,10,oracle_true_mean_pca_reconstruction,0.05793357661101148,0.11205172546295868,8.702152606500104e-15,0.05793357661101148,0.11205172546295868,0.9995123479751592,0.05720276660836987,0.018378194225888933,0.019796429573091245,0.07699919618146112,0.006652656096686638,0.08072722633106366,0.8196531751201945,0.1814530067806302
2024-08-22_04,10,oracle_true_mean_zero_residual,0.059190852826424036,0.11400373720807179,1.2933474516082723e-14,0.05919085282642396,0.11400373720807179,0.9994944018700249,0.055371748112492014,0.017426802912190453,0.01896723489524277,0.07433898300773478,0.0038763906737639964,0.09130119047618734,0.8311537586945121,0.17955289459603704
2024-08-22_04,10,template,0.2650672418405558,0.27663685468394544,0.25205375869448815,0.05919085282642396,0.11400373720807179,0.9994944018700249,0.19668201058200907,0.23462695578231063,0.27102099358974385,0.07433898300773478,0.0038763906737639964,0.09130119047618734,0.579100000000011,0.4276730952380845
