held_out_lot,family,feature,feature_group,sensor_family,importance_metric,importance,coefficient_sign,rank,top_20
1,pls,Stat3_Etch_MV_ForeLinePressure__active_mean,G1_level,pressure,VIP,0.4753039678510961,-1,191,False
1,pls,Stat3_Etch_MV_ForeLinePressure__active_std,G1_level,pressure,VIP,1.2897217120711728,-1,42,False
1,pls,Stat3_Etch_MV_ForeLinePressure__active_range,G1_level,pressure,VIP,1.783117341444315,-1,18,True
1,pls,Stat3_Etch_MV_ForeLinePressure__active_slope,G2_temporal_drift,pressure,VIP,0.5107212079144978,-1,182,False
1,pls,Stat3_Etch_MV_ForeLinePressure__early_late_delta,G2_temporal_drift,pressure,VIP,0.3567010694327609,-1,215,False
1,pls,Stat3_Etch_MV_ForeLinePressure__long_phase_mean,G3_bosch_phase,pressure,VIP,0.628278676112157,-1,161,False
1,pls,Stat3_Etch_MV_ForeLinePressure__short_phase_mean,G3_bosch_phase,pressure,VIP,0.44258319598408996,1,196,False
1,pls,Stat3_Etch_MV_ForeLinePressure__phase_difference,G3_bosch_phase,pressure,VIP,0.8913073012730244,-1,89,False
1,pls,Stat3_Etch_MV_ForeLinePressure__cycle_mean_std,G4_cycle_behavior,pressure,VIP,0.8420929396902028,1,111,False
1,pls,Stat3_Etch_MV_ForeLinePressure__cycle_mean_slope,G4_cycle_behavior,pressure,VIP,0.5016400683042832,1,184,False
1,pls,Stat3_Etch_MV_Gas1Flow__active_mean,G1_level,gas_or_backside_flow,VIP,0.7138821981930858,-1,137,False
1,pls,Stat3_Etch_MV_Gas1Flow__active_std,G1_level,gas_or_backside_flow,VIP,0.8907685586512982,1,90,False
1,pls,Stat3_Etch_MV_Gas1Flow__active_range,G1_level,gas_or_backside_flow,VIP,0.2548629713196566,1,229,False
1,pls,Stat3_Etch_MV_Gas1Flow__active_slope,G2_temporal_drift,gas_or_backside_flow,VIP,0.8750010494132006,-1,102,False
1,pls,Stat3_Etch_MV_Gas1Flow__early_late_delta,G2_temporal_drift,gas_or_backside_flow,VIP,0.8825509014607208,-1,100,False
1,pls,Stat3_Etch_MV_Gas1Flow__long_phase_mean,G3_bosch_phase,gas_or_backside_flow,VIP,0.45946000831495093,-1,193,False
1,pls,Stat3_Etch_MV_Gas1Flow__short_phase_mean,G3_bosch_phase,gas_or_backside_flow,VIP,0.8479567093191299,1,108,False
1,pls,Stat3_Etch_MV_Gas1Flow__phase_difference,G3_bosch_phase,gas_or_backside_flow,VIP,0.883156143341409,-1,99,False
1,pls,Stat3_Etch_MV_Gas1Flow__cycle_mean_std,G4_cycle_behavior,gas_or_backside_flow,VIP,0.27445037487615054,1,226,False
1,pls,Stat3_Etch_MV_Gas1Flow__cycle_mean_slope,G4_cycle_behavior,gas_or_backside_flow,VIP,0.4337766009079078,1,198,False
1,pls,Stat3_Etch_MV_Gas2Flow__active_mean,G1_level,gas_or_backside_flow,VIP,0.5512154495412899,1,173,False
1,pls,Stat3_Etch_MV_Gas2Flow__active_std,G1_level,gas_or_backside_flow,VIP,1.5347230202466204,1,27,False
1,pls,Stat3_Etch_MV_Gas2Flow__active_range,G1_level,gas_or_backside_flow,VIP,1.459530273929313,1,33,False
1,pls,Stat3_Etch_MV_Gas2Flow__active_slope,G2_temporal_drift,gas_or_backside_flow,VIP,0.41025028147391324,1,204,False
1,pls,Stat3_Etch_MV_Gas2Flow__early_late_delta,G2_temporal_drift,gas_or_backside_flow,VIP,0.5266190528711461,1,178,False
1,pls,Stat3_Etch_MV_Gas2Flow__long_phase_mean,G3_bosch_phase,gas_or_backside_flow,VIP,0.5505435265952136,1,174,False
1,pls,Stat3_Etch_MV_Gas2Flow__short_phase_mean,G3_bosch_phase,gas_or_backside_flow,VIP,0.5527898644937084,1,170,False
1,pls,Stat3_Etch_MV_Gas2Flow__phase_difference,G3_bosch_phase,gas_or_backside_flow,VIP,0.20182927311187376,1,237,False
1,pls,Stat3_Etch_MV_Gas2Flow__cycle_mean_std,G4_cycle_behavior,gas_or_backside_flow,VIP,1.4018534718759033,1,38,False
1,pls,Stat3_Etch_MV_Gas2Flow__cycle_mean_slope,G4_cycle_behavior,gas_or_backside_flow,VIP,0.4176543622541362,1,200,False
1,pls,Stat3_Etch_MV_Gas4Flow__active_mean,G1_level,gas_or_backside_flow,VIP,0.8360485786021351,-1,112,False
1,pls,Stat3_Etch_MV_Gas4Flow__active_std,G1_level,gas_or_backside_flow,VIP,0.8579037673635546,-1,106,False
1,pls,Stat3_Etch_MV_Gas4Flow__active_slope,G2_temporal_drift,gas_or_backside_flow,VIP,0.6724223183598562,1,148,False
1,pls,Stat3_Etch_MV_Gas4Flow__early_late_delta,G2_temporal_drift,gas_or_backside_flow,VIP,0.434824790635494,1,197,False
1,pls,Stat3_Etch_MV_Gas4Flow__long_phase_mean,G3_bosch_phase,gas_or_backside_flow,VIP,0.3628112677662065,1,213,False
1,pls,Stat3_Etch_MV_Gas4Flow__short_phase_mean,G3_bosch_phase,gas_or_backside_flow,VIP,0.28516935653536674,1,223,False
1,pls,Stat3_Etch_MV_Gas4Flow__phase_difference,G3_bosch_phase,gas_or_backside_flow,VIP,0.28017620588410486,-1,224,False
1,pls,Stat3_Etch_MV_Gas4Flow__cycle_mean_std,G4_cycle_behavior,gas_or_backside_flow,VIP,0.8328393980493114,1,114,False
1,pls,Stat3_Etch_MV_Gas4Flow__cycle_mean_slope,G4_cycle_behavior,gas_or_backside_flow,VIP,0.4468225150334045,-1,195,False
1,pls,Stat3_Etch_MV_Gas5Flow__active_mean,G1_level,gas_or_backside_flow,VIP,0.7924135301791263,1,123,False
1,pls,Stat3_Etch_MV_Gas5Flow__active_std,G1_level,gas_or_backside_flow,VIP,0.7835950735418691,-1,125,False
1,pls,Stat3_Etch_MV_Gas5Flow__active_slope,G2_temporal_drift,gas_or_backside_flow,VIP,0.6338405264397416,-1,159,False
1,pls,Stat3_Etch_MV_Gas5Flow__early_late_delta,G2_temporal_drift,gas_or_backside_flow,VIP,0.38409336122492715,-1,206,False
1,pls,Stat3_Etch_MV_Gas5Flow__long_phase_mean,G3_bosch_phase,gas_or_backside_flow,VIP,0.4316709540724882,-1,199,False
1,pls,Stat3_Etch_MV_Gas5Flow__short_phase_mean,G3_bosch_phase,gas_or_backside_flow,VIP,0.37843200477412536,1,207,False
1,pls,Stat3_Etch_MV_Gas5Flow__phase_difference,G3_bosch_phase,gas_or_backside_flow,VIP,0.5142658595071326,-1,181,False
1,pls,Stat3_Etch_MV_Gas5Flow__cycle_mean_std,G4_cycle_behavior,gas_or_backside_flow,VIP,0.8032600987951929,1,120,False
1,pls,Stat3_Etch_MV_Gas5Flow__cycle_mean_slope,G4_cycle_behavior,gas_or_backside_flow,VIP,0.49949623440760393,1,186,False
1,pls,Stat3_Etch_MV_Gas7Flow__active_mean,G1_level,gas_or_backside_flow,VIP,1.0121176750937009,-1,68,False
1,pls,Stat3_Etch_MV_Gas7Flow__active_std,G1_level,gas_or_backside_flow,VIP,1.0272099303823399,1,66,False
1,pls,Stat3_Etch_MV_Gas7Flow__active_range,G1_level,gas_or_backside_flow,VIP,0.9233444210742136,-1,81,False
1,pls,Stat3_Etch_MV_Gas7Flow__active_slope,G2_temporal_drift,gas_or_backside_flow,VIP,0.4147003411956598,1,201,False
1,pls,Stat3_Etch_MV_Gas7Flow__early_late_delta,G2_temporal_drift,gas_or_backside_flow,VIP,0.46199158951822633,1,192,False
1,pls,Stat3_Etch_MV_Gas7Flow__long_phase_mean,G3_bosch_phase,gas_or_backside_flow,VIP,1.0115251856073204,-1,69,False
1,pls,Stat3_Etch_MV_Gas7Flow__short_phase_mean,G3_bosch_phase,gas_or_backside_flow,VIP,1.013332746082522,-1,67,False
1,pls,Stat3_Etch_MV_Gas7Flow__phase_difference,G3_bosch_phase,gas_or_backside_flow,VIP,0.11479664014787766,-1,241,False
1,pls,Stat3_Etch_MV_Gas7Flow__cycle_mean_std,G4_cycle_behavior,gas_or_backside_flow,VIP,0.885215540286237,-1,96,False
1,pls,Stat3_Etch_MV_Gas7Flow__cycle_mean_slope,G4_cycle_behavior,gas_or_backside_flow,VIP,0.4122904841078557,1,202,False
1,pls,Stat3_Etch_MV_Heater1Temp__active_mean,G1_level,heater_temperature,VIP,0.6533666067416476,-1,154,False
1,pls,Stat3_Etch_MV_Heater1Temp__active_std,G1_level,heater_temperature,VIP,0.6867136561273885,-1,144,False
1,pls,Stat3_Etch_MV_Heater1Temp__active_slope,G2_temporal_drift,heater_temperature,VIP,0.27568971297957917,-1,225,False
1,pls,Stat3_Etch_MV_Heater1Temp__early_late_delta,G2_temporal_drift,heater_temperature,VIP,0.3148391931019568,-1,219,False
1,pls,Stat3_Etch_MV_Heater1Temp__long_phase_mean,G3_bosch_phase,heater_temperature,VIP,0.5744951030632954,-1,167,False
1,pls,Stat3_Etch_MV_Heater1Temp__short_phase_mean,G3_bosch_phase,heater_temperature,VIP,0.6999918768115994,-1,142,False
1,pls,Stat3_Etch_MV_Heater1Temp__phase_difference,G3_bosch_phase,heater_temperature,VIP,0.2905275064031555,1,222,False
1,pls,Stat3_Etch_MV_Heater1Temp__cycle_mean_std,G4_cycle_behavior,heater_temperature,VIP,0.20981030981286575,1,234,False
1,pls,Stat3_Etch_MV_Heater1Temp__cycle_mean_slope,G4_cycle_behavior,heater_temperature,VIP,0.29654911015004554,-1,221,False
1,pls,Stat3_Etch_MV_Heater2Temp__active_mean,G1_level,heater_temperature,VIP,0.6113224116412453,1,164,False
1,pls,Stat3_Etch_MV_Heater2Temp__active_std,G1_level,heater_temperature,VIP,1.482410149121674,-1,32,False
1,pls,Stat3_Etch_MV_Heater2Temp__active_range,G1_level,heater_temperature,VIP,1.2897205510544152,-1,43,False
1,pls,Stat3_Etch_MV_Heater2Temp__active_slope,G2_temporal_drift,heater_temperature,VIP,1.002429456764945,-1,70,False
1,pls,Stat3_Etch_MV_Heater2Temp__early_late_delta,G2_temporal_drift,heater_temperature,VIP,0.8194826437893434,-1,116,False
1,pls,Stat3_Etch_MV_Heater2Temp__long_phase_mean,G3_bosch_phase,heater_temperature,VIP,0.6120799732618913,1,162,False
1,pls,Stat3_Etch_MV_Heater2Temp__short_phase_mean,G3_bosch_phase,heater_temperature,VIP,0.609186400400297,1,165,False
1,pls,Stat3_Etch_MV_Heater2Temp__phase_difference,G3_bosch_phase,heater_temperature,VIP,0.44881167583874304,1,194,False
1,pls,Stat3_Etch_MV_Heater2Temp__cycle_mean_std,G4_cycle_behavior,heater_temperature,VIP,1.489179723110855,-1,31,False
1,pls,Stat3_Etch_MV_Heater2Temp__cycle_mean_slope,G4_cycle_behavior,heater_temperature,VIP,1.000964121295612,-1,71,False
1,pls,Stat3_Etch_MV_Heater3Temp__active_mean,G1_level,heater_temperature,VIP,1.1374807292281688,-1,55,False
1,pls,Stat3_Etch_MV_Heater3Temp__active_std,G1_level,heater_temperature,VIP,1.455826047772065,1,35,False
1,pls,Stat3_Etch_MV_Heater3Temp__active_range,G1_level,heater_temperature,VIP,1.2253115550541516,1,46,False
1,pls,Stat3_Etch_MV_Heater3Temp__active_slope,G2_temporal_drift,heater_temperature,VIP,0.4914010517995147,-1,187,False
1,pls,Stat3_Etch_MV_Heater3Temp__early_late_delta,G2_temporal_drift,heater_temperature,VIP,0.5522164314238246,-1,171,False
1,pls,Stat3_Etch_MV_Heater3Temp__long_phase_mean,G3_bosch_phase,heater_temperature,VIP,1.1274584041729099,-1,56,False
1,pls,Stat3_Etch_MV_Heater3Temp__short_phase_mean,G3_bosch_phase,heater_temperature,VIP,1.1599804011303134,-1,50,False
1,pls,Stat3_Etch_MV_Heater3Temp__phase_difference,G3_bosch_phase,heater_temperature,VIP,0.22239470794125019,1,232,False
1,pls,Stat3_Etch_MV_Heater3Temp__cycle_mean_std,G4_cycle_behavior,heater_temperature,VIP,1.4106482615151312,1,37,False
1,pls,Stat3_Etch_MV_Heater3Temp__cycle_mean_slope,G4_cycle_behavior,heater_temperature,VIP,0.4840551528855655,-1,188,False
1,pls,Stat3_Etch_MV_Heater4Temp__active_mean,G1_level,heater_temperature,VIP,0.3717630151036546,-1,210,False
1,pls,Stat3_Etch_MV_Heater4Temp__active_std,G1_level,heater_temperature,VIP,0.9988458699890433,1,72,False
1,pls,Stat3_Etch_MV_Heater4Temp__active_range,G1_level,heater_temperature,VIP,0.9830417368522578,1,74,False
1,pls,Stat3_Etch_MV_Heater4Temp__active_slope,G2_temporal_drift,heater_temperature,VIP,0.2973827795187147,1,220,False
1,pls,Stat3_Etch_MV_Heater4Temp__early_late_delta,G2_temporal_drift,heater_temperature,VIP,0.7060134643915925,1,140,False
1,pls,Stat3_Etch_MV_Heater4Temp__long_phase_mean,G3_bosch_phase,heater_temperature,VIP,0.37083481798372064,-1,211,False
1,pls,Stat3_Etch_MV_Heater4Temp__short_phase_mean,G3_bosch_phase,heater_temperature,VIP,0.37431194190327205,-1,208,False
1,pls,Stat3_Etch_MV_Heater4Temp__phase_difference,G3_bosch_phase,heater_temperature,VIP,0.3672262018071794,-1,212,False
1,pls,Stat3_Etch_MV_Heater4Temp__cycle_mean_std,G4_cycle_behavior,heater_temperature,VIP,0.8802820513709599,1,101,False
1,pls,Stat3_Etch_MV_Heater4Temp__cycle_mean_slope,G4_cycle_behavior,heater_temperature,VIP,0.328739349910101,1,218,False
1,pls,Stat3_Etch_MV_HeliumBPFlow__active_mean,G1_level,gas_or_backside_flow,VIP,0.5592159076395468,1,169,False
1,pls,Stat3_Etch_MV_HeliumBPFlow__active_std,G1_level,gas_or_backside_flow,VIP,0.7114680248132413,-1,139,False
1,pls,Stat3_Etch_MV_HeliumBPFlow__active_range,G1_level,gas_or_backside_flow,VIP,0.7215432431905106,-1,136,False
1,pls,Stat3_Etch_MV_HeliumBPFlow__active_slope,G2_temporal_drift,gas_or_backside_flow,VIP,0.9570099982716282,1,79,False
1,pls,Stat3_Etch_MV_HeliumBPFlow__early_late_delta,G2_temporal_drift,gas_or_backside_flow,VIP,0.9889904711769177,1,73,False
1,pls,Stat3_Etch_MV_HeliumBPFlow__long_phase_mean,G3_bosch_phase,gas_or_backside_flow,VIP,0.5623844853939354,1,168,False
1,pls,Stat3_Etch_MV_HeliumBPFlow__short_phase_mean,G3_bosch_phase,gas_or_backside_flow,VIP,0.5504276161688275,1,175,False
1,pls,Stat3_Etch_MV_HeliumBPFlow__phase_difference,G3_bosch_phase,gas_or_backside_flow,VIP,0.8494927153459763,-1,107,False
1,pls,Stat3_Etch_MV_HeliumBPFlow__cycle_mean_std,G4_cycle_behavior,gas_or_backside_flow,VIP,0.6978817748356556,-1,143,False
1,pls,Stat3_Etch_MV_HeliumBPFlow__cycle_mean_slope,G4_cycle_behavior,gas_or_backside_flow,VIP,0.9584892212094501,1,78,False
1,pls,Stat3_Etch_MV_HeliumBPPressure__active_mean,G1_level,pressure,VIP,1.0528895667973115,-1,62,False
1,pls,Stat3_Etch_MV_HeliumBPPressure__active_std,G1_level,pressure,VIP,1.0951807555790607,1,61,False
1,pls,Stat3_Etch_MV_HeliumBPPressure__active_range,G1_level,pressure,VIP,0.25656853720367395,1,228,False
1,pls,Stat3_Etch_MV_HeliumBPPressure__active_slope,G2_temporal_drift,pressure,VIP,1.1452550894940234,1,52,False
1,pls,Stat3_Etch_MV_HeliumBPPressure__early_late_delta,G2_temporal_drift,pressure,VIP,1.1184673075808136,1,57,False
1,pls,Stat3_Etch_MV_HeliumBPPressure__long_phase_mean,G3_bosch_phase,pressure,VIP,0.9795263528587227,-1,75,False
1,pls,Stat3_Etch_MV_HeliumBPPressure__short_phase_mean,G3_bosch_phase,pressure,VIP,1.036268437267922,-1,64,False
1,pls,Stat3_Etch_MV_HeliumBPPressure__phase_difference,G3_bosch_phase,pressure,VIP,0.8967207396699584,-1,87,False
1,pls,Stat3_Etch_MV_HeliumBPPressure__cycle_mean_std,G4_cycle_behavior,pressure,VIP,1.195511512243417,1,48,False
1,pls,Stat3_Etch_MV_HeliumBPPressure__cycle_mean_slope,G4_cycle_behavior,pressure,VIP,1.1433920364050363,1,53,False
1,pls,Stat3_Etch_MV_PlatenDcBias__active_mean,G1_level,rf_power_matching_electrical,VIP,0.7121750664165868,1,138,False
1,pls,Stat3_Etch_MV_PlatenDcBias__active_std,G1_level,rf_power_matching_electrical,VIP,1.570508496231376,1,25,False
1,pls,Stat3_Etch_MV_PlatenDcBias__active_range,G1_level,rf_power_matching_electrical,VIP,1.5570761244451103,1,26,False
1,pls,Stat3_Etch_MV_PlatenDcBias__active_slope,G2_temporal_drift,rf_power_matching_electrical,VIP,1.6984396363255767,1,20,True
1,pls,Stat3_Etch_MV_PlatenDcBias__early_late_delta,G2_temporal_drift,rf_power_matching_electrical,VIP,1.3376550141344248,1,40,False
1,pls,Stat3_Etch_MV_PlatenDcBias__long_phase_mean,G3_bosch_phase,rf_power_matching_electrical,VIP,0.3451378345889888,1,216,False
1,pls,Stat3_Etch_MV_PlatenDcBias__short_phase_mean,G3_bosch_phase,rf_power_matching_electrical,VIP,1.1849517865120116,1,49,False
1,pls,Stat3_Etch_MV_PlatenDcBias__phase_difference,G3_bosch_phase,rf_power_matching_electrical,VIP,1.1398713397325044,-1,54,False
1,pls,Stat3_Etch_MV_PlatenDcBias__cycle_mean_std,G4_cycle_behavior,rf_power_matching_electrical,VIP,0.6717669466904772,-1,149,False
1,pls,Stat3_Etch_MV_PlatenDcBias__cycle_mean_slope,G4_cycle_behavior,rf_power_matching_electrical,VIP,1.6855748620793867,1,22,False
1,pls,Stat3_Etch_MV_PlatenRFLoadCapacitor__active_mean,G1_level,rf_power_matching_electrical,VIP,0.61169811053593,-1,163,False
1,pls,Stat3_Etch_MV_PlatenRFLoadCapacitor__active_std,G1_level,rf_power_matching_electrical,VIP,1.0353431086562606,-1,65,False
1,pls,Stat3_Etch_MV_PlatenRFLoadCapacitor__active_range,G1_level,rf_power_matching_electrical,VIP,0.5016303937423212,1,185,False
1,pls,Stat3_Etch_MV_PlatenRFLoadCapacitor__active_slope,G2_temporal_drift,rf_power_matching_electrical,VIP,1.0490054080040514,-1,63,False
1,pls,Stat3_Etch_MV_PlatenRFLoadCapacitor__early_late_delta,G2_temporal_drift,rf_power_matching_electrical,VIP,0.7553682043859808,-1,130,False
1,pls,Stat3_Etch_MV_PlatenRFLoadCapacitor__long_phase_mean,G3_bosch_phase,rf_power_matching_electrical,VIP,0.6680007587352079,-1,151,False
1,pls,Stat3_Etch_MV_PlatenRFLoadCapacitor__short_phase_mean,G3_bosch_phase,rf_power_matching_electrical,VIP,0.5405344019291691,1,177,False
1,pls,Stat3_Etch_MV_PlatenRFLoadCapacitor__phase_difference,G3_bosch_phase,rf_power_matching_electrical,VIP,0.723666214406797,-1,135,False
1,pls,Stat3_Etch_MV_PlatenRFLoadCapacitor__cycle_mean_std,G4_cycle_behavior,rf_power_matching_electrical,VIP,0.7798109237811286,1,128,False
1,pls,Stat3_Etch_MV_PlatenRFLoadCapacitor__cycle_mean_slope,G4_cycle_behavior,rf_power_matching_electrical,VIP,0.9154775859101669,1,83,False
1,pls,Stat3_Etch_MV_PlatenRFLoadPower__active_mean,G1_level,rf_power_matching_electrical,VIP,0.6454742986372037,-1,156,False
1,pls,Stat3_Etch_MV_PlatenRFLoadPower__active_std,G1_level,rf_power_matching_electrical,VIP,0.8166144364713932,1,118,False
1,pls,Stat3_Etch_MV_PlatenRFLoadPower__active_range,G1_level,rf_power_matching_electrical,VIP,1.6779545122974509,1,23,False
1,pls,Stat3_Etch_MV_PlatenRFLoadPower__active_slope,G2_temporal_drift,rf_power_matching_electrical,VIP,0.9771775743615916,1,77,False
1,pls,Stat3_Etch_MV_PlatenRFLoadPower__early_late_delta,G2_temporal_drift,rf_power_matching_electrical,VIP,0.5043567883533535,1,183,False
1,pls,Stat3_Etch_MV_PlatenRFLoadPower__long_phase_mean,G3_bosch_phase,rf_power_matching_electrical,VIP,0.6712430106919113,-1,150,False
1,pls,Stat3_Etch_MV_PlatenRFLoadPower__short_phase_mean,G3_bosch_phase,rf_power_matching_electrical,VIP,0.9181368285671988,-1,82,False
1,pls,Stat3_Etch_MV_PlatenRFLoadPower__phase_difference,G3_bosch_phase,rf_power_matching_electrical,VIP,0.9118165084420391,1,84,False
1,pls,Stat3_Etch_MV_PlatenRFLoadPower__cycle_mean_std,G4_cycle_behavior,rf_power_matching_electrical,VIP,0.7945645069453383,1,121,False
1,pls,Stat3_Etch_MV_PlatenRFLoadPower__cycle_mean_slope,G4_cycle_behavior,rf_power_matching_electrical,VIP,0.7521757160411876,1,131,False
1,pls,Stat3_Etch_MV_PlatenRFPeakToPeak__active_mean,G1_level,rf_power_matching_electrical,VIP,2.134729712082226,-1,6,True
1,pls,Stat3_Etch_MV_PlatenRFPeakToPeak__active_std,G1_level,rf_power_matching_electrical,VIP,0.35919660062630926,-1,214,False
1,pls,Stat3_Etch_MV_PlatenRFPeakToPeak__active_range,G1_level,rf_power_matching_electrical,VIP,2.2539940674159387,-1,4,True
1,pls,Stat3_Etch_MV_PlatenRFPeakToPeak__active_slope,G2_temporal_drift,rf_power_matching_electrical,VIP,1.524507291824305,1,29,False
1,pls,Stat3_Etch_MV_PlatenRFPeakToPeak__early_late_delta,G2_temporal_drift,rf_power_matching_electrical,VIP,0.9786286128958479,-1,76,False
1,pls,Stat3_Etch_MV_PlatenRFPeakToPeak__long_phase_mean,G3_bosch_phase,rf_power_matching_electrical,VIP,1.8455199375082252,-1,14,True
1,pls,Stat3_Etch_MV_PlatenRFPeakToPeak__short_phase_mean,G3_bosch_phase,rf_power_matching_electrical,VIP,1.9839864874933455,-1,10,True
1,pls,Stat3_Etch_MV_PlatenRFPeakToPeak__phase_difference,G3_bosch_phase,rf_power_matching_electrical,VIP,1.247225499807792,1,45,False
1,pls,Stat3_Etch_MV_PlatenRFPeakToPeak__cycle_mean_std,G4_cycle_behavior,rf_power_matching_electrical,VIP,0.8189969560531009,-1,117,False
1,pls,Stat3_Etch_MV_PlatenRFPeakToPeak__cycle_mean_slope,G4_cycle_behavior,rf_power_matching_electrical,VIP,1.3006401388103996,1,41,False
1,pls,Stat3_Etch_MV_PlatenRFReflectedPower__active_mean,G1_level,rf_power_matching_electrical,VIP,0.5516216452485113,1,172,False
1,pls,Stat3_Etch_MV_PlatenRFReflectedPower__active_std,G1_level,rf_power_matching_electrical,VIP,1.0979429747081166,1,59,False
1,pls,Stat3_Etch_MV_PlatenRFReflectedPower__active_range,G1_level,rf_power_matching_electrical,VIP,2.053402787658275,1,9,True
1,pls,Stat3_Etch_MV_PlatenRFReflectedPower__active_slope,G2_temporal_drift,rf_power_matching_electrical,VIP,0.9277245843873456,1,80,False
1,pls,Stat3_Etch_MV_PlatenRFReflectedPower__early_late_delta,G2_temporal_drift,rf_power_matching_electrical,VIP,0.8349366891222055,1,113,False
1,pls,Stat3_Etch_MV_PlatenRFReflectedPower__long_phase_mean,G3_bosch_phase,rf_power_matching_electrical,VIP,1.8070914114172187,-1,16,True
1,pls,Stat3_Etch_MV_PlatenRFReflectedPower__short_phase_mean,G3_bosch_phase,rf_power_matching_electrical,VIP,1.6403330060266785,1,24,False
1,pls,Stat3_Etch_MV_PlatenRFReflectedPower__phase_difference,G3_bosch_phase,rf_power_matching_electrical,VIP,1.838375800945256,-1,15,True
1,pls,Stat3_Etch_MV_PlatenRFReflectedPower__cycle_mean_std,G4_cycle_behavior,rf_power_matching_electrical,VIP,0.844559701540542,-1,109,False
1,pls,Stat3_Etch_MV_PlatenRFReflectedPower__cycle_mean_slope,G4_cycle_behavior,rf_power_matching_electrical,VIP,0.5993296327954697,1,166,False
1,pls,Stat3_Etch_MV_PlatenRFTuningCapacitor__active_mean,G1_level,rf_power_matching_electrical,VIP,2.3457410553202434,-1,2,True
1,pls,Stat3_Etch_MV_PlatenRFTuningCapacitor__active_std,G1_level,rf_power_matching_electrical,VIP,1.6867536691747052,1,21,False
1,pls,Stat3_Etch_MV_PlatenRFTuningCapacitor__active_range,G1_level,rf_power_matching_electrical,VIP,1.3471765374924323,1,39,False
1,pls,Stat3_Etch_MV_PlatenRFTuningCapacitor__active_slope,G2_temporal_drift,rf_power_matching_electrical,VIP,0.9081382678013115,1,85,False
1,pls,Stat3_Etch_MV_PlatenRFTuningCapacitor__early_late_delta,G2_temporal_drift,rf_power_matching_electrical,VIP,0.863942472250481,1,104,False
1,pls,Stat3_Etch_MV_PlatenRFTuningCapacitor__long_phase_mean,G3_bosch_phase,rf_power_matching_electrical,VIP,2.4244748093767945,-1,1,True
1,pls,Stat3_Etch_MV_PlatenRFTuningCapacitor__short_phase_mean,G3_bosch_phase,rf_power_matching_electrical,VIP,1.2564106788654847,-1,44,False
1,pls,Stat3_Etch_MV_PlatenRFTuningCapacitor__phase_difference,G3_bosch_phase,rf_power_matching_electrical,VIP,2.130871077479825,-1,7,True
1,pls,Stat3_Etch_MV_PlatenRFTuningCapacitor__cycle_mean_std,G4_cycle_behavior,rf_power_matching_electrical,VIP,0.7830097767779641,1,126,False
1,pls,Stat3_Etch_MV_PlatenRFTuningCapacitor__cycle_mean_slope,G4_cycle_behavior,rf_power_matching_electrical,VIP,0.8299165366401184,1,115,False
1,pls,Stat3_Etch_MV_Pressure__active_mean,G1_level,pressure,VIP,0.3728266630791136,1,209,False
1,pls,Stat3_Etch_MV_Pressure__active_std,G1_level,pressure,VIP,1.869572617797035,-1,13,True
1,pls,Stat3_Etch_MV_Pressure__active_range,G1_level,pressure,VIP,0.7479659840558803,-1,132,False
1,pls,Stat3_Etch_MV_Pressure__active_slope,G2_temporal_drift,pressure,VIP,0.8913570580896638,1,88,False
1,pls,Stat3_Etch_MV_Pressure__early_late_delta,G2_temporal_drift,pressure,VIP,0.5254180475839954,1,179,False
1,pls,Stat3_Etch_MV_Pressure__long_phase_mean,G3_bosch_phase,pressure,VIP,0.21453910652107394,-1,233,False
1,pls,Stat3_Etch_MV_Pressure__short_phase_mean,G3_bosch_phase,pressure,VIP,0.2632229700266375,1,227,False
1,pls,Stat3_Etch_MV_Pressure__phase_difference,G3_bosch_phase,pressure,VIP,0.22897050624260495,-1,230,False
1,pls,Stat3_Etch_MV_Pressure__cycle_mean_std,G4_cycle_behavior,pressure,VIP,0.74214303582628,1,133,False
1,pls,Stat3_Etch_MV_Pressure__cycle_mean_slope,G4_cycle_behavior,pressure,VIP,0.4809489001302802,-1,190,False
1,pls,Stat3_Etch_MV_SourceRF2PeakToPeak__active_mean,G1_level,rf_power_matching_electrical,VIP,0.20098756198637074,1,238,False
1,pls,Stat3_Etch_MV_SourceRF2PeakToPeak__active_std,G1_level,rf_power_matching_electrical,VIP,0.22758110336443785,1,231,False
1,pls,Stat3_Etch_MV_SourceRF2PeakToPeak__active_slope,G2_temporal_drift,rf_power_matching_electrical,VIP,0.3991514154466391,1,205,False
1,pls,Stat3_Etch_MV_SourceRF2PeakToPeak__early_late_delta,G2_temporal_drift,rf_power_matching_electrical,VIP,0.3315779481288576,-1,217,False
1,pls,Stat3_Etch_MV_SourceRF2PeakToPeak__long_phase_mean,G3_bosch_phase,rf_power_matching_electrical,VIP,0.202627212594675,1,235,False
1,pls,Stat3_Etch_MV_SourceRF2PeakToPeak__phase_difference,G3_bosch_phase,rf_power_matching_electrical,VIP,0.202627212594675,1,236,False
1,pls,Stat3_Etch_MV_SourceRF2PeakToPeak__cycle_mean_std,G4_cycle_behavior,rf_power_matching_electrical,VIP,0.19425675678100357,1,239,False
1,pls,Stat3_Etch_MV_SourceRF2PeakToPeak__cycle_mean_slope,G4_cycle_behavior,rf_power_matching_electrical,VIP,0.41198359302348,1,203,False
1,pls,Stat3_Etch_MV_SourceRF2TuningCapacitor__active_mean,G1_level,rf_power_matching_electrical,VIP,0.8861137917172537,-1,95,False
1,pls,Stat3_Etch_MV_SourceRF2TuningCapacitor__active_std,G1_level,rf_power_matching_electrical,VIP,0.890115990809358,1,91,False
1,pls,Stat3_Etch_MV_SourceRF2TuningCapacitor__active_slope,G2_temporal_drift,rf_power_matching_electrical,VIP,0.886131825640852,1,94,False
1,pls,Stat3_Etch_MV_SourceRF2TuningCapacitor__early_late_delta,G2_temporal_drift,rf_power_matching_electrical,VIP,0.8862748349139878,1,93,False
1,pls,Stat3_Etch_MV_SourceRF2TuningCapacitor__short_phase_mean,G3_bosch_phase,rf_power_matching_electrical,VIP,0.8849582508338816,-1,98,False
1,pls,Stat3_Etch_MV_SourceRF2TuningCapacitor__phase_difference,G3_bosch_phase,rf_power_matching_electrical,VIP,0.8849582508338817,1,97,False
1,pls,Stat3_Etch_MV_SourceRFLoadPower__active_mean,G1_level,rf_power_matching_electrical,VIP,1.4572974718048015,1,34,False
1,pls,Stat3_Etch_MV_SourceRFLoadPower__active_std,G1_level,rf_power_matching_electrical,VIP,0.8624592525384986,-1,105,False
1,pls,Stat3_Etch_MV_SourceRFLoadPower__active_range,G1_level,rf_power_matching_electrical,VIP,0.6451023800252543,-1,157,False
1,pls,Stat3_Etch_MV_SourceRFLoadPower__active_slope,G2_temporal_drift,rf_power_matching_electrical,VIP,0.7405603042629618,-1,134,False
1,pls,Stat3_Etch_MV_SourceRFLoadPower__early_late_delta,G2_temporal_drift,rf_power_matching_electrical,VIP,0.7927212580293916,1,122,False
1,pls,Stat3_Etch_MV_SourceRFLoadPower__long_phase_mean,G3_bosch_phase,rf_power_matching_electrical,VIP,1.9400272141843837,1,12,True
1,pls,Stat3_Etch_MV_SourceRFLoadPower__short_phase_mean,G3_bosch_phase,rf_power_matching_electrical,VIP,0.7621314949386542,1,129,False
1,pls,Stat3_Etch_MV_SourceRFLoadPower__phase_difference,G3_bosch_phase,rf_power_matching_electrical,VIP,0.7845000599488526,1,124,False
1,pls,Stat3_Etch_MV_SourceRFLoadPower__cycle_mean_std,G4_cycle_behavior,rf_power_matching_electrical,VIP,0.6386609628606947,1,158,False
1,pls,Stat3_Etch_MV_SourceRFLoadPower__cycle_mean_slope,G4_cycle_behavior,rf_power_matching_electrical,VIP,0.630167683738107,-1,160,False
1,pls,Stat3_Etch_MV_SourceRFPeakToPeak__active_mean,G1_level,rf_power_matching_electrical,VIP,0.6764626016696322,1,147,False
1,pls,Stat3_Etch_MV_SourceRFPeakToPeak__active_std,G1_level,rf_power_matching_electrical,VIP,0.8427163228388392,1,110,False
1,pls,Stat3_Etch_MV_SourceRFPeakToPeak__active_range,G1_level,rf_power_matching_electrical,VIP,0.521112730146623,1,180,False
1,pls,Stat3_Etch_MV_SourceRFPeakToPeak__active_slope,G2_temporal_drift,rf_power_matching_electrical,VIP,1.1063113782200578,-1,58,False
1,pls,Stat3_Etch_MV_SourceRFPeakToPeak__early_late_delta,G2_temporal_drift,rf_power_matching_electrical,VIP,0.8659616184075614,-1,103,False
1,pls,Stat3_Etch_MV_SourceRFPeakToPeak__long_phase_mean,G3_bosch_phase,rf_power_matching_electrical,VIP,0.6847007896064616,1,145,False
1,pls,Stat3_Etch_MV_SourceRFPeakToPeak__short_phase_mean,G3_bosch_phase,rf_power_matching_electrical,VIP,0.70154458662499,1,141,False
1,pls,Stat3_Etch_MV_SourceRFPeakToPeak__phase_difference,G3_bosch_phase,rf_power_matching_electrical,VIP,0.6480638230709531,1,155,False
1,pls,Stat3_Etch_MV_SourceRFPeakToPeak__cycle_mean_std,G4_cycle_behavior,rf_power_matching_electrical,VIP,0.48261029809508865,1,189,False
1,pls,Stat3_Etch_MV_SourceRFPeakToPeak__cycle_mean_slope,G4_cycle_behavior,rf_power_matching_electrical,VIP,0.8876108870437057,-1,92,False
1,pls,Stat3_Etch_MV_SourceRFReflectedPower__active_mean,G1_level,rf_power_matching_electrical,VIP,2.097410541813895,-1,8,True
1,pls,Stat3_Etch_MV_SourceRFReflectedPower__active_std,G1_level,rf_power_matching_electrical,VIP,1.7503558072855507,-1,19,True
1,pls,Stat3_Etch_MV_SourceRFReflectedPower__active_range,G1_level,rf_power_matching_electrical,VIP,2.317565138596013,-1,3,True
1,pls,Stat3_Etch_MV_SourceRFReflectedPower__active_slope,G2_temporal_drift,rf_power_matching_electrical,VIP,1.2115042022569402,1,47,False
1,pls,Stat3_Etch_MV_SourceRFReflectedPower__early_late_delta,G2_temporal_drift,rf_power_matching_electrical,VIP,0.8084460295327317,1,119,False
1,pls,Stat3_Etch_MV_SourceRFReflectedPower__long_phase_mean,G3_bosch_phase,rf_power_matching_electrical,VIP,1.796841011589312,-1,17,True
1,pls,Stat3_Etch_MV_SourceRFReflectedPower__short_phase_mean,G3_bosch_phase,rf_power_matching_electrical,VIP,2.1888059519482197,-1,5,True
1,pls,Stat3_Etch_MV_SourceRFReflectedPower__phase_difference,G3_bosch_phase,rf_power_matching_electrical,VIP,1.9649980459631395,1,11,True
1,pls,Stat3_Etch_MV_SourceRFReflectedPower__cycle_mean_std,G4_cycle_behavior,rf_power_matching_electrical,VIP,0.9044152547829695,1,86,False
1,pls,Stat3_Etch_MV_SourceRFReflectedPower__cycle_mean_slope,G4_cycle_behavior,rf_power_matching_electrical,VIP,1.1459004012508514,-1,51,False
1,pls,Stat3_Etch_MV_moriInnerCurrent__active_mean,G1_level,remaining_process_signals,VIP,1.5342534589120438,-1,28,False
1,pls,Stat3_Etch_MV_moriInnerCurrent__active_std,G1_level,remaining_process_signals,VIP,0.7810189929704655,1,127,False
1,pls,Stat3_Etch_MV_moriInnerCurrent__active_range,G1_level,remaining_process_signals,VIP,0.548471463490619,1,176,False
1,pls,Stat3_Etch_MV_moriInnerCurrent__active_slope,G2_temporal_drift,remaining_process_signals,VIP,0.6609796834913814,-1,152,False
1,pls,Stat3_Etch_MV_moriInnerCurrent__early_late_delta,G2_temporal_drift,remaining_process_signals,VIP,0.6569134850739385,-1,153,False
1,pls,Stat3_Etch_MV_moriInnerCurrent__long_phase_mean,G3_bosch_phase,remaining_process_signals,VIP,1.4943101247720463,1,30,False
1,pls,Stat3_Etch_MV_moriInnerCurrent__short_phase_mean,G3_bosch_phase,remaining_process_signals,VIP,1.0952856038794476,-1,60,False
1,pls,Stat3_Etch_MV_moriInnerCurrent__phase_difference,G3_bosch_phase,remaining_process_signals,VIP,0.17928435621048355,1,240,False
1,pls,Stat3_Etch_MV_moriInnerCurrent__cycle_mean_std,G4_cycle_behavior,remaining_process_signals,VIP,1.4232617688716969,1,36,False
1,pls,Stat3_Etch_MV_moriInnerCurrent__cycle_mean_slope,G4_cycle_behavior,remaining_process_signals,VIP,0.6769584108677306,-1,146,False
1,ridge,Stat3_Etch_MV_ForeLinePressure__active_mean,G1_level,pressure,absolute_standardized_coefficient,0.0004657342822886393,-1,223,False
1,ridge,Stat3_Etch_MV_ForeLinePressure__active_std,G1_level,pressure,absolute_standardized_coefficient,0.01359041813717082,-1,18,True
1,ridge,Stat3_Etch_MV_ForeLinePressure__active_range,G1_level,pressure,absolute_standardized_coefficient,0.018804364616501333,-1,6,True
1,ridge,Stat3_Etch_MV_ForeLinePressure__active_slope,G2_temporal_drift,pressure,absolute_standardized_coefficient,0.004276271468466275,-1,93,False
1,ridge,Stat3_Etch_MV_ForeLinePressure__early_late_delta,G2_temporal_drift,pressure,absolute_standardized_coefficient,0.001698492991689741,-1,175,False
1,ridge,Stat3_Etch_MV_ForeLinePressure__long_phase_mean,G3_bosch_phase,pressure,absolute_standardized_coefficient,0.002721048033220515,-1,122,False
1,ridge,Stat3_Etch_MV_ForeLinePressure__short_phase_mean,G3_bosch_phase,pressure,absolute_standardized_coefficient,0.004643765850531977,1,86,False
1,ridge,Stat3_Etch_MV_ForeLinePressure__phase_difference,G3_bosch_phase,pressure,absolute_standardized_coefficient,0.009543874576167097,-1,29,False
1,ridge,Stat3_Etch_MV_ForeLinePressure__cycle_mean_std,G4_cycle_behavior,pressure,absolute_standardized_coefficient,0.007482752645298987,1,44,False
1,ridge,Stat3_Etch_MV_ForeLinePressure__cycle_mean_slope,G4_cycle_behavior,pressure,absolute_standardized_coefficient,0.0023227477553091304,1,139,False
1,ridge,Stat3_Etch_MV_Gas1Flow__active_mean,G1_level,gas_or_backside_flow,absolute_standardized_coefficient,0.0005772790782115455,-1,216,False
1,ridge,Stat3_Etch_MV_Gas1Flow__active_std,G1_level,gas_or_backside_flow,absolute_standardized_coefficient,0.002238632382373768,1,145,False
1,ridge,Stat3_Etch_MV_Gas1Flow__active_range,G1_level,gas_or_backside_flow,absolute_standardized_coefficient,0.002200688485631725,1,150,False
1,ridge,Stat3_Etch_MV_Gas1Flow__active_slope,G2_temporal_drift,gas_or_backside_flow,absolute_standardized_coefficient,0.0014537520222045247,-1,184,False
1,ridge,Stat3_Etch_MV_Gas1Flow__early_late_delta,G2_temporal_drift,gas_or_backside_flow,absolute_standardized_coefficient,0.0014326231627777271,-1,185,False
1,ridge,Stat3_Etch_MV_Gas1Flow__long_phase_mean,G3_bosch_phase,gas_or_backside_flow,absolute_standardized_coefficient,0.003947908977323182,-1,103,False
1,ridge,Stat3_Etch_MV_Gas1Flow__short_phase_mean,G3_bosch_phase,gas_or_backside_flow,absolute_standardized_coefficient,0.0012502074528048931,1,190,False
1,ridge,Stat3_Etch_MV_Gas1Flow__phase_difference,G3_bosch_phase,gas_or_backside_flow,absolute_standardized_coefficient,0.0020683914657989447,-1,162,False
1,ridge,Stat3_Etch_MV_Gas1Flow__cycle_mean_std,G4_cycle_behavior,gas_or_backside_flow,absolute_standardized_coefficient,0.0019908620591720235,1,164,False
1,ridge,Stat3_Etch_MV_Gas1Flow__cycle_mean_slope,G4_cycle_behavior,gas_or_backside_flow,absolute_standardized_coefficient,0.005354810818722742,1,75,False
1,ridge,Stat3_Etch_MV_Gas2Flow__active_mean,G1_level,gas_or_backside_flow,absolute_standardized_coefficient,0.00251005487726552,1,131,False
1,ridge,Stat3_Etch_MV_Gas2Flow__active_std,G1_level,gas_or_backside_flow,absolute_standardized_coefficient,0.008145746233268207,1,38,False
1,ridge,Stat3_Etch_MV_Gas2Flow__active_range,G1_level,gas_or_backside_flow,absolute_standardized_coefficient,0.007522167471273101,1,43,False
1,ridge,Stat3_Etch_MV_Gas2Flow__active_slope,G2_temporal_drift,gas_or_backside_flow,absolute_standardized_coefficient,0.0023165744821817017,1,140,False
1,ridge,Stat3_Etch_MV_Gas2Flow__early_late_delta,G2_temporal_drift,gas_or_backside_flow,absolute_standardized_coefficient,0.0024671245679715797,1,134,False
1,ridge,Stat3_Etch_MV_Gas2Flow__long_phase_mean,G3_bosch_phase,gas_or_backside_flow,absolute_standardized_coefficient,0.0025268913449348093,1,128,False
1,ridge,Stat3_Etch_MV_Gas2Flow__short_phase_mean,G3_bosch_phase,gas_or_backside_flow,absolute_standardized_coefficient,0.002461478488796512,1,135,False
1,ridge,Stat3_Etch_MV_Gas2Flow__phase_difference,G3_bosch_phase,gas_or_backside_flow,absolute_standardized_coefficient,0.0015602744183280117,1,180,False
1,ridge,Stat3_Etch_MV_Gas2Flow__cycle_mean_std,G4_cycle_behavior,gas_or_backside_flow,absolute_standardized_coefficient,0.009038901179462473,1,32,False
1,ridge,Stat3_Etch_MV_Gas2Flow__cycle_mean_slope,G4_cycle_behavior,gas_or_backside_flow,absolute_standardized_coefficient,0.002532293266022964,1,127,False
1,ridge,Stat3_Etch_MV_Gas4Flow__active_mean,G1_level,gas_or_backside_flow,absolute_standardized_coefficient,0.003563145121935154,-1,106,False
1,ridge,Stat3_Etch_MV_Gas4Flow__active_std,G1_level,gas_or_backside_flow,absolute_standardized_coefficient,0.0013840310150707237,-1,187,False
1,ridge,Stat3_Etch_MV_Gas4Flow__active_slope,G2_temporal_drift,gas_or_backside_flow,absolute_standardized_coefficient,0.0005403623414642386,1,219,False
1,ridge,Stat3_Etch_MV_Gas4Flow__early_late_delta,G2_temporal_drift,gas_or_backside_flow,absolute_standardized_coefficient,0.0022257774114808797,1,146,False
1,ridge,Stat3_Etch_MV_Gas4Flow__long_phase_mean,G3_bosch_phase,gas_or_backside_flow,absolute_standardized_coefficient,6.738508077892407e-05,-1,240,False
1,ridge,Stat3_Etch_MV_Gas4Flow__short_phase_mean,G3_bosch_phase,gas_or_backside_flow,absolute_standardized_coefficient,0.0007433732236186252,1,208,False
1,ridge,Stat3_Etch_MV_Gas4Flow__phase_difference,G3_bosch_phase,gas_or_backside_flow,absolute_standardized_coefficient,0.0009468339790491133,-1,197,False
1,ridge,Stat3_Etch_MV_Gas4Flow__cycle_mean_std,G4_cycle_behavior,gas_or_backside_flow,absolute_standardized_coefficient,0.006664228129333713,1,54,False
1,ridge,Stat3_Etch_MV_Gas4Flow__cycle_mean_slope,G4_cycle_behavior,gas_or_backside_flow,absolute_standardized_coefficient,0.003985649555427441,-1,101,False
1,ridge,Stat3_Etch_MV_Gas5Flow__active_mean,G1_level,gas_or_backside_flow,absolute_standardized_coefficient,0.0052671035786806195,1,78,False
1,ridge,Stat3_Etch_MV_Gas5Flow__active_std,G1_level,gas_or_backside_flow,absolute_standardized_coefficient,0.004615961888424082,-1,87,False
1,ridge,Stat3_Etch_MV_Gas5Flow__active_slope,G2_temporal_drift,gas_or_backside_flow,absolute_standardized_coefficient,0.0008447390039363891,-1,203,False
1,ridge,Stat3_Etch_MV_Gas5Flow__early_late_delta,G2_temporal_drift,gas_or_backside_flow,absolute_standardized_coefficient,0.002250207742669147,-1,144,False
1,ridge,Stat3_Etch_MV_Gas5Flow__long_phase_mean,G3_bosch_phase,gas_or_backside_flow,absolute_standardized_coefficient,0.000590823890047173,1,215,False
1,ridge,Stat3_Etch_MV_Gas5Flow__short_phase_mean,G3_bosch_phase,gas_or_backside_flow,absolute_standardized_coefficient,0.00032095255194324035,-1,231,False
1,ridge,Stat3_Etch_MV_Gas5Flow__phase_difference,G3_bosch_phase,gas_or_backside_flow,absolute_standardized_coefficient,0.0019271487221715904,1,165,False
1,ridge,Stat3_Etch_MV_Gas5Flow__cycle_mean_std,G4_cycle_behavior,gas_or_backside_flow,absolute_standardized_coefficient,0.006523489911444374,1,58,False
1,ridge,Stat3_Etch_MV_Gas5Flow__cycle_mean_slope,G4_cycle_behavior,gas_or_backside_flow,absolute_standardized_coefficient,0.004415103040354619,1,91,False
1,ridge,Stat3_Etch_MV_Gas7Flow__active_mean,G1_level,gas_or_backside_flow,absolute_standardized_coefficient,0.0008694964280253651,-1,202,False
1,ridge,Stat3_Etch_MV_Gas7Flow__active_std,G1_level,gas_or_backside_flow,absolute_standardized_coefficient,4.677711914647829e-05,1,241,False
1,ridge,Stat3_Etch_MV_Gas7Flow__active_range,G1_level,gas_or_backside_flow,absolute_standardized_coefficient,0.0018823191910648923,-1,168,False
1,ridge,Stat3_Etch_MV_Gas7Flow__active_slope,G2_temporal_drift,gas_or_backside_flow,absolute_standardized_coefficient,0.0034516164888700835,1,109,False
1,ridge,Stat3_Etch_MV_Gas7Flow__early_late_delta,G2_temporal_drift,gas_or_backside_flow,absolute_standardized_coefficient,0.003552515322688877,1,107,False
1,ridge,Stat3_Etch_MV_Gas7Flow__long_phase_mean,G3_bosch_phase,gas_or_backside_flow,absolute_standardized_coefficient,0.0008880724832919455,-1,200,False
1,ridge,Stat3_Etch_MV_Gas7Flow__short_phase_mean,G3_bosch_phase,gas_or_backside_flow,absolute_standardized_coefficient,0.0008128358536921036,-1,205,False
1,ridge,Stat3_Etch_MV_Gas7Flow__phase_difference,G3_bosch_phase,gas_or_backside_flow,absolute_standardized_coefficient,0.002123661025680841,-1,156,False
1,ridge,Stat3_Etch_MV_Gas7Flow__cycle_mean_std,G4_cycle_behavior,gas_or_backside_flow,absolute_standardized_coefficient,0.003036360476555445,-1,117,False
1,ridge,Stat3_Etch_MV_Gas7Flow__cycle_mean_slope,G4_cycle_behavior,gas_or_backside_flow,absolute_standardized_coefficient,0.0033563628879497054,1,112,False
1,ridge,Stat3_Etch_MV_Heater1Temp__active_mean,G1_level,heater_temperature,absolute_standardized_coefficient,0.0023878662904694395,-1,136,False
1,ridge,Stat3_Etch_MV_Heater1Temp__active_std,G1_level,heater_temperature,absolute_standardized_coefficient,0.0027481024833207685,-1,121,False
1,ridge,Stat3_Etch_MV_Heater1Temp__active_slope,G2_temporal_drift,heater_temperature,absolute_standardized_coefficient,0.0007781107520441688,-1,207,False
1,ridge,Stat3_Etch_MV_Heater1Temp__early_late_delta,G2_temporal_drift,heater_temperature,absolute_standardized_coefficient,0.004240310977136497,-1,94,False
1,ridge,Stat3_Etch_MV_Heater1Temp__long_phase_mean,G3_bosch_phase,heater_temperature,absolute_standardized_coefficient,0.0021074980860211283,-1,158,False
1,ridge,Stat3_Etch_MV_Heater1Temp__short_phase_mean,G3_bosch_phase,heater_temperature,absolute_standardized_coefficient,0.0025190654926343604,-1,129,False
1,ridge,Stat3_Etch_MV_Heater1Temp__phase_difference,G3_bosch_phase,heater_temperature,absolute_standardized_coefficient,0.0007345991540691929,1,209,False
1,ridge,Stat3_Etch_MV_Heater1Temp__cycle_mean_std,G4_cycle_behavior,heater_temperature,absolute_standardized_coefficient,0.0061210308599263736,1,62,False
1,ridge,Stat3_Etch_MV_Heater1Temp__cycle_mean_slope,G4_cycle_behavior,heater_temperature,absolute_standardized_coefficient,0.001317637411249037,-1,188,False
1,ridge,Stat3_Etch_MV_Heater2Temp__active_mean,G1_level,heater_temperature,absolute_standardized_coefficient,0.006072635942952735,1,64,False
1,ridge,Stat3_Etch_MV_Heater2Temp__active_std,G1_level,heater_temperature,absolute_standardized_coefficient,0.009745868498724074,-1,27,False
1,ridge,Stat3_Etch_MV_Heater2Temp__active_range,G1_level,heater_temperature,absolute_standardized_coefficient,0.007599545925805102,-1,41,False
1,ridge,Stat3_Etch_MV_Heater2Temp__active_slope,G2_temporal_drift,heater_temperature,absolute_standardized_coefficient,0.0023770743001806463,-1,138,False
1,ridge,Stat3_Etch_MV_Heater2Temp__early_late_delta,G2_temporal_drift,heater_temperature,absolute_standardized_coefficient,0.0041996633417126766,-1,95,False
1,ridge,Stat3_Etch_MV_Heater2Temp__long_phase_mean,G3_bosch_phase,heater_temperature,absolute_standardized_coefficient,0.006079464127850513,1,63,False
1,ridge,Stat3_Etch_MV_Heater2Temp__short_phase_mean,G3_bosch_phase,heater_temperature,absolute_standardized_coefficient,0.006052850664489548,1,65,False
1,ridge,Stat3_Etch_MV_Heater2Temp__phase_difference,G3_bosch_phase,heater_temperature,absolute_standardized_coefficient,0.002142729308635353,1,152,False
1,ridge,Stat3_Etch_MV_Heater2Temp__cycle_mean_std,G4_cycle_behavior,heater_temperature,absolute_standardized_coefficient,0.009824152873633108,-1,26,False
1,ridge,Stat3_Etch_MV_Heater2Temp__cycle_mean_slope,G4_cycle_behavior,heater_temperature,absolute_standardized_coefficient,0.0023063763920748858,-1,141,False
1,ridge,Stat3_Etch_MV_Heater3Temp__active_mean,G1_level,heater_temperature,absolute_standardized_coefficient,0.0017191541646666801,-1,174,False
1,ridge,Stat3_Etch_MV_Heater3Temp__active_std,G1_level,heater_temperature,absolute_standardized_coefficient,0.011216592144862356,1,21,False
1,ridge,Stat3_Etch_MV_Heater3Temp__active_range,G1_level,heater_temperature,absolute_standardized_coefficient,0.00984562806885765,1,25,False
1,ridge,Stat3_Etch_MV_Heater3Temp__active_slope,G2_temporal_drift,heater_temperature,absolute_standardized_coefficient,0.000433891146132698,-1,225,False
1,ridge,Stat3_Etch_MV_Heater3Temp__early_late_delta,G2_temporal_drift,heater_temperature,absolute_standardized_coefficient,0.0016787214244609442,-1,176,False
1,ridge,Stat3_Etch_MV_Heater3Temp__long_phase_mean,G3_bosch_phase,heater_temperature,absolute_standardized_coefficient,0.0016690591649662575,-1,178,False
1,ridge,Stat3_Etch_MV_Heater3Temp__short_phase_mean,G3_bosch_phase,heater_temperature,absolute_standardized_coefficient,0.0018601337691202926,-1,169,False
1,ridge,Stat3_Etch_MV_Heater3Temp__phase_difference,G3_bosch_phase,heater_temperature,absolute_standardized_coefficient,0.001478048734224665,1,183,False
1,ridge,Stat3_Etch_MV_Heater3Temp__cycle_mean_std,G4_cycle_behavior,heater_temperature,absolute_standardized_coefficient,0.009698168952340191,1,28,False
1,ridge,Stat3_Etch_MV_Heater3Temp__cycle_mean_slope,G4_cycle_behavior,heater_temperature,absolute_standardized_coefficient,0.00040597474829440054,-1,227,False
1,ridge,Stat3_Etch_MV_Heater4Temp__active_mean,G1_level,heater_temperature,absolute_standardized_coefficient,0.0005930121412656881,-1,214,False
1,ridge,Stat3_Etch_MV_Heater4Temp__active_std,G1_level,heater_temperature,absolute_standardized_coefficient,0.007260241294392041,1,46,False
1,ridge,Stat3_Etch_MV_Heater4Temp__active_range,G1_level,heater_temperature,absolute_standardized_coefficient,0.0014055523819202344,-1,186,False
1,ridge,Stat3_Etch_MV_Heater4Temp__active_slope,G2_temporal_drift,heater_temperature,absolute_standardized_coefficient,0.0008852284177490689,-1,201,False
1,ridge,Stat3_Etch_MV_Heater4Temp__early_late_delta,G2_temporal_drift,heater_temperature,absolute_standardized_coefficient,0.00044771580923548093,1,224,False
1,ridge,Stat3_Etch_MV_Heater4Temp__long_phase_mean,G3_bosch_phase,heater_temperature,absolute_standardized_coefficient,0.0005991272267349796,-1,213,False
1,ridge,Stat3_Etch_MV_Heater4Temp__short_phase_mean,G3_bosch_phase,heater_temperature,absolute_standardized_coefficient,0.0005761877270472396,-1,217,False
1,ridge,Stat3_Etch_MV_Heater4Temp__phase_difference,G3_bosch_phase,heater_temperature,absolute_standardized_coefficient,0.00162795751451421,-1,179,False
1,ridge,Stat3_Etch_MV_Heater4Temp__cycle_mean_std,G4_cycle_behavior,heater_temperature,absolute_standardized_coefficient,0.006637517865161649,1,56,False
1,ridge,Stat3_Etch_MV_Heater4Temp__cycle_mean_slope,G4_cycle_behavior,heater_temperature,absolute_standardized_coefficient,0.0003704244065162655,-1,229,False
1,ridge,Stat3_Etch_MV_HeliumBPFlow__active_mean,G1_level,gas_or_backside_flow,absolute_standardized_coefficient,0.002517167465389085,1,130,False
1,ridge,Stat3_Etch_MV_HeliumBPFlow__active_std,G1_level,gas_or_backside_flow,absolute_standardized_coefficient,0.0006128340216345949,-1,212,False
1,ridge,Stat3_Etch_MV_HeliumBPFlow__active_range,G1_level,gas_or_backside_flow,absolute_standardized_coefficient,0.00022438656105094055,-1,233,False
1,ridge,Stat3_Etch_MV_HeliumBPFlow__active_slope,G2_temporal_drift,gas_or_backside_flow,absolute_standardized_coefficient,0.002266364036757556,1,143,False
1,ridge,Stat3_Etch_MV_HeliumBPFlow__early_late_delta,G2_temporal_drift,gas_or_backside_flow,absolute_standardized_coefficient,0.002485289367914073,1,133,False
1,ridge,Stat3_Etch_MV_HeliumBPFlow__long_phase_mean,G3_bosch_phase,gas_or_backside_flow,absolute_standardized_coefficient,0.0025058807701915887,1,132,False
1,ridge,Stat3_Etch_MV_HeliumBPFlow__short_phase_mean,G3_bosch_phase,gas_or_backside_flow,absolute_standardized_coefficient,0.002551600154187157,1,126,False
1,ridge,Stat3_Etch_MV_HeliumBPFlow__phase_difference,G3_bosch_phase,gas_or_backside_flow,absolute_standardized_coefficient,0.002284689245283656,-1,142,False
1,ridge,Stat3_Etch_MV_HeliumBPFlow__cycle_mean_std,G4_cycle_behavior,gas_or_backside_flow,absolute_standardized_coefficient,0.0009414344618027051,-1,198,False
1,ridge,Stat3_Etch_MV_HeliumBPFlow__cycle_mean_slope,G4_cycle_behavior,gas_or_backside_flow,absolute_standardized_coefficient,0.00221352965341369,1,148,False
1,ridge,Stat3_Etch_MV_HeliumBPPressure__active_mean,G1_level,pressure,absolute_standardized_coefficient,0.006618960372154218,-1,57,False
1,ridge,Stat3_Etch_MV_HeliumBPPressure__active_std,G1_level,pressure,absolute_standardized_coefficient,0.004913043421043922,1,82,False
1,ridge,Stat3_Etch_MV_HeliumBPPressure__active_range,G1_level,pressure,absolute_standardized_coefficient,0.00048378930984662653,-1,221,False
1,ridge,Stat3_Etch_MV_HeliumBPPressure__active_slope,G2_temporal_drift,pressure,absolute_standardized_coefficient,0.005954647745264945,1,67,False
1,ridge,Stat3_Etch_MV_HeliumBPPressure__early_late_delta,G2_temporal_drift,pressure,absolute_standardized_coefficient,0.005277209715867066,1,77,False
1,ridge,Stat3_Etch_MV_HeliumBPPressure__long_phase_mean,G3_bosch_phase,pressure,absolute_standardized_coefficient,0.007569861684613806,-1,42,False
1,ridge,Stat3_Etch_MV_HeliumBPPressure__short_phase_mean,G3_bosch_phase,pressure,absolute_standardized_coefficient,0.0028153340689594294,-1,119,False
1,ridge,Stat3_Etch_MV_HeliumBPPressure__phase_difference,G3_bosch_phase,pressure,absolute_standardized_coefficient,0.0019980022632442346,-1,163,False
1,ridge,Stat3_Etch_MV_HeliumBPPressure__cycle_mean_std,G4_cycle_behavior,pressure,absolute_standardized_coefficient,0.009387916205572493,1,30,False
1,ridge,Stat3_Etch_MV_HeliumBPPressure__cycle_mean_slope,G4_cycle_behavior,pressure,absolute_standardized_coefficient,0.0067516624376218705,1,52,False
1,ridge,Stat3_Etch_MV_PlatenDcBias__active_mean,G1_level,rf_power_matching_electrical,absolute_standardized_coefficient,0.0045289870706759685,1,88,False
1,ridge,Stat3_Etch_MV_PlatenDcBias__active_std,G1_level,rf_power_matching_electrical,absolute_standardized_coefficient,0.0059132479878134196,1,69,False
1,ridge,Stat3_Etch_MV_PlatenDcBias__active_range,G1_level,rf_power_matching_electrical,absolute_standardized_coefficient,0.006675870680906899,1,53,False
1,ridge,Stat3_Etch_MV_PlatenDcBias__active_slope,G2_temporal_drift,rf_power_matching_electrical,absolute_standardized_coefficient,0.0018912723229659997,1,167,False
1,ridge,Stat3_Etch_MV_PlatenDcBias__early_late_delta,G2_temporal_drift,rf_power_matching_electrical,absolute_standardized_coefficient,0.0019125227766664352,1,166,False
1,ridge,Stat3_Etch_MV_PlatenDcBias__long_phase_mean,G3_bosch_phase,rf_power_matching_electrical,absolute_standardized_coefficient,0.0015585290833397389,1,181,False
1,ridge,Stat3_Etch_MV_PlatenDcBias__short_phase_mean,G3_bosch_phase,rf_power_matching_electrical,absolute_standardized_coefficient,0.006754792870083971,1,51,False
1,ridge,Stat3_Etch_MV_PlatenDcBias__phase_difference,G3_bosch_phase,rf_power_matching_electrical,absolute_standardized_coefficient,0.0058897916478992205,-1,70,False
1,ridge,Stat3_Etch_MV_PlatenDcBias__cycle_mean_std,G4_cycle_behavior,rf_power_matching_electrical,absolute_standardized_coefficient,0.004048128500117241,-1,98,False
1,ridge,Stat3_Etch_MV_PlatenDcBias__cycle_mean_slope,G4_cycle_behavior,rf_power_matching_electrical,absolute_standardized_coefficient,0.0017925741764544057,1,173,False
1,ridge,Stat3_Etch_MV_PlatenRFLoadCapacitor__active_mean,G1_level,rf_power_matching_electrical,absolute_standardized_coefficient,0.00013583596054091585,1,237,False
1,ridge,Stat3_Etch_MV_PlatenRFLoadCapacitor__active_std,G1_level,rf_power_matching_electrical,absolute_standardized_coefficient,0.009212197295499627,-1,31,False
1,ridge,Stat3_Etch_MV_PlatenRFLoadCapacitor__active_range,G1_level,rf_power_matching_electrical,absolute_standardized_coefficient,0.0010260447969380135,-1,196,False
1,ridge,Stat3_Etch_MV_PlatenRFLoadCapacitor__active_slope,G2_temporal_drift,rf_power_matching_electrical,absolute_standardized_coefficient,0.0036480963698932657,-1,105,False
1,ridge,Stat3_Etch_MV_PlatenRFLoadCapacitor__early_late_delta,G2_temporal_drift,rf_power_matching_electrical,absolute_standardized_coefficient,0.007174837122385808,-1,48,False
1,ridge,Stat3_Etch_MV_PlatenRFLoadCapacitor__long_phase_mean,G3_bosch_phase,rf_power_matching_electrical,absolute_standardized_coefficient,0.00018294593371620278,-1,235,False
1,ridge,Stat3_Etch_MV_PlatenRFLoadCapacitor__short_phase_mean,G3_bosch_phase,rf_power_matching_electrical,absolute_standardized_coefficient,0.0007911038509359487,1,206,False
1,ridge,Stat3_Etch_MV_PlatenRFLoadCapacitor__phase_difference,G3_bosch_phase,rf_power_matching_electrical,absolute_standardized_coefficient,0.001246967051241432,-1,191,False
1,ridge,Stat3_Etch_MV_PlatenRFLoadCapacitor__cycle_mean_std,G4_cycle_behavior,rf_power_matching_electrical,absolute_standardized_coefficient,8.91310595646439e-05,1,239,False
1,ridge,Stat3_Etch_MV_PlatenRFLoadCapacitor__cycle_mean_slope,G4_cycle_behavior,rf_power_matching_electrical,absolute_standardized_coefficient,0.0006853107758583218,1,210,False
1,ridge,Stat3_Etch_MV_PlatenRFLoadPower__active_mean,G1_level,rf_power_matching_electrical,absolute_standardized_coefficient,0.006407514924484775,-1,60,False
1,ridge,Stat3_Etch_MV_PlatenRFLoadPower__active_std,G1_level,rf_power_matching_electrical,absolute_standardized_coefficient,0.0012885673751556039,1,189,False
1,ridge,Stat3_Etch_MV_PlatenRFLoadPower__active_range,G1_level,rf_power_matching_electrical,absolute_standardized_coefficient,0.007153550401632425,1,50,False
1,ridge,Stat3_Etch_MV_PlatenRFLoadPower__active_slope,G2_temporal_drift,rf_power_matching_electrical,absolute_standardized_coefficient,0.00592251044847478,1,68,False
1,ridge,Stat3_Etch_MV_PlatenRFLoadPower__early_late_delta,G2_temporal_drift,rf_power_matching_electrical,absolute_standardized_coefficient,0.002672530069183574,-1,123,False
1,ridge,Stat3_Etch_MV_PlatenRFLoadPower__long_phase_mean,G3_bosch_phase,rf_power_matching_electrical,absolute_standardized_coefficient,0.004900781632892021,-1,83,False
1,ridge,Stat3_Etch_MV_PlatenRFLoadPower__short_phase_mean,G3_bosch_phase,rf_power_matching_electrical,absolute_standardized_coefficient,0.0030393398329896875,-1,116,False
1,ridge,Stat3_Etch_MV_PlatenRFLoadPower__phase_difference,G3_bosch_phase,rf_power_matching_electrical,absolute_standardized_coefficient,0.0003445952422901703,1,230,False
1,ridge,Stat3_Etch_MV_PlatenRFLoadPower__cycle_mean_std,G4_cycle_behavior,rf_power_matching_electrical,absolute_standardized_coefficient,0.006514918058331936,1,59,False
1,ridge,Stat3_Etch_MV_PlatenRFLoadPower__cycle_mean_slope,G4_cycle_behavior,rf_power_matching_electrical,absolute_standardized_coefficient,0.004432943935240702,1,89,False
1,ridge,Stat3_Etch_MV_PlatenRFPeakToPeak__active_mean,G1_level,rf_power_matching_electrical,absolute_standardized_coefficient,0.012999312059511514,-1,19,True
1,ridge,Stat3_Etch_MV_PlatenRFPeakToPeak__active_std,G1_level,rf_power_matching_electrical,absolute_standardized_coefficient,0.0001679532229816455,-1,236,False
1,ridge,Stat3_Etch_MV_PlatenRFPeakToPeak__active_range,G1_level,rf_power_matching_electrical,absolute_standardized_coefficient,0.021985571902263776,-1,2,True
1,ridge,Stat3_Etch_MV_PlatenRFPeakToPeak__active_slope,G2_temporal_drift,rf_power_matching_electrical,absolute_standardized_coefficient,0.004806560753279564,1,85,False
1,ridge,Stat3_Etch_MV_PlatenRFPeakToPeak__early_late_delta,G2_temporal_drift,rf_power_matching_electrical,absolute_standardized_coefficient,0.0033823884662177272,-1,110,False
1,ridge,Stat3_Etch_MV_PlatenRFPeakToPeak__long_phase_mean,G3_bosch_phase,rf_power_matching_electrical,absolute_standardized_coefficient,0.010242323562443114,-1,24,False
1,ridge,Stat3_Etch_MV_PlatenRFPeakToPeak__short_phase_mean,G3_bosch_phase,rf_power_matching_electrical,absolute_standardized_coefficient,0.012152641340103855,-1,20,True
1,ridge,Stat3_Etch_MV_PlatenRFPeakToPeak__phase_difference,G3_bosch_phase,rf_power_matching_electrical,absolute_standardized_coefficient,0.007940112491918642,1,39,False
1,ridge,Stat3_Etch_MV_PlatenRFPeakToPeak__cycle_mean_std,G4_cycle_behavior,rf_power_matching_electrical,absolute_standardized_coefficient,0.003963030405559675,-1,102,False
1,ridge,Stat3_Etch_MV_PlatenRFPeakToPeak__cycle_mean_slope,G4_cycle_behavior,rf_power_matching_electrical,absolute_standardized_coefficient,0.0035136568174051835,1,108,False
1,ridge,Stat3_Etch_MV_PlatenRFReflectedPower__active_mean,G1_level,rf_power_matching_electrical,absolute_standardized_coefficient,0.001674407600341466,1,177,False
1,ridge,Stat3_Etch_MV_PlatenRFReflectedPower__active_std,G1_level,rf_power_matching_electrical,absolute_standardized_coefficient,0.004356777817085965,1,92,False
1,ridge,Stat3_Etch_MV_PlatenRFReflectedPower__active_range,G1_level,rf_power_matching_electrical,absolute_standardized_coefficient,0.018153383587750375,1,7,True
1,ridge,Stat3_Etch_MV_PlatenRFReflectedPower__active_slope,G2_temporal_drift,rf_power_matching_electrical,absolute_standardized_coefficient,0.0033675686547280444,1,111,False
1,ridge,Stat3_Etch_MV_PlatenRFReflectedPower__early_late_delta,G2_temporal_drift,rf_power_matching_electrical,absolute_standardized_coefficient,0.002205165925382047,1,149,False
1,ridge,Stat3_Etch_MV_PlatenRFReflectedPower__long_phase_mean,G3_bosch_phase,rf_power_matching_electrical,absolute_standardized_coefficient,0.015155083388628175,-1,15,True
1,ridge,Stat3_Etch_MV_PlatenRFReflectedPower__short_phase_mean,G3_bosch_phase,rf_power_matching_electrical,absolute_standardized_coefficient,0.013858092361008044,1,17,True
1,ridge,Stat3_Etch_MV_PlatenRFReflectedPower__phase_difference,G3_bosch_phase,rf_power_matching_electrical,absolute_standardized_coefficient,0.015642678618205928,-1,13,True
1,ridge,Stat3_Etch_MV_PlatenRFReflectedPower__cycle_mean_std,G4_cycle_behavior,rf_power_matching_electrical,absolute_standardized_coefficient,0.00305994733231154,-1,115,False
1,ridge,Stat3_Etch_MV_PlatenRFReflectedPower__cycle_mean_slope,G4_cycle_behavior,rf_power_matching_electrical,absolute_standardized_coefficient,0.0025967943184369378,1,125,False
1,ridge,Stat3_Etch_MV_PlatenRFTuningCapacitor__active_mean,G1_level,rf_power_matching_electrical,absolute_standardized_coefficient,0.016805751384694412,-1,10,True
1,ridge,Stat3_Etch_MV_PlatenRFTuningCapacitor__active_std,G1_level,rf_power_matching_electrical,absolute_standardized_coefficient,0.011067932805626101,1,22,False
1,ridge,Stat3_Etch_MV_PlatenRFTuningCapacitor__active_range,G1_level,rf_power_matching_electrical,absolute_standardized_coefficient,0.015490325281742469,1,14,True
1,ridge,Stat3_Etch_MV_PlatenRFTuningCapacitor__active_slope,G2_temporal_drift,rf_power_matching_electrical,absolute_standardized_coefficient,0.005776971744929763,1,72,False
1,ridge,Stat3_Etch_MV_PlatenRFTuningCapacitor__early_late_delta,G2_temporal_drift,rf_power_matching_electrical,absolute_standardized_coefficient,0.0015508043951621049,1,182,False
1,ridge,Stat3_Etch_MV_PlatenRFTuningCapacitor__long_phase_mean,G3_bosch_phase,rf_power_matching_electrical,absolute_standardized_coefficient,0.017622150737314414,-1,8,True
1,ridge,Stat3_Etch_MV_PlatenRFTuningCapacitor__short_phase_mean,G3_bosch_phase,rf_power_matching_electrical,absolute_standardized_coefficient,0.005572029873047916,-1,73,False
1,ridge,Stat3_Etch_MV_PlatenRFTuningCapacitor__phase_difference,G3_bosch_phase,rf_power_matching_electrical,absolute_standardized_coefficient,0.016790702053881924,-1,11,True
1,ridge,Stat3_Etch_MV_PlatenRFTuningCapacitor__cycle_mean_std,G4_cycle_behavior,rf_power_matching_electrical,absolute_standardized_coefficient,0.0002741257555031449,1,232,False
1,ridge,Stat3_Etch_MV_PlatenRFTuningCapacitor__cycle_mean_slope,G4_cycle_behavior,rf_power_matching_electrical,absolute_standardized_coefficient,0.007172817358636688,1,49,False
1,ridge,Stat3_Etch_MV_Pressure__active_mean,G1_level,pressure,absolute_standardized_coefficient,0.0028371019856835294,1,118,False
1,ridge,Stat3_Etch_MV_Pressure__active_std,G1_level,pressure,absolute_standardized_coefficient,0.01664349550810407,-1,12,True
1,ridge,Stat3_Etch_MV_Pressure__active_range,G1_level,pressure,absolute_standardized_coefficient,0.003904560904128536,-1,104,False
1,ridge,Stat3_Etch_MV_Pressure__active_slope,G2_temporal_drift,pressure,absolute_standardized_coefficient,0.008158645058205394,1,37,False
1,ridge,Stat3_Etch_MV_Pressure__early_late_delta,G2_temporal_drift,pressure,absolute_standardized_coefficient,0.0008397161001719789,1,204,False
1,ridge,Stat3_Etch_MV_Pressure__long_phase_mean,G3_bosch_phase,pressure,absolute_standardized_coefficient,0.002380751847689548,1,137,False
1,ridge,Stat3_Etch_MV_Pressure__short_phase_mean,G3_bosch_phase,pressure,absolute_standardized_coefficient,0.0004900285960020875,1,220,False
1,ridge,Stat3_Etch_MV_Pressure__phase_difference,G3_bosch_phase,pressure,absolute_standardized_coefficient,0.00011146444354424791,1,238,False
1,ridge,Stat3_Etch_MV_Pressure__cycle_mean_std,G4_cycle_behavior,pressure,absolute_standardized_coefficient,0.005957707641458264,1,66,False
1,ridge,Stat3_Etch_MV_Pressure__cycle_mean_slope,G4_cycle_behavior,pressure,absolute_standardized_coefficient,0.0005630804823715717,1,218,False
1,ridge,Stat3_Etch_MV_SourceRF2PeakToPeak__active_mean,G1_level,rf_power_matching_electrical,absolute_standardized_coefficient,0.0011301341280117697,1,193,False
1,ridge,Stat3_Etch_MV_SourceRF2PeakToPeak__active_std,G1_level,rf_power_matching_electrical,absolute_standardized_coefficient,0.0018087427742564401,1,171,False
1,ridge,Stat3_Etch_MV_SourceRF2PeakToPeak__active_slope,G2_temporal_drift,rf_power_matching_electrical,absolute_standardized_coefficient,0.001842213241894893,-1,170,False
1,ridge,Stat3_Etch_MV_SourceRF2PeakToPeak__early_late_delta,G2_temporal_drift,rf_power_matching_electrical,absolute_standardized_coefficient,0.002177578288940798,-1,151,False
1,ridge,Stat3_Etch_MV_SourceRF2PeakToPeak__long_phase_mean,G3_bosch_phase,rf_power_matching_electrical,absolute_standardized_coefficient,0.0011008372553143733,1,194,False
1,ridge,Stat3_Etch_MV_SourceRF2PeakToPeak__phase_difference,G3_bosch_phase,rf_power_matching_electrical,absolute_standardized_coefficient,0.0011008372553143733,1,195,False
1,ridge,Stat3_Etch_MV_SourceRF2PeakToPeak__cycle_mean_std,G4_cycle_behavior,rf_power_matching_electrical,absolute_standardized_coefficient,0.0004798378618064088,1,222,False
1,ridge,Stat3_Etch_MV_SourceRF2PeakToPeak__cycle_mean_slope,G4_cycle_behavior,rf_power_matching_electrical,absolute_standardized_coefficient,0.0017971196067514592,-1,172,False
1,ridge,Stat3_Etch_MV_SourceRF2TuningCapacitor__active_mean,G1_level,rf_power_matching_electrical,absolute_standardized_coefficient,0.0021263297364139504,-1,155,False
1,ridge,Stat3_Etch_MV_SourceRF2TuningCapacitor__active_std,G1_level,rf_power_matching_electrical,absolute_standardized_coefficient,0.0022156439832055194,1,147,False
1,ridge,Stat3_Etch_MV_SourceRF2TuningCapacitor__active_slope,G2_temporal_drift,rf_power_matching_electrical,absolute_standardized_coefficient,0.002126666796776372,1,154,False
1,ridge,Stat3_Etch_MV_SourceRF2TuningCapacitor__early_late_delta,G2_temporal_drift,rf_power_matching_electrical,absolute_standardized_coefficient,0.00212931055407781,1,153,False
1,ridge,Stat3_Etch_MV_SourceRF2TuningCapacitor__short_phase_mean,G3_bosch_phase,rf_power_matching_electrical,absolute_standardized_coefficient,0.002102544788400947,-1,159,False
1,ridge,Stat3_Etch_MV_SourceRF2TuningCapacitor__phase_difference,G3_bosch_phase,rf_power_matching_electrical,absolute_standardized_coefficient,0.002102544788400947,1,160,False
1,ridge,Stat3_Etch_MV_SourceRFLoadPower__active_mean,G1_level,rf_power_matching_electrical,absolute_standardized_coefficient,0.008875996774025336,1,33,False
1,ridge,Stat3_Etch_MV_SourceRFLoadPower__active_std,G1_level,rf_power_matching_electrical,absolute_standardized_coefficient,0.0006450858309842753,-1,211,False
1,ridge,Stat3_Etch_MV_SourceRFLoadPower__active_range,G1_level,rf_power_matching_electrical,absolute_standardized_coefficient,0.008385334847172563,-1,35,False
1,ridge,Stat3_Etch_MV_SourceRFLoadPower__active_slope,G2_temporal_drift,rf_power_matching_electrical,absolute_standardized_coefficient,0.002074202042355734,-1,161,False
1,ridge,Stat3_Etch_MV_SourceRFLoadPower__early_late_delta,G2_temporal_drift,rf_power_matching_electrical,absolute_standardized_coefficient,0.00042987240673022554,-1,226,False
1,ridge,Stat3_Etch_MV_SourceRFLoadPower__long_phase_mean,G3_bosch_phase,rf_power_matching_electrical,absolute_standardized_coefficient,0.010489883969603118,1,23,False
1,ridge,Stat3_Etch_MV_SourceRFLoadPower__short_phase_mean,G3_bosch_phase,rf_power_matching_electrical,absolute_standardized_coefficient,0.0031804500986247703,1,114,False
1,ridge,Stat3_Etch_MV_SourceRFLoadPower__phase_difference,G3_bosch_phase,rf_power_matching_electrical,absolute_standardized_coefficient,0.00019191055689537617,-1,234,False
1,ridge,Stat3_Etch_MV_SourceRFLoadPower__cycle_mean_std,G4_cycle_behavior,rf_power_matching_electrical,absolute_standardized_coefficient,0.00519982100125685,1,80,False
1,ridge,Stat3_Etch_MV_SourceRFLoadPower__cycle_mean_slope,G4_cycle_behavior,rf_power_matching_electrical,absolute_standardized_coefficient,0.004175207504966653,-1,96,False
1,ridge,Stat3_Etch_MV_SourceRFPeakToPeak__active_mean,G1_level,rf_power_matching_electrical,absolute_standardized_coefficient,0.0072529913096193695,1,47,False
1,ridge,Stat3_Etch_MV_SourceRFPeakToPeak__active_std,G1_level,rf_power_matching_electrical,absolute_standardized_coefficient,0.008194893426751254,1,36,False
1,ridge,Stat3_Etch_MV_SourceRFPeakToPeak__active_range,G1_level,rf_power_matching_electrical,absolute_standardized_coefficient,0.0011792692669368179,1,192,False
1,ridge,Stat3_Etch_MV_SourceRFPeakToPeak__active_slope,G2_temporal_drift,rf_power_matching_electrical,absolute_standardized_coefficient,0.007432982313995155,-1,45,False
1,ridge,Stat3_Etch_MV_SourceRFPeakToPeak__early_late_delta,G2_temporal_drift,rf_power_matching_electrical,absolute_standardized_coefficient,0.00403015738432642,-1,100,False
1,ridge,Stat3_Etch_MV_SourceRFPeakToPeak__long_phase_mean,G3_bosch_phase,rf_power_matching_electrical,absolute_standardized_coefficient,0.0077083087334074325,1,40,False
1,ridge,Stat3_Etch_MV_SourceRFPeakToPeak__short_phase_mean,G3_bosch_phase,rf_power_matching_electrical,absolute_standardized_coefficient,0.0048065973414503265,1,84,False
1,ridge,Stat3_Etch_MV_SourceRFPeakToPeak__phase_difference,G3_bosch_phase,rf_power_matching_electrical,absolute_standardized_coefficient,0.006654346511251272,1,55,False
1,ridge,Stat3_Etch_MV_SourceRFPeakToPeak__cycle_mean_std,G4_cycle_behavior,rf_power_matching_electrical,absolute_standardized_coefficient,0.004426597972017533,1,90,False
1,ridge,Stat3_Etch_MV_SourceRFPeakToPeak__cycle_mean_slope,G4_cycle_behavior,rf_power_matching_electrical,absolute_standardized_coefficient,0.005286778101838868,-1,76,False
1,ridge,Stat3_Etch_MV_SourceRFReflectedPower__active_mean,G1_level,rf_power_matching_electrical,absolute_standardized_coefficient,0.01933890346702254,-1,4,True
1,ridge,Stat3_Etch_MV_SourceRFReflectedPower__active_std,G1_level,rf_power_matching_electrical,absolute_standardized_coefficient,0.01740212151043905,-1,9,True
1,ridge,Stat3_Etch_MV_SourceRFReflectedPower__active_range,G1_level,rf_power_matching_electrical,absolute_standardized_coefficient,0.025164147822050596,-1,1,True
1,ridge,Stat3_Etch_MV_SourceRFReflectedPower__active_slope,G2_temporal_drift,rf_power_matching_electrical,absolute_standardized_coefficient,0.0021172892650668912,1,157,False
1,ridge,Stat3_Etch_MV_SourceRFReflectedPower__early_late_delta,G2_temporal_drift,rf_power_matching_electrical,absolute_standardized_coefficient,0.002651031030433948,1,124,False
1,ridge,Stat3_Etch_MV_SourceRFReflectedPower__long_phase_mean,G3_bosch_phase,rf_power_matching_electrical,absolute_standardized_coefficient,0.014657680879710236,-1,16,True
1,ridge,Stat3_Etch_MV_SourceRFReflectedPower__short_phase_mean,G3_bosch_phase,rf_power_matching_electrical,absolute_standardized_coefficient,0.020119728012709642,-1,3,True
1,ridge,Stat3_Etch_MV_SourceRFReflectedPower__phase_difference,G3_bosch_phase,rf_power_matching_electrical,absolute_standardized_coefficient,0.019235733779348424,1,5,True
1,ridge,Stat3_Etch_MV_SourceRFReflectedPower__cycle_mean_std,G4_cycle_behavior,rf_power_matching_electrical,absolute_standardized_coefficient,0.006383119657466111,1,61,False
1,ridge,Stat3_Etch_MV_SourceRFReflectedPower__cycle_mean_slope,G4_cycle_behavior,rf_power_matching_electrical,absolute_standardized_coefficient,0.002755107188245336,-1,120,False
1,ridge,Stat3_Etch_MV_moriInnerCurrent__active_mean,G1_level,remaining_process_signals,absolute_standardized_coefficient,0.0009161876561895631,-1,199,False
1,ridge,Stat3_Etch_MV_moriInnerCurrent__active_std,G1_level,remaining_process_signals,absolute_standardized_coefficient,0.008533566308330187,1,34,False
1,ridge,Stat3_Etch_MV_moriInnerCurrent__active_range,G1_level,remaining_process_signals,absolute_standardized_coefficient,0.005882361704465694,1,71,False
1,ridge,Stat3_Etch_MV_moriInnerCurrent__active_slope,G2_temporal_drift,remaining_process_signals,absolute_standardized_coefficient,0.0040614417128724415,-1,97,False
1,ridge,Stat3_Etch_MV_moriInnerCurrent__early_late_delta,G2_temporal_drift,remaining_process_signals,absolute_standardized_coefficient,0.005212411453278784,-1,79,False
1,ridge,Stat3_Etch_MV_moriInnerCurrent__long_phase_mean,G3_bosch_phase,remaining_process_signals,absolute_standardized_coefficient,0.0004054697586399773,1,228,False
1,ridge,Stat3_Etch_MV_moriInnerCurrent__short_phase_mean,G3_bosch_phase,remaining_process_signals,absolute_standardized_coefficient,0.0032882235594907778,-1,113,False
1,ridge,Stat3_Etch_MV_moriInnerCurrent__phase_difference,G3_bosch_phase,remaining_process_signals,absolute_standardized_coefficient,0.004044796805859647,1,99,False
1,ridge,Stat3_Etch_MV_moriInnerCurrent__cycle_mean_std,G4_cycle_behavior,remaining_process_signals,absolute_standardized_coefficient,0.0053866673700619415,1,74,False
1,ridge,Stat3_Etch_MV_moriInnerCurrent__cycle_mean_slope,G4_cycle_behavior,remaining_process_signals,absolute_standardized_coefficient,0.005124022369198424,-1,81,False
2,pls,Stat3_Etch_MV_ForeLinePressure__active_mean,G1_level,pressure,VIP,0.41260774768861397,-1,204,False
2,pls,Stat3_Etch_MV_ForeLinePressure__active_std,G1_level,pressure,VIP,1.2544734086436484,-1,44,False
2,pls,Stat3_Etch_MV_ForeLinePressure__active_range,G1_level,pressure,VIP,1.8981438008836038,-1,14,True
2,pls,Stat3_Etch_MV_ForeLinePressure__active_slope,G2_temporal_drift,pressure,VIP,0.6932179669071169,-1,149,False
2,pls,Stat3_Etch_MV_ForeLinePressure__early_late_delta,G2_temporal_drift,pressure,VIP,0.45128858016746065,-1,194,False
2,pls,Stat3_Etch_MV_ForeLinePressure__long_phase_mean,G3_bosch_phase,pressure,VIP,0.5900107430357275,-1,167,False
2,pls,Stat3_Etch_MV_ForeLinePressure__short_phase_mean,G3_bosch_phase,pressure,VIP,0.303366602649194,1,227,False
2,pls,Stat3_Etch_MV_ForeLinePressure__phase_difference,G3_bosch_phase,pressure,VIP,0.8661526326581269,-1,97,False
2,pls,Stat3_Etch_MV_ForeLinePressure__cycle_mean_std,G4_cycle_behavior,pressure,VIP,0.83179387705538,1,108,False
2,pls,Stat3_Etch_MV_ForeLinePressure__cycle_mean_slope,G4_cycle_behavior,pressure,VIP,0.5424195269022462,1,170,False
2,pls,Stat3_Etch_MV_Gas1Flow__active_mean,G1_level,gas_or_backside_flow,VIP,0.709080427211516,-1,144,False
2,pls,Stat3_Etch_MV_Gas1Flow__active_std,G1_level,gas_or_backside_flow,VIP,0.8905610515604223,1,81,False
2,pls,Stat3_Etch_MV_Gas1Flow__active_range,G1_level,gas_or_backside_flow,VIP,0.174893690014253,1,237,False
2,pls,Stat3_Etch_MV_Gas1Flow__active_slope,G2_temporal_drift,gas_or_backside_flow,VIP,0.8697133794384607,-1,94,False
2,pls,Stat3_Etch_MV_Gas1Flow__early_late_delta,G2_temporal_drift,gas_or_backside_flow,VIP,0.8746087114943554,-1,93,False
2,pls,Stat3_Etch_MV_Gas1Flow__long_phase_mean,G3_bosch_phase,gas_or_backside_flow,VIP,0.42377459654356975,-1,202,False
2,pls,Stat3_Etch_MV_Gas1Flow__short_phase_mean,G3_bosch_phase,gas_or_backside_flow,VIP,0.8510457524786071,1,100,False
2,pls,Stat3_Etch_MV_Gas1Flow__phase_difference,G3_bosch_phase,gas_or_backside_flow,VIP,0.8875385398257184,-1,85,False
2,pls,Stat3_Etch_MV_Gas1Flow__cycle_mean_std,G4_cycle_behavior,gas_or_backside_flow,VIP,0.20973764095344863,1,235,False
2,pls,Stat3_Etch_MV_Gas1Flow__cycle_mean_slope,G4_cycle_behavior,gas_or_backside_flow,VIP,0.45043593269768273,1,196,False
2,pls,Stat3_Etch_MV_Gas2Flow__active_mean,G1_level,gas_or_backside_flow,VIP,0.4482622242421423,1,198,False
2,pls,Stat3_Etch_MV_Gas2Flow__active_std,G1_level,gas_or_backside_flow,VIP,1.5869111647370608,1,28,False
2,pls,Stat3_Etch_MV_Gas2Flow__active_range,G1_level,gas_or_backside_flow,VIP,1.4902043249399963,1,33,False
2,pls,Stat3_Etch_MV_Gas2Flow__active_slope,G2_temporal_drift,gas_or_backside_flow,VIP,0.3089835239453389,1,225,False
2,pls,Stat3_Etch_MV_Gas2Flow__early_late_delta,G2_temporal_drift,gas_or_backside_flow,VIP,0.47997258063655374,1,184,False
2,pls,Stat3_Etch_MV_Gas2Flow__long_phase_mean,G3_bosch_phase,gas_or_backside_flow,VIP,0.44934264156222414,1,197,False
2,pls,Stat3_Etch_MV_Gas2Flow__short_phase_mean,G3_bosch_phase,gas_or_backside_flow,VIP,0.4452271244896449,1,199,False
2,pls,Stat3_Etch_MV_Gas2Flow__phase_difference,G3_bosch_phase,gas_or_backside_flow,VIP,0.3047820135466518,1,226,False
2,pls,Stat3_Etch_MV_Gas2Flow__cycle_mean_std,G4_cycle_behavior,gas_or_backside_flow,VIP,1.5136211401880744,1,30,False
2,pls,Stat3_Etch_MV_Gas2Flow__cycle_mean_slope,G4_cycle_behavior,gas_or_backside_flow,VIP,0.31679035490342683,1,223,False
2,pls,Stat3_Etch_MV_Gas4Flow__active_mean,G1_level,gas_or_backside_flow,VIP,0.8402799970247046,-1,105,False
2,pls,Stat3_Etch_MV_Gas4Flow__active_std,G1_level,gas_or_backside_flow,VIP,0.848036620243989,-1,102,False
2,pls,Stat3_Etch_MV_Gas4Flow__active_slope,G2_temporal_drift,gas_or_backside_flow,VIP,0.7025835527241773,1,148,False
2,pls,Stat3_Etch_MV_Gas4Flow__early_late_delta,G2_temporal_drift,gas_or_backside_flow,VIP,0.49929608428246636,1,180,False
2,pls,Stat3_Etch_MV_Gas4Flow__long_phase_mean,G3_bosch_phase,gas_or_backside_flow,VIP,0.3967981936959074,1,205,False
2,pls,Stat3_Etch_MV_Gas4Flow__short_phase_mean,G3_bosch_phase,gas_or_backside_flow,VIP,0.3419521811083543,1,218,False
2,pls,Stat3_Etch_MV_Gas4Flow__phase_difference,G3_bosch_phase,gas_or_backside_flow,VIP,0.3326762505635418,-1,219,False
2,pls,Stat3_Etch_MV_Gas4Flow__cycle_mean_std,G4_cycle_behavior,gas_or_backside_flow,VIP,0.8170123899774482,1,112,False
2,pls,Stat3_Etch_MV_Gas4Flow__cycle_mean_slope,G4_cycle_behavior,gas_or_backside_flow,VIP,0.4505508134791438,-1,195,False
2,pls,Stat3_Etch_MV_Gas5Flow__active_mean,G1_level,gas_or_backside_flow,VIP,0.8100747405306584,1,114,False
2,pls,Stat3_Etch_MV_Gas5Flow__active_std,G1_level,gas_or_backside_flow,VIP,0.8095297481722733,-1,115,False
2,pls,Stat3_Etch_MV_Gas5Flow__active_slope,G2_temporal_drift,gas_or_backside_flow,VIP,0.6731440758017715,-1,154,False
2,pls,Stat3_Etch_MV_Gas5Flow__early_late_delta,G2_temporal_drift,gas_or_backside_flow,VIP,0.46827126573852607,-1,191,False
2,pls,Stat3_Etch_MV_Gas5Flow__long_phase_mean,G3_bosch_phase,gas_or_backside_flow,VIP,0.47335947350114427,-1,186,False
2,pls,Stat3_Etch_MV_Gas5Flow__short_phase_mean,G3_bosch_phase,gas_or_backside_flow,VIP,0.5000918199988875,1,178,False
2,pls,Stat3_Etch_MV_Gas5Flow__phase_difference,G3_bosch_phase,gas_or_backside_flow,VIP,0.6178341148907602,-1,158,False
2,pls,Stat3_Etch_MV_Gas5Flow__cycle_mean_std,G4_cycle_behavior,gas_or_backside_flow,VIP,0.8056981504151912,1,117,False
2,pls,Stat3_Etch_MV_Gas5Flow__cycle_mean_slope,G4_cycle_behavior,gas_or_backside_flow,VIP,0.4666504778743734,1,192,False
2,pls,Stat3_Etch_MV_Gas7Flow__active_mean,G1_level,gas_or_backside_flow,VIP,0.9253894766131225,1,71,False
2,pls,Stat3_Etch_MV_Gas7Flow__active_std,G1_level,gas_or_backside_flow,VIP,0.8681990849446792,1,95,False
2,pls,Stat3_Etch_MV_Gas7Flow__active_range,G1_level,gas_or_backside_flow,VIP,0.7612035524960836,-1,131,False
2,pls,Stat3_Etch_MV_Gas7Flow__active_slope,G2_temporal_drift,gas_or_backside_flow,VIP,0.3212336109687006,1,221,False
2,pls,Stat3_Etch_MV_Gas7Flow__early_late_delta,G2_temporal_drift,gas_or_backside_flow,VIP,0.34343668234423536,1,217,False
2,pls,Stat3_Etch_MV_Gas7Flow__long_phase_mean,G3_bosch_phase,gas_or_backside_flow,VIP,0.9250559712809405,1,72,False
2,pls,Stat3_Etch_MV_Gas7Flow__short_phase_mean,G3_bosch_phase,gas_or_backside_flow,VIP,0.9259488908299478,1,70,False
2,pls,Stat3_Etch_MV_Gas7Flow__phase_difference,G3_bosch_phase,gas_or_backside_flow,VIP,0.12239091015146229,-1,239,False
2,pls,Stat3_Etch_MV_Gas7Flow__cycle_mean_std,G4_cycle_behavior,gas_or_backside_flow,VIP,0.7040357598793369,-1,146,False
2,pls,Stat3_Etch_MV_Gas7Flow__cycle_mean_slope,G4_cycle_behavior,gas_or_backside_flow,VIP,0.3157849708757654,1,224,False
2,pls,Stat3_Etch_MV_Heater1Temp__active_mean,G1_level,heater_temperature,VIP,0.7032872129597284,-1,147,False
2,pls,Stat3_Etch_MV_Heater1Temp__active_std,G1_level,heater_temperature,VIP,0.7355303384027209,-1,136,False
2,pls,Stat3_Etch_MV_Heater1Temp__active_slope,G2_temporal_drift,heater_temperature,VIP,0.28614866042835374,-1,229,False
2,pls,Stat3_Etch_MV_Heater1Temp__early_late_delta,G2_temporal_drift,heater_temperature,VIP,0.2648396866503278,-1,231,False
2,pls,Stat3_Etch_MV_Heater1Temp__long_phase_mean,G3_bosch_phase,heater_temperature,VIP,0.6647912172517938,-1,155,False
2,pls,Stat3_Etch_MV_Heater1Temp__short_phase_mean,G3_bosch_phase,heater_temperature,VIP,0.5972646484786901,-1,166,False
2,pls,Stat3_Etch_MV_Heater1Temp__phase_difference,G3_bosch_phase,heater_temperature,VIP,0.11110019207663899,-1,240,False
2,pls,Stat3_Etch_MV_Heater1Temp__cycle_mean_std,G4_cycle_behavior,heater_temperature,VIP,0.32081688898836064,1,222,False
2,pls,Stat3_Etch_MV_Heater1Temp__cycle_mean_slope,G4_cycle_behavior,heater_temperature,VIP,0.2908832693497357,-1,228,False
2,pls,Stat3_Etch_MV_Heater2Temp__active_mean,G1_level,heater_temperature,VIP,0.5162502510396686,1,174,False
2,pls,Stat3_Etch_MV_Heater2Temp__active_std,G1_level,heater_temperature,VIP,1.7416936697865166,-1,23,False
2,pls,Stat3_Etch_MV_Heater2Temp__active_range,G1_level,heater_temperature,VIP,1.4789112649810163,-1,35,False
2,pls,Stat3_Etch_MV_Heater2Temp__active_slope,G2_temporal_drift,heater_temperature,VIP,1.189924499086925,-1,48,False
2,pls,Stat3_Etch_MV_Heater2Temp__early_late_delta,G2_temporal_drift,heater_temperature,VIP,1.0696442742880186,-1,59,False
2,pls,Stat3_Etch_MV_Heater2Temp__long_phase_mean,G3_bosch_phase,heater_temperature,VIP,0.5171266301092806,1,173,False
2,pls,Stat3_Etch_MV_Heater2Temp__short_phase_mean,G3_bosch_phase,heater_temperature,VIP,0.5137828876132425,1,175,False
2,pls,Stat3_Etch_MV_Heater2Temp__phase_difference,G3_bosch_phase,heater_temperature,VIP,0.6012017225241384,1,164,False
2,pls,Stat3_Etch_MV_Heater2Temp__cycle_mean_std,G4_cycle_behavior,heater_temperature,VIP,1.7510053801488066,-1,22,False
2,pls,Stat3_Etch_MV_Heater2Temp__cycle_mean_slope,G4_cycle_behavior,heater_temperature,VIP,1.1893945491056255,-1,49,False
2,pls,Stat3_Etch_MV_Heater3Temp__active_mean,G1_level,heater_temperature,VIP,0.7705399394490601,-1,128,False
2,pls,Stat3_Etch_MV_Heater3Temp__active_std,G1_level,heater_temperature,VIP,1.2833913633374643,1,43,False
2,pls,Stat3_Etch_MV_Heater3Temp__active_range,G1_level,heater_temperature,VIP,1.0693500751610105,1,60,False
2,pls,Stat3_Etch_MV_Heater3Temp__active_slope,G2_temporal_drift,heater_temperature,VIP,0.42815327629275257,-1,200,False
2,pls,Stat3_Etch_MV_Heater3Temp__early_late_delta,G2_temporal_drift,heater_temperature,VIP,0.422343177126375,1,203,False
2,pls,Stat3_Etch_MV_Heater3Temp__long_phase_mean,G3_bosch_phase,heater_temperature,VIP,0.7690036719486156,-1,129,False
2,pls,Stat3_Etch_MV_Heater3Temp__short_phase_mean,G3_bosch_phase,heater_temperature,VIP,0.7724274363020266,-1,127,False
2,pls,Stat3_Etch_MV_Heater3Temp__phase_difference,G3_bosch_phase,heater_temperature,VIP,0.2665820808690344,-1,230,False
2,pls,Stat3_Etch_MV_Heater3Temp__cycle_mean_std,G4_cycle_behavior,heater_temperature,VIP,1.327918066678913,1,40,False
2,pls,Stat3_Etch_MV_Heater3Temp__cycle_mean_slope,G4_cycle_behavior,heater_temperature,VIP,0.42378660034965665,-1,201,False
2,pls,Stat3_Etch_MV_Heater4Temp__active_mean,G1_level,heater_temperature,VIP,0.4711694189590353,1,188,False
2,pls,Stat3_Etch_MV_Heater4Temp__active_std,G1_level,heater_temperature,VIP,0.9903883701365981,1,65,False
2,pls,Stat3_Etch_MV_Heater4Temp__active_range,G1_level,heater_temperature,VIP,1.0785077378549521,1,57,False
2,pls,Stat3_Etch_MV_Heater4Temp__active_slope,G2_temporal_drift,heater_temperature,VIP,0.10854990951841582,1,241,False
2,pls,Stat3_Etch_MV_Heater4Temp__early_late_delta,G2_temporal_drift,heater_temperature,VIP,0.49206790206481943,1,182,False
2,pls,Stat3_Etch_MV_Heater4Temp__long_phase_mean,G3_bosch_phase,heater_temperature,VIP,0.46970183517126457,1,190,False
2,pls,Stat3_Etch_MV_Heater4Temp__short_phase_mean,G3_bosch_phase,heater_temperature,VIP,0.47519325380833694,1,185,False
2,pls,Stat3_Etch_MV_Heater4Temp__phase_difference,G3_bosch_phase,heater_temperature,VIP,0.5637148143877899,-1,169,False
2,pls,Stat3_Etch_MV_Heater4Temp__cycle_mean_std,G4_cycle_behavior,heater_temperature,VIP,0.8437305243945635,1,104,False
2,pls,Stat3_Etch_MV_Heater4Temp__cycle_mean_slope,G4_cycle_behavior,heater_temperature,VIP,0.15484953063991577,1,238,False
2,pls,Stat3_Etch_MV_HeliumBPFlow__active_mean,G1_level,gas_or_backside_flow,VIP,0.6132083432401708,-1,160,False
2,pls,Stat3_Etch_MV_HeliumBPFlow__active_std,G1_level,gas_or_backside_flow,VIP,0.8599483253418473,-1,98,False
2,pls,Stat3_Etch_MV_HeliumBPFlow__active_range,G1_level,gas_or_backside_flow,VIP,0.8840198900765693,-1,88,False
2,pls,Stat3_Etch_MV_HeliumBPFlow__active_slope,G2_temporal_drift,gas_or_backside_flow,VIP,0.6802614011160664,1,153,False
2,pls,Stat3_Etch_MV_HeliumBPFlow__early_late_delta,G2_temporal_drift,gas_or_backside_flow,VIP,0.7126931165658685,1,143,False
2,pls,Stat3_Etch_MV_HeliumBPFlow__long_phase_mean,G3_bosch_phase,gas_or_backside_flow,VIP,0.6145201373832904,-1,159,False
2,pls,Stat3_Etch_MV_HeliumBPFlow__short_phase_mean,G3_bosch_phase,gas_or_backside_flow,VIP,0.6095393511214071,-1,162,False
2,pls,Stat3_Etch_MV_HeliumBPFlow__phase_difference,G3_bosch_phase,gas_or_backside_flow,VIP,0.8307274176596675,-1,111,False
2,pls,Stat3_Etch_MV_HeliumBPFlow__cycle_mean_std,G4_cycle_behavior,gas_or_backside_flow,VIP,0.8476616906448435,-1,103,False
2,pls,Stat3_Etch_MV_HeliumBPFlow__cycle_mean_slope,G4_cycle_behavior,gas_or_backside_flow,VIP,0.6837207326255518,1,152,False
2,pls,Stat3_Etch_MV_HeliumBPPressure__active_mean,G1_level,pressure,VIP,1.0249802573524622,-1,63,False
2,pls,Stat3_Etch_MV_HeliumBPPressure__active_std,G1_level,pressure,VIP,0.9882004532099761,1,66,False
2,pls,Stat3_Etch_MV_HeliumBPPressure__active_range,G1_level,pressure,VIP,0.2625624976524542,1,232,False
2,pls,Stat3_Etch_MV_HeliumBPPressure__active_slope,G2_temporal_drift,pressure,VIP,1.108076037210616,1,53,False
2,pls,Stat3_Etch_MV_HeliumBPPressure__early_late_delta,G2_temporal_drift,pressure,VIP,1.0201422654879941,1,64,False
2,pls,Stat3_Etch_MV_HeliumBPPressure__long_phase_mean,G3_bosch_phase,pressure,VIP,1.0775526123521149,-1,58,False
2,pls,Stat3_Etch_MV_HeliumBPPressure__short_phase_mean,G3_bosch_phase,pressure,VIP,0.9214412269138246,-1,73,False
2,pls,Stat3_Etch_MV_HeliumBPPressure__phase_difference,G3_bosch_phase,pressure,VIP,0.9781491250049072,-1,67,False
2,pls,Stat3_Etch_MV_HeliumBPPressure__cycle_mean_std,G4_cycle_behavior,pressure,VIP,1.111034267648514,1,52,False
2,pls,Stat3_Etch_MV_HeliumBPPressure__cycle_mean_slope,G4_cycle_behavior,pressure,VIP,1.098508164968021,1,54,False
2,pls,Stat3_Etch_MV_PlatenDcBias__active_mean,G1_level,rf_power_matching_electrical,VIP,0.528400925951398,1,171,False
2,pls,Stat3_Etch_MV_PlatenDcBias__active_std,G1_level,rf_power_matching_electrical,VIP,1.655265773886229,1,25,False
2,pls,Stat3_Etch_MV_PlatenDcBias__active_range,G1_level,rf_power_matching_electrical,VIP,1.648023215699486,1,26,False
2,pls,Stat3_Etch_MV_PlatenDcBias__active_slope,G2_temporal_drift,rf_power_matching_electrical,VIP,1.7740111217964454,1,18,True
2,pls,Stat3_Etch_MV_PlatenDcBias__early_late_delta,G2_temporal_drift,rf_power_matching_electrical,VIP,1.4887846874224728,1,34,False
2,pls,Stat3_Etch_MV_PlatenDcBias__long_phase_mean,G3_bosch_phase,rf_power_matching_electrical,VIP,0.378515069424344,1,208,False
2,pls,Stat3_Etch_MV_PlatenDcBias__short_phase_mean,G3_bosch_phase,rf_power_matching_electrical,VIP,1.2519949062733713,1,45,False
2,pls,Stat3_Etch_MV_PlatenDcBias__phase_difference,G3_bosch_phase,rf_power_matching_electrical,VIP,1.3909342891212135,-1,38,False
2,pls,Stat3_Etch_MV_PlatenDcBias__cycle_mean_std,G4_cycle_behavior,rf_power_matching_electrical,VIP,0.7738796355410219,-1,125,False
2,pls,Stat3_Etch_MV_PlatenDcBias__cycle_mean_slope,G4_cycle_behavior,rf_power_matching_electrical,VIP,1.7583914252735962,1,21,False
2,pls,Stat3_Etch_MV_PlatenRFLoadCapacitor__active_mean,G1_level,rf_power_matching_electrical,VIP,0.7220689557450771,1,139,False
2,pls,Stat3_Etch_MV_PlatenRFLoadCapacitor__active_std,G1_level,rf_power_matching_electrical,VIP,1.0508730825605805,-1,62,False
2,pls,Stat3_Etch_MV_PlatenRFLoadCapacitor__active_range,G1_level,rf_power_matching_electrical,VIP,0.3682224302071334,-1,210,False
2,pls,Stat3_Etch_MV_PlatenRFLoadCapacitor__active_slope,G2_temporal_drift,rf_power_matching_electrical,VIP,1.0584373548612374,-1,61,False
2,pls,Stat3_Etch_MV_PlatenRFLoadCapacitor__early_late_delta,G2_temporal_drift,rf_power_matching_electrical,VIP,0.7745724216681943,-1,124,False
2,pls,Stat3_Etch_MV_PlatenRFLoadCapacitor__long_phase_mean,G3_bosch_phase,rf_power_matching_electrical,VIP,0.7842670219667728,-1,122,False
2,pls,Stat3_Etch_MV_PlatenRFLoadCapacitor__short_phase_mean,G3_bosch_phase,rf_power_matching_electrical,VIP,0.584765911852464,1,168,False
2,pls,Stat3_Etch_MV_PlatenRFLoadCapacitor__phase_difference,G3_bosch_phase,rf_power_matching_electrical,VIP,0.7665752373711505,-1,130,False
2,pls,Stat3_Etch_MV_PlatenRFLoadCapacitor__cycle_mean_std,G4_cycle_behavior,rf_power_matching_electrical,VIP,0.7887195740430077,1,120,False
2,pls,Stat3_Etch_MV_PlatenRFLoadCapacitor__cycle_mean_slope,G4_cycle_behavior,rf_power_matching_electrical,VIP,0.8835183926295339,1,90,False
2,pls,Stat3_Etch_MV_PlatenRFLoadPower__active_mean,G1_level,rf_power_matching_electrical,VIP,0.6184826707610945,-1,157,False
2,pls,Stat3_Etch_MV_PlatenRFLoadPower__active_std,G1_level,rf_power_matching_electrical,VIP,0.7864243539997282,1,121,False
2,pls,Stat3_Etch_MV_PlatenRFLoadPower__active_range,G1_level,rf_power_matching_electrical,VIP,1.7674376018884335,1,20,True
2,pls,Stat3_Etch_MV_PlatenRFLoadPower__active_slope,G2_temporal_drift,rf_power_matching_electrical,VIP,0.9021335742916017,1,76,False
2,pls,Stat3_Etch_MV_PlatenRFLoadPower__early_late_delta,G2_temporal_drift,rf_power_matching_electrical,VIP,0.4724258625487671,-1,187,False
2,pls,Stat3_Etch_MV_PlatenRFLoadPower__long_phase_mean,G3_bosch_phase,rf_power_matching_electrical,VIP,0.7157167226459528,-1,141,False
2,pls,Stat3_Etch_MV_PlatenRFLoadPower__short_phase_mean,G3_bosch_phase,rf_power_matching_electrical,VIP,0.9057323449985892,-1,75,False
2,pls,Stat3_Etch_MV_PlatenRFLoadPower__phase_difference,G3_bosch_phase,rf_power_matching_electrical,VIP,0.9342496839842271,1,69,False
2,pls,Stat3_Etch_MV_PlatenRFLoadPower__cycle_mean_std,G4_cycle_behavior,rf_power_matching_electrical,VIP,0.8137283008111288,1,113,False
2,pls,Stat3_Etch_MV_PlatenRFLoadPower__cycle_mean_slope,G4_cycle_behavior,rf_power_matching_electrical,VIP,0.7052027765007326,1,145,False
2,pls,Stat3_Etch_MV_PlatenRFPeakToPeak__active_mean,G1_level,rf_power_matching_electrical,VIP,2.1175733838666533,-1,7,True
2,pls,Stat3_Etch_MV_PlatenRFPeakToPeak__active_std,G1_level,rf_power_matching_electrical,VIP,0.4865086777927432,1,183,False
2,pls,Stat3_Etch_MV_PlatenRFPeakToPeak__active_range,G1_level,rf_power_matching_electrical,VIP,2.3099612099816356,-1,3,True
2,pls,Stat3_Etch_MV_PlatenRFPeakToPeak__active_slope,G2_temporal_drift,rf_power_matching_electrical,VIP,1.410948102963233,1,37,False
2,pls,Stat3_Etch_MV_PlatenRFPeakToPeak__early_late_delta,G2_temporal_drift,rf_power_matching_electrical,VIP,0.906992284253278,-1,74,False
2,pls,Stat3_Etch_MV_PlatenRFPeakToPeak__long_phase_mean,G3_bosch_phase,rf_power_matching_electrical,VIP,1.8411958811643374,-1,16,True
2,pls,Stat3_Etch_MV_PlatenRFPeakToPeak__short_phase_mean,G3_bosch_phase,rf_power_matching_electrical,VIP,1.9473330437923502,-1,13,True
2,pls,Stat3_Etch_MV_PlatenRFPeakToPeak__phase_difference,G3_bosch_phase,rf_power_matching_electrical,VIP,1.1492025116963345,1,50,False
2,pls,Stat3_Etch_MV_PlatenRFPeakToPeak__cycle_mean_std,G4_cycle_behavior,rf_power_matching_electrical,VIP,0.6899399388932658,-1,150,False
2,pls,Stat3_Etch_MV_PlatenRFPeakToPeak__cycle_mean_slope,G4_cycle_behavior,rf_power_matching_electrical,VIP,1.2057530846654338,1,47,False
2,pls,Stat3_Etch_MV_PlatenRFReflectedPower__active_mean,G1_level,rf_power_matching_electrical,VIP,0.509433891906354,1,176,False
2,pls,Stat3_Etch_MV_PlatenRFReflectedPower__active_std,G1_level,rf_power_matching_electrical,VIP,1.082505722478338,1,56,False
2,pls,Stat3_Etch_MV_PlatenRFReflectedPower__active_range,G1_level,rf_power_matching_electrical,VIP,2.107611901416917,1,8,True
2,pls,Stat3_Etch_MV_PlatenRFReflectedPower__active_slope,G2_temporal_drift,rf_power_matching_electrical,VIP,0.9726591324513895,1,68,False
2,pls,Stat3_Etch_MV_PlatenRFReflectedPower__early_late_delta,G2_temporal_drift,rf_power_matching_electrical,VIP,0.8327761776573934,1,106,False
2,pls,Stat3_Etch_MV_PlatenRFReflectedPower__long_phase_mean,G3_bosch_phase,rf_power_matching_electrical,VIP,1.8702261816847279,-1,15,True
2,pls,Stat3_Etch_MV_PlatenRFReflectedPower__short_phase_mean,G3_bosch_phase,rf_power_matching_electrical,VIP,1.5635708307010885,1,29,False
2,pls,Stat3_Etch_MV_PlatenRFReflectedPower__phase_difference,G3_bosch_phase,rf_power_matching_electrical,VIP,1.801551809356553,-1,17,True
2,pls,Stat3_Etch_MV_PlatenRFReflectedPower__cycle_mean_std,G4_cycle_behavior,rf_power_matching_electrical,VIP,0.8988068856973138,-1,78,False
2,pls,Stat3_Etch_MV_PlatenRFReflectedPower__cycle_mean_slope,G4_cycle_behavior,rf_power_matching_electrical,VIP,0.7148617139720825,1,142,False
2,pls,Stat3_Etch_MV_PlatenRFTuningCapacitor__active_mean,G1_level,rf_power_matching_electrical,VIP,2.4057533730835137,-1,2,True
2,pls,Stat3_Etch_MV_PlatenRFTuningCapacitor__active_std,G1_level,rf_power_matching_electrical,VIP,1.7024940571105394,1,24,False
2,pls,Stat3_Etch_MV_PlatenRFTuningCapacitor__active_range,G1_level,rf_power_matching_electrical,VIP,1.298072632454238,1,42,False
2,pls,Stat3_Etch_MV_PlatenRFTuningCapacitor__active_slope,G2_temporal_drift,rf_power_matching_electrical,VIP,0.894081129077826,1,79,False
2,pls,Stat3_Etch_MV_PlatenRFTuningCapacitor__early_late_delta,G2_temporal_drift,rf_power_matching_electrical,VIP,0.8317665362403627,1,109,False
2,pls,Stat3_Etch_MV_PlatenRFTuningCapacitor__long_phase_mean,G3_bosch_phase,rf_power_matching_electrical,VIP,2.479684125885635,-1,1,True
2,pls,Stat3_Etch_MV_PlatenRFTuningCapacitor__short_phase_mean,G3_bosch_phase,rf_power_matching_electrical,VIP,1.3078121170030859,-1,41,False
2,pls,Stat3_Etch_MV_PlatenRFTuningCapacitor__phase_difference,G3_bosch_phase,rf_power_matching_electrical,VIP,2.169611706562774,-1,5,True
2,pls,Stat3_Etch_MV_PlatenRFTuningCapacitor__cycle_mean_std,G4_cycle_behavior,rf_power_matching_electrical,VIP,0.7838945525064164,1,123,False
2,pls,Stat3_Etch_MV_PlatenRFTuningCapacitor__cycle_mean_slope,G4_cycle_behavior,rf_power_matching_electrical,VIP,0.8836474443165128,1,89,False
2,pls,Stat3_Etch_MV_Pressure__active_mean,G1_level,pressure,VIP,0.3441617803451254,1,216,False
2,pls,Stat3_Etch_MV_Pressure__active_std,G1_level,pressure,VIP,1.9587123231491117,-1,11,True
2,pls,Stat3_Etch_MV_Pressure__active_range,G1_level,pressure,VIP,0.8553334612581824,-1,99,False
2,pls,Stat3_Etch_MV_Pressure__active_slope,G2_temporal_drift,pressure,VIP,0.8772145800784029,1,91,False
2,pls,Stat3_Etch_MV_Pressure__early_late_delta,G2_temporal_drift,pressure,VIP,0.6111831638689773,1,161,False
2,pls,Stat3_Etch_MV_Pressure__long_phase_mean,G3_bosch_phase,pressure,VIP,0.2470569998717241,-1,233,False
2,pls,Stat3_Etch_MV_Pressure__short_phase_mean,G3_bosch_phase,pressure,VIP,0.2227801134285018,1,234,False
2,pls,Stat3_Etch_MV_Pressure__phase_difference,G3_bosch_phase,pressure,VIP,0.1884771519851306,-1,236,False
2,pls,Stat3_Etch_MV_Pressure__cycle_mean_std,G4_cycle_behavior,pressure,VIP,0.6890087047565612,1,151,False
2,pls,Stat3_Etch_MV_Pressure__cycle_mean_slope,G4_cycle_behavior,pressure,VIP,0.4651682102669842,-1,193,False
2,pls,Stat3_Etch_MV_SourceRF2PeakToPeak__active_mean,G1_level,rf_power_matching_electrical,VIP,0.36375035834603175,1,214,False
2,pls,Stat3_Etch_MV_SourceRF2PeakToPeak__active_std,G1_level,rf_power_matching_electrical,VIP,0.36881019551085115,1,209,False
2,pls,Stat3_Etch_MV_SourceRF2PeakToPeak__active_slope,G2_temporal_drift,rf_power_matching_electrical,VIP,0.36664577745517185,1,211,False
2,pls,Stat3_Etch_MV_SourceRF2PeakToPeak__early_late_delta,G2_temporal_drift,rf_power_matching_electrical,VIP,0.3469138423630049,-1,215,False
2,pls,Stat3_Etch_MV_SourceRF2PeakToPeak__long_phase_mean,G3_bosch_phase,rf_power_matching_electrical,VIP,0.36623939388911964,1,212,False
2,pls,Stat3_Etch_MV_SourceRF2PeakToPeak__phase_difference,G3_bosch_phase,rf_power_matching_electrical,VIP,0.36623939388911964,1,213,False
2,pls,Stat3_Etch_MV_SourceRF2PeakToPeak__cycle_mean_std,G4_cycle_behavior,rf_power_matching_electrical,VIP,0.324223122977678,1,220,False
2,pls,Stat3_Etch_MV_SourceRF2PeakToPeak__cycle_mean_slope,G4_cycle_behavior,rf_power_matching_electrical,VIP,0.3798057646408586,1,207,False
2,pls,Stat3_Etch_MV_SourceRF2TuningCapacitor__active_mean,G1_level,rf_power_matching_electrical,VIP,0.8875467681913688,-1,84,False
2,pls,Stat3_Etch_MV_SourceRF2TuningCapacitor__active_std,G1_level,rf_power_matching_electrical,VIP,0.8907464866057778,1,80,False
2,pls,Stat3_Etch_MV_SourceRF2TuningCapacitor__active_slope,G2_temporal_drift,rf_power_matching_electrical,VIP,0.8875618134270621,1,83,False
2,pls,Stat3_Etch_MV_SourceRF2TuningCapacitor__early_late_delta,G2_temporal_drift,rf_power_matching_electrical,VIP,0.8876810185684503,1,82,False
2,pls,Stat3_Etch_MV_SourceRF2TuningCapacitor__short_phase_mean,G3_bosch_phase,rf_power_matching_electrical,VIP,0.8863604361321638,-1,87,False
2,pls,Stat3_Etch_MV_SourceRF2TuningCapacitor__phase_difference,G3_bosch_phase,rf_power_matching_electrical,VIP,0.8863604361321639,1,86,False
2,pls,Stat3_Etch_MV_SourceRFLoadPower__active_mean,G1_level,rf_power_matching_electrical,VIP,1.492748187039532,1,32,False
2,pls,Stat3_Etch_MV_SourceRFLoadPower__active_std,G1_level,rf_power_matching_electrical,VIP,0.8664723117014755,1,96,False
2,pls,Stat3_Etch_MV_SourceRFLoadPower__active_range,G1_level,rf_power_matching_electrical,VIP,0.6054529019259056,-1,163,False
2,pls,Stat3_Etch_MV_SourceRFLoadPower__active_slope,G2_temporal_drift,rf_power_matching_electrical,VIP,0.7582094962917051,-1,133,False
2,pls,Stat3_Etch_MV_SourceRFLoadPower__early_late_delta,G2_temporal_drift,rf_power_matching_electrical,VIP,0.8077072755885667,1,116,False
2,pls,Stat3_Etch_MV_SourceRFLoadPower__long_phase_mean,G3_bosch_phase,rf_power_matching_electrical,VIP,1.982939747813326,1,10,True
2,pls,Stat3_Etch_MV_SourceRFLoadPower__short_phase_mean,G3_bosch_phase,rf_power_matching_electrical,VIP,0.7727264287367971,1,126,False
2,pls,Stat3_Etch_MV_SourceRFLoadPower__phase_difference,G3_bosch_phase,rf_power_matching_electrical,VIP,0.7914428422385434,1,119,False
2,pls,Stat3_Etch_MV_SourceRFLoadPower__cycle_mean_std,G4_cycle_behavior,rf_power_matching_electrical,VIP,0.719210811195729,1,140,False
2,pls,Stat3_Etch_MV_SourceRFLoadPower__cycle_mean_slope,G4_cycle_behavior,rf_power_matching_electrical,VIP,0.5979535686380412,-1,165,False
2,pls,Stat3_Etch_MV_SourceRFPeakToPeak__active_mean,G1_level,rf_power_matching_electrical,VIP,0.4959916587851852,1,181,False
2,pls,Stat3_Etch_MV_SourceRFPeakToPeak__active_std,G1_level,rf_power_matching_electrical,VIP,0.7606358716500561,1,132,False
2,pls,Stat3_Etch_MV_SourceRFPeakToPeak__active_range,G1_level,rf_power_matching_electrical,VIP,0.7273385946847908,1,138,False
2,pls,Stat3_Etch_MV_SourceRFPeakToPeak__active_slope,G2_temporal_drift,rf_power_matching_electrical,VIP,1.0887653089556493,-1,55,False
2,pls,Stat3_Etch_MV_SourceRFPeakToPeak__early_late_delta,G2_temporal_drift,rf_power_matching_electrical,VIP,0.8497117078156712,-1,101,False
2,pls,Stat3_Etch_MV_SourceRFPeakToPeak__long_phase_mean,G3_bosch_phase,rf_power_matching_electrical,VIP,0.5179226586019375,1,172,False
2,pls,Stat3_Etch_MV_SourceRFPeakToPeak__short_phase_mean,G3_bosch_phase,rf_power_matching_electrical,VIP,0.5029709621423858,1,177,False
2,pls,Stat3_Etch_MV_SourceRFPeakToPeak__phase_difference,G3_bosch_phase,rf_power_matching_electrical,VIP,0.7557614361400793,1,134,False
2,pls,Stat3_Etch_MV_SourceRFPeakToPeak__cycle_mean_std,G4_cycle_behavior,rf_power_matching_electrical,VIP,0.4706180736218728,1,189,False
2,pls,Stat3_Etch_MV_SourceRFPeakToPeak__cycle_mean_slope,G4_cycle_behavior,rf_power_matching_electrical,VIP,0.8749845527397891,-1,92,False
2,pls,Stat3_Etch_MV_SourceRFReflectedPower__active_mean,G1_level,rf_power_matching_electrical,VIP,2.073510939004488,-1,9,True
2,pls,Stat3_Etch_MV_SourceRFReflectedPower__active_std,G1_level,rf_power_matching_electrical,VIP,1.7684220030342013,-1,19,True
2,pls,Stat3_Etch_MV_SourceRFReflectedPower__active_range,G1_level,rf_power_matching_electrical,VIP,2.2439183188402105,-1,4,True
2,pls,Stat3_Etch_MV_SourceRFReflectedPower__active_slope,G2_temporal_drift,rf_power_matching_electrical,VIP,1.232313925325872,1,46,False
2,pls,Stat3_Etch_MV_SourceRFReflectedPower__early_late_delta,G2_temporal_drift,rf_power_matching_electrical,VIP,0.831517665319157,1,110,False
2,pls,Stat3_Etch_MV_SourceRFReflectedPower__long_phase_mean,G3_bosch_phase,rf_power_matching_electrical,VIP,1.6284337132886404,-1,27,False
2,pls,Stat3_Etch_MV_SourceRFReflectedPower__short_phase_mean,G3_bosch_phase,rf_power_matching_electrical,VIP,2.1217635841669855,-1,6,True
2,pls,Stat3_Etch_MV_SourceRFReflectedPower__phase_difference,G3_bosch_phase,rf_power_matching_electrical,VIP,1.953734190156111,1,12,True
2,pls,Stat3_Etch_MV_SourceRFReflectedPower__cycle_mean_std,G4_cycle_behavior,rf_power_matching_electrical,VIP,0.9008031038351662,1,77,False
2,pls,Stat3_Etch_MV_SourceRFReflectedPower__cycle_mean_slope,G4_cycle_behavior,rf_power_matching_electrical,VIP,1.1130360390425056,-1,51,False
2,pls,Stat3_Etch_MV_moriInnerCurrent__active_mean,G1_level,remaining_process_signals,VIP,1.4744059501239453,1,36,False
2,pls,Stat3_Etch_MV_moriInnerCurrent__active_std,G1_level,remaining_process_signals,VIP,0.7970073477394239,1,118,False
2,pls,Stat3_Etch_MV_moriInnerCurrent__active_range,G1_level,remaining_process_signals,VIP,0.4997518910707574,1,179,False
2,pls,Stat3_Etch_MV_moriInnerCurrent__active_slope,G2_temporal_drift,remaining_process_signals,VIP,0.7283962582186452,-1,137,False
2,pls,Stat3_Etch_MV_moriInnerCurrent__early_late_delta,G2_temporal_drift,remaining_process_signals,VIP,0.6257204863430743,-1,156,False
2,pls,Stat3_Etch_MV_moriInnerCurrent__long_phase_mean,G3_bosch_phase,remaining_process_signals,VIP,1.5104459983393714,1,31,False
2,pls,Stat3_Etch_MV_moriInnerCurrent__short_phase_mean,G3_bosch_phase,remaining_process_signals,VIP,0.8325963947405206,1,107,False
2,pls,Stat3_Etch_MV_moriInnerCurrent__phase_difference,G3_bosch_phase,remaining_process_signals,VIP,0.3925166708702917,-1,206,False
2,pls,Stat3_Etch_MV_moriInnerCurrent__cycle_mean_std,G4_cycle_behavior,remaining_process_signals,VIP,1.332188646948623,1,39,False
2,pls,Stat3_Etch_MV_moriInnerCurrent__cycle_mean_slope,G4_cycle_behavior,remaining_process_signals,VIP,0.7457511851872529,-1,135,False
2,ridge,Stat3_Etch_MV_ForeLinePressure__active_mean,G1_level,pressure,absolute_standardized_coefficient,0.0040489391431024575,-1,142,False
2,ridge,Stat3_Etch_MV_ForeLinePressure__active_std,G1_level,pressure,absolute_standardized_coefficient,0.02258021058498107,-1,12,True
2,ridge,Stat3_Etch_MV_ForeLinePressure__active_range,G1_level,pressure,absolute_standardized_coefficient,0.027517201922256117,-1,4,True
2,ridge,Stat3_Etch_MV_ForeLinePressure__active_slope,G2_temporal_drift,pressure,absolute_standardized_coefficient,0.00031264528218260493,1,236,False
2,ridge,Stat3_Etch_MV_ForeLinePressure__early_late_delta,G2_temporal_drift,pressure,absolute_standardized_coefficient,0.00017175626985366297,-1,238,False
2,ridge,Stat3_Etch_MV_ForeLinePressure__long_phase_mean,G3_bosch_phase,pressure,absolute_standardized_coefficient,0.007041476639512082,-1,91,False
2,ridge,Stat3_Etch_MV_ForeLinePressure__short_phase_mean,G3_bosch_phase,pressure,absolute_standardized_coefficient,0.002902602451346426,1,172,False
2,ridge,Stat3_Etch_MV_ForeLinePressure__phase_difference,G3_bosch_phase,pressure,absolute_standardized_coefficient,0.01294880599273036,-1,38,False
2,ridge,Stat3_Etch_MV_ForeLinePressure__cycle_mean_std,G4_cycle_behavior,pressure,absolute_standardized_coefficient,0.012765778403446193,1,39,False
2,ridge,Stat3_Etch_MV_ForeLinePressure__cycle_mean_slope,G4_cycle_behavior,pressure,absolute_standardized_coefficient,0.006232915173484208,1,108,False
2,ridge,Stat3_Etch_MV_Gas1Flow__active_mean,G1_level,gas_or_backside_flow,absolute_standardized_coefficient,0.0004390434376917952,-1,234,False
2,ridge,Stat3_Etch_MV_Gas1Flow__active_std,G1_level,gas_or_backside_flow,absolute_standardized_coefficient,0.001259712119039783,1,210,False
2,ridge,Stat3_Etch_MV_Gas1Flow__active_range,G1_level,gas_or_backside_flow,absolute_standardized_coefficient,0.006504063249000711,1,103,False
2,ridge,Stat3_Etch_MV_Gas1Flow__active_slope,G2_temporal_drift,gas_or_backside_flow,absolute_standardized_coefficient,9.224311852414871e-05,-1,239,False
2,ridge,Stat3_Etch_MV_Gas1Flow__early_late_delta,G2_temporal_drift,gas_or_backside_flow,absolute_standardized_coefficient,0.0005244467513138339,1,230,False
2,ridge,Stat3_Etch_MV_Gas1Flow__long_phase_mean,G3_bosch_phase,gas_or_backside_flow,absolute_standardized_coefficient,0.0017489134012414224,-1,202,False
2,ridge,Stat3_Etch_MV_Gas1Flow__short_phase_mean,G3_bosch_phase,gas_or_backside_flow,absolute_standardized_coefficient,0.0003467476433041813,1,235,False
2,ridge,Stat3_Etch_MV_Gas1Flow__phase_difference,G3_bosch_phase,gas_or_backside_flow,absolute_standardized_coefficient,0.0007102236812744076,-1,224,False
2,ridge,Stat3_Etch_MV_Gas1Flow__cycle_mean_std,G4_cycle_behavior,gas_or_backside_flow,absolute_standardized_coefficient,0.006425095832810697,1,106,False
2,ridge,Stat3_Etch_MV_Gas1Flow__cycle_mean_slope,G4_cycle_behavior,gas_or_backside_flow,absolute_standardized_coefficient,0.006997954980213344,1,92,False
2,ridge,Stat3_Etch_MV_Gas2Flow__active_mean,G1_level,gas_or_backside_flow,absolute_standardized_coefficient,0.0031397204982690162,1,162,False
2,ridge,Stat3_Etch_MV_Gas2Flow__active_std,G1_level,gas_or_backside_flow,absolute_standardized_coefficient,0.008692807029071877,1,75,False
2,ridge,Stat3_Etch_MV_Gas2Flow__active_range,G1_level,gas_or_backside_flow,absolute_standardized_coefficient,0.0028527083591622132,1,175,False
2,ridge,Stat3_Etch_MV_Gas2Flow__active_slope,G2_temporal_drift,gas_or_backside_flow,absolute_standardized_coefficient,0.007999088146404893,1,85,False
2,ridge,Stat3_Etch_MV_Gas2Flow__early_late_delta,G2_temporal_drift,gas_or_backside_flow,absolute_standardized_coefficient,0.0011126739055969418,1,213,False
2,ridge,Stat3_Etch_MV_Gas2Flow__long_phase_mean,G3_bosch_phase,gas_or_backside_flow,absolute_standardized_coefficient,0.0031827743397437195,1,161,False
2,ridge,Stat3_Etch_MV_Gas2Flow__short_phase_mean,G3_bosch_phase,gas_or_backside_flow,absolute_standardized_coefficient,0.003021081029822057,1,167,False
2,ridge,Stat3_Etch_MV_Gas2Flow__phase_difference,G3_bosch_phase,gas_or_backside_flow,absolute_standardized_coefficient,0.0034015876132285345,1,155,False
2,ridge,Stat3_Etch_MV_Gas2Flow__cycle_mean_std,G4_cycle_behavior,gas_or_backside_flow,absolute_standardized_coefficient,0.011593411481158954,1,49,False
2,ridge,Stat3_Etch_MV_Gas2Flow__cycle_mean_slope,G4_cycle_behavior,gas_or_backside_flow,absolute_standardized_coefficient,0.00829166783357009,1,80,False
2,ridge,Stat3_Etch_MV_Gas4Flow__active_mean,G1_level,gas_or_backside_flow,absolute_standardized_coefficient,0.00941523105349203,-1,61,False
2,ridge,Stat3_Etch_MV_Gas4Flow__active_std,G1_level,gas_or_backside_flow,absolute_standardized_coefficient,0.004643366840864358,-1,131,False
2,ridge,Stat3_Etch_MV_Gas4Flow__active_slope,G2_temporal_drift,gas_or_backside_flow,absolute_standardized_coefficient,0.004305599835311223,-1,137,False
2,ridge,Stat3_Etch_MV_Gas4Flow__early_late_delta,G2_temporal_drift,gas_or_backside_flow,absolute_standardized_coefficient,0.004880301294822992,1,128,False
2,ridge,Stat3_Etch_MV_Gas4Flow__long_phase_mean,G3_bosch_phase,gas_or_backside_flow,absolute_standardized_coefficient,0.0011907546734593077,-1,212,False
2,ridge,Stat3_Etch_MV_Gas4Flow__short_phase_mean,G3_bosch_phase,gas_or_backside_flow,absolute_standardized_coefficient,8.53010418981814e-05,-1,241,False
2,ridge,Stat3_Etch_MV_Gas4Flow__phase_difference,G3_bosch_phase,gas_or_backside_flow,absolute_standardized_coefficient,0.0002058588516920313,-1,237,False
2,ridge,Stat3_Etch_MV_Gas4Flow__cycle_mean_std,G4_cycle_behavior,gas_or_backside_flow,absolute_standardized_coefficient,0.01200450467322565,1,45,False
2,ridge,Stat3_Etch_MV_Gas4Flow__cycle_mean_slope,G4_cycle_behavior,gas_or_backside_flow,absolute_standardized_coefficient,0.010417706209503063,-1,54,False
2,ridge,Stat3_Etch_MV_Gas5Flow__active_mean,G1_level,gas_or_backside_flow,absolute_standardized_coefficient,0.009388214294717106,1,62,False
2,ridge,Stat3_Etch_MV_Gas5Flow__active_std,G1_level,gas_or_backside_flow,absolute_standardized_coefficient,0.007140501895078585,-1,90,False
2,ridge,Stat3_Etch_MV_Gas5Flow__active_slope,G2_temporal_drift,gas_or_backside_flow,absolute_standardized_coefficient,0.0027977370420815715,1,177,False
2,ridge,Stat3_Etch_MV_Gas5Flow__early_late_delta,G2_temporal_drift,gas_or_backside_flow,absolute_standardized_coefficient,0.005462085677036557,-1,116,False
2,ridge,Stat3_Etch_MV_Gas5Flow__long_phase_mean,G3_bosch_phase,gas_or_backside_flow,absolute_standardized_coefficient,0.002122013654570539,1,191,False
2,ridge,Stat3_Etch_MV_Gas5Flow__short_phase_mean,G3_bosch_phase,gas_or_backside_flow,absolute_standardized_coefficient,0.004321908989134578,-1,136,False
2,ridge,Stat3_Etch_MV_Gas5Flow__phase_difference,G3_bosch_phase,gas_or_backside_flow,absolute_standardized_coefficient,0.014505228467091524,1,31,False
2,ridge,Stat3_Etch_MV_Gas5Flow__cycle_mean_std,G4_cycle_behavior,gas_or_backside_flow,absolute_standardized_coefficient,0.01409789690497548,1,33,False
2,ridge,Stat3_Etch_MV_Gas5Flow__cycle_mean_slope,G4_cycle_behavior,gas_or_backside_flow,absolute_standardized_coefficient,0.008944769508840728,1,71,False
2,ridge,Stat3_Etch_MV_Gas7Flow__active_mean,G1_level,gas_or_backside_flow,absolute_standardized_coefficient,0.002888371328686662,-1,173,False
2,ridge,Stat3_Etch_MV_Gas7Flow__active_std,G1_level,gas_or_backside_flow,absolute_standardized_coefficient,0.0018457133721097542,-1,197,False
2,ridge,Stat3_Etch_MV_Gas7Flow__active_range,G1_level,gas_or_backside_flow,absolute_standardized_coefficient,0.005841850027541287,-1,113,False
2,ridge,Stat3_Etch_MV_Gas7Flow__active_slope,G2_temporal_drift,gas_or_backside_flow,absolute_standardized_coefficient,0.0046509774344761605,1,130,False
2,ridge,Stat3_Etch_MV_Gas7Flow__early_late_delta,G2_temporal_drift,gas_or_backside_flow,absolute_standardized_coefficient,0.006916429490362225,1,94,False
2,ridge,Stat3_Etch_MV_Gas7Flow__long_phase_mean,G3_bosch_phase,gas_or_backside_flow,absolute_standardized_coefficient,0.0030349250112995715,-1,166,False
2,ridge,Stat3_Etch_MV_Gas7Flow__short_phase_mean,G3_bosch_phase,gas_or_backside_flow,absolute_standardized_coefficient,0.0024712493242497746,-1,184,False
2,ridge,Stat3_Etch_MV_Gas7Flow__phase_difference,G3_bosch_phase,gas_or_backside_flow,absolute_standardized_coefficient,0.01547129806379451,-1,26,False
2,ridge,Stat3_Etch_MV_Gas7Flow__cycle_mean_std,G4_cycle_behavior,gas_or_backside_flow,absolute_standardized_coefficient,0.011428343252259325,-1,51,False
2,ridge,Stat3_Etch_MV_Gas7Flow__cycle_mean_slope,G4_cycle_behavior,gas_or_backside_flow,absolute_standardized_coefficient,0.004409659636153807,1,135,False
2,ridge,Stat3_Etch_MV_Heater1Temp__active_mean,G1_level,heater_temperature,absolute_standardized_coefficient,0.005094342206266875,-1,123,False
2,ridge,Stat3_Etch_MV_Heater1Temp__active_std,G1_level,heater_temperature,absolute_standardized_coefficient,0.005377106293008019,-1,118,False
2,ridge,Stat3_Etch_MV_Heater1Temp__active_slope,G2_temporal_drift,heater_temperature,absolute_standardized_coefficient,0.0013524159811967172,1,209,False
2,ridge,Stat3_Etch_MV_Heater1Temp__early_late_delta,G2_temporal_drift,heater_temperature,absolute_standardized_coefficient,0.009883138568542525,-1,58,False
2,ridge,Stat3_Etch_MV_Heater1Temp__long_phase_mean,G3_bosch_phase,heater_temperature,absolute_standardized_coefficient,0.007261150796538403,-1,89,False
2,ridge,Stat3_Etch_MV_Heater1Temp__short_phase_mean,G3_bosch_phase,heater_temperature,absolute_standardized_coefficient,0.001773645809854347,1,200,False
2,ridge,Stat3_Etch_MV_Heater1Temp__phase_difference,G3_bosch_phase,heater_temperature,absolute_standardized_coefficient,0.009715784837212173,-1,59,False
2,ridge,Stat3_Etch_MV_Heater1Temp__cycle_mean_std,G4_cycle_behavior,heater_temperature,absolute_standardized_coefficient,0.016614474832150092,1,23,False
2,ridge,Stat3_Etch_MV_Heater1Temp__cycle_mean_slope,G4_cycle_behavior,heater_temperature,absolute_standardized_coefficient,0.0020185111574402646,-1,195,False
2,ridge,Stat3_Etch_MV_Heater2Temp__active_mean,G1_level,heater_temperature,absolute_standardized_coefficient,0.0036415190874881883,1,150,False
2,ridge,Stat3_Etch_MV_Heater2Temp__active_std,G1_level,heater_temperature,absolute_standardized_coefficient,0.008603455075759332,-1,77,False
2,ridge,Stat3_Etch_MV_Heater2Temp__active_range,G1_level,heater_temperature,absolute_standardized_coefficient,0.0007854483368535354,-1,222,False
2,ridge,Stat3_Etch_MV_Heater2Temp__active_slope,G2_temporal_drift,heater_temperature,absolute_standardized_coefficient,0.0004551496253286801,1,233,False
2,ridge,Stat3_Etch_MV_Heater2Temp__early_late_delta,G2_temporal_drift,heater_temperature,absolute_standardized_coefficient,0.004948492962683577,-1,126,False
2,ridge,Stat3_Etch_MV_Heater2Temp__long_phase_mean,G3_bosch_phase,heater_temperature,absolute_standardized_coefficient,0.0036601328159666644,1,148,False
2,ridge,Stat3_Etch_MV_Heater2Temp__short_phase_mean,G3_bosch_phase,heater_temperature,absolute_standardized_coefficient,0.0035890928197762776,1,152,False
2,ridge,Stat3_Etch_MV_Heater2Temp__phase_difference,G3_bosch_phase,heater_temperature,absolute_standardized_coefficient,0.005518529528485293,1,115,False
2,ridge,Stat3_Etch_MV_Heater2Temp__cycle_mean_std,G4_cycle_behavior,heater_temperature,absolute_standardized_coefficient,0.00898964670010174,-1,70,False
2,ridge,Stat3_Etch_MV_Heater2Temp__cycle_mean_slope,G4_cycle_behavior,heater_temperature,absolute_standardized_coefficient,0.0006688745866002849,1,228,False
2,ridge,Stat3_Etch_MV_Heater3Temp__active_mean,G1_level,heater_temperature,absolute_standardized_coefficient,0.0029456864406922564,1,169,False
2,ridge,Stat3_Etch_MV_Heater3Temp__active_std,G1_level,heater_temperature,absolute_standardized_coefficient,0.013628621695931382,1,36,False
2,ridge,Stat3_Etch_MV_Heater3Temp__active_range,G1_level,heater_temperature,absolute_standardized_coefficient,0.005314264236439149,1,121,False
2,ridge,Stat3_Etch_MV_Heater3Temp__active_slope,G2_temporal_drift,heater_temperature,absolute_standardized_coefficient,0.0016583161498943222,1,204,False
2,ridge,Stat3_Etch_MV_Heater3Temp__early_late_delta,G2_temporal_drift,heater_temperature,absolute_standardized_coefficient,0.004081012575189846,-1,141,False
2,ridge,Stat3_Etch_MV_Heater3Temp__long_phase_mean,G3_bosch_phase,heater_temperature,absolute_standardized_coefficient,0.0029473625194308636,1,168,False
2,ridge,Stat3_Etch_MV_Heater3Temp__short_phase_mean,G3_bosch_phase,heater_temperature,absolute_standardized_coefficient,0.00291765163365939,1,170,False
2,ridge,Stat3_Etch_MV_Heater3Temp__phase_difference,G3_bosch_phase,heater_temperature,absolute_standardized_coefficient,0.0010128176142579983,1,214,False
2,ridge,Stat3_Etch_MV_Heater3Temp__cycle_mean_std,G4_cycle_behavior,heater_temperature,absolute_standardized_coefficient,0.006435220617830103,1,105,False
2,ridge,Stat3_Etch_MV_Heater3Temp__cycle_mean_slope,G4_cycle_behavior,heater_temperature,absolute_standardized_coefficient,0.0021991490214893065,1,189,False
2,ridge,Stat3_Etch_MV_Heater4Temp__active_mean,G1_level,heater_temperature,absolute_standardized_coefficient,0.003647983382204946,-1,149,False
2,ridge,Stat3_Etch_MV_Heater4Temp__active_std,G1_level,heater_temperature,absolute_standardized_coefficient,0.005331287441225113,1,120,False
2,ridge,Stat3_Etch_MV_Heater4Temp__active_range,G1_level,heater_temperature,absolute_standardized_coefficient,0.012016159185739929,-1,44,False
2,ridge,Stat3_Etch_MV_Heater4Temp__active_slope,G2_temporal_drift,heater_temperature,absolute_standardized_coefficient,0.007634680715176288,-1,86,False
2,ridge,Stat3_Etch_MV_Heater4Temp__early_late_delta,G2_temporal_drift,heater_temperature,absolute_standardized_coefficient,0.001587468799201363,-1,207,False
2,ridge,Stat3_Etch_MV_Heater4Temp__long_phase_mean,G3_bosch_phase,heater_temperature,absolute_standardized_coefficient,0.0036635571400323043,-1,147,False
2,ridge,Stat3_Etch_MV_Heater4Temp__short_phase_mean,G3_bosch_phase,heater_temperature,absolute_standardized_coefficient,0.003605072286330101,-1,151,False
2,ridge,Stat3_Etch_MV_Heater4Temp__phase_difference,G3_bosch_phase,heater_temperature,absolute_standardized_coefficient,0.004198123414852916,-1,139,False
2,ridge,Stat3_Etch_MV_Heater4Temp__cycle_mean_std,G4_cycle_behavior,heater_temperature,absolute_standardized_coefficient,0.009020031897472847,1,69,False
2,ridge,Stat3_Etch_MV_Heater4Temp__cycle_mean_slope,G4_cycle_behavior,heater_temperature,absolute_standardized_coefficient,0.00670415213571561,-1,98,False
2,ridge,Stat3_Etch_MV_HeliumBPFlow__active_mean,G1_level,gas_or_backside_flow,absolute_standardized_coefficient,0.002887902946684088,1,174,False
2,ridge,Stat3_Etch_MV_HeliumBPFlow__active_std,G1_level,gas_or_backside_flow,absolute_standardized_coefficient,0.0045814256935376736,1,132,False
2,ridge,Stat3_Etch_MV_HeliumBPFlow__active_range,G1_level,gas_or_backside_flow,absolute_standardized_coefficient,0.0035799649065209847,1,153,False
2,ridge,Stat3_Etch_MV_HeliumBPFlow__active_slope,G2_temporal_drift,gas_or_backside_flow,absolute_standardized_coefficient,0.0018329820992337193,-1,198,False
2,ridge,Stat3_Etch_MV_HeliumBPFlow__early_late_delta,G2_temporal_drift,gas_or_backside_flow,absolute_standardized_coefficient,0.0026031938917934197,-1,179,False
2,ridge,Stat3_Etch_MV_HeliumBPFlow__long_phase_mean,G3_bosch_phase,gas_or_backside_flow,absolute_standardized_coefficient,0.0029034421758526423,1,171,False
2,ridge,Stat3_Etch_MV_HeliumBPFlow__short_phase_mean,G3_bosch_phase,gas_or_backside_flow,absolute_standardized_coefficient,0.0028489502267894477,1,176,False
2,ridge,Stat3_Etch_MV_HeliumBPFlow__phase_difference,G3_bosch_phase,gas_or_backside_flow,absolute_standardized_coefficient,0.005968969436253667,1,111,False
2,ridge,Stat3_Etch_MV_HeliumBPFlow__cycle_mean_std,G4_cycle_behavior,gas_or_backside_flow,absolute_standardized_coefficient,0.004269968777725515,1,138,False
2,ridge,Stat3_Etch_MV_HeliumBPFlow__cycle_mean_slope,G4_cycle_behavior,gas_or_backside_flow,absolute_standardized_coefficient,0.002085837501049831,-1,192,False
2,ridge,Stat3_Etch_MV_HeliumBPPressure__active_mean,G1_level,pressure,absolute_standardized_coefficient,0.0034163681025960475,-1,154,False
2,ridge,Stat3_Etch_MV_HeliumBPPressure__active_std,G1_level,pressure,absolute_standardized_coefficient,0.003847291280287129,1,144,False
2,ridge,Stat3_Etch_MV_HeliumBPPressure__active_range,G1_level,pressure,absolute_standardized_coefficient,0.011439687291223646,-1,50,False
2,ridge,Stat3_Etch_MV_HeliumBPPressure__active_slope,G2_temporal_drift,pressure,absolute_standardized_coefficient,0.00813518166286817,1,83,False
2,ridge,Stat3_Etch_MV_HeliumBPPressure__early_late_delta,G2_temporal_drift,pressure,absolute_standardized_coefficient,0.0038558619974873223,1,143,False
2,ridge,Stat3_Etch_MV_HeliumBPPressure__long_phase_mean,G3_bosch_phase,pressure,absolute_standardized_coefficient,0.00608479582540656,-1,110,False
2,ridge,Stat3_Etch_MV_HeliumBPPressure__short_phase_mean,G3_bosch_phase,pressure,absolute_standardized_coefficient,0.0024850622749052454,1,183,False
2,ridge,Stat3_Etch_MV_HeliumBPPressure__phase_difference,G3_bosch_phase,pressure,absolute_standardized_coefficient,0.009154295614732697,-1,68,False
2,ridge,Stat3_Etch_MV_HeliumBPPressure__cycle_mean_std,G4_cycle_behavior,pressure,absolute_standardized_coefficient,0.016319041612388473,1,24,False
2,ridge,Stat3_Etch_MV_HeliumBPPressure__cycle_mean_slope,G4_cycle_behavior,pressure,absolute_standardized_coefficient,0.009318143229573925,1,64,False
2,ridge,Stat3_Etch_MV_PlatenDcBias__active_mean,G1_level,rf_power_matching_electrical,absolute_standardized_coefficient,0.008035678732952498,1,84,False
2,ridge,Stat3_Etch_MV_PlatenDcBias__active_std,G1_level,rf_power_matching_electrical,absolute_standardized_coefficient,0.006672277159328482,1,100,False
2,ridge,Stat3_Etch_MV_PlatenDcBias__active_range,G1_level,rf_power_matching_electrical,absolute_standardized_coefficient,0.011668572028282644,1,48,False
2,ridge,Stat3_Etch_MV_PlatenDcBias__active_slope,G2_temporal_drift,rf_power_matching_electrical,absolute_standardized_coefficient,0.0007633631442126216,-1,223,False
2,ridge,Stat3_Etch_MV_PlatenDcBias__early_late_delta,G2_temporal_drift,rf_power_matching_electrical,absolute_standardized_coefficient,0.0033663148170375596,1,156,False
2,ridge,Stat3_Etch_MV_PlatenDcBias__long_phase_mean,G3_bosch_phase,rf_power_matching_electrical,absolute_standardized_coefficient,0.0022226196826193967,1,188,False
2,ridge,Stat3_Etch_MV_PlatenDcBias__short_phase_mean,G3_bosch_phase,rf_power_matching_electrical,absolute_standardized_coefficient,0.013556096968246948,1,37,False
2,ridge,Stat3_Etch_MV_PlatenDcBias__phase_difference,G3_bosch_phase,rf_power_matching_electrical,absolute_standardized_coefficient,0.01254183570531765,-1,40,False
2,ridge,Stat3_Etch_MV_PlatenDcBias__cycle_mean_std,G4_cycle_behavior,rf_power_matching_electrical,absolute_standardized_coefficient,0.011346844791780194,-1,52,False
2,ridge,Stat3_Etch_MV_PlatenDcBias__cycle_mean_slope,G4_cycle_behavior,rf_power_matching_electrical,absolute_standardized_coefficient,0.0009876272203801024,-1,215,False
2,ridge,Stat3_Etch_MV_PlatenRFLoadCapacitor__active_mean,G1_level,rf_power_matching_electrical,absolute_standardized_coefficient,0.004483252073036953,-1,134,False
2,ridge,Stat3_Etch_MV_PlatenRFLoadCapacitor__active_std,G1_level,rf_power_matching_electrical,absolute_standardized_coefficient,0.02287497732828226,-1,11,True
2,ridge,Stat3_Etch_MV_PlatenRFLoadCapacitor__active_range,G1_level,rf_power_matching_electrical,absolute_standardized_coefficient,0.0025272482010787805,-1,181,False
2,ridge,Stat3_Etch_MV_PlatenRFLoadCapacitor__active_slope,G2_temporal_drift,rf_power_matching_electrical,absolute_standardized_coefficient,0.008368841243986286,-1,79,False
2,ridge,Stat3_Etch_MV_PlatenRFLoadCapacitor__early_late_delta,G2_temporal_drift,rf_power_matching_electrical,absolute_standardized_coefficient,0.010343271882916902,-1,55,False
2,ridge,Stat3_Etch_MV_PlatenRFLoadCapacitor__long_phase_mean,G3_bosch_phase,rf_power_matching_electrical,absolute_standardized_coefficient,0.0031991114033705736,-1,160,False
2,ridge,Stat3_Etch_MV_PlatenRFLoadCapacitor__short_phase_mean,G3_bosch_phase,rf_power_matching_electrical,absolute_standardized_coefficient,0.006802740204915726,-1,97,False
2,ridge,Stat3_Etch_MV_PlatenRFLoadCapacitor__phase_difference,G3_bosch_phase,rf_power_matching_electrical,absolute_standardized_coefficient,0.005069028156873197,1,124,False
2,ridge,Stat3_Etch_MV_PlatenRFLoadCapacitor__cycle_mean_std,G4_cycle_behavior,rf_power_matching_electrical,absolute_standardized_coefficient,0.006895745361627354,-1,95,False
2,ridge,Stat3_Etch_MV_PlatenRFLoadCapacitor__cycle_mean_slope,G4_cycle_behavior,rf_power_matching_electrical,absolute_standardized_coefficient,0.0031210583005151283,-1,163,False
2,ridge,Stat3_Etch_MV_PlatenRFLoadPower__active_mean,G1_level,rf_power_matching_electrical,absolute_standardized_coefficient,0.00936920822129658,-1,63,False
2,ridge,Stat3_Etch_MV_PlatenRFLoadPower__active_std,G1_level,rf_power_matching_electrical,absolute_standardized_coefficient,0.0023123645670153374,-1,187,False
2,ridge,Stat3_Etch_MV_PlatenRFLoadPower__active_range,G1_level,rf_power_matching_electrical,absolute_standardized_coefficient,0.0005259740350110329,1,229,False
2,ridge,Stat3_Etch_MV_PlatenRFLoadPower__active_slope,G2_temporal_drift,rf_power_matching_electrical,absolute_standardized_coefficient,0.0016241990365259184,-1,206,False
2,ridge,Stat3_Etch_MV_PlatenRFLoadPower__early_late_delta,G2_temporal_drift,rf_power_matching_electrical,absolute_standardized_coefficient,0.015815175535192582,-1,25,False
2,ridge,Stat3_Etch_MV_PlatenRFLoadPower__long_phase_mean,G3_bosch_phase,rf_power_matching_electrical,absolute_standardized_coefficient,0.008756588792631926,-1,73,False
2,ridge,Stat3_Etch_MV_PlatenRFLoadPower__short_phase_mean,G3_bosch_phase,rf_power_matching_electrical,absolute_standardized_coefficient,0.0019030038215708143,-1,196,False
2,ridge,Stat3_Etch_MV_PlatenRFLoadPower__phase_difference,G3_bosch_phase,rf_power_matching_electrical,absolute_standardized_coefficient,0.0023383929513651792,-1,186,False
2,ridge,Stat3_Etch_MV_PlatenRFLoadPower__cycle_mean_std,G4_cycle_behavior,rf_power_matching_electrical,absolute_standardized_coefficient,0.008179588034491432,1,81,False
2,ridge,Stat3_Etch_MV_PlatenRFLoadPower__cycle_mean_slope,G4_cycle_behavior,rf_power_matching_electrical,absolute_standardized_coefficient,0.002054900461885759,-1,193,False
2,ridge,Stat3_Etch_MV_PlatenRFPeakToPeak__active_mean,G1_level,rf_power_matching_electrical,absolute_standardized_coefficient,0.01223522480716424,-1,42,False
2,ridge,Stat3_Etch_MV_PlatenRFPeakToPeak__active_std,G1_level,rf_power_matching_electrical,absolute_standardized_coefficient,0.005151111184753115,-1,122,False
2,ridge,Stat3_Etch_MV_PlatenRFPeakToPeak__active_range,G1_level,rf_power_matching_electrical,absolute_standardized_coefficient,0.03207951425479773,-1,2,True
2,ridge,Stat3_Etch_MV_PlatenRFPeakToPeak__active_slope,G2_temporal_drift,rf_power_matching_electrical,absolute_standardized_coefficient,0.006170006717221058,1,109,False
2,ridge,Stat3_Etch_MV_PlatenRFPeakToPeak__early_late_delta,G2_temporal_drift,rf_power_matching_electrical,absolute_standardized_coefficient,0.00916679792953202,-1,67,False
2,ridge,Stat3_Etch_MV_PlatenRFPeakToPeak__long_phase_mean,G3_bosch_phase,rf_power_matching_electrical,absolute_standardized_coefficient,0.0064431727052225085,-1,104,False
2,ridge,Stat3_Etch_MV_PlatenRFPeakToPeak__short_phase_mean,G3_bosch_phase,rf_power_matching_electrical,absolute_standardized_coefficient,0.015406161978357242,-1,27,False
2,ridge,Stat3_Etch_MV_PlatenRFPeakToPeak__phase_difference,G3_bosch_phase,rf_power_matching_electrical,absolute_standardized_coefficient,0.01393443589072821,1,34,False
2,ridge,Stat3_Etch_MV_PlatenRFPeakToPeak__cycle_mean_std,G4_cycle_behavior,rf_power_matching_electrical,absolute_standardized_coefficient,0.0033341362627876837,1,157,False
2,ridge,Stat3_Etch_MV_PlatenRFPeakToPeak__cycle_mean_slope,G4_cycle_behavior,rf_power_matching_electrical,absolute_standardized_coefficient,0.0030704697334493856,1,164,False
2,ridge,Stat3_Etch_MV_PlatenRFReflectedPower__active_mean,G1_level,rf_power_matching_electrical,absolute_standardized_coefficient,0.005650092720456043,-1,114,False
2,ridge,Stat3_Etch_MV_PlatenRFReflectedPower__active_std,G1_level,rf_power_matching_electrical,absolute_standardized_coefficient,0.0027880498146540247,1,178,False
2,ridge,Stat3_Etch_MV_PlatenRFReflectedPower__active_range,G1_level,rf_power_matching_electrical,absolute_standardized_coefficient,0.026675967610638104,1,6,True
2,ridge,Stat3_Etch_MV_PlatenRFReflectedPower__active_slope,G2_temporal_drift,rf_power_matching_electrical,absolute_standardized_coefficient,0.006404938449402389,1,107,False
2,ridge,Stat3_Etch_MV_PlatenRFReflectedPower__early_late_delta,G2_temporal_drift,rf_power_matching_electrical,absolute_standardized_coefficient,0.004954120361553746,1,125,False
2,ridge,Stat3_Etch_MV_PlatenRFReflectedPower__long_phase_mean,G3_bosch_phase,rf_power_matching_electrical,absolute_standardized_coefficient,0.024476817143262997,-1,8,True
2,ridge,Stat3_Etch_MV_PlatenRFReflectedPower__short_phase_mean,G3_bosch_phase,rf_power_matching_electrical,absolute_standardized_coefficient,0.015225199156392106,1,28,False
2,ridge,Stat3_Etch_MV_PlatenRFReflectedPower__phase_difference,G3_bosch_phase,rf_power_matching_electrical,absolute_standardized_coefficient,0.019340909978672237,-1,18,True
2,ridge,Stat3_Etch_MV_PlatenRFReflectedPower__cycle_mean_std,G4_cycle_behavior,rf_power_matching_electrical,absolute_standardized_coefficient,0.01832460148079907,-1,21,False
2,ridge,Stat3_Etch_MV_PlatenRFReflectedPower__cycle_mean_slope,G4_cycle_behavior,rf_power_matching_electrical,absolute_standardized_coefficient,0.0045122709852095984,1,133,False
2,ridge,Stat3_Etch_MV_PlatenRFTuningCapacitor__active_mean,G1_level,rf_power_matching_electrical,absolute_standardized_coefficient,0.02217068834905407,-1,13,True
2,ridge,Stat3_Etch_MV_PlatenRFTuningCapacitor__active_std,G1_level,rf_power_matching_electrical,absolute_standardized_coefficient,0.014756783585117067,1,30,False
2,ridge,Stat3_Etch_MV_PlatenRFTuningCapacitor__active_range,G1_level,rf_power_matching_electrical,absolute_standardized_coefficient,0.024323186823188223,1,10,True
2,ridge,Stat3_Etch_MV_PlatenRFTuningCapacitor__active_slope,G2_temporal_drift,rf_power_matching_electrical,absolute_standardized_coefficient,0.01000620208704556,1,57,False
2,ridge,Stat3_Etch_MV_PlatenRFTuningCapacitor__early_late_delta,G2_temporal_drift,rf_power_matching_electrical,absolute_standardized_coefficient,0.0004926989137017529,1,232,False
2,ridge,Stat3_Etch_MV_PlatenRFTuningCapacitor__long_phase_mean,G3_bosch_phase,rf_power_matching_electrical,absolute_standardized_coefficient,0.024323804617288208,-1,9,True
2,ridge,Stat3_Etch_MV_PlatenRFTuningCapacitor__short_phase_mean,G3_bosch_phase,rf_power_matching_electrical,absolute_standardized_coefficient,0.0016481748654901,-1,205,False
2,ridge,Stat3_Etch_MV_PlatenRFTuningCapacitor__phase_difference,G3_bosch_phase,rf_power_matching_electrical,absolute_standardized_coefficient,0.02738114082748973,-1,5,True
2,ridge,Stat3_Etch_MV_PlatenRFTuningCapacitor__cycle_mean_std,G4_cycle_behavior,rf_power_matching_electrical,absolute_standardized_coefficient,0.004157788771778726,-1,140,False
2,ridge,Stat3_Etch_MV_PlatenRFTuningCapacitor__cycle_mean_slope,G4_cycle_behavior,rf_power_matching_electrical,absolute_standardized_coefficient,0.01177560131265203,1,47,False
2,ridge,Stat3_Etch_MV_Pressure__active_mean,G1_level,pressure,absolute_standardized_coefficient,0.0015052224019855825,-1,208,False
2,ridge,Stat3_Etch_MV_Pressure__active_std,G1_level,pressure,absolute_standardized_coefficient,0.03015677634040273,-1,3,True
2,ridge,Stat3_Etch_MV_Pressure__active_range,G1_level,pressure,absolute_standardized_coefficient,0.012153666490075678,-1,43,False
2,ridge,Stat3_Etch_MV_Pressure__active_slope,G2_temporal_drift,pressure,absolute_standardized_coefficient,0.01371116138626689,1,35,False
2,ridge,Stat3_Etch_MV_Pressure__early_late_delta,G2_temporal_drift,pressure,absolute_standardized_coefficient,0.0069338406344182915,-1,93,False
2,ridge,Stat3_Etch_MV_Pressure__long_phase_mean,G3_bosch_phase,pressure,absolute_standardized_coefficient,0.008467318497309263,1,78,False
2,ridge,Stat3_Etch_MV_Pressure__short_phase_mean,G3_bosch_phase,pressure,absolute_standardized_coefficient,0.0065156466547411016,-1,101,False
2,ridge,Stat3_Etch_MV_Pressure__phase_difference,G3_bosch_phase,pressure,absolute_standardized_coefficient,0.0073244924047034315,1,88,False
2,ridge,Stat3_Etch_MV_Pressure__cycle_mean_std,G4_cycle_behavior,pressure,absolute_standardized_coefficient,0.014946212112072145,1,29,False
2,ridge,Stat3_Etch_MV_Pressure__cycle_mean_slope,G4_cycle_behavior,pressure,absolute_standardized_coefficient,0.005361246225418038,1,119,False
2,ridge,Stat3_Etch_MV_SourceRF2PeakToPeak__active_mean,G1_level,rf_power_matching_electrical,absolute_standardized_coefficient,0.0008163804356397847,1,221,False
2,ridge,Stat3_Etch_MV_SourceRF2PeakToPeak__active_std,G1_level,rf_power_matching_electrical,absolute_standardized_coefficient,0.0032726547219161743,1,158,False
2,ridge,Stat3_Etch_MV_SourceRF2PeakToPeak__active_slope,G2_temporal_drift,rf_power_matching_electrical,absolute_standardized_coefficient,0.001771127654009917,-1,201,False
2,ridge,Stat3_Etch_MV_SourceRF2PeakToPeak__early_late_delta,G2_temporal_drift,rf_power_matching_electrical,absolute_standardized_coefficient,0.0018053392944031039,-1,199,False
2,ridge,Stat3_Etch_MV_SourceRF2PeakToPeak__long_phase_mean,G3_bosch_phase,rf_power_matching_electrical,absolute_standardized_coefficient,0.0006820739962295091,1,225,False
2,ridge,Stat3_Etch_MV_SourceRF2PeakToPeak__phase_difference,G3_bosch_phase,rf_power_matching_electrical,absolute_standardized_coefficient,0.0006820739962295091,1,226,False
2,ridge,Stat3_Etch_MV_SourceRF2PeakToPeak__cycle_mean_std,G4_cycle_behavior,rf_power_matching_electrical,absolute_standardized_coefficient,0.0004990704206993988,1,231,False
2,ridge,Stat3_Etch_MV_SourceRF2PeakToPeak__cycle_mean_slope,G4_cycle_behavior,rf_power_matching_electrical,absolute_standardized_coefficient,0.0025492574028265986,-1,180,False
2,ridge,Stat3_Etch_MV_SourceRF2TuningCapacitor__active_mean,G1_level,rf_power_matching_electrical,absolute_standardized_coefficient,0.0008495435048267645,-1,220,False
2,ridge,Stat3_Etch_MV_SourceRF2TuningCapacitor__active_std,G1_level,rf_power_matching_electrical,absolute_standardized_coefficient,0.0012181774992008167,1,211,False
2,ridge,Stat3_Etch_MV_SourceRF2TuningCapacitor__active_slope,G2_temporal_drift,rf_power_matching_electrical,absolute_standardized_coefficient,0.0008509073858702948,1,217,False
2,ridge,Stat3_Etch_MV_SourceRF2TuningCapacitor__early_late_delta,G2_temporal_drift,rf_power_matching_electrical,absolute_standardized_coefficient,0.0008615639967917081,1,216,False
2,ridge,Stat3_Etch_MV_SourceRF2TuningCapacitor__short_phase_mean,G3_bosch_phase,rf_power_matching_electrical,absolute_standardized_coefficient,0.0008500783703973237,-1,219,False
2,ridge,Stat3_Etch_MV_SourceRF2TuningCapacitor__phase_difference,G3_bosch_phase,rf_power_matching_electrical,absolute_standardized_coefficient,0.0008500783703973272,1,218,False
2,ridge,Stat3_Etch_MV_SourceRFLoadPower__active_mean,G1_level,rf_power_matching_electrical,absolute_standardized_coefficient,0.012522717879979077,1,41,False
2,ridge,Stat3_Etch_MV_SourceRFLoadPower__active_std,G1_level,rf_power_matching_electrical,absolute_standardized_coefficient,0.003053653553550185,-1,165,False
2,ridge,Stat3_Etch_MV_SourceRFLoadPower__active_range,G1_level,rf_power_matching_electrical,absolute_standardized_coefficient,0.021637966595484694,-1,17,True
2,ridge,Stat3_Etch_MV_SourceRFLoadPower__active_slope,G2_temporal_drift,rf_power_matching_electrical,absolute_standardized_coefficient,0.008137002158452353,-1,82,False
2,ridge,Stat3_Etch_MV_SourceRFLoadPower__early_late_delta,G2_temporal_drift,rf_power_matching_electrical,absolute_standardized_coefficient,0.0017258097146266086,-1,203,False
2,ridge,Stat3_Etch_MV_SourceRFLoadPower__long_phase_mean,G3_bosch_phase,rf_power_matching_electrical,absolute_standardized_coefficient,0.011790689169732402,1,46,False
2,ridge,Stat3_Etch_MV_SourceRFLoadPower__short_phase_mean,G3_bosch_phase,rf_power_matching_electrical,absolute_standardized_coefficient,0.006700278383621883,1,99,False
2,ridge,Stat3_Etch_MV_SourceRFLoadPower__phase_difference,G3_bosch_phase,rf_power_matching_electrical,absolute_standardized_coefficient,0.0032669635475186965,-1,159,False
2,ridge,Stat3_Etch_MV_SourceRFLoadPower__cycle_mean_std,G4_cycle_behavior,rf_power_matching_electrical,absolute_standardized_coefficient,8.724117045993051e-05,1,240,False
2,ridge,Stat3_Etch_MV_SourceRFLoadPower__cycle_mean_slope,G4_cycle_behavior,rf_power_matching_electrical,absolute_standardized_coefficient,0.014204663881466083,-1,32,False
2,ridge,Stat3_Etch_MV_SourceRFPeakToPeak__active_mean,G1_level,rf_power_matching_electrical,absolute_standardized_coefficient,0.008701025150062191,1,74,False
2,ridge,Stat3_Etch_MV_SourceRFPeakToPeak__active_std,G1_level,rf_power_matching_electrical,absolute_standardized_coefficient,0.018782768961634312,1,19,True
2,ridge,Stat3_Etch_MV_SourceRFPeakToPeak__active_range,G1_level,rf_power_matching_electrical,absolute_standardized_coefficient,0.009177032173214977,1,66,False
2,ridge,Stat3_Etch_MV_SourceRFPeakToPeak__active_slope,G2_temporal_drift,rf_power_matching_electrical,absolute_standardized_coefficient,0.009312066549678385,-1,65,False
2,ridge,Stat3_Etch_MV_SourceRFPeakToPeak__early_late_delta,G2_temporal_drift,rf_power_matching_electrical,absolute_standardized_coefficient,0.00687484783213505,-1,96,False
2,ridge,Stat3_Etch_MV_SourceRFPeakToPeak__long_phase_mean,G3_bosch_phase,rf_power_matching_electrical,absolute_standardized_coefficient,0.01067607796633396,1,53,False
2,ridge,Stat3_Etch_MV_SourceRFPeakToPeak__short_phase_mean,G3_bosch_phase,rf_power_matching_electrical,absolute_standardized_coefficient,0.0006695189191024036,1,227,False
2,ridge,Stat3_Etch_MV_SourceRFPeakToPeak__phase_difference,G3_bosch_phase,rf_power_matching_electrical,absolute_standardized_coefficient,0.021787971530825012,1,16,True
2,ridge,Stat3_Etch_MV_SourceRFPeakToPeak__cycle_mean_std,G4_cycle_behavior,rf_power_matching_electrical,absolute_standardized_coefficient,0.009501361398582722,1,60,False
2,ridge,Stat3_Etch_MV_SourceRFPeakToPeak__cycle_mean_slope,G4_cycle_behavior,rf_power_matching_electrical,absolute_standardized_coefficient,0.005420875752386378,-1,117,False
2,ridge,Stat3_Etch_MV_SourceRFReflectedPower__active_mean,G1_level,rf_power_matching_electrical,absolute_standardized_coefficient,0.01844354236616022,-1,20,True
2,ridge,Stat3_Etch_MV_SourceRFReflectedPower__active_std,G1_level,rf_power_matching_electrical,absolute_standardized_coefficient,0.021869274785876386,-1,15,True
2,ridge,Stat3_Etch_MV_SourceRFReflectedPower__active_range,G1_level,rf_power_matching_electrical,absolute_standardized_coefficient,0.042477110209928844,-1,1,True
2,ridge,Stat3_Etch_MV_SourceRFReflectedPower__active_slope,G2_temporal_drift,rf_power_matching_electrical,absolute_standardized_coefficient,0.0020440608167420797,1,194,False
2,ridge,Stat3_Etch_MV_SourceRFReflectedPower__early_late_delta,G2_temporal_drift,rf_power_matching_electrical,absolute_standardized_coefficient,0.006507407040482112,1,102,False
2,ridge,Stat3_Etch_MV_SourceRFReflectedPower__long_phase_mean,G3_bosch_phase,rf_power_matching_electrical,absolute_standardized_coefficient,0.008770812593705326,-1,72,False
2,ridge,Stat3_Etch_MV_SourceRFReflectedPower__short_phase_mean,G3_bosch_phase,rf_power_matching_electrical,absolute_standardized_coefficient,0.022102261384452107,-1,14,True
2,ridge,Stat3_Etch_MV_SourceRFReflectedPower__phase_difference,G3_bosch_phase,rf_power_matching_electrical,absolute_standardized_coefficient,0.02535793326952317,1,7,True
2,ridge,Stat3_Etch_MV_SourceRFReflectedPower__cycle_mean_std,G4_cycle_behavior,rf_power_matching_electrical,absolute_standardized_coefficient,0.008667967655584322,1,76,False
2,ridge,Stat3_Etch_MV_SourceRFReflectedPower__cycle_mean_slope,G4_cycle_behavior,rf_power_matching_electrical,absolute_standardized_coefficient,0.0025194960520001403,-1,182,False
2,ridge,Stat3_Etch_MV_moriInnerCurrent__active_mean,G1_level,remaining_process_signals,absolute_standardized_coefficient,0.0021799127140629416,1,190,False
2,ridge,Stat3_Etch_MV_moriInnerCurrent__active_std,G1_level,remaining_process_signals,absolute_standardized_coefficient,0.004928829884287755,-1,127,False
2,ridge,Stat3_Etch_MV_moriInnerCurrent__active_range,G1_level,remaining_process_signals,absolute_standardized_coefficient,0.0023944744302772216,1,185,False
2,ridge,Stat3_Etch_MV_moriInnerCurrent__active_slope,G2_temporal_drift,remaining_process_signals,absolute_standardized_coefficient,0.005847555215309031,-1,112,False
2,ridge,Stat3_Etch_MV_moriInnerCurrent__early_late_delta,G2_temporal_drift,remaining_process_signals,absolute_standardized_coefficient,0.003777377956795184,-1,145,False
2,ridge,Stat3_Etch_MV_moriInnerCurrent__long_phase_mean,G3_bosch_phase,remaining_process_signals,absolute_standardized_coefficient,0.004830112369994551,1,129,False
2,ridge,Stat3_Etch_MV_moriInnerCurrent__short_phase_mean,G3_bosch_phase,remaining_process_signals,absolute_standardized_coefficient,0.003691061037156101,-1,146,False
2,ridge,Stat3_Etch_MV_moriInnerCurrent__phase_difference,G3_bosch_phase,remaining_process_signals,absolute_standardized_coefficient,0.007345037620323556,1,87,False
2,ridge,Stat3_Etch_MV_moriInnerCurrent__cycle_mean_std,G4_cycle_behavior,remaining_process_signals,absolute_standardized_coefficient,0.017346883976795725,1,22,False
2,ridge,Stat3_Etch_MV_moriInnerCurrent__cycle_mean_slope,G4_cycle_behavior,remaining_process_signals,absolute_standardized_coefficient,0.010129338657249772,-1,56,False
3,pls,Stat3_Etch_MV_ForeLinePressure__active_mean,G1_level,pressure,VIP,0.38666571591921495,-1,206,False
3,pls,Stat3_Etch_MV_ForeLinePressure__active_std,G1_level,pressure,VIP,1.285477223629792,-1,45,False
3,pls,Stat3_Etch_MV_ForeLinePressure__active_range,G1_level,pressure,VIP,1.8755952585653557,-1,15,True
3,pls,Stat3_Etch_MV_ForeLinePressure__active_slope,G2_temporal_drift,pressure,VIP,0.5106427352521512,-1,181,False
3,pls,Stat3_Etch_MV_ForeLinePressure__early_late_delta,G2_temporal_drift,pressure,VIP,0.5317371262531034,1,179,False
3,pls,Stat3_Etch_MV_ForeLinePressure__long_phase_mean,G3_bosch_phase,pressure,VIP,0.556266557785581,-1,175,False
3,pls,Stat3_Etch_MV_ForeLinePressure__short_phase_mean,G3_bosch_phase,pressure,VIP,0.37833035319735164,1,207,False
3,pls,Stat3_Etch_MV_ForeLinePressure__phase_difference,G3_bosch_phase,pressure,VIP,0.820350011520788,-1,98,False
3,pls,Stat3_Etch_MV_ForeLinePressure__cycle_mean_std,G4_cycle_behavior,pressure,VIP,0.8384272374051475,1,95,False
3,pls,Stat3_Etch_MV_ForeLinePressure__cycle_mean_slope,G4_cycle_behavior,pressure,VIP,0.5099981007997408,1,182,False
3,pls,Stat3_Etch_MV_Gas1Flow__active_mean,G1_level,gas_or_backside_flow,VIP,0.5951459483058863,-1,167,False
3,pls,Stat3_Etch_MV_Gas1Flow__active_std,G1_level,gas_or_backside_flow,VIP,0.8063608194238807,1,102,False
3,pls,Stat3_Etch_MV_Gas1Flow__active_range,G1_level,gas_or_backside_flow,VIP,0.36356730390095204,-1,211,False
3,pls,Stat3_Etch_MV_Gas1Flow__active_slope,G2_temporal_drift,gas_or_backside_flow,VIP,0.7953284443580605,-1,112,False
3,pls,Stat3_Etch_MV_Gas1Flow__early_late_delta,G2_temporal_drift,gas_or_backside_flow,VIP,0.7949419572979166,-1,113,False
3,pls,Stat3_Etch_MV_Gas1Flow__long_phase_mean,G3_bosch_phase,gas_or_backside_flow,VIP,0.6031370164228781,-1,166,False
3,pls,Stat3_Etch_MV_Gas1Flow__short_phase_mean,G3_bosch_phase,gas_or_backside_flow,VIP,0.734608529641065,1,124,False
3,pls,Stat3_Etch_MV_Gas1Flow__phase_difference,G3_bosch_phase,gas_or_backside_flow,VIP,0.7994406075127276,-1,111,False
3,pls,Stat3_Etch_MV_Gas1Flow__cycle_mean_std,G4_cycle_behavior,gas_or_backside_flow,VIP,0.3884013562020281,-1,205,False
3,pls,Stat3_Etch_MV_Gas1Flow__cycle_mean_slope,G4_cycle_behavior,gas_or_backside_flow,VIP,0.32844004353607853,1,217,False
3,pls,Stat3_Etch_MV_Gas2Flow__active_mean,G1_level,gas_or_backside_flow,VIP,0.3729191836523647,1,209,False
3,pls,Stat3_Etch_MV_Gas2Flow__active_std,G1_level,gas_or_backside_flow,VIP,1.7251177480322288,1,19,True
3,pls,Stat3_Etch_MV_Gas2Flow__active_range,G1_level,gas_or_backside_flow,VIP,1.6346430038247044,1,25,False
3,pls,Stat3_Etch_MV_Gas2Flow__active_slope,G2_temporal_drift,gas_or_backside_flow,VIP,0.43087245325997153,1,200,False
3,pls,Stat3_Etch_MV_Gas2Flow__early_late_delta,G2_temporal_drift,gas_or_backside_flow,VIP,0.4939688420731938,1,184,False
3,pls,Stat3_Etch_MV_Gas2Flow__long_phase_mean,G3_bosch_phase,gas_or_backside_flow,VIP,0.3727743927394628,1,210,False
3,pls,Stat3_Etch_MV_Gas2Flow__short_phase_mean,G3_bosch_phase,gas_or_backside_flow,VIP,0.37352864016215126,-1,208,False
3,pls,Stat3_Etch_MV_Gas2Flow__phase_difference,G3_bosch_phase,gas_or_backside_flow,VIP,0.3565289498180053,1,212,False
3,pls,Stat3_Etch_MV_Gas2Flow__cycle_mean_std,G4_cycle_behavior,gas_or_backside_flow,VIP,1.6482469364730914,1,24,False
3,pls,Stat3_Etch_MV_Gas2Flow__cycle_mean_slope,G4_cycle_behavior,gas_or_backside_flow,VIP,0.4395674684192984,1,196,False
3,pls,Stat3_Etch_MV_Gas4Flow__active_mean,G1_level,gas_or_backside_flow,VIP,0.7340972967830477,-1,125,False
3,pls,Stat3_Etch_MV_Gas4Flow__active_std,G1_level,gas_or_backside_flow,VIP,0.72912630509296,-1,128,False
3,pls,Stat3_Etch_MV_Gas4Flow__active_slope,G2_temporal_drift,gas_or_backside_flow,VIP,0.7130370615012571,1,132,False
3,pls,Stat3_Etch_MV_Gas4Flow__early_late_delta,G2_temporal_drift,gas_or_backside_flow,VIP,0.6213081714314361,1,154,False
3,pls,Stat3_Etch_MV_Gas4Flow__long_phase_mean,G3_bosch_phase,gas_or_backside_flow,VIP,0.4027658680155893,1,202,False
3,pls,Stat3_Etch_MV_Gas4Flow__short_phase_mean,G3_bosch_phase,gas_or_backside_flow,VIP,0.3349461725903161,1,215,False
3,pls,Stat3_Etch_MV_Gas4Flow__phase_difference,G3_bosch_phase,gas_or_backside_flow,VIP,0.3208520742838816,-1,218,False
3,pls,Stat3_Etch_MV_Gas4Flow__cycle_mean_std,G4_cycle_behavior,gas_or_backside_flow,VIP,0.8654664292874666,1,90,False
3,pls,Stat3_Etch_MV_Gas4Flow__cycle_mean_slope,G4_cycle_behavior,gas_or_backside_flow,VIP,0.6076235683296688,-1,163,False
3,pls,Stat3_Etch_MV_Gas5Flow__active_mean,G1_level,gas_or_backside_flow,VIP,0.7295843659522331,1,127,False
3,pls,Stat3_Etch_MV_Gas5Flow__active_std,G1_level,gas_or_backside_flow,VIP,0.7215090505327748,-1,130,False
3,pls,Stat3_Etch_MV_Gas5Flow__active_slope,G2_temporal_drift,gas_or_backside_flow,VIP,0.6838906518485783,-1,142,False
3,pls,Stat3_Etch_MV_Gas5Flow__early_late_delta,G2_temporal_drift,gas_or_backside_flow,VIP,0.5846392241827212,-1,168,False
3,pls,Stat3_Etch_MV_Gas5Flow__long_phase_mean,G3_bosch_phase,gas_or_backside_flow,VIP,0.4530169414493638,-1,191,False
3,pls,Stat3_Etch_MV_Gas5Flow__short_phase_mean,G3_bosch_phase,gas_or_backside_flow,VIP,0.4211165203991662,1,201,False
3,pls,Stat3_Etch_MV_Gas5Flow__phase_difference,G3_bosch_phase,gas_or_backside_flow,VIP,0.4639463226719149,-1,188,False
3,pls,Stat3_Etch_MV_Gas5Flow__cycle_mean_std,G4_cycle_behavior,gas_or_backside_flow,VIP,0.809210214689096,1,100,False
3,pls,Stat3_Etch_MV_Gas5Flow__cycle_mean_slope,G4_cycle_behavior,gas_or_backside_flow,VIP,0.6194876808704831,1,156,False
3,pls,Stat3_Etch_MV_Gas7Flow__active_mean,G1_level,gas_or_backside_flow,VIP,0.9688572720143379,-1,75,False
3,pls,Stat3_Etch_MV_Gas7Flow__active_std,G1_level,gas_or_backside_flow,VIP,0.8267725289014728,1,96,False
3,pls,Stat3_Etch_MV_Gas7Flow__active_range,G1_level,gas_or_backside_flow,VIP,0.6142471172126789,1,160,False
3,pls,Stat3_Etch_MV_Gas7Flow__active_slope,G2_temporal_drift,gas_or_backside_flow,VIP,0.1888247205998399,1,233,False
3,pls,Stat3_Etch_MV_Gas7Flow__early_late_delta,G2_temporal_drift,gas_or_backside_flow,VIP,0.23128644608419466,1,228,False
3,pls,Stat3_Etch_MV_Gas7Flow__long_phase_mean,G3_bosch_phase,gas_or_backside_flow,VIP,0.967939926044225,-1,76,False
3,pls,Stat3_Etch_MV_Gas7Flow__short_phase_mean,G3_bosch_phase,gas_or_backside_flow,VIP,0.9709035156991171,-1,72,False
3,pls,Stat3_Etch_MV_Gas7Flow__phase_difference,G3_bosch_phase,gas_or_backside_flow,VIP,0.11946800794316566,1,241,False
3,pls,Stat3_Etch_MV_Gas7Flow__cycle_mean_std,G4_cycle_behavior,gas_or_backside_flow,VIP,0.5282606193597243,-1,180,False
3,pls,Stat3_Etch_MV_Gas7Flow__cycle_mean_slope,G4_cycle_behavior,gas_or_backside_flow,VIP,0.1823998010909483,1,235,False
3,pls,Stat3_Etch_MV_Heater1Temp__active_mean,G1_level,heater_temperature,VIP,0.580949224982103,-1,169,False
3,pls,Stat3_Etch_MV_Heater1Temp__active_std,G1_level,heater_temperature,VIP,0.6206901158819086,-1,155,False
3,pls,Stat3_Etch_MV_Heater1Temp__active_slope,G2_temporal_drift,heater_temperature,VIP,0.21115063539683382,1,231,False
3,pls,Stat3_Etch_MV_Heater1Temp__early_late_delta,G2_temporal_drift,heater_temperature,VIP,0.16668043772984056,-1,237,False
3,pls,Stat3_Etch_MV_Heater1Temp__long_phase_mean,G3_bosch_phase,heater_temperature,VIP,0.6137064977870285,-1,161,False
3,pls,Stat3_Etch_MV_Heater1Temp__short_phase_mean,G3_bosch_phase,heater_temperature,VIP,0.332017523426018,-1,216,False
3,pls,Stat3_Etch_MV_Heater1Temp__phase_difference,G3_bosch_phase,heater_temperature,VIP,0.307928305612564,-1,219,False
3,pls,Stat3_Etch_MV_Heater1Temp__cycle_mean_std,G4_cycle_behavior,heater_temperature,VIP,0.336291412849373,1,214,False
3,pls,Stat3_Etch_MV_Heater1Temp__cycle_mean_slope,G4_cycle_behavior,heater_temperature,VIP,0.23079118683576608,1,229,False
3,pls,Stat3_Etch_MV_Heater2Temp__active_mean,G1_level,heater_temperature,VIP,0.5590987902458642,1,173,False
3,pls,Stat3_Etch_MV_Heater2Temp__active_std,G1_level,heater_temperature,VIP,1.6060595544155938,-1,30,False
3,pls,Stat3_Etch_MV_Heater2Temp__active_range,G1_level,heater_temperature,VIP,1.3305535676297835,-1,42,False
3,pls,Stat3_Etch_MV_Heater2Temp__active_slope,G2_temporal_drift,heater_temperature,VIP,1.1944532883237482,-1,49,False
3,pls,Stat3_Etch_MV_Heater2Temp__early_late_delta,G2_temporal_drift,heater_temperature,VIP,1.0287295099406983,-1,65,False
3,pls,Stat3_Etch_MV_Heater2Temp__long_phase_mean,G3_bosch_phase,heater_temperature,VIP,0.5600963105226773,1,172,False
3,pls,Stat3_Etch_MV_Heater2Temp__short_phase_mean,G3_bosch_phase,heater_temperature,VIP,0.5563059854239651,1,174,False
3,pls,Stat3_Etch_MV_Heater2Temp__phase_difference,G3_bosch_phase,heater_temperature,VIP,0.40185280881310054,1,203,False
3,pls,Stat3_Etch_MV_Heater2Temp__cycle_mean_std,G4_cycle_behavior,heater_temperature,VIP,1.6124847529858592,-1,28,False
3,pls,Stat3_Etch_MV_Heater2Temp__cycle_mean_slope,G4_cycle_behavior,heater_temperature,VIP,1.19396718564419,-1,50,False
3,pls,Stat3_Etch_MV_Heater3Temp__active_mean,G1_level,heater_temperature,VIP,0.9196081511082832,-1,82,False
3,pls,Stat3_Etch_MV_Heater3Temp__active_std,G1_level,heater_temperature,VIP,1.1300605530892347,1,52,False
3,pls,Stat3_Etch_MV_Heater3Temp__active_range,G1_level,heater_temperature,VIP,1.010819132656666,1,67,False
3,pls,Stat3_Etch_MV_Heater3Temp__active_slope,G2_temporal_drift,heater_temperature,VIP,0.4595300445217161,-1,190,False
3,pls,Stat3_Etch_MV_Heater3Temp__early_late_delta,G2_temporal_drift,heater_temperature,VIP,0.566788139863799,1,171,False
3,pls,Stat3_Etch_MV_Heater3Temp__long_phase_mean,G3_bosch_phase,heater_temperature,VIP,0.9179699032496961,-1,84,False
3,pls,Stat3_Etch_MV_Heater3Temp__short_phase_mean,G3_bosch_phase,heater_temperature,VIP,0.9209034476182894,-1,81,False
3,pls,Stat3_Etch_MV_Heater3Temp__phase_difference,G3_bosch_phase,heater_temperature,VIP,0.23038111408524198,1,230,False
3,pls,Stat3_Etch_MV_Heater3Temp__cycle_mean_std,G4_cycle_behavior,heater_temperature,VIP,1.1299958246549813,1,53,False
3,pls,Stat3_Etch_MV_Heater3Temp__cycle_mean_slope,G4_cycle_behavior,heater_temperature,VIP,0.4529835731919695,-1,192,False
3,pls,Stat3_Etch_MV_Heater4Temp__active_mean,G1_level,heater_temperature,VIP,0.2770305124458065,1,224,False
3,pls,Stat3_Etch_MV_Heater4Temp__active_std,G1_level,heater_temperature,VIP,1.2396240119356052,1,46,False
3,pls,Stat3_Etch_MV_Heater4Temp__active_range,G1_level,heater_temperature,VIP,1.2192375224138108,1,48,False
3,pls,Stat3_Etch_MV_Heater4Temp__active_slope,G2_temporal_drift,heater_temperature,VIP,0.5008124040446658,1,183,False
3,pls,Stat3_Etch_MV_Heater4Temp__early_late_delta,G2_temporal_drift,heater_temperature,VIP,0.87676785163232,1,87,False
3,pls,Stat3_Etch_MV_Heater4Temp__long_phase_mean,G3_bosch_phase,heater_temperature,VIP,0.27566476144269497,1,225,False
3,pls,Stat3_Etch_MV_Heater4Temp__short_phase_mean,G3_bosch_phase,heater_temperature,VIP,0.28077457322121496,1,222,False
3,pls,Stat3_Etch_MV_Heater4Temp__phase_difference,G3_bosch_phase,heater_temperature,VIP,0.45239101449745883,-1,193,False
3,pls,Stat3_Etch_MV_Heater4Temp__cycle_mean_std,G4_cycle_behavior,heater_temperature,VIP,1.1204752711216541,1,54,False
3,pls,Stat3_Etch_MV_Heater4Temp__cycle_mean_slope,G4_cycle_behavior,heater_temperature,VIP,0.5318318281126446,1,178,False
3,pls,Stat3_Etch_MV_HeliumBPFlow__active_mean,G1_level,gas_or_backside_flow,VIP,0.6844422472609485,1,141,False
3,pls,Stat3_Etch_MV_HeliumBPFlow__active_std,G1_level,gas_or_backside_flow,VIP,0.9371293717876557,-1,79,False
3,pls,Stat3_Etch_MV_HeliumBPFlow__active_range,G1_level,gas_or_backside_flow,VIP,0.9699317564494916,1,73,False
3,pls,Stat3_Etch_MV_HeliumBPFlow__active_slope,G2_temporal_drift,gas_or_backside_flow,VIP,0.6736344492797366,1,148,False
3,pls,Stat3_Etch_MV_HeliumBPFlow__early_late_delta,G2_temporal_drift,gas_or_backside_flow,VIP,0.7140009428934218,1,131,False
3,pls,Stat3_Etch_MV_HeliumBPFlow__long_phase_mean,G3_bosch_phase,gas_or_backside_flow,VIP,0.6856073759950946,1,139,False
3,pls,Stat3_Etch_MV_HeliumBPFlow__short_phase_mean,G3_bosch_phase,gas_or_backside_flow,VIP,0.6812656902363745,1,144,False
3,pls,Stat3_Etch_MV_HeliumBPFlow__phase_difference,G3_bosch_phase,gas_or_backside_flow,VIP,0.7780793728676317,-1,116,False
3,pls,Stat3_Etch_MV_HeliumBPFlow__cycle_mean_std,G4_cycle_behavior,gas_or_backside_flow,VIP,0.9182279856838901,-1,83,False
3,pls,Stat3_Etch_MV_HeliumBPFlow__cycle_mean_slope,G4_cycle_behavior,gas_or_backside_flow,VIP,0.6779938551799329,1,146,False
3,pls,Stat3_Etch_MV_HeliumBPPressure__active_mean,G1_level,pressure,VIP,1.010355712415541,-1,69,False
3,pls,Stat3_Etch_MV_HeliumBPPressure__active_std,G1_level,pressure,VIP,0.9532683430412663,1,78,False
3,pls,Stat3_Etch_MV_HeliumBPPressure__active_range,G1_level,pressure,VIP,0.33845813813764514,-1,213,False
3,pls,Stat3_Etch_MV_HeliumBPPressure__active_slope,G2_temporal_drift,pressure,VIP,1.0645777633359925,1,58,False
3,pls,Stat3_Etch_MV_HeliumBPPressure__early_late_delta,G2_temporal_drift,pressure,VIP,1.0611137785846956,1,63,False
3,pls,Stat3_Etch_MV_HeliumBPPressure__long_phase_mean,G3_bosch_phase,pressure,VIP,0.9694219142248294,-1,74,False
3,pls,Stat3_Etch_MV_HeliumBPPressure__short_phase_mean,G3_bosch_phase,pressure,VIP,0.9736536909153014,-1,71,False
3,pls,Stat3_Etch_MV_HeliumBPPressure__phase_difference,G3_bosch_phase,pressure,VIP,0.8696168700526985,-1,88,False
3,pls,Stat3_Etch_MV_HeliumBPPressure__cycle_mean_std,G4_cycle_behavior,pressure,VIP,1.0633176106423365,1,61,False
3,pls,Stat3_Etch_MV_HeliumBPPressure__cycle_mean_slope,G4_cycle_behavior,pressure,VIP,1.063834461338224,1,60,False
3,pls,Stat3_Etch_MV_PlatenDcBias__active_mean,G1_level,rf_power_matching_electrical,VIP,0.6736850397104319,1,147,False
3,pls,Stat3_Etch_MV_PlatenDcBias__active_std,G1_level,rf_power_matching_electrical,VIP,1.663744223118592,1,23,False
3,pls,Stat3_Etch_MV_PlatenDcBias__active_range,G1_level,rf_power_matching_electrical,VIP,1.6122078796447123,1,29,False
3,pls,Stat3_Etch_MV_PlatenDcBias__active_slope,G2_temporal_drift,rf_power_matching_electrical,VIP,1.7209251249080513,1,21,False
3,pls,Stat3_Etch_MV_PlatenDcBias__early_late_delta,G2_temporal_drift,rf_power_matching_electrical,VIP,1.4583372062963917,1,36,False
3,pls,Stat3_Etch_MV_PlatenDcBias__long_phase_mean,G3_bosch_phase,rf_power_matching_electrical,VIP,0.47691776183540896,1,186,False
3,pls,Stat3_Etch_MV_PlatenDcBias__short_phase_mean,G3_bosch_phase,rf_power_matching_electrical,VIP,1.1131656487396422,1,55,False
3,pls,Stat3_Etch_MV_PlatenDcBias__phase_difference,G3_bosch_phase,rf_power_matching_electrical,VIP,1.0630071477487513,-1,62,False
3,pls,Stat3_Etch_MV_PlatenDcBias__cycle_mean_std,G4_cycle_behavior,rf_power_matching_electrical,VIP,0.5722575577307817,-1,170,False
3,pls,Stat3_Etch_MV_PlatenDcBias__cycle_mean_slope,G4_cycle_behavior,rf_power_matching_electrical,VIP,1.7072627758510435,1,22,False
3,pls,Stat3_Etch_MV_PlatenRFLoadCapacitor__active_mean,G1_level,rf_power_matching_electrical,VIP,0.6347360701919629,1,152,False
3,pls,Stat3_Etch_MV_PlatenRFLoadCapacitor__active_std,G1_level,rf_power_matching_electrical,VIP,0.9071803393821266,-1,85,False
3,pls,Stat3_Etch_MV_PlatenRFLoadCapacitor__active_range,G1_level,rf_power_matching_electrical,VIP,0.45972803039254534,1,189,False
3,pls,Stat3_Etch_MV_PlatenRFLoadCapacitor__active_slope,G2_temporal_drift,rf_power_matching_electrical,VIP,1.0642756908181645,-1,59,False
3,pls,Stat3_Etch_MV_PlatenRFLoadCapacitor__early_late_delta,G2_temporal_drift,rf_power_matching_electrical,VIP,0.6872409554612517,-1,138,False
3,pls,Stat3_Etch_MV_PlatenRFLoadCapacitor__long_phase_mean,G3_bosch_phase,rf_power_matching_electrical,VIP,0.650900396107833,-1,150,False
3,pls,Stat3_Etch_MV_PlatenRFLoadCapacitor__short_phase_mean,G3_bosch_phase,rf_power_matching_electrical,VIP,0.605382178931237,1,164,False
3,pls,Stat3_Etch_MV_PlatenRFLoadCapacitor__phase_difference,G3_bosch_phase,rf_power_matching_electrical,VIP,0.6535638136220574,-1,149,False
3,pls,Stat3_Etch_MV_PlatenRFLoadCapacitor__cycle_mean_std,G4_cycle_behavior,rf_power_matching_electrical,VIP,0.693029364940581,1,137,False
3,pls,Stat3_Etch_MV_PlatenRFLoadCapacitor__cycle_mean_slope,G4_cycle_behavior,rf_power_matching_electrical,VIP,0.9596339701113593,1,77,False
3,pls,Stat3_Etch_MV_PlatenRFLoadPower__active_mean,G1_level,rf_power_matching_electrical,VIP,0.6833096060700014,-1,143,False
3,pls,Stat3_Etch_MV_PlatenRFLoadPower__active_std,G1_level,rf_power_matching_electrical,VIP,0.7312945176246186,1,126,False
3,pls,Stat3_Etch_MV_PlatenRFLoadPower__active_range,G1_level,rf_power_matching_electrical,VIP,1.8448098817003176,1,17,True
3,pls,Stat3_Etch_MV_PlatenRFLoadPower__active_slope,G2_temporal_drift,rf_power_matching_electrical,VIP,1.31511374060448,1,44,False
3,pls,Stat3_Etch_MV_PlatenRFLoadPower__early_late_delta,G2_temporal_drift,rf_power_matching_electrical,VIP,0.8019878224831731,1,108,False
3,pls,Stat3_Etch_MV_PlatenRFLoadPower__long_phase_mean,G3_bosch_phase,rf_power_matching_electrical,VIP,0.6966151172003493,-1,135,False
3,pls,Stat3_Etch_MV_PlatenRFLoadPower__short_phase_mean,G3_bosch_phase,rf_power_matching_electrical,VIP,0.844965129846704,-1,93,False
3,pls,Stat3_Etch_MV_PlatenRFLoadPower__phase_difference,G3_bosch_phase,rf_power_matching_electrical,VIP,0.8396277407252848,1,94,False
3,pls,Stat3_Etch_MV_PlatenRFLoadPower__cycle_mean_std,G4_cycle_behavior,rf_power_matching_electrical,VIP,0.8033398151822355,1,104,False
3,pls,Stat3_Etch_MV_PlatenRFLoadPower__cycle_mean_slope,G4_cycle_behavior,rf_power_matching_electrical,VIP,0.9799301263811397,1,70,False
3,pls,Stat3_Etch_MV_PlatenRFPeakToPeak__active_mean,G1_level,rf_power_matching_electrical,VIP,2.1996086815255596,-1,4,True
3,pls,Stat3_Etch_MV_PlatenRFPeakToPeak__active_std,G1_level,rf_power_matching_electrical,VIP,0.300412631645597,1,220,False
3,pls,Stat3_Etch_MV_PlatenRFPeakToPeak__active_range,G1_level,rf_power_matching_electrical,VIP,2.274987540330173,-1,3,True
3,pls,Stat3_Etch_MV_PlatenRFPeakToPeak__active_slope,G2_temporal_drift,rf_power_matching_electrical,VIP,1.5928354916136136,1,31,False
3,pls,Stat3_Etch_MV_PlatenRFPeakToPeak__early_late_delta,G2_temporal_drift,rf_power_matching_electrical,VIP,1.1363874952231137,-1,51,False
3,pls,Stat3_Etch_MV_PlatenRFPeakToPeak__long_phase_mean,G3_bosch_phase,rf_power_matching_electrical,VIP,1.9143539850653697,-1,13,True
3,pls,Stat3_Etch_MV_PlatenRFPeakToPeak__short_phase_mean,G3_bosch_phase,rf_power_matching_electrical,VIP,2.0172547733906256,-1,9,True
3,pls,Stat3_Etch_MV_PlatenRFPeakToPeak__phase_difference,G3_bosch_phase,rf_power_matching_electrical,VIP,1.23701741867033,1,47,False
3,pls,Stat3_Etch_MV_PlatenRFPeakToPeak__cycle_mean_std,G4_cycle_behavior,rf_power_matching_electrical,VIP,0.7719237117631365,-1,117,False
3,pls,Stat3_Etch_MV_PlatenRFPeakToPeak__cycle_mean_slope,G4_cycle_behavior,rf_power_matching_electrical,VIP,1.4192396415152382,1,38,False
3,pls,Stat3_Etch_MV_PlatenRFReflectedPower__active_mean,G1_level,rf_power_matching_electrical,VIP,0.5538312755970385,1,176,False
3,pls,Stat3_Etch_MV_PlatenRFReflectedPower__active_std,G1_level,rf_power_matching_electrical,VIP,1.020999102260394,1,66,False
3,pls,Stat3_Etch_MV_PlatenRFReflectedPower__active_range,G1_level,rf_power_matching_electrical,VIP,2.0208655427770803,1,8,True
3,pls,Stat3_Etch_MV_PlatenRFReflectedPower__active_slope,G2_temporal_drift,rf_power_matching_electrical,VIP,0.8847817902584335,1,86,False
3,pls,Stat3_Etch_MV_PlatenRFReflectedPower__early_late_delta,G2_temporal_drift,rf_power_matching_electrical,VIP,0.7391917933834168,1,122,False
3,pls,Stat3_Etch_MV_PlatenRFReflectedPower__long_phase_mean,G3_bosch_phase,rf_power_matching_electrical,VIP,2.0210248056711047,-1,7,True
3,pls,Stat3_Etch_MV_PlatenRFReflectedPower__short_phase_mean,G3_bosch_phase,rf_power_matching_electrical,VIP,1.6241701192235232,1,27,False
3,pls,Stat3_Etch_MV_PlatenRFReflectedPower__phase_difference,G3_bosch_phase,rf_power_matching_electrical,VIP,1.8962032489153235,-1,14,True
3,pls,Stat3_Etch_MV_PlatenRFReflectedPower__cycle_mean_std,G4_cycle_behavior,rf_power_matching_electrical,VIP,0.7355856599255869,1,123,False
3,pls,Stat3_Etch_MV_PlatenRFReflectedPower__cycle_mean_slope,G4_cycle_behavior,rf_power_matching_electrical,VIP,0.6959561051604841,1,136,False
3,pls,Stat3_Etch_MV_PlatenRFTuningCapacitor__active_mean,G1_level,rf_power_matching_electrical,VIP,2.4749430080111505,-1,2,True
3,pls,Stat3_Etch_MV_PlatenRFTuningCapacitor__active_std,G1_level,rf_power_matching_electrical,VIP,1.724387553467414,1,20,True
3,pls,Stat3_Etch_MV_PlatenRFTuningCapacitor__active_range,G1_level,rf_power_matching_electrical,VIP,1.3766558206904935,1,40,False
3,pls,Stat3_Etch_MV_PlatenRFTuningCapacitor__active_slope,G2_temporal_drift,rf_power_matching_electrical,VIP,0.865464344246245,1,91,False
3,pls,Stat3_Etch_MV_PlatenRFTuningCapacitor__early_late_delta,G2_temporal_drift,rf_power_matching_electrical,VIP,0.8181557556722363,-1,99,False
3,pls,Stat3_Etch_MV_PlatenRFTuningCapacitor__long_phase_mean,G3_bosch_phase,rf_power_matching_electrical,VIP,2.5353434534068504,-1,1,True
3,pls,Stat3_Etch_MV_PlatenRFTuningCapacitor__short_phase_mean,G3_bosch_phase,rf_power_matching_electrical,VIP,1.3661490572450605,-1,41,False
3,pls,Stat3_Etch_MV_PlatenRFTuningCapacitor__phase_difference,G3_bosch_phase,rf_power_matching_electrical,VIP,2.1852855234591355,-1,5,True
3,pls,Stat3_Etch_MV_PlatenRFTuningCapacitor__cycle_mean_std,G4_cycle_behavior,rf_power_matching_electrical,VIP,0.7473936808468538,1,121,False
3,pls,Stat3_Etch_MV_PlatenRFTuningCapacitor__cycle_mean_slope,G4_cycle_behavior,rf_power_matching_electrical,VIP,0.6846616820853987,1,140,False
3,pls,Stat3_Etch_MV_Pressure__active_mean,G1_level,pressure,VIP,0.2987209639651889,1,221,False
3,pls,Stat3_Etch_MV_Pressure__active_std,G1_level,pressure,VIP,1.8712736201053695,-1,16,True
3,pls,Stat3_Etch_MV_Pressure__active_range,G1_level,pressure,VIP,0.7537532478864819,-1,118,False
3,pls,Stat3_Etch_MV_Pressure__active_slope,G2_temporal_drift,pressure,VIP,0.821790584818159,1,97,False
3,pls,Stat3_Etch_MV_Pressure__early_late_delta,G2_temporal_drift,pressure,VIP,0.45090678671865775,1,194,False
3,pls,Stat3_Etch_MV_Pressure__long_phase_mean,G3_bosch_phase,pressure,VIP,0.24059828974929381,-1,227,False
3,pls,Stat3_Etch_MV_Pressure__short_phase_mean,G3_bosch_phase,pressure,VIP,0.27771320199742544,1,223,False
3,pls,Stat3_Etch_MV_Pressure__phase_difference,G3_bosch_phase,pressure,VIP,0.2621415072490528,-1,226,False
3,pls,Stat3_Etch_MV_Pressure__cycle_mean_std,G4_cycle_behavior,pressure,VIP,0.6154708886114675,1,158,False
3,pls,Stat3_Etch_MV_Pressure__cycle_mean_slope,G4_cycle_behavior,pressure,VIP,0.3995746350441197,-1,204,False
3,pls,Stat3_Etch_MV_SourceRF2PeakToPeak__active_mean,G1_level,rf_power_matching_electrical,VIP,0.16101159299984388,1,240,False
3,pls,Stat3_Etch_MV_SourceRF2PeakToPeak__active_std,G1_level,rf_power_matching_electrical,VIP,0.1948998173739629,1,232,False
3,pls,Stat3_Etch_MV_SourceRF2PeakToPeak__active_slope,G2_temporal_drift,rf_power_matching_electrical,VIP,0.4725370217605545,-1,187,False
3,pls,Stat3_Etch_MV_SourceRF2PeakToPeak__early_late_delta,G2_temporal_drift,rf_power_matching_electrical,VIP,0.43738906733164873,-1,198,False
3,pls,Stat3_Etch_MV_SourceRF2PeakToPeak__long_phase_mean,G3_bosch_phase,rf_power_matching_electrical,VIP,0.1639413428669509,1,238,False
3,pls,Stat3_Etch_MV_SourceRF2PeakToPeak__phase_difference,G3_bosch_phase,rf_power_matching_electrical,VIP,0.1639413428669509,1,239,False
3,pls,Stat3_Etch_MV_SourceRF2PeakToPeak__cycle_mean_std,G4_cycle_behavior,rf_power_matching_electrical,VIP,0.18523927497912002,1,234,False
3,pls,Stat3_Etch_MV_SourceRF2PeakToPeak__cycle_mean_slope,G4_cycle_behavior,rf_power_matching_electrical,VIP,0.4844707244139379,-1,185,False
3,pls,Stat3_Etch_MV_SourceRF2TuningCapacitor__active_mean,G1_level,rf_power_matching_electrical,VIP,0.8023908359368022,-1,107,False
3,pls,Stat3_Etch_MV_SourceRF2TuningCapacitor__active_std,G1_level,rf_power_matching_electrical,VIP,0.8058460730676391,1,103,False
3,pls,Stat3_Etch_MV_SourceRF2TuningCapacitor__active_slope,G2_temporal_drift,rf_power_matching_electrical,VIP,0.802406265097166,1,106,False
3,pls,Stat3_Etch_MV_SourceRF2TuningCapacitor__early_late_delta,G2_temporal_drift,rf_power_matching_electrical,VIP,0.802528815884827,1,105,False
3,pls,Stat3_Etch_MV_SourceRF2TuningCapacitor__short_phase_mean,G3_bosch_phase,rf_power_matching_electrical,VIP,0.8008592412400026,-1,110,False
3,pls,Stat3_Etch_MV_SourceRF2TuningCapacitor__phase_difference,G3_bosch_phase,rf_power_matching_electrical,VIP,0.8008592412400029,1,109,False
3,pls,Stat3_Etch_MV_SourceRFLoadPower__active_mean,G1_level,rf_power_matching_electrical,VIP,1.5606700992254843,1,34,False
3,pls,Stat3_Etch_MV_SourceRFLoadPower__active_std,G1_level,rf_power_matching_electrical,VIP,0.7513974983065396,1,119,False
3,pls,Stat3_Etch_MV_SourceRFLoadPower__active_range,G1_level,rf_power_matching_electrical,VIP,0.6416633848312758,-1,151,False
3,pls,Stat3_Etch_MV_SourceRFLoadPower__active_slope,G2_temporal_drift,rf_power_matching_electrical,VIP,0.6215617507499247,-1,153,False
3,pls,Stat3_Etch_MV_SourceRFLoadPower__early_late_delta,G2_temporal_drift,rf_power_matching_electrical,VIP,0.6790284217139634,1,145,False
3,pls,Stat3_Etch_MV_SourceRFLoadPower__long_phase_mean,G3_bosch_phase,rf_power_matching_electrical,VIP,2.00116036351151,1,11,True
3,pls,Stat3_Etch_MV_SourceRFLoadPower__short_phase_mean,G3_bosch_phase,rf_power_matching_electrical,VIP,0.7285928685512894,-1,129,False
3,pls,Stat3_Etch_MV_SourceRFLoadPower__phase_difference,G3_bosch_phase,rf_power_matching_electrical,VIP,0.7090916293683185,1,134,False
3,pls,Stat3_Etch_MV_SourceRFLoadPower__cycle_mean_std,G4_cycle_behavior,rf_power_matching_electrical,VIP,0.7513506079732334,1,120,False
3,pls,Stat3_Etch_MV_SourceRFLoadPower__cycle_mean_slope,G4_cycle_behavior,rf_power_matching_electrical,VIP,0.7106421448891889,-1,133,False
3,pls,Stat3_Etch_MV_SourceRFPeakToPeak__active_mean,G1_level,rf_power_matching_electrical,VIP,0.44179856362502723,1,195,False
3,pls,Stat3_Etch_MV_SourceRFPeakToPeak__active_std,G1_level,rf_power_matching_electrical,VIP,0.6149093712809698,1,159,False
3,pls,Stat3_Etch_MV_SourceRFPeakToPeak__active_range,G1_level,rf_power_matching_electrical,VIP,0.6079435486483429,1,162,False
3,pls,Stat3_Etch_MV_SourceRFPeakToPeak__active_slope,G2_temporal_drift,rf_power_matching_electrical,VIP,1.0978869612026356,-1,56,False
3,pls,Stat3_Etch_MV_SourceRFPeakToPeak__early_late_delta,G2_temporal_drift,rf_power_matching_electrical,VIP,0.9256290707854147,-1,80,False
3,pls,Stat3_Etch_MV_SourceRFPeakToPeak__long_phase_mean,G3_bosch_phase,rf_power_matching_electrical,VIP,0.43679440702347516,1,199,False
3,pls,Stat3_Etch_MV_SourceRFPeakToPeak__short_phase_mean,G3_bosch_phase,rf_power_matching_electrical,VIP,0.5366229627560795,1,177,False
3,pls,Stat3_Etch_MV_SourceRFPeakToPeak__phase_difference,G3_bosch_phase,rf_power_matching_electrical,VIP,0.6178290615417686,1,157,False
3,pls,Stat3_Etch_MV_SourceRFPeakToPeak__cycle_mean_std,G4_cycle_behavior,rf_power_matching_electrical,VIP,0.4394169201362872,1,197,False
3,pls,Stat3_Etch_MV_SourceRFPeakToPeak__cycle_mean_slope,G4_cycle_behavior,rf_power_matching_electrical,VIP,0.8091430491115609,-1,101,False
3,pls,Stat3_Etch_MV_SourceRFReflectedPower__active_mean,G1_level,rf_power_matching_electrical,VIP,2.009681210628263,-1,10,True
3,pls,Stat3_Etch_MV_SourceRFReflectedPower__active_std,G1_level,rf_power_matching_electrical,VIP,1.5576394188623606,-1,35,False
3,pls,Stat3_Etch_MV_SourceRFReflectedPower__active_range,G1_level,rf_power_matching_electrical,VIP,2.0867310909946024,-1,6,True
3,pls,Stat3_Etch_MV_SourceRFReflectedPower__active_slope,G2_temporal_drift,rf_power_matching_electrical,VIP,1.3303676167927443,1,43,False
3,pls,Stat3_Etch_MV_SourceRFReflectedPower__early_late_delta,G2_temporal_drift,rf_power_matching_electrical,VIP,1.0105755449591696,1,68,False
3,pls,Stat3_Etch_MV_SourceRFReflectedPower__long_phase_mean,G3_bosch_phase,rf_power_matching_electrical,VIP,1.5766075481163195,-1,33,False
3,pls,Stat3_Etch_MV_SourceRFReflectedPower__short_phase_mean,G3_bosch_phase,rf_power_matching_electrical,VIP,1.9620377242779767,-1,12,True
3,pls,Stat3_Etch_MV_SourceRFReflectedPower__phase_difference,G3_bosch_phase,rf_power_matching_electrical,VIP,1.757179663396159,1,18,True
3,pls,Stat3_Etch_MV_SourceRFReflectedPower__cycle_mean_std,G4_cycle_behavior,rf_power_matching_electrical,VIP,1.0473119460072882,1,64,False
3,pls,Stat3_Etch_MV_SourceRFReflectedPower__cycle_mean_slope,G4_cycle_behavior,rf_power_matching_electrical,VIP,1.399414736319259,-1,39,False
3,pls,Stat3_Etch_MV_moriInnerCurrent__active_mean,G1_level,remaining_process_signals,VIP,1.6304869477808341,-1,26,False
3,pls,Stat3_Etch_MV_moriInnerCurrent__active_std,G1_level,remaining_process_signals,VIP,0.7917750961572082,1,115,False
3,pls,Stat3_Etch_MV_moriInnerCurrent__active_range,G1_level,remaining_process_signals,VIP,0.6035180245423797,1,165,False
3,pls,Stat3_Etch_MV_moriInnerCurrent__active_slope,G2_temporal_drift,remaining_process_signals,VIP,0.8464696502706788,-1,92,False
3,pls,Stat3_Etch_MV_moriInnerCurrent__early_late_delta,G2_temporal_drift,remaining_process_signals,VIP,0.7931663259609663,-1,114,False
3,pls,Stat3_Etch_MV_moriInnerCurrent__long_phase_mean,G3_bosch_phase,remaining_process_signals,VIP,1.5878419609811227,-1,32,False
3,pls,Stat3_Etch_MV_moriInnerCurrent__short_phase_mean,G3_bosch_phase,remaining_process_signals,VIP,1.0959275338146188,-1,57,False
3,pls,Stat3_Etch_MV_moriInnerCurrent__phase_difference,G3_bosch_phase,remaining_process_signals,VIP,0.18213911966752805,1,236,False
3,pls,Stat3_Etch_MV_moriInnerCurrent__cycle_mean_std,G4_cycle_behavior,remaining_process_signals,VIP,1.4475613837548118,1,37,False
3,pls,Stat3_Etch_MV_moriInnerCurrent__cycle_mean_slope,G4_cycle_behavior,remaining_process_signals,VIP,0.8691951414965837,-1,89,False
3,ridge,Stat3_Etch_MV_ForeLinePressure__active_mean,G1_level,pressure,absolute_standardized_coefficient,0.004103120632954364,1,128,False
3,ridge,Stat3_Etch_MV_ForeLinePressure__active_std,G1_level,pressure,absolute_standardized_coefficient,0.02538137059790119,-1,7,True
3,ridge,Stat3_Etch_MV_ForeLinePressure__active_range,G1_level,pressure,absolute_standardized_coefficient,0.03563838798558574,-1,3,True
3,ridge,Stat3_Etch_MV_ForeLinePressure__active_slope,G2_temporal_drift,pressure,absolute_standardized_coefficient,0.001259746501420246,1,203,False
3,ridge,Stat3_Etch_MV_ForeLinePressure__early_late_delta,G2_temporal_drift,pressure,absolute_standardized_coefficient,0.0029931565352991373,1,149,False
3,ridge,Stat3_Etch_MV_ForeLinePressure__long_phase_mean,G3_bosch_phase,pressure,absolute_standardized_coefficient,0.00040551824985660817,1,232,False
3,ridge,Stat3_Etch_MV_ForeLinePressure__short_phase_mean,G3_bosch_phase,pressure,absolute_standardized_coefficient,0.010026495913523394,1,49,False
3,ridge,Stat3_Etch_MV_ForeLinePressure__phase_difference,G3_bosch_phase,pressure,absolute_standardized_coefficient,0.011055959284406426,-1,44,False
3,ridge,Stat3_Etch_MV_ForeLinePressure__cycle_mean_std,G4_cycle_behavior,pressure,absolute_standardized_coefficient,0.013636463963942651,1,32,False
3,ridge,Stat3_Etch_MV_ForeLinePressure__cycle_mean_slope,G4_cycle_behavior,pressure,absolute_standardized_coefficient,0.008630788233130569,1,60,False
3,ridge,Stat3_Etch_MV_Gas1Flow__active_mean,G1_level,gas_or_backside_flow,absolute_standardized_coefficient,0.0004963239797648861,-1,231,False
3,ridge,Stat3_Etch_MV_Gas1Flow__active_std,G1_level,gas_or_backside_flow,absolute_standardized_coefficient,0.0013126357059026028,1,199,False
3,ridge,Stat3_Etch_MV_Gas1Flow__active_range,G1_level,gas_or_backside_flow,absolute_standardized_coefficient,0.0009002430975465738,1,215,False
3,ridge,Stat3_Etch_MV_Gas1Flow__active_slope,G2_temporal_drift,gas_or_backside_flow,absolute_standardized_coefficient,0.001847804787487,-1,176,False
3,ridge,Stat3_Etch_MV_Gas1Flow__early_late_delta,G2_temporal_drift,gas_or_backside_flow,absolute_standardized_coefficient,0.0008845163720698686,-1,216,False
3,ridge,Stat3_Etch_MV_Gas1Flow__long_phase_mean,G3_bosch_phase,gas_or_backside_flow,absolute_standardized_coefficient,0.0030679544660482364,-1,146,False
3,ridge,Stat3_Etch_MV_Gas1Flow__short_phase_mean,G3_bosch_phase,gas_or_backside_flow,absolute_standardized_coefficient,0.0008082412276506465,1,219,False
3,ridge,Stat3_Etch_MV_Gas1Flow__phase_difference,G3_bosch_phase,gas_or_backside_flow,absolute_standardized_coefficient,0.0015029098989248805,-1,188,False
3,ridge,Stat3_Etch_MV_Gas1Flow__cycle_mean_std,G4_cycle_behavior,gas_or_backside_flow,absolute_standardized_coefficient,0.0020075210055693444,1,171,False
3,ridge,Stat3_Etch_MV_Gas1Flow__cycle_mean_slope,G4_cycle_behavior,gas_or_backside_flow,absolute_standardized_coefficient,0.00022992741702691056,-1,235,False
3,ridge,Stat3_Etch_MV_Gas2Flow__active_mean,G1_level,gas_or_backside_flow,absolute_standardized_coefficient,0.0045853521918994816,1,118,False
3,ridge,Stat3_Etch_MV_Gas2Flow__active_std,G1_level,gas_or_backside_flow,absolute_standardized_coefficient,0.006652449117831822,1,88,False
3,ridge,Stat3_Etch_MV_Gas2Flow__active_range,G1_level,gas_or_backside_flow,absolute_standardized_coefficient,0.004136920274689257,1,126,False
3,ridge,Stat3_Etch_MV_Gas2Flow__active_slope,G2_temporal_drift,gas_or_backside_flow,absolute_standardized_coefficient,0.0028720893020495247,1,157,False
3,ridge,Stat3_Etch_MV_Gas2Flow__early_late_delta,G2_temporal_drift,gas_or_backside_flow,absolute_standardized_coefficient,0.003140233006613027,-1,143,False
3,ridge,Stat3_Etch_MV_Gas2Flow__long_phase_mean,G3_bosch_phase,gas_or_backside_flow,absolute_standardized_coefficient,0.004741962713529104,1,115,False
3,ridge,Stat3_Etch_MV_Gas2Flow__short_phase_mean,G3_bosch_phase,gas_or_backside_flow,absolute_standardized_coefficient,0.004157287500286797,1,125,False
3,ridge,Stat3_Etch_MV_Gas2Flow__phase_difference,G3_bosch_phase,gas_or_backside_flow,absolute_standardized_coefficient,0.011155430625342338,1,40,False
3,ridge,Stat3_Etch_MV_Gas2Flow__cycle_mean_std,G4_cycle_behavior,gas_or_backside_flow,absolute_standardized_coefficient,0.018171673117805355,1,20,True
3,ridge,Stat3_Etch_MV_Gas2Flow__cycle_mean_slope,G4_cycle_behavior,gas_or_backside_flow,absolute_standardized_coefficient,0.0032571742121517396,1,140,False
3,ridge,Stat3_Etch_MV_Gas4Flow__active_mean,G1_level,gas_or_backside_flow,absolute_standardized_coefficient,0.006565920426943124,-1,90,False
3,ridge,Stat3_Etch_MV_Gas4Flow__active_std,G1_level,gas_or_backside_flow,absolute_standardized_coefficient,0.0012535863125207576,1,204,False
3,ridge,Stat3_Etch_MV_Gas4Flow__active_slope,G2_temporal_drift,gas_or_backside_flow,absolute_standardized_coefficient,0.0039732287134941644,-1,130,False
3,ridge,Stat3_Etch_MV_Gas4Flow__early_late_delta,G2_temporal_drift,gas_or_backside_flow,absolute_standardized_coefficient,0.005038784949146393,1,109,False
3,ridge,Stat3_Etch_MV_Gas4Flow__long_phase_mean,G3_bosch_phase,gas_or_backside_flow,absolute_standardized_coefficient,0.0029394797809534027,1,152,False
3,ridge,Stat3_Etch_MV_Gas4Flow__short_phase_mean,G3_bosch_phase,gas_or_backside_flow,absolute_standardized_coefficient,0.005269914775654044,1,105,False
3,ridge,Stat3_Etch_MV_Gas4Flow__phase_difference,G3_bosch_phase,gas_or_backside_flow,absolute_standardized_coefficient,0.005832084356010217,-1,98,False
3,ridge,Stat3_Etch_MV_Gas4Flow__cycle_mean_std,G4_cycle_behavior,gas_or_backside_flow,absolute_standardized_coefficient,0.00831110711753783,1,67,False
3,ridge,Stat3_Etch_MV_Gas4Flow__cycle_mean_slope,G4_cycle_behavior,gas_or_backside_flow,absolute_standardized_coefficient,0.011149110045857384,-1,41,False
3,ridge,Stat3_Etch_MV_Gas5Flow__active_mean,G1_level,gas_or_backside_flow,absolute_standardized_coefficient,0.011140359562713666,1,42,False
3,ridge,Stat3_Etch_MV_Gas5Flow__active_std,G1_level,gas_or_backside_flow,absolute_standardized_coefficient,0.008943655136205519,-1,56,False
3,ridge,Stat3_Etch_MV_Gas5Flow__active_slope,G2_temporal_drift,gas_or_backside_flow,absolute_standardized_coefficient,0.000673910694334624,1,223,False
3,ridge,Stat3_Etch_MV_Gas5Flow__early_late_delta,G2_temporal_drift,gas_or_backside_flow,absolute_standardized_coefficient,0.006533795285477164,-1,92,False
3,ridge,Stat3_Etch_MV_Gas5Flow__long_phase_mean,G3_bosch_phase,gas_or_backside_flow,absolute_standardized_coefficient,0.0013399578216639425,-1,197,False
3,ridge,Stat3_Etch_MV_Gas5Flow__short_phase_mean,G3_bosch_phase,gas_or_backside_flow,absolute_standardized_coefficient,0.004284372035819138,-1,124,False
3,ridge,Stat3_Etch_MV_Gas5Flow__phase_difference,G3_bosch_phase,gas_or_backside_flow,absolute_standardized_coefficient,0.008193690503620727,1,70,False
3,ridge,Stat3_Etch_MV_Gas5Flow__cycle_mean_std,G4_cycle_behavior,gas_or_backside_flow,absolute_standardized_coefficient,0.007525606321804846,1,81,False
3,ridge,Stat3_Etch_MV_Gas5Flow__cycle_mean_slope,G4_cycle_behavior,gas_or_backside_flow,absolute_standardized_coefficient,0.007687709683360852,1,77,False
3,ridge,Stat3_Etch_MV_Gas7Flow__active_mean,G1_level,gas_or_backside_flow,absolute_standardized_coefficient,0.0029269412563099214,-1,153,False
3,ridge,Stat3_Etch_MV_Gas7Flow__active_std,G1_level,gas_or_backside_flow,absolute_standardized_coefficient,0.0025396214083774097,1,167,False
3,ridge,Stat3_Etch_MV_Gas7Flow__active_range,G1_level,gas_or_backside_flow,absolute_standardized_coefficient,2.6452866806054448e-05,1,241,False
3,ridge,Stat3_Etch_MV_Gas7Flow__active_slope,G2_temporal_drift,gas_or_backside_flow,absolute_standardized_coefficient,0.008789078247481432,1,57,False
3,ridge,Stat3_Etch_MV_Gas7Flow__early_late_delta,G2_temporal_drift,gas_or_backside_flow,absolute_standardized_coefficient,0.008279262113367448,1,68,False
3,ridge,Stat3_Etch_MV_Gas7Flow__long_phase_mean,G3_bosch_phase,gas_or_backside_flow,absolute_standardized_coefficient,0.002884713167933325,-1,156,False
3,ridge,Stat3_Etch_MV_Gas7Flow__short_phase_mean,G3_bosch_phase,gas_or_backside_flow,absolute_standardized_coefficient,0.0030315131278315886,-1,147,False
3,ridge,Stat3_Etch_MV_Gas7Flow__phase_difference,G3_bosch_phase,gas_or_backside_flow,absolute_standardized_coefficient,0.003934549479697587,1,131,False
3,ridge,Stat3_Etch_MV_Gas7Flow__cycle_mean_std,G4_cycle_behavior,gas_or_backside_flow,absolute_standardized_coefficient,0.007334111037960662,-1,82,False
3,ridge,Stat3_Etch_MV_Gas7Flow__cycle_mean_slope,G4_cycle_behavior,gas_or_backside_flow,absolute_standardized_coefficient,0.00862498055464232,1,61,False
3,ridge,Stat3_Etch_MV_Heater1Temp__active_mean,G1_level,heater_temperature,absolute_standardized_coefficient,0.00013176009106784177,1,239,False
3,ridge,Stat3_Etch_MV_Heater1Temp__active_std,G1_level,heater_temperature,absolute_standardized_coefficient,0.0005335484976252865,1,230,False
3,ridge,Stat3_Etch_MV_Heater1Temp__active_slope,G2_temporal_drift,heater_temperature,absolute_standardized_coefficient,0.010814373350081912,1,45,False
3,ridge,Stat3_Etch_MV_Heater1Temp__early_late_delta,G2_temporal_drift,heater_temperature,absolute_standardized_coefficient,0.011178327029190752,-1,39,False
3,ridge,Stat3_Etch_MV_Heater1Temp__long_phase_mean,G3_bosch_phase,heater_temperature,absolute_standardized_coefficient,5.4922679954900544e-05,1,240,False
3,ridge,Stat3_Etch_MV_Heater1Temp__short_phase_mean,G3_bosch_phase,heater_temperature,absolute_standardized_coefficient,0.00019464439464004037,1,236,False
3,ridge,Stat3_Etch_MV_Heater1Temp__phase_difference,G3_bosch_phase,heater_temperature,absolute_standardized_coefficient,0.00016413898854659797,-1,238,False
3,ridge,Stat3_Etch_MV_Heater1Temp__cycle_mean_std,G4_cycle_behavior,heater_temperature,absolute_standardized_coefficient,0.021857340745165495,1,13,True
3,ridge,Stat3_Etch_MV_Heater1Temp__cycle_mean_slope,G4_cycle_behavior,heater_temperature,absolute_standardized_coefficient,0.00877247217076919,1,58,False
3,ridge,Stat3_Etch_MV_Heater2Temp__active_mean,G1_level,heater_temperature,absolute_standardized_coefficient,0.008436701914310125,1,65,False
3,ridge,Stat3_Etch_MV_Heater2Temp__active_std,G1_level,heater_temperature,absolute_standardized_coefficient,0.0029407380774334546,-1,151,False
3,ridge,Stat3_Etch_MV_Heater2Temp__active_range,G1_level,heater_temperature,absolute_standardized_coefficient,0.0045680123172148705,-1,119,False
3,ridge,Stat3_Etch_MV_Heater2Temp__active_slope,G2_temporal_drift,heater_temperature,absolute_standardized_coefficient,0.00037741654611093614,1,234,False
3,ridge,Stat3_Etch_MV_Heater2Temp__early_late_delta,G2_temporal_drift,heater_temperature,absolute_standardized_coefficient,0.008135666758290158,-1,71,False
3,ridge,Stat3_Etch_MV_Heater2Temp__long_phase_mean,G3_bosch_phase,heater_temperature,absolute_standardized_coefficient,0.008440841242870954,1,64,False
3,ridge,Stat3_Etch_MV_Heater2Temp__short_phase_mean,G3_bosch_phase,heater_temperature,absolute_standardized_coefficient,0.008423102393585173,1,66,False
3,ridge,Stat3_Etch_MV_Heater2Temp__phase_difference,G3_bosch_phase,heater_temperature,absolute_standardized_coefficient,0.0006667367316748479,1,224,False
3,ridge,Stat3_Etch_MV_Heater2Temp__cycle_mean_std,G4_cycle_behavior,heater_temperature,absolute_standardized_coefficient,0.0030811700260597857,-1,145,False
3,ridge,Stat3_Etch_MV_Heater2Temp__cycle_mean_slope,G4_cycle_behavior,heater_temperature,absolute_standardized_coefficient,0.000543305189079198,1,229,False
3,ridge,Stat3_Etch_MV_Heater3Temp__active_mean,G1_level,heater_temperature,absolute_standardized_coefficient,0.0015021227298007173,1,189,False
3,ridge,Stat3_Etch_MV_Heater3Temp__active_std,G1_level,heater_temperature,absolute_standardized_coefficient,0.006344868055580716,1,96,False
3,ridge,Stat3_Etch_MV_Heater3Temp__active_range,G1_level,heater_temperature,absolute_standardized_coefficient,0.0025502181386000016,1,166,False
3,ridge,Stat3_Etch_MV_Heater3Temp__active_slope,G2_temporal_drift,heater_temperature,absolute_standardized_coefficient,0.0006400468104132678,1,226,False
3,ridge,Stat3_Etch_MV_Heater3Temp__early_late_delta,G2_temporal_drift,heater_temperature,absolute_standardized_coefficient,0.0005598056197757443,1,227,False
3,ridge,Stat3_Etch_MV_Heater3Temp__long_phase_mean,G3_bosch_phase,heater_temperature,absolute_standardized_coefficient,0.0015458031392833111,1,184,False
3,ridge,Stat3_Etch_MV_Heater3Temp__short_phase_mean,G3_bosch_phase,heater_temperature,absolute_standardized_coefficient,0.0013558908205264213,1,196,False
3,ridge,Stat3_Etch_MV_Heater3Temp__phase_difference,G3_bosch_phase,heater_temperature,absolute_standardized_coefficient,0.001917935118342342,1,172,False
3,ridge,Stat3_Etch_MV_Heater3Temp__cycle_mean_std,G4_cycle_behavior,heater_temperature,absolute_standardized_coefficient,0.004426290161095208,1,121,False
3,ridge,Stat3_Etch_MV_Heater3Temp__cycle_mean_slope,G4_cycle_behavior,heater_temperature,absolute_standardized_coefficient,0.0012667053692497377,1,202,False
3,ridge,Stat3_Etch_MV_Heater4Temp__active_mean,G1_level,heater_temperature,absolute_standardized_coefficient,0.0012911356708587467,1,201,False
3,ridge,Stat3_Etch_MV_Heater4Temp__active_std,G1_level,heater_temperature,absolute_standardized_coefficient,0.016349495249794517,1,22,False
3,ridge,Stat3_Etch_MV_Heater4Temp__active_range,G1_level,heater_temperature,absolute_standardized_coefficient,0.004817453313371562,-1,113,False
3,ridge,Stat3_Etch_MV_Heater4Temp__active_slope,G2_temporal_drift,heater_temperature,absolute_standardized_coefficient,0.006544084342338882,-1,91,False
3,ridge,Stat3_Etch_MV_Heater4Temp__early_late_delta,G2_temporal_drift,heater_temperature,absolute_standardized_coefficient,0.007059442809153159,-1,85,False
3,ridge,Stat3_Etch_MV_Heater4Temp__long_phase_mean,G3_bosch_phase,heater_temperature,absolute_standardized_coefficient,0.001329979281494999,1,198,False
3,ridge,Stat3_Etch_MV_Heater4Temp__short_phase_mean,G3_bosch_phase,heater_temperature,absolute_standardized_coefficient,0.0011853910005065016,1,206,False
3,ridge,Stat3_Etch_MV_Heater4Temp__phase_difference,G3_bosch_phase,heater_temperature,absolute_standardized_coefficient,0.010644785093429912,1,46,False
3,ridge,Stat3_Etch_MV_Heater4Temp__cycle_mean_std,G4_cycle_behavior,heater_temperature,absolute_standardized_coefficient,0.012435560609625702,1,34,False
3,ridge,Stat3_Etch_MV_Heater4Temp__cycle_mean_slope,G4_cycle_behavior,heater_temperature,absolute_standardized_coefficient,0.0065957603019347,-1,89,False
3,ridge,Stat3_Etch_MV_HeliumBPFlow__active_mean,G1_level,gas_or_backside_flow,absolute_standardized_coefficient,0.0028179199563165298,1,160,False
3,ridge,Stat3_Etch_MV_HeliumBPFlow__active_std,G1_level,gas_or_backside_flow,absolute_standardized_coefficient,0.0008376414480357162,-1,217,False
3,ridge,Stat3_Etch_MV_HeliumBPFlow__active_range,G1_level,gas_or_backside_flow,absolute_standardized_coefficient,0.00038758157154158025,-1,233,False
3,ridge,Stat3_Etch_MV_HeliumBPFlow__active_slope,G2_temporal_drift,gas_or_backside_flow,absolute_standardized_coefficient,0.0017966433773740598,1,177,False
3,ridge,Stat3_Etch_MV_HeliumBPFlow__early_late_delta,G2_temporal_drift,gas_or_backside_flow,absolute_standardized_coefficient,0.0005575326597765779,-1,228,False
3,ridge,Stat3_Etch_MV_HeliumBPFlow__long_phase_mean,G3_bosch_phase,gas_or_backside_flow,absolute_standardized_coefficient,0.002832206657696857,1,159,False
3,ridge,Stat3_Etch_MV_HeliumBPFlow__short_phase_mean,G3_bosch_phase,gas_or_backside_flow,absolute_standardized_coefficient,0.0027839426560557477,1,161,False
3,ridge,Stat3_Etch_MV_HeliumBPFlow__phase_difference,G3_bosch_phase,gas_or_backside_flow,absolute_standardized_coefficient,0.005507811401020408,1,101,False
3,ridge,Stat3_Etch_MV_HeliumBPFlow__cycle_mean_std,G4_cycle_behavior,gas_or_backside_flow,absolute_standardized_coefficient,0.0015745210823714132,-1,183,False
3,ridge,Stat3_Etch_MV_HeliumBPFlow__cycle_mean_slope,G4_cycle_behavior,gas_or_backside_flow,absolute_standardized_coefficient,0.0013667716763643084,1,195,False
3,ridge,Stat3_Etch_MV_HeliumBPPressure__active_mean,G1_level,pressure,absolute_standardized_coefficient,0.003870220112701237,-1,132,False
3,ridge,Stat3_Etch_MV_HeliumBPPressure__active_std,G1_level,pressure,absolute_standardized_coefficient,0.0011579085288947223,1,207,False
3,ridge,Stat3_Etch_MV_HeliumBPPressure__active_range,G1_level,pressure,absolute_standardized_coefficient,0.0237453388503253,-1,11,True
3,ridge,Stat3_Etch_MV_HeliumBPPressure__active_slope,G2_temporal_drift,pressure,absolute_standardized_coefficient,0.001037313649508271,1,213,False
3,ridge,Stat3_Etch_MV_HeliumBPPressure__early_late_delta,G2_temporal_drift,pressure,absolute_standardized_coefficient,0.004759023525941973,-1,114,False
3,ridge,Stat3_Etch_MV_HeliumBPPressure__long_phase_mean,G3_bosch_phase,pressure,absolute_standardized_coefficient,0.003277757556248479,-1,139,False
3,ridge,Stat3_Etch_MV_HeliumBPPressure__short_phase_mean,G3_bosch_phase,pressure,absolute_standardized_coefficient,0.00334499444682647,-1,138,False
3,ridge,Stat3_Etch_MV_HeliumBPPressure__phase_difference,G3_bosch_phase,pressure,absolute_standardized_coefficient,0.0013675679427366729,1,194,False
3,ridge,Stat3_Etch_MV_HeliumBPPressure__cycle_mean_std,G4_cycle_behavior,pressure,absolute_standardized_coefficient,0.010359685434428867,1,47,False
3,ridge,Stat3_Etch_MV_HeliumBPPressure__cycle_mean_slope,G4_cycle_behavior,pressure,absolute_standardized_coefficient,0.0017958991679218141,1,178,False
3,ridge,Stat3_Etch_MV_PlatenDcBias__active_mean,G1_level,rf_power_matching_electrical,absolute_standardized_coefficient,0.0019128043658357663,1,173,False
3,ridge,Stat3_Etch_MV_PlatenDcBias__active_std,G1_level,rf_power_matching_electrical,absolute_standardized_coefficient,0.004636898394236756,1,117,False
3,ridge,Stat3_Etch_MV_PlatenDcBias__active_range,G1_level,rf_power_matching_electrical,absolute_standardized_coefficient,0.006693663135036842,1,87,False
3,ridge,Stat3_Etch_MV_PlatenDcBias__active_slope,G2_temporal_drift,rf_power_matching_electrical,absolute_standardized_coefficient,0.0011261878005332825,1,208,False
3,ridge,Stat3_Etch_MV_PlatenDcBias__early_late_delta,G2_temporal_drift,rf_power_matching_electrical,absolute_standardized_coefficient,0.002760662920369623,1,162,False
3,ridge,Stat3_Etch_MV_PlatenDcBias__long_phase_mean,G3_bosch_phase,rf_power_matching_electrical,absolute_standardized_coefficient,0.004517487670345956,-1,120,False
3,ridge,Stat3_Etch_MV_PlatenDcBias__short_phase_mean,G3_bosch_phase,rf_power_matching_electrical,absolute_standardized_coefficient,0.012477500391347759,1,33,False
3,ridge,Stat3_Etch_MV_PlatenDcBias__phase_difference,G3_bosch_phase,rf_power_matching_electrical,absolute_standardized_coefficient,0.014941341960916638,-1,26,False
3,ridge,Stat3_Etch_MV_PlatenDcBias__cycle_mean_std,G4_cycle_behavior,rf_power_matching_electrical,absolute_standardized_coefficient,0.009886741758076016,-1,50,False
3,ridge,Stat3_Etch_MV_PlatenDcBias__cycle_mean_slope,G4_cycle_behavior,rf_power_matching_electrical,absolute_standardized_coefficient,0.0007341941637042497,1,222,False
3,ridge,Stat3_Etch_MV_PlatenRFLoadCapacitor__active_mean,G1_level,rf_power_matching_electrical,absolute_standardized_coefficient,0.0014249299356912605,1,192,False
3,ridge,Stat3_Etch_MV_PlatenRFLoadCapacitor__active_std,G1_level,rf_power_matching_electrical,absolute_standardized_coefficient,0.018276960415209792,-1,18,True
3,ridge,Stat3_Etch_MV_PlatenRFLoadCapacitor__active_range,G1_level,rf_power_matching_electrical,absolute_standardized_coefficient,0.007175864629362944,-1,83,False
3,ridge,Stat3_Etch_MV_PlatenRFLoadCapacitor__active_slope,G2_temporal_drift,rf_power_matching_electrical,absolute_standardized_coefficient,0.009803331770104297,-1,52,False
3,ridge,Stat3_Etch_MV_PlatenRFLoadCapacitor__early_late_delta,G2_temporal_drift,rf_power_matching_electrical,absolute_standardized_coefficient,0.010263326614796337,-1,48,False
3,ridge,Stat3_Etch_MV_PlatenRFLoadCapacitor__long_phase_mean,G3_bosch_phase,rf_power_matching_electrical,absolute_standardized_coefficient,0.0011139795439070919,1,210,False
3,ridge,Stat3_Etch_MV_PlatenRFLoadCapacitor__short_phase_mean,G3_bosch_phase,rf_power_matching_electrical,absolute_standardized_coefficient,0.0017193972957915082,1,182,False
3,ridge,Stat3_Etch_MV_PlatenRFLoadCapacitor__phase_difference,G3_bosch_phase,rf_power_matching_electrical,absolute_standardized_coefficient,0.0009880912109438598,-1,214,False
3,ridge,Stat3_Etch_MV_PlatenRFLoadCapacitor__cycle_mean_std,G4_cycle_behavior,rf_power_matching_electrical,absolute_standardized_coefficient,0.0026025489520941523,-1,164,False
3,ridge,Stat3_Etch_MV_PlatenRFLoadCapacitor__cycle_mean_slope,G4_cycle_behavior,rf_power_matching_electrical,absolute_standardized_coefficient,0.002900987993560142,-1,155,False
3,ridge,Stat3_Etch_MV_PlatenRFLoadPower__active_mean,G1_level,rf_power_matching_electrical,absolute_standardized_coefficient,0.008234665615451614,-1,69,False
3,ridge,Stat3_Etch_MV_PlatenRFLoadPower__active_std,G1_level,rf_power_matching_electrical,absolute_standardized_coefficient,0.0020532923723236805,1,169,False
3,ridge,Stat3_Etch_MV_PlatenRFLoadPower__active_range,G1_level,rf_power_matching_electrical,absolute_standardized_coefficient,0.00016981542551833175,-1,237,False
3,ridge,Stat3_Etch_MV_PlatenRFLoadPower__active_slope,G2_temporal_drift,rf_power_matching_electrical,absolute_standardized_coefficient,0.0029079409510331263,1,154,False
3,ridge,Stat3_Etch_MV_PlatenRFLoadPower__early_late_delta,G2_temporal_drift,rf_power_matching_electrical,absolute_standardized_coefficient,0.014569446739845808,-1,27,False
3,ridge,Stat3_Etch_MV_PlatenRFLoadPower__long_phase_mean,G3_bosch_phase,rf_power_matching_electrical,absolute_standardized_coefficient,0.005567694171807945,-1,100,False
3,ridge,Stat3_Etch_MV_PlatenRFLoadPower__short_phase_mean,G3_bosch_phase,rf_power_matching_electrical,absolute_standardized_coefficient,0.004931673929798887,-1,111,False
3,ridge,Stat3_Etch_MV_PlatenRFLoadPower__phase_difference,G3_bosch_phase,rf_power_matching_electrical,absolute_standardized_coefficient,0.0014555527815801597,1,191,False
3,ridge,Stat3_Etch_MV_PlatenRFLoadPower__cycle_mean_std,G4_cycle_behavior,rf_power_matching_electrical,absolute_standardized_coefficient,0.008733397680179318,1,59,False
3,ridge,Stat3_Etch_MV_PlatenRFLoadPower__cycle_mean_slope,G4_cycle_behavior,rf_power_matching_electrical,absolute_standardized_coefficient,0.0031288036213483646,1,144,False
3,ridge,Stat3_Etch_MV_PlatenRFPeakToPeak__active_mean,G1_level,rf_power_matching_electrical,absolute_standardized_coefficient,0.013828012446204432,-1,31,False
3,ridge,Stat3_Etch_MV_PlatenRFPeakToPeak__active_std,G1_level,rf_power_matching_electrical,absolute_standardized_coefficient,0.004124499574546888,1,127,False
3,ridge,Stat3_Etch_MV_PlatenRFPeakToPeak__active_range,G1_level,rf_power_matching_electrical,absolute_standardized_coefficient,0.03928822928114796,-1,2,True
3,ridge,Stat3_Etch_MV_PlatenRFPeakToPeak__active_slope,G2_temporal_drift,rf_power_matching_electrical,absolute_standardized_coefficient,0.00846253307591817,1,63,False
3,ridge,Stat3_Etch_MV_PlatenRFPeakToPeak__early_late_delta,G2_temporal_drift,rf_power_matching_electrical,absolute_standardized_coefficient,0.011068552147719854,-1,43,False
3,ridge,Stat3_Etch_MV_PlatenRFPeakToPeak__long_phase_mean,G3_bosch_phase,rf_power_matching_electrical,absolute_standardized_coefficient,0.008055053481591731,-1,73,False
3,ridge,Stat3_Etch_MV_PlatenRFPeakToPeak__short_phase_mean,G3_bosch_phase,rf_power_matching_electrical,absolute_standardized_coefficient,0.01586736142523414,-1,25,False
3,ridge,Stat3_Etch_MV_PlatenRFPeakToPeak__phase_difference,G3_bosch_phase,rf_power_matching_electrical,absolute_standardized_coefficient,0.013940297511781491,1,30,False
3,ridge,Stat3_Etch_MV_PlatenRFPeakToPeak__cycle_mean_std,G4_cycle_behavior,rf_power_matching_electrical,absolute_standardized_coefficient,0.0018670027895166218,1,175,False
3,ridge,Stat3_Etch_MV_PlatenRFPeakToPeak__cycle_mean_slope,G4_cycle_behavior,rf_power_matching_electrical,absolute_standardized_coefficient,0.0054892115963074695,1,103,False
3,ridge,Stat3_Etch_MV_PlatenRFReflectedPower__active_mean,G1_level,rf_power_matching_electrical,absolute_standardized_coefficient,0.0012108556638663402,-1,205,False
3,ridge,Stat3_Etch_MV_PlatenRFReflectedPower__active_std,G1_level,rf_power_matching_electrical,absolute_standardized_coefficient,0.004974898057716334,1,110,False
3,ridge,Stat3_Etch_MV_PlatenRFReflectedPower__active_range,G1_level,rf_power_matching_electrical,absolute_standardized_coefficient,0.028221256197139114,1,5,True
3,ridge,Stat3_Etch_MV_PlatenRFReflectedPower__active_slope,G2_temporal_drift,rf_power_matching_electrical,absolute_standardized_coefficient,0.0080190945062172,1,76,False
3,ridge,Stat3_Etch_MV_PlatenRFReflectedPower__early_late_delta,G2_temporal_drift,rf_power_matching_electrical,absolute_standardized_coefficient,0.0014234466944148421,1,193,False
3,ridge,Stat3_Etch_MV_PlatenRFReflectedPower__long_phase_mean,G3_bosch_phase,rf_power_matching_electrical,absolute_standardized_coefficient,0.018253233272541355,-1,19,True
3,ridge,Stat3_Etch_MV_PlatenRFReflectedPower__short_phase_mean,G3_bosch_phase,rf_power_matching_electrical,absolute_standardized_coefficient,0.014477606818962294,1,28,False
3,ridge,Stat3_Etch_MV_PlatenRFReflectedPower__phase_difference,G3_bosch_phase,rf_power_matching_electrical,absolute_standardized_coefficient,0.017137307317972764,-1,21,False
3,ridge,Stat3_Etch_MV_PlatenRFReflectedPower__cycle_mean_std,G4_cycle_behavior,rf_power_matching_electrical,absolute_standardized_coefficient,0.006449345950025278,-1,95,False
3,ridge,Stat3_Etch_MV_PlatenRFReflectedPower__cycle_mean_slope,G4_cycle_behavior,rf_power_matching_electrical,absolute_standardized_coefficient,0.0048977688117845695,1,112,False
3,ridge,Stat3_Etch_MV_PlatenRFTuningCapacitor__active_mean,G1_level,rf_power_matching_electrical,absolute_standardized_coefficient,0.021961762306741486,-1,12,True
3,ridge,Stat3_Etch_MV_PlatenRFTuningCapacitor__active_std,G1_level,rf_power_matching_electrical,absolute_standardized_coefficient,0.0159705546641449,1,24,False
3,ridge,Stat3_Etch_MV_PlatenRFTuningCapacitor__active_range,G1_level,rf_power_matching_electrical,absolute_standardized_coefficient,0.02508650364114616,1,8,True
3,ridge,Stat3_Etch_MV_PlatenRFTuningCapacitor__active_slope,G2_temporal_drift,rf_power_matching_electrical,absolute_standardized_coefficient,0.0051335816541956,1,107,False
3,ridge,Stat3_Etch_MV_PlatenRFTuningCapacitor__early_late_delta,G2_temporal_drift,rf_power_matching_electrical,absolute_standardized_coefficient,0.0047205915353699815,-1,116,False
3,ridge,Stat3_Etch_MV_PlatenRFTuningCapacitor__long_phase_mean,G3_bosch_phase,rf_power_matching_electrical,absolute_standardized_coefficient,0.024097095821269652,-1,10,True
3,ridge,Stat3_Etch_MV_PlatenRFTuningCapacitor__short_phase_mean,G3_bosch_phase,rf_power_matching_electrical,absolute_standardized_coefficient,0.0018723293985164595,-1,174,False
3,ridge,Stat3_Etch_MV_PlatenRFTuningCapacitor__phase_difference,G3_bosch_phase,rf_power_matching_electrical,absolute_standardized_coefficient,0.027777600021869693,-1,6,True
3,ridge,Stat3_Etch_MV_PlatenRFTuningCapacitor__cycle_mean_std,G4_cycle_behavior,rf_power_matching_electrical,absolute_standardized_coefficient,0.0015214051082162359,1,185,False
3,ridge,Stat3_Etch_MV_PlatenRFTuningCapacitor__cycle_mean_slope,G4_cycle_behavior,rf_power_matching_electrical,absolute_standardized_coefficient,0.003019224411844312,1,148,False
3,ridge,Stat3_Etch_MV_Pressure__active_mean,G1_level,pressure,absolute_standardized_coefficient,0.0028329685081793176,-1,158,False
3,ridge,Stat3_Etch_MV_Pressure__active_std,G1_level,pressure,absolute_standardized_coefficient,0.029966435421385815,-1,4,True
3,ridge,Stat3_Etch_MV_Pressure__active_range,G1_level,pressure,absolute_standardized_coefficient,0.003218355859634935,-1,141,False
3,ridge,Stat3_Etch_MV_Pressure__active_slope,G2_temporal_drift,pressure,absolute_standardized_coefficient,0.009828704421293015,1,51,False
3,ridge,Stat3_Etch_MV_Pressure__early_late_delta,G2_temporal_drift,pressure,absolute_standardized_coefficient,0.007633139997034926,-1,78,False
3,ridge,Stat3_Etch_MV_Pressure__long_phase_mean,G3_bosch_phase,pressure,absolute_standardized_coefficient,0.006521471492654012,1,93,False
3,ridge,Stat3_Etch_MV_Pressure__short_phase_mean,G3_bosch_phase,pressure,absolute_standardized_coefficient,0.0061146157660365505,-1,97,False
3,ridge,Stat3_Etch_MV_Pressure__phase_difference,G3_bosch_phase,pressure,absolute_standardized_coefficient,0.006514173689173214,1,94,False
3,ridge,Stat3_Etch_MV_Pressure__cycle_mean_std,G4_cycle_behavior,pressure,absolute_standardized_coefficient,0.009271721404064289,1,55,False
3,ridge,Stat3_Etch_MV_Pressure__cycle_mean_slope,G4_cycle_behavior,pressure,absolute_standardized_coefficient,0.0010982499318388217,-1,211,False
3,ridge,Stat3_Etch_MV_SourceRF2PeakToPeak__active_mean,G1_level,rf_power_matching_electrical,absolute_standardized_coefficient,0.0006600049542892124,-1,225,False
3,ridge,Stat3_Etch_MV_SourceRF2PeakToPeak__active_std,G1_level,rf_power_matching_electrical,absolute_standardized_coefficient,0.002558395706421225,1,165,False
3,ridge,Stat3_Etch_MV_SourceRF2PeakToPeak__active_slope,G2_temporal_drift,rf_power_matching_electrical,absolute_standardized_coefficient,0.004098403978537472,-1,129,False
3,ridge,Stat3_Etch_MV_SourceRF2PeakToPeak__early_late_delta,G2_temporal_drift,rf_power_matching_electrical,absolute_standardized_coefficient,0.0036825845830882496,-1,133,False
3,ridge,Stat3_Etch_MV_SourceRF2PeakToPeak__long_phase_mean,G3_bosch_phase,rf_power_matching_electrical,absolute_standardized_coefficient,0.0007810729554495468,-1,220,False
3,ridge,Stat3_Etch_MV_SourceRF2PeakToPeak__phase_difference,G3_bosch_phase,rf_power_matching_electrical,absolute_standardized_coefficient,0.0007810729554495468,-1,221,False
3,ridge,Stat3_Etch_MV_SourceRF2PeakToPeak__cycle_mean_std,G4_cycle_behavior,rf_power_matching_electrical,absolute_standardized_coefficient,0.0014615984069759245,-1,190,False
3,ridge,Stat3_Etch_MV_SourceRF2PeakToPeak__cycle_mean_slope,G4_cycle_behavior,rf_power_matching_electrical,absolute_standardized_coefficient,0.004362389950876399,-1,122,False
3,ridge,Stat3_Etch_MV_SourceRF2TuningCapacitor__active_mean,G1_level,rf_power_matching_electrical,absolute_standardized_coefficient,0.001747635150980721,-1,179,False
3,ridge,Stat3_Etch_MV_SourceRF2TuningCapacitor__active_std,G1_level,rf_power_matching_electrical,absolute_standardized_coefficient,0.0012989616131626797,1,200,False
3,ridge,Stat3_Etch_MV_SourceRF2TuningCapacitor__active_slope,G2_temporal_drift,rf_power_matching_electrical,absolute_standardized_coefficient,0.001746009083504743,1,180,False
3,ridge,Stat3_Etch_MV_SourceRF2TuningCapacitor__early_late_delta,G2_temporal_drift,rf_power_matching_electrical,absolute_standardized_coefficient,0.0017330117516494246,1,181,False
3,ridge,Stat3_Etch_MV_SourceRF2TuningCapacitor__short_phase_mean,G3_bosch_phase,rf_power_matching_electrical,absolute_standardized_coefficient,0.0015134168759722362,-1,186,False
3,ridge,Stat3_Etch_MV_SourceRF2TuningCapacitor__phase_difference,G3_bosch_phase,rf_power_matching_electrical,absolute_standardized_coefficient,0.0015134168759722288,1,187,False
3,ridge,Stat3_Etch_MV_SourceRFLoadPower__active_mean,G1_level,rf_power_matching_electrical,absolute_standardized_coefficient,0.008042466869147691,1,74,False
3,ridge,Stat3_Etch_MV_SourceRFLoadPower__active_std,G1_level,rf_power_matching_electrical,absolute_standardized_coefficient,0.001067527170139689,-1,212,False
3,ridge,Stat3_Etch_MV_SourceRFLoadPower__active_range,G1_level,rf_power_matching_electrical,absolute_standardized_coefficient,0.01183105709317325,-1,36,False
3,ridge,Stat3_Etch_MV_SourceRFLoadPower__active_slope,G2_temporal_drift,rf_power_matching_electrical,absolute_standardized_coefficient,0.007611436310901401,-1,79,False
3,ridge,Stat3_Etch_MV_SourceRFLoadPower__early_late_delta,G2_temporal_drift,rf_power_matching_electrical,absolute_standardized_coefficient,0.0033972611107067462,1,137,False
3,ridge,Stat3_Etch_MV_SourceRFLoadPower__long_phase_mean,G3_bosch_phase,rf_power_matching_electrical,absolute_standardized_coefficient,0.01202422026197109,1,35,False
3,ridge,Stat3_Etch_MV_SourceRFLoadPower__short_phase_mean,G3_bosch_phase,rf_power_matching_electrical,absolute_standardized_coefficient,0.000820056554303368,1,218,False
3,ridge,Stat3_Etch_MV_SourceRFLoadPower__phase_difference,G3_bosch_phase,rf_power_matching_electrical,absolute_standardized_coefficient,0.002723715914427734,1,163,False
3,ridge,Stat3_Etch_MV_SourceRFLoadPower__cycle_mean_std,G4_cycle_behavior,rf_power_matching_electrical,absolute_standardized_coefficient,0.0011221792342945218,1,209,False
3,ridge,Stat3_Etch_MV_SourceRFLoadPower__cycle_mean_slope,G4_cycle_behavior,rf_power_matching_electrical,absolute_standardized_coefficient,0.01182474491459637,-1,37,False
3,ridge,Stat3_Etch_MV_SourceRFPeakToPeak__active_mean,G1_level,rf_power_matching_electrical,absolute_standardized_coefficient,0.005149570931252845,1,106,False
3,ridge,Stat3_Etch_MV_SourceRFPeakToPeak__active_std,G1_level,rf_power_matching_electrical,absolute_standardized_coefficient,0.01599802343866948,1,23,False
3,ridge,Stat3_Etch_MV_SourceRFPeakToPeak__active_range,G1_level,rf_power_matching_electrical,absolute_standardized_coefficient,0.003627822526473415,1,134,False
3,ridge,Stat3_Etch_MV_SourceRFPeakToPeak__active_slope,G2_temporal_drift,rf_power_matching_electrical,absolute_standardized_coefficient,0.011368395256192623,-1,38,False
3,ridge,Stat3_Etch_MV_SourceRFPeakToPeak__early_late_delta,G2_temporal_drift,rf_power_matching_electrical,absolute_standardized_coefficient,0.00969719278394731,-1,53,False
3,ridge,Stat3_Etch_MV_SourceRFPeakToPeak__long_phase_mean,G3_bosch_phase,rf_power_matching_electrical,absolute_standardized_coefficient,0.007109046556723952,1,84,False
3,ridge,Stat3_Etch_MV_SourceRFPeakToPeak__short_phase_mean,G3_bosch_phase,rf_power_matching_electrical,absolute_standardized_coefficient,0.0034341948695980574,-1,135,False
3,ridge,Stat3_Etch_MV_SourceRFPeakToPeak__phase_difference,G3_bosch_phase,rf_power_matching_electrical,absolute_standardized_coefficient,0.021065723643290367,1,16,True
3,ridge,Stat3_Etch_MV_SourceRFPeakToPeak__cycle_mean_std,G4_cycle_behavior,rf_power_matching_electrical,absolute_standardized_coefficient,0.008031304159826844,1,75,False
3,ridge,Stat3_Etch_MV_SourceRFPeakToPeak__cycle_mean_slope,G4_cycle_behavior,rf_power_matching_electrical,absolute_standardized_coefficient,0.006844148569382903,-1,86,False
3,ridge,Stat3_Etch_MV_SourceRFReflectedPower__active_mean,G1_level,rf_power_matching_electrical,absolute_standardized_coefficient,0.018632426274830936,-1,17,True
3,ridge,Stat3_Etch_MV_SourceRFReflectedPower__active_std,G1_level,rf_power_matching_electrical,absolute_standardized_coefficient,0.021539928292739687,-1,15,True
3,ridge,Stat3_Etch_MV_SourceRFReflectedPower__active_range,G1_level,rf_power_matching_electrical,absolute_standardized_coefficient,0.04130333185900818,-1,1,True
3,ridge,Stat3_Etch_MV_SourceRFReflectedPower__active_slope,G2_temporal_drift,rf_power_matching_electrical,absolute_standardized_coefficient,0.0023133534607531463,1,168,False
3,ridge,Stat3_Etch_MV_SourceRFReflectedPower__early_late_delta,G2_temporal_drift,rf_power_matching_electrical,absolute_standardized_coefficient,0.005389405817435275,1,104,False
3,ridge,Stat3_Etch_MV_SourceRFReflectedPower__long_phase_mean,G3_bosch_phase,rf_power_matching_electrical,absolute_standardized_coefficient,0.008071860120557965,-1,72,False
3,ridge,Stat3_Etch_MV_SourceRFReflectedPower__short_phase_mean,G3_bosch_phase,rf_power_matching_electrical,absolute_standardized_coefficient,0.021580922302674808,-1,14,True
3,ridge,Stat3_Etch_MV_SourceRFReflectedPower__phase_difference,G3_bosch_phase,rf_power_matching_electrical,absolute_standardized_coefficient,0.024542497407626727,1,9,True
3,ridge,Stat3_Etch_MV_SourceRFReflectedPower__cycle_mean_std,G4_cycle_behavior,rf_power_matching_electrical,absolute_standardized_coefficient,0.008611775796639702,1,62,False
3,ridge,Stat3_Etch_MV_SourceRFReflectedPower__cycle_mean_slope,G4_cycle_behavior,rf_power_matching_electrical,absolute_standardized_coefficient,0.0034290010814719985,-1,136,False
3,ridge,Stat3_Etch_MV_moriInnerCurrent__active_mean,G1_level,remaining_process_signals,absolute_standardized_coefficient,0.004340591833021441,-1,123,False
3,ridge,Stat3_Etch_MV_moriInnerCurrent__active_std,G1_level,remaining_process_signals,absolute_standardized_coefficient,0.0020529960901133444,1,170,False
3,ridge,Stat3_Etch_MV_moriInnerCurrent__active_range,G1_level,remaining_process_signals,absolute_standardized_coefficient,0.007606350877195923,1,80,False
3,ridge,Stat3_Etch_MV_moriInnerCurrent__active_slope,G2_temporal_drift,remaining_process_signals,absolute_standardized_coefficient,0.005494087517803896,-1,102,False
3,ridge,Stat3_Etch_MV_moriInnerCurrent__early_late_delta,G2_temporal_drift,remaining_process_signals,absolute_standardized_coefficient,0.014198519284644462,-1,29,False
3,ridge,Stat3_Etch_MV_moriInnerCurrent__long_phase_mean,G3_bosch_phase,remaining_process_signals,absolute_standardized_coefficient,0.0031464947653972323,-1,142,False
3,ridge,Stat3_Etch_MV_moriInnerCurrent__short_phase_mean,G3_bosch_phase,remaining_process_signals,absolute_standardized_coefficient,0.0050697201553646185,-1,108,False
3,ridge,Stat3_Etch_MV_moriInnerCurrent__phase_difference,G3_bosch_phase,remaining_process_signals,absolute_standardized_coefficient,0.0029589890769013897,1,150,False
3,ridge,Stat3_Etch_MV_moriInnerCurrent__cycle_mean_std,G4_cycle_behavior,remaining_process_signals,absolute_standardized_coefficient,0.005810130669227638,1,99,False
3,ridge,Stat3_Etch_MV_moriInnerCurrent__cycle_mean_slope,G4_cycle_behavior,remaining_process_signals,absolute_standardized_coefficient,0.009616229107061603,-1,54,False
4,pls,Stat3_Etch_MV_ForeLinePressure__active_mean,G1_level,pressure,VIP,0.3864005842721322,-1,211,False
4,pls,Stat3_Etch_MV_ForeLinePressure__active_std,G1_level,pressure,VIP,1.2892069888603008,-1,44,False
4,pls,Stat3_Etch_MV_ForeLinePressure__active_range,G1_level,pressure,VIP,1.8607529363899087,-1,13,True
4,pls,Stat3_Etch_MV_ForeLinePressure__active_slope,G2_temporal_drift,pressure,VIP,0.5496163553783205,-1,177,False
4,pls,Stat3_Etch_MV_ForeLinePressure__early_late_delta,G2_temporal_drift,pressure,VIP,0.44183827006720244,-1,200,False
4,pls,Stat3_Etch_MV_ForeLinePressure__long_phase_mean,G3_bosch_phase,pressure,VIP,0.5426242715946206,-1,178,False
4,pls,Stat3_Etch_MV_ForeLinePressure__short_phase_mean,G3_bosch_phase,pressure,VIP,0.501264948103694,1,185,False
4,pls,Stat3_Etch_MV_ForeLinePressure__phase_difference,G3_bosch_phase,pressure,VIP,0.968137285796985,-1,80,False
4,pls,Stat3_Etch_MV_ForeLinePressure__cycle_mean_std,G4_cycle_behavior,pressure,VIP,0.8021039409522076,1,126,False
4,pls,Stat3_Etch_MV_ForeLinePressure__cycle_mean_slope,G4_cycle_behavior,pressure,VIP,0.4688828764768333,1,195,False
4,pls,Stat3_Etch_MV_Gas1Flow__active_mean,G1_level,gas_or_backside_flow,VIP,0.6673069740126749,-1,158,False
4,pls,Stat3_Etch_MV_Gas1Flow__active_std,G1_level,gas_or_backside_flow,VIP,0.8483648213198902,1,106,False
4,pls,Stat3_Etch_MV_Gas1Flow__active_range,G1_level,gas_or_backside_flow,VIP,0.3133593664305592,1,225,False
4,pls,Stat3_Etch_MV_Gas1Flow__active_slope,G2_temporal_drift,gas_or_backside_flow,VIP,0.8279700959071924,-1,120,False
4,pls,Stat3_Etch_MV_Gas1Flow__early_late_delta,G2_temporal_drift,gas_or_backside_flow,VIP,0.8307975374052726,-1,119,False
4,pls,Stat3_Etch_MV_Gas1Flow__long_phase_mean,G3_bosch_phase,gas_or_backside_flow,VIP,0.5518819543577465,-1,176,False
4,pls,Stat3_Etch_MV_Gas1Flow__short_phase_mean,G3_bosch_phase,gas_or_backside_flow,VIP,0.797010516471811,1,128,False
4,pls,Stat3_Etch_MV_Gas1Flow__phase_difference,G3_bosch_phase,gas_or_backside_flow,VIP,0.841559848074753,-1,114,False
4,pls,Stat3_Etch_MV_Gas1Flow__cycle_mean_std,G4_cycle_behavior,gas_or_backside_flow,VIP,0.316955518400658,1,221,False
4,pls,Stat3_Etch_MV_Gas1Flow__cycle_mean_slope,G4_cycle_behavior,gas_or_backside_flow,VIP,0.5065104403108475,1,184,False
4,pls,Stat3_Etch_MV_Gas2Flow__active_mean,G1_level,gas_or_backside_flow,VIP,0.48689339473332777,1,189,False
4,pls,Stat3_Etch_MV_Gas2Flow__active_std,G1_level,gas_or_backside_flow,VIP,1.6364685829358423,1,22,False
4,pls,Stat3_Etch_MV_Gas2Flow__active_range,G1_level,gas_or_backside_flow,VIP,1.5968123501701557,1,26,False
4,pls,Stat3_Etch_MV_Gas2Flow__active_slope,G2_temporal_drift,gas_or_backside_flow,VIP,0.35183860273352485,1,220,False
4,pls,Stat3_Etch_MV_Gas2Flow__early_late_delta,G2_temporal_drift,gas_or_backside_flow,VIP,0.44303710671450436,1,199,False
4,pls,Stat3_Etch_MV_Gas2Flow__long_phase_mean,G3_bosch_phase,gas_or_backside_flow,VIP,0.4871482927579014,1,188,False
4,pls,Stat3_Etch_MV_Gas2Flow__short_phase_mean,G3_bosch_phase,gas_or_backside_flow,VIP,0.48608522240477325,1,190,False
4,pls,Stat3_Etch_MV_Gas2Flow__phase_difference,G3_bosch_phase,gas_or_backside_flow,VIP,0.18588342380228545,1,241,False
4,pls,Stat3_Etch_MV_Gas2Flow__cycle_mean_std,G4_cycle_behavior,gas_or_backside_flow,VIP,1.473624175560255,1,35,False
4,pls,Stat3_Etch_MV_Gas2Flow__cycle_mean_slope,G4_cycle_behavior,gas_or_backside_flow,VIP,0.3612974567935777,1,217,False
4,pls,Stat3_Etch_MV_Gas4Flow__active_mean,G1_level,gas_or_backside_flow,VIP,0.796316483921932,-1,129,False
4,pls,Stat3_Etch_MV_Gas4Flow__active_std,G1_level,gas_or_backside_flow,VIP,0.808702104655559,-1,123,False
4,pls,Stat3_Etch_MV_Gas4Flow__active_slope,G2_temporal_drift,gas_or_backside_flow,VIP,0.6825728452431066,1,153,False
4,pls,Stat3_Etch_MV_Gas4Flow__early_late_delta,G2_temporal_drift,gas_or_backside_flow,VIP,0.5193314041706297,1,183,False
4,pls,Stat3_Etch_MV_Gas4Flow__long_phase_mean,G3_bosch_phase,gas_or_backside_flow,VIP,0.598047486483616,-1,170,False
4,pls,Stat3_Etch_MV_Gas4Flow__short_phase_mean,G3_bosch_phase,gas_or_backside_flow,VIP,0.5539799385533283,-1,175,False
4,pls,Stat3_Etch_MV_Gas4Flow__phase_difference,G3_bosch_phase,gas_or_backside_flow,VIP,0.5411759737861721,1,179,False
4,pls,Stat3_Etch_MV_Gas4Flow__cycle_mean_std,G4_cycle_behavior,gas_or_backside_flow,VIP,0.8499113843818682,1,104,False
4,pls,Stat3_Etch_MV_Gas4Flow__cycle_mean_slope,G4_cycle_behavior,gas_or_backside_flow,VIP,0.39663007440093173,-1,208,False
4,pls,Stat3_Etch_MV_Gas5Flow__active_mean,G1_level,gas_or_backside_flow,VIP,0.7588214870460388,1,135,False
4,pls,Stat3_Etch_MV_Gas5Flow__active_std,G1_level,gas_or_backside_flow,VIP,0.7387086522566116,-1,141,False
4,pls,Stat3_Etch_MV_Gas5Flow__active_slope,G2_temporal_drift,gas_or_backside_flow,VIP,0.662614951367642,-1,159,False
4,pls,Stat3_Etch_MV_Gas5Flow__early_late_delta,G2_temporal_drift,gas_or_backside_flow,VIP,0.4874824345635496,-1,187,False
4,pls,Stat3_Etch_MV_Gas5Flow__long_phase_mean,G3_bosch_phase,gas_or_backside_flow,VIP,0.6845707842211398,1,152,False
4,pls,Stat3_Etch_MV_Gas5Flow__short_phase_mean,G3_bosch_phase,gas_or_backside_flow,VIP,0.669792632193506,1,156,False
4,pls,Stat3_Etch_MV_Gas5Flow__phase_difference,G3_bosch_phase,gas_or_backside_flow,VIP,0.5824413923686736,-1,171,False
4,pls,Stat3_Etch_MV_Gas5Flow__cycle_mean_std,G4_cycle_behavior,gas_or_backside_flow,VIP,0.7825502437590299,1,131,False
4,pls,Stat3_Etch_MV_Gas5Flow__cycle_mean_slope,G4_cycle_behavior,gas_or_backside_flow,VIP,0.4156972263405815,1,206,False
4,pls,Stat3_Etch_MV_Gas7Flow__active_mean,G1_level,gas_or_backside_flow,VIP,1.0145962973131712,-1,73,False
4,pls,Stat3_Etch_MV_Gas7Flow__active_std,G1_level,gas_or_backside_flow,VIP,1.0017304239822085,-1,76,False
4,pls,Stat3_Etch_MV_Gas7Flow__active_range,G1_level,gas_or_backside_flow,VIP,0.8885269789419565,-1,90,False
4,pls,Stat3_Etch_MV_Gas7Flow__active_slope,G2_temporal_drift,gas_or_backside_flow,VIP,0.41761243277270926,1,204,False
4,pls,Stat3_Etch_MV_Gas7Flow__early_late_delta,G2_temporal_drift,gas_or_backside_flow,VIP,0.42094297967222133,1,202,False
4,pls,Stat3_Etch_MV_Gas7Flow__long_phase_mean,G3_bosch_phase,gas_or_backside_flow,VIP,1.0143016652702548,-1,74,False
4,pls,Stat3_Etch_MV_Gas7Flow__short_phase_mean,G3_bosch_phase,gas_or_backside_flow,VIP,1.0150879466467404,-1,71,False
4,pls,Stat3_Etch_MV_Gas7Flow__phase_difference,G3_bosch_phase,gas_or_backside_flow,VIP,0.22308942272814644,-1,237,False
4,pls,Stat3_Etch_MV_Gas7Flow__cycle_mean_std,G4_cycle_behavior,gas_or_backside_flow,VIP,0.8781069419862259,-1,93,False
4,pls,Stat3_Etch_MV_Gas7Flow__cycle_mean_slope,G4_cycle_behavior,gas_or_backside_flow,VIP,0.41629638704292815,1,205,False
4,pls,Stat3_Etch_MV_Heater1Temp__active_mean,G1_level,heater_temperature,VIP,1.0402920599345564,-1,69,False
4,pls,Stat3_Etch_MV_Heater1Temp__active_std,G1_level,heater_temperature,VIP,1.0521567637374103,-1,67,False
4,pls,Stat3_Etch_MV_Heater1Temp__active_slope,G2_temporal_drift,heater_temperature,VIP,0.2500614522997227,-1,236,False
4,pls,Stat3_Etch_MV_Heater1Temp__early_late_delta,G2_temporal_drift,heater_temperature,VIP,0.20912966681896972,-1,239,False
4,pls,Stat3_Etch_MV_Heater1Temp__long_phase_mean,G3_bosch_phase,heater_temperature,VIP,0.9388648219271846,-1,83,False
4,pls,Stat3_Etch_MV_Heater1Temp__short_phase_mean,G3_bosch_phase,heater_temperature,VIP,0.9832201795081048,-1,77,False
4,pls,Stat3_Etch_MV_Heater1Temp__phase_difference,G3_bosch_phase,heater_temperature,VIP,0.1893853318972801,1,240,False
4,pls,Stat3_Etch_MV_Heater1Temp__cycle_mean_std,G4_cycle_behavior,heater_temperature,VIP,0.4183842931397361,1,203,False
4,pls,Stat3_Etch_MV_Heater1Temp__cycle_mean_slope,G4_cycle_behavior,heater_temperature,VIP,0.25528417948217297,-1,235,False
4,pls,Stat3_Etch_MV_Heater2Temp__active_mean,G1_level,heater_temperature,VIP,0.6927408074725048,1,150,False
4,pls,Stat3_Etch_MV_Heater2Temp__active_std,G1_level,heater_temperature,VIP,1.4977629061927584,-1,33,False
4,pls,Stat3_Etch_MV_Heater2Temp__active_range,G1_level,heater_temperature,VIP,1.156341472533915,-1,52,False
4,pls,Stat3_Etch_MV_Heater2Temp__active_slope,G2_temporal_drift,heater_temperature,VIP,1.0835522526166554,-1,58,False
4,pls,Stat3_Etch_MV_Heater2Temp__early_late_delta,G2_temporal_drift,heater_temperature,VIP,0.870017352082478,-1,96,False
4,pls,Stat3_Etch_MV_Heater2Temp__long_phase_mean,G3_bosch_phase,heater_temperature,VIP,0.6933706218339806,1,148,False
4,pls,Stat3_Etch_MV_Heater2Temp__short_phase_mean,G3_bosch_phase,heater_temperature,VIP,0.6909570228229924,1,151,False
4,pls,Stat3_Etch_MV_Heater2Temp__phase_difference,G3_bosch_phase,heater_temperature,VIP,0.384078027117901,1,212,False
4,pls,Stat3_Etch_MV_Heater2Temp__cycle_mean_std,G4_cycle_behavior,heater_temperature,VIP,1.5034769860866866,-1,32,False
4,pls,Stat3_Etch_MV_Heater2Temp__cycle_mean_slope,G4_cycle_behavior,heater_temperature,VIP,1.082552629385658,-1,60,False
4,pls,Stat3_Etch_MV_Heater3Temp__active_mean,G1_level,heater_temperature,VIP,1.124999474143757,-1,56,False
4,pls,Stat3_Etch_MV_Heater3Temp__active_std,G1_level,heater_temperature,VIP,1.4201113330394293,1,36,False
4,pls,Stat3_Etch_MV_Heater3Temp__active_range,G1_level,heater_temperature,VIP,1.2142133576271286,1,50,False
4,pls,Stat3_Etch_MV_Heater3Temp__active_slope,G2_temporal_drift,heater_temperature,VIP,0.47417917026836853,1,193,False
4,pls,Stat3_Etch_MV_Heater3Temp__early_late_delta,G2_temporal_drift,heater_temperature,VIP,0.5696802942770185,1,173,False
4,pls,Stat3_Etch_MV_Heater3Temp__long_phase_mean,G3_bosch_phase,heater_temperature,VIP,1.1131976433883448,-1,57,False
4,pls,Stat3_Etch_MV_Heater3Temp__short_phase_mean,G3_bosch_phase,heater_temperature,VIP,1.1529409648746343,-1,53,False
4,pls,Stat3_Etch_MV_Heater3Temp__phase_difference,G3_bosch_phase,heater_temperature,VIP,0.31680105962539645,1,222,False
4,pls,Stat3_Etch_MV_Heater3Temp__cycle_mean_std,G4_cycle_behavior,heater_temperature,VIP,1.3764570112083752,1,39,False
4,pls,Stat3_Etch_MV_Heater3Temp__cycle_mean_slope,G4_cycle_behavior,heater_temperature,VIP,0.472539284610402,1,194,False
4,pls,Stat3_Etch_MV_Heater4Temp__active_mean,G1_level,heater_temperature,VIP,0.37580426098820663,1,214,False
4,pls,Stat3_Etch_MV_Heater4Temp__active_std,G1_level,heater_temperature,VIP,1.0669225960284912,1,63,False
4,pls,Stat3_Etch_MV_Heater4Temp__active_range,G1_level,heater_temperature,VIP,1.048670038465839,1,68,False
4,pls,Stat3_Etch_MV_Heater4Temp__active_slope,G2_temporal_drift,heater_temperature,VIP,0.27455848844073377,-1,230,False
4,pls,Stat3_Etch_MV_Heater4Temp__early_late_delta,G2_temporal_drift,heater_temperature,VIP,0.6482976712199265,1,162,False
4,pls,Stat3_Etch_MV_Heater4Temp__long_phase_mean,G3_bosch_phase,heater_temperature,VIP,0.3750831038851393,1,216,False
4,pls,Stat3_Etch_MV_Heater4Temp__short_phase_mean,G3_bosch_phase,heater_temperature,VIP,0.3777848294482476,1,213,False
4,pls,Stat3_Etch_MV_Heater4Temp__phase_difference,G3_bosch_phase,heater_temperature,VIP,0.31675862765653695,-1,223,False
4,pls,Stat3_Etch_MV_Heater4Temp__cycle_mean_std,G4_cycle_behavior,heater_temperature,VIP,0.8703204282054944,1,95,False
4,pls,Stat3_Etch_MV_Heater4Temp__cycle_mean_slope,G4_cycle_behavior,heater_temperature,VIP,0.2914312927744386,-1,227,False
4,pls,Stat3_Etch_MV_HeliumBPFlow__active_mean,G1_level,gas_or_backside_flow,VIP,0.6473777618402048,1,163,False
4,pls,Stat3_Etch_MV_HeliumBPFlow__active_std,G1_level,gas_or_backside_flow,VIP,0.9379624825413555,-1,84,False
4,pls,Stat3_Etch_MV_HeliumBPFlow__active_range,G1_level,gas_or_backside_flow,VIP,0.963882075936927,-1,81,False
4,pls,Stat3_Etch_MV_HeliumBPFlow__active_slope,G2_temporal_drift,gas_or_backside_flow,VIP,0.8662570818105264,1,100,False
4,pls,Stat3_Etch_MV_HeliumBPFlow__early_late_delta,G2_temporal_drift,gas_or_backside_flow,VIP,0.8873694633479962,1,91,False
4,pls,Stat3_Etch_MV_HeliumBPFlow__long_phase_mean,G3_bosch_phase,gas_or_backside_flow,VIP,0.6491980579917759,1,161,False
4,pls,Stat3_Etch_MV_HeliumBPFlow__short_phase_mean,G3_bosch_phase,gas_or_backside_flow,VIP,0.6422629052571789,1,164,False
4,pls,Stat3_Etch_MV_HeliumBPFlow__phase_difference,G3_bosch_phase,gas_or_backside_flow,VIP,0.8774596621971913,-1,94,False
4,pls,Stat3_Etch_MV_HeliumBPFlow__cycle_mean_std,G4_cycle_behavior,gas_or_backside_flow,VIP,0.9243717624189294,-1,85,False
4,pls,Stat3_Etch_MV_HeliumBPFlow__cycle_mean_slope,G4_cycle_behavior,gas_or_backside_flow,VIP,0.8694894066099433,1,98,False
4,pls,Stat3_Etch_MV_HeliumBPPressure__active_mean,G1_level,pressure,VIP,1.3244811020540022,-1,41,False
4,pls,Stat3_Etch_MV_HeliumBPPressure__active_std,G1_level,pressure,VIP,0.9691727585560405,1,79,False
4,pls,Stat3_Etch_MV_HeliumBPPressure__active_range,G1_level,pressure,VIP,0.46759479286927524,-1,196,False
4,pls,Stat3_Etch_MV_HeliumBPPressure__active_slope,G2_temporal_drift,pressure,VIP,1.0621479217571153,1,64,False
4,pls,Stat3_Etch_MV_HeliumBPPressure__early_late_delta,G2_temporal_drift,pressure,VIP,1.0186201892207019,1,70,False
4,pls,Stat3_Etch_MV_HeliumBPPressure__long_phase_mean,G3_bosch_phase,pressure,VIP,1.2674701145285445,-1,46,False
4,pls,Stat3_Etch_MV_HeliumBPPressure__short_phase_mean,G3_bosch_phase,pressure,VIP,1.1327694876865364,-1,55,False
4,pls,Stat3_Etch_MV_HeliumBPPressure__phase_difference,G3_bosch_phase,pressure,VIP,0.8490028782419035,-1,105,False
4,pls,Stat3_Etch_MV_HeliumBPPressure__cycle_mean_std,G4_cycle_behavior,pressure,VIP,1.0782380751874003,1,61,False
4,pls,Stat3_Etch_MV_HeliumBPPressure__cycle_mean_slope,G4_cycle_behavior,pressure,VIP,1.0551255642345683,1,65,False
4,pls,Stat3_Etch_MV_PlatenDcBias__active_mean,G1_level,rf_power_matching_electrical,VIP,0.6188641534490298,1,169,False
4,pls,Stat3_Etch_MV_PlatenDcBias__active_std,G1_level,rf_power_matching_electrical,VIP,1.5646415734716264,1,28,False
4,pls,Stat3_Etch_MV_PlatenDcBias__active_range,G1_level,rf_power_matching_electrical,VIP,1.570276343073585,1,27,False
4,pls,Stat3_Etch_MV_PlatenDcBias__active_slope,G2_temporal_drift,rf_power_matching_electrical,VIP,1.6844831247782415,1,20,True
4,pls,Stat3_Etch_MV_PlatenDcBias__early_late_delta,G2_temporal_drift,rf_power_matching_electrical,VIP,1.3663372523765311,1,40,False
4,pls,Stat3_Etch_MV_PlatenDcBias__long_phase_mean,G3_bosch_phase,rf_power_matching_electrical,VIP,0.5661151507159033,1,174,False
4,pls,Stat3_Etch_MV_PlatenDcBias__short_phase_mean,G3_bosch_phase,rf_power_matching_electrical,VIP,1.1485694401483804,1,54,False
4,pls,Stat3_Etch_MV_PlatenDcBias__phase_difference,G3_bosch_phase,rf_power_matching_electrical,VIP,1.2281918148533593,-1,49,False
4,pls,Stat3_Etch_MV_PlatenDcBias__cycle_mean_std,G4_cycle_behavior,rf_power_matching_electrical,VIP,0.8679530687277228,1,99,False
4,pls,Stat3_Etch_MV_PlatenDcBias__cycle_mean_slope,G4_cycle_behavior,rf_power_matching_electrical,VIP,1.679298254731897,1,21,False
4,pls,Stat3_Etch_MV_PlatenRFLoadCapacitor__active_mean,G1_level,rf_power_matching_electrical,VIP,0.7139607395638353,1,145,False
4,pls,Stat3_Etch_MV_PlatenRFLoadCapacitor__active_std,G1_level,rf_power_matching_electrical,VIP,0.9447218180321152,-1,82,False
4,pls,Stat3_Etch_MV_PlatenRFLoadCapacitor__active_range,G1_level,rf_power_matching_electrical,VIP,0.4523558590511622,1,198,False
4,pls,Stat3_Etch_MV_PlatenRFLoadCapacitor__active_slope,G2_temporal_drift,rf_power_matching_electrical,VIP,1.1911396330747732,-1,51,False
4,pls,Stat3_Etch_MV_PlatenRFLoadCapacitor__early_late_delta,G2_temporal_drift,rf_power_matching_electrical,VIP,0.8020740703839162,-1,127,False
4,pls,Stat3_Etch_MV_PlatenRFLoadCapacitor__long_phase_mean,G3_bosch_phase,rf_power_matching_electrical,VIP,0.7537526161955114,1,137,False
4,pls,Stat3_Etch_MV_PlatenRFLoadCapacitor__short_phase_mean,G3_bosch_phase,rf_power_matching_electrical,VIP,0.6204308067372658,1,168,False
4,pls,Stat3_Etch_MV_PlatenRFLoadCapacitor__phase_difference,G3_bosch_phase,rf_power_matching_electrical,VIP,0.6930103064583271,-1,149,False
4,pls,Stat3_Etch_MV_PlatenRFLoadCapacitor__cycle_mean_std,G4_cycle_behavior,rf_power_matching_electrical,VIP,0.7478816469326524,1,138,False
4,pls,Stat3_Etch_MV_PlatenRFLoadCapacitor__cycle_mean_slope,G4_cycle_behavior,rf_power_matching_electrical,VIP,1.014872965857113,1,72,False
4,pls,Stat3_Etch_MV_PlatenRFLoadPower__active_mean,G1_level,rf_power_matching_electrical,VIP,0.5310388967586697,-1,182,False
4,pls,Stat3_Etch_MV_PlatenRFLoadPower__active_std,G1_level,rf_power_matching_electrical,VIP,0.8337980589449424,1,117,False
4,pls,Stat3_Etch_MV_PlatenRFLoadPower__active_range,G1_level,rf_power_matching_electrical,VIP,1.624667657501468,1,23,False
4,pls,Stat3_Etch_MV_PlatenRFLoadPower__active_slope,G2_temporal_drift,rf_power_matching_electrical,VIP,0.8320372966619384,1,118,False
4,pls,Stat3_Etch_MV_PlatenRFLoadPower__early_late_delta,G2_temporal_drift,rf_power_matching_electrical,VIP,0.5313233315022208,1,180,False
4,pls,Stat3_Etch_MV_PlatenRFLoadPower__long_phase_mean,G3_bosch_phase,rf_power_matching_electrical,VIP,0.6792902018034522,-1,154,False
4,pls,Stat3_Etch_MV_PlatenRFLoadPower__short_phase_mean,G3_bosch_phase,rf_power_matching_electrical,VIP,0.8699337714273178,-1,97,False
4,pls,Stat3_Etch_MV_PlatenRFLoadPower__phase_difference,G3_bosch_phase,rf_power_matching_electrical,VIP,0.9100338055051381,1,87,False
4,pls,Stat3_Etch_MV_PlatenRFLoadPower__cycle_mean_std,G4_cycle_behavior,rf_power_matching_electrical,VIP,0.7438056972132747,1,140,False
4,pls,Stat3_Etch_MV_PlatenRFLoadPower__cycle_mean_slope,G4_cycle_behavior,rf_power_matching_electrical,VIP,0.6749785157075652,1,155,False
4,pls,Stat3_Etch_MV_PlatenRFPeakToPeak__active_mean,G1_level,rf_power_matching_electrical,VIP,2.0825758403185204,-1,5,True
4,pls,Stat3_Etch_MV_PlatenRFPeakToPeak__active_std,G1_level,rf_power_matching_electrical,VIP,0.28951322411364866,-1,228,False
4,pls,Stat3_Etch_MV_PlatenRFPeakToPeak__active_range,G1_level,rf_power_matching_electrical,VIP,2.1192089348411534,-1,3,True
4,pls,Stat3_Etch_MV_PlatenRFPeakToPeak__active_slope,G2_temporal_drift,rf_power_matching_electrical,VIP,1.402199761070454,1,37,False
4,pls,Stat3_Etch_MV_PlatenRFPeakToPeak__early_late_delta,G2_temporal_drift,rf_power_matching_electrical,VIP,0.8594930091459668,-1,102,False
4,pls,Stat3_Etch_MV_PlatenRFPeakToPeak__long_phase_mean,G3_bosch_phase,rf_power_matching_electrical,VIP,1.7929673506658343,-1,15,True
4,pls,Stat3_Etch_MV_PlatenRFPeakToPeak__short_phase_mean,G3_bosch_phase,rf_power_matching_electrical,VIP,1.99260833430176,-1,8,True
4,pls,Stat3_Etch_MV_PlatenRFPeakToPeak__phase_difference,G3_bosch_phase,rf_power_matching_electrical,VIP,1.3242366185310035,1,42,False
4,pls,Stat3_Etch_MV_PlatenRFPeakToPeak__cycle_mean_std,G4_cycle_behavior,rf_power_matching_electrical,VIP,0.6682142579578483,-1,157,False
4,pls,Stat3_Etch_MV_PlatenRFPeakToPeak__cycle_mean_slope,G4_cycle_behavior,rf_power_matching_electrical,VIP,1.2821684530519295,1,45,False
4,pls,Stat3_Etch_MV_PlatenRFReflectedPower__active_mean,G1_level,rf_power_matching_electrical,VIP,0.5312984301892117,1,181,False
4,pls,Stat3_Etch_MV_PlatenRFReflectedPower__active_std,G1_level,rf_power_matching_electrical,VIP,1.0832840165497115,1,59,False
4,pls,Stat3_Etch_MV_PlatenRFReflectedPower__active_range,G1_level,rf_power_matching_electrical,VIP,1.8968968333270877,1,12,True
4,pls,Stat3_Etch_MV_PlatenRFReflectedPower__active_slope,G2_temporal_drift,rf_power_matching_electrical,VIP,0.9791300075238053,1,78,False
4,pls,Stat3_Etch_MV_PlatenRFReflectedPower__early_late_delta,G2_temporal_drift,rf_power_matching_electrical,VIP,0.8171090764984057,1,121,False
4,pls,Stat3_Etch_MV_PlatenRFReflectedPower__long_phase_mean,G3_bosch_phase,rf_power_matching_electrical,VIP,1.813999870849726,-1,14,True
4,pls,Stat3_Etch_MV_PlatenRFReflectedPower__short_phase_mean,G3_bosch_phase,rf_power_matching_electrical,VIP,1.5045341296883499,1,31,False
4,pls,Stat3_Etch_MV_PlatenRFReflectedPower__phase_difference,G3_bosch_phase,rf_power_matching_electrical,VIP,1.7289192565644544,-1,16,True
4,pls,Stat3_Etch_MV_PlatenRFReflectedPower__cycle_mean_std,G4_cycle_behavior,rf_power_matching_electrical,VIP,0.7560914331548656,1,136,False
4,pls,Stat3_Etch_MV_PlatenRFReflectedPower__cycle_mean_slope,G4_cycle_behavior,rf_power_matching_electrical,VIP,0.7906323634140023,1,130,False
4,pls,Stat3_Etch_MV_PlatenRFTuningCapacitor__active_mean,G1_level,rf_power_matching_electrical,VIP,2.372398219208819,-1,2,True
4,pls,Stat3_Etch_MV_PlatenRFTuningCapacitor__active_std,G1_level,rf_power_matching_electrical,VIP,1.7179947023635196,1,18,True
4,pls,Stat3_Etch_MV_PlatenRFTuningCapacitor__active_range,G1_level,rf_power_matching_electrical,VIP,1.2926594061620655,1,43,False
4,pls,Stat3_Etch_MV_PlatenRFTuningCapacitor__active_slope,G2_temporal_drift,rf_power_matching_electrical,VIP,0.9118461741450249,1,86,False
4,pls,Stat3_Etch_MV_PlatenRFTuningCapacitor__early_late_delta,G2_temporal_drift,rf_power_matching_electrical,VIP,0.8370461987471063,-1,116,False
4,pls,Stat3_Etch_MV_PlatenRFTuningCapacitor__long_phase_mean,G3_bosch_phase,rf_power_matching_electrical,VIP,2.4079006259986127,-1,1,True
4,pls,Stat3_Etch_MV_PlatenRFTuningCapacitor__short_phase_mean,G3_bosch_phase,rf_power_matching_electrical,VIP,1.6003636675456616,-1,25,False
4,pls,Stat3_Etch_MV_PlatenRFTuningCapacitor__phase_difference,G3_bosch_phase,rf_power_matching_electrical,VIP,2.0897071617172593,-1,4,True
4,pls,Stat3_Etch_MV_PlatenRFTuningCapacitor__cycle_mean_std,G4_cycle_behavior,rf_power_matching_electrical,VIP,0.8048007226183287,1,125,False
4,pls,Stat3_Etch_MV_PlatenRFTuningCapacitor__cycle_mean_slope,G4_cycle_behavior,rf_power_matching_electrical,VIP,0.737455432194044,1,142,False
4,pls,Stat3_Etch_MV_Pressure__active_mean,G1_level,pressure,VIP,0.39444733798656484,1,209,False
4,pls,Stat3_Etch_MV_Pressure__active_std,G1_level,pressure,VIP,1.9591827230645535,-1,10,True
4,pls,Stat3_Etch_MV_Pressure__active_range,G1_level,pressure,VIP,1.0679310522838072,-1,62,False
4,pls,Stat3_Etch_MV_Pressure__active_slope,G2_temporal_drift,pressure,VIP,0.7711417115622072,1,133,False
4,pls,Stat3_Etch_MV_Pressure__early_late_delta,G2_temporal_drift,pressure,VIP,0.47546920788164576,1,192,False
4,pls,Stat3_Etch_MV_Pressure__long_phase_mean,G3_bosch_phase,pressure,VIP,0.3148493102661818,-1,224,False
4,pls,Stat3_Etch_MV_Pressure__short_phase_mean,G3_bosch_phase,pressure,VIP,0.39020939544466804,1,210,False
4,pls,Stat3_Etch_MV_Pressure__phase_difference,G3_bosch_phase,pressure,VIP,0.3757608943017956,-1,215,False
4,pls,Stat3_Etch_MV_Pressure__cycle_mean_std,G4_cycle_behavior,pressure,VIP,0.6379030331734875,1,165,False
4,pls,Stat3_Etch_MV_Pressure__cycle_mean_slope,G4_cycle_behavior,pressure,VIP,0.43374680242992797,-1,201,False
4,pls,Stat3_Etch_MV_SourceRF2PeakToPeak__active_mean,G1_level,rf_power_matching_electrical,VIP,0.26582026239077583,1,233,False
4,pls,Stat3_Etch_MV_SourceRF2PeakToPeak__active_std,G1_level,rf_power_matching_electrical,VIP,0.29417903287048525,1,226,False
4,pls,Stat3_Etch_MV_SourceRF2PeakToPeak__active_slope,G2_temporal_drift,rf_power_matching_electrical,VIP,0.3518439754683202,-1,219,False
4,pls,Stat3_Etch_MV_SourceRF2PeakToPeak__early_late_delta,G2_temporal_drift,rf_power_matching_electrical,VIP,0.28870120897658386,1,229,False
4,pls,Stat3_Etch_MV_SourceRF2PeakToPeak__long_phase_mean,G3_bosch_phase,rf_power_matching_electrical,VIP,0.2687455151968448,1,231,False
4,pls,Stat3_Etch_MV_SourceRF2PeakToPeak__phase_difference,G3_bosch_phase,rf_power_matching_electrical,VIP,0.2687455151968448,1,232,False
4,pls,Stat3_Etch_MV_SourceRF2PeakToPeak__cycle_mean_std,G4_cycle_behavior,rf_power_matching_electrical,VIP,0.25636177347343625,1,234,False
4,pls,Stat3_Etch_MV_SourceRF2PeakToPeak__cycle_mean_slope,G4_cycle_behavior,rf_power_matching_electrical,VIP,0.3594459159335052,-1,218,False
4,pls,Stat3_Etch_MV_SourceRF2TuningCapacitor__active_mean,G1_level,rf_power_matching_electrical,VIP,0.8433915233527358,-1,111,False
4,pls,Stat3_Etch_MV_SourceRF2TuningCapacitor__active_std,G1_level,rf_power_matching_electrical,VIP,0.8477742691113274,1,107,False
4,pls,Stat3_Etch_MV_SourceRF2TuningCapacitor__active_slope,G2_temporal_drift,rf_power_matching_electrical,VIP,0.8434100053070798,1,110,False
4,pls,Stat3_Etch_MV_SourceRF2TuningCapacitor__early_late_delta,G2_temporal_drift,rf_power_matching_electrical,VIP,0.8435566982663386,1,109,False
4,pls,Stat3_Etch_MV_SourceRF2TuningCapacitor__short_phase_mean,G3_bosch_phase,rf_power_matching_electrical,VIP,0.8418336079879254,-1,113,False
4,pls,Stat3_Etch_MV_SourceRF2TuningCapacitor__phase_difference,G3_bosch_phase,rf_power_matching_electrical,VIP,0.8418336079879256,1,112,False
4,pls,Stat3_Etch_MV_SourceRFLoadPower__active_mean,G1_level,rf_power_matching_electrical,VIP,1.6191168232271034,1,24,False
4,pls,Stat3_Etch_MV_SourceRFLoadPower__active_std,G1_level,rf_power_matching_electrical,VIP,0.8379558165059929,-1,115,False
4,pls,Stat3_Etch_MV_SourceRFLoadPower__active_range,G1_level,rf_power_matching_electrical,VIP,0.6296628657545572,-1,167,False
4,pls,Stat3_Etch_MV_SourceRFLoadPower__active_slope,G2_temporal_drift,rf_power_matching_electrical,VIP,0.6933925630084921,-1,147,False
4,pls,Stat3_Etch_MV_SourceRFLoadPower__early_late_delta,G2_temporal_drift,rf_power_matching_electrical,VIP,0.7447719309406717,1,139,False
4,pls,Stat3_Etch_MV_SourceRFLoadPower__long_phase_mean,G3_bosch_phase,rf_power_matching_electrical,VIP,1.913347494991366,1,11,True
4,pls,Stat3_Etch_MV_SourceRFLoadPower__short_phase_mean,G3_bosch_phase,rf_power_matching_electrical,VIP,0.8085268351299579,1,124,False
4,pls,Stat3_Etch_MV_SourceRFLoadPower__phase_difference,G3_bosch_phase,rf_power_matching_electrical,VIP,0.7624703063363398,1,134,False
4,pls,Stat3_Etch_MV_SourceRFLoadPower__cycle_mean_std,G4_cycle_behavior,rf_power_matching_electrical,VIP,0.8832992097682657,1,92,False
4,pls,Stat3_Etch_MV_SourceRFLoadPower__cycle_mean_slope,G4_cycle_behavior,rf_power_matching_electrical,VIP,0.6512728646166276,-1,160,False
4,pls,Stat3_Etch_MV_SourceRFPeakToPeak__active_mean,G1_level,rf_power_matching_electrical,VIP,0.4758581888954398,1,191,False
4,pls,Stat3_Etch_MV_SourceRFPeakToPeak__active_std,G1_level,rf_power_matching_electrical,VIP,0.7249415203806744,1,144,False
4,pls,Stat3_Etch_MV_SourceRFPeakToPeak__active_range,G1_level,rf_power_matching_electrical,VIP,0.6346299718698661,1,166,False
4,pls,Stat3_Etch_MV_SourceRFPeakToPeak__active_slope,G2_temporal_drift,rf_power_matching_electrical,VIP,1.0549350322964695,-1,66,False
4,pls,Stat3_Etch_MV_SourceRFPeakToPeak__early_late_delta,G2_temporal_drift,rf_power_matching_electrical,VIP,0.8960059852885871,-1,89,False
4,pls,Stat3_Etch_MV_SourceRFPeakToPeak__long_phase_mean,G3_bosch_phase,rf_power_matching_electrical,VIP,0.49291312297100925,1,186,False
4,pls,Stat3_Etch_MV_SourceRFPeakToPeak__short_phase_mean,G3_bosch_phase,rf_power_matching_electrical,VIP,0.576680324485931,1,172,False
4,pls,Stat3_Etch_MV_SourceRFPeakToPeak__phase_difference,G3_bosch_phase,rf_power_matching_electrical,VIP,0.6987379723222696,1,146,False
4,pls,Stat3_Etch_MV_SourceRFPeakToPeak__cycle_mean_std,G4_cycle_behavior,rf_power_matching_electrical,VIP,0.40946199400604744,1,207,False
4,pls,Stat3_Etch_MV_SourceRFPeakToPeak__cycle_mean_slope,G4_cycle_behavior,rf_power_matching_electrical,VIP,0.8136319788774663,-1,122,False
4,pls,Stat3_Etch_MV_SourceRFReflectedPower__active_mean,G1_level,rf_power_matching_electrical,VIP,2.004239683540722,-1,6,True
4,pls,Stat3_Etch_MV_SourceRFReflectedPower__active_std,G1_level,rf_power_matching_electrical,VIP,1.4740178302232625,-1,34,False
4,pls,Stat3_Etch_MV_SourceRFReflectedPower__active_range,G1_level,rf_power_matching_electrical,VIP,2.0042053669213526,-1,7,True
4,pls,Stat3_Etch_MV_SourceRFReflectedPower__active_slope,G2_temporal_drift,rf_power_matching_electrical,VIP,1.2443659690352116,1,48,False
4,pls,Stat3_Etch_MV_SourceRFReflectedPower__early_late_delta,G2_temporal_drift,rf_power_matching_electrical,VIP,0.8662006508814641,1,101,False
4,pls,Stat3_Etch_MV_SourceRFReflectedPower__long_phase_mean,G3_bosch_phase,rf_power_matching_electrical,VIP,1.726213379411958,-1,17,True
4,pls,Stat3_Etch_MV_SourceRFReflectedPower__short_phase_mean,G3_bosch_phase,rf_power_matching_electrical,VIP,1.9681112549871176,-1,9,True
4,pls,Stat3_Etch_MV_SourceRFReflectedPower__phase_difference,G3_bosch_phase,rf_power_matching_electrical,VIP,1.6870119131875196,1,19,True
4,pls,Stat3_Etch_MV_SourceRFReflectedPower__cycle_mean_std,G4_cycle_behavior,rf_power_matching_electrical,VIP,0.9005560562256792,1,88,False
4,pls,Stat3_Etch_MV_SourceRFReflectedPower__cycle_mean_slope,G4_cycle_behavior,rf_power_matching_electrical,VIP,1.2461175428586635,-1,47,False
4,pls,Stat3_Etch_MV_moriInnerCurrent__active_mean,G1_level,remaining_process_signals,VIP,1.5399372825602933,-1,29,False
4,pls,Stat3_Etch_MV_moriInnerCurrent__active_std,G1_level,remaining_process_signals,VIP,0.7824671805658034,1,132,False
4,pls,Stat3_Etch_MV_moriInnerCurrent__active_range,G1_level,remaining_process_signals,VIP,0.46668165064574346,1,197,False
4,pls,Stat3_Etch_MV_moriInnerCurrent__active_slope,G2_temporal_drift,remaining_process_signals,VIP,0.8440193213490635,-1,108,False
4,pls,Stat3_Etch_MV_moriInnerCurrent__early_late_delta,G2_temporal_drift,remaining_process_signals,VIP,0.7335749242811737,-1,143,False
4,pls,Stat3_Etch_MV_moriInnerCurrent__long_phase_mean,G3_bosch_phase,remaining_process_signals,VIP,1.5309834779899627,1,30,False
4,pls,Stat3_Etch_MV_moriInnerCurrent__short_phase_mean,G3_bosch_phase,remaining_process_signals,VIP,1.0102080967899005,-1,75,False
4,pls,Stat3_Etch_MV_moriInnerCurrent__phase_difference,G3_bosch_phase,remaining_process_signals,VIP,0.22104620398813069,1,238,False
4,pls,Stat3_Etch_MV_moriInnerCurrent__cycle_mean_std,G4_cycle_behavior,remaining_process_signals,VIP,1.3773003181393315,1,38,False
4,pls,Stat3_Etch_MV_moriInnerCurrent__cycle_mean_slope,G4_cycle_behavior,remaining_process_signals,VIP,0.8559102861009074,-1,103,False
4,ridge,Stat3_Etch_MV_ForeLinePressure__active_mean,G1_level,pressure,absolute_standardized_coefficient,0.0014059070109016581,-1,197,False
4,ridge,Stat3_Etch_MV_ForeLinePressure__active_std,G1_level,pressure,absolute_standardized_coefficient,0.013830994706331772,-1,16,True
4,ridge,Stat3_Etch_MV_ForeLinePressure__active_range,G1_level,pressure,absolute_standardized_coefficient,0.019133028830735636,-1,4,True
4,ridge,Stat3_Etch_MV_ForeLinePressure__active_slope,G2_temporal_drift,pressure,absolute_standardized_coefficient,0.004437259413118705,-1,89,False
4,ridge,Stat3_Etch_MV_ForeLinePressure__early_late_delta,G2_temporal_drift,pressure,absolute_standardized_coefficient,0.0009481134543173979,-1,213,False
4,ridge,Stat3_Etch_MV_ForeLinePressure__long_phase_mean,G3_bosch_phase,pressure,absolute_standardized_coefficient,0.003432110290724923,-1,106,False
4,ridge,Stat3_Etch_MV_ForeLinePressure__short_phase_mean,G3_bosch_phase,pressure,absolute_standardized_coefficient,0.004606778225480737,1,86,False
4,ridge,Stat3_Etch_MV_ForeLinePressure__phase_difference,G3_bosch_phase,pressure,absolute_standardized_coefficient,0.010765024323183749,-1,22,False
4,ridge,Stat3_Etch_MV_ForeLinePressure__cycle_mean_std,G4_cycle_behavior,pressure,absolute_standardized_coefficient,0.007752141457649913,1,37,False
4,ridge,Stat3_Etch_MV_ForeLinePressure__cycle_mean_slope,G4_cycle_behavior,pressure,absolute_standardized_coefficient,0.0020543484762456862,1,159,False
4,ridge,Stat3_Etch_MV_Gas1Flow__active_mean,G1_level,gas_or_backside_flow,absolute_standardized_coefficient,0.00211755106798752,-1,155,False
4,ridge,Stat3_Etch_MV_Gas1Flow__active_std,G1_level,gas_or_backside_flow,absolute_standardized_coefficient,0.0025923633294645146,1,133,False
4,ridge,Stat3_Etch_MV_Gas1Flow__active_range,G1_level,gas_or_backside_flow,absolute_standardized_coefficient,0.002614054988399779,1,132,False
4,ridge,Stat3_Etch_MV_Gas1Flow__active_slope,G2_temporal_drift,gas_or_backside_flow,absolute_standardized_coefficient,0.0017064187793729227,-1,176,False
4,ridge,Stat3_Etch_MV_Gas1Flow__early_late_delta,G2_temporal_drift,gas_or_backside_flow,absolute_standardized_coefficient,0.001423652705629149,-1,193,False
4,ridge,Stat3_Etch_MV_Gas1Flow__long_phase_mean,G3_bosch_phase,gas_or_backside_flow,absolute_standardized_coefficient,0.006071630806397439,-1,65,False
4,ridge,Stat3_Etch_MV_Gas1Flow__short_phase_mean,G3_bosch_phase,gas_or_backside_flow,absolute_standardized_coefficient,0.0008791884238287522,1,215,False
4,ridge,Stat3_Etch_MV_Gas1Flow__phase_difference,G3_bosch_phase,gas_or_backside_flow,absolute_standardized_coefficient,0.002440625646361606,-1,145,False
4,ridge,Stat3_Etch_MV_Gas1Flow__cycle_mean_std,G4_cycle_behavior,gas_or_backside_flow,absolute_standardized_coefficient,0.0026416533853575058,1,130,False
4,ridge,Stat3_Etch_MV_Gas1Flow__cycle_mean_slope,G4_cycle_behavior,gas_or_backside_flow,absolute_standardized_coefficient,0.0055204200120462605,1,71,False
4,ridge,Stat3_Etch_MV_Gas2Flow__active_mean,G1_level,gas_or_backside_flow,absolute_standardized_coefficient,0.0009989810437248442,1,208,False
4,ridge,Stat3_Etch_MV_Gas2Flow__active_std,G1_level,gas_or_backside_flow,absolute_standardized_coefficient,0.009842379727682971,1,27,False
4,ridge,Stat3_Etch_MV_Gas2Flow__active_range,G1_level,gas_or_backside_flow,absolute_standardized_coefficient,0.01021022949959087,1,26,False
4,ridge,Stat3_Etch_MV_Gas2Flow__active_slope,G2_temporal_drift,gas_or_backside_flow,absolute_standardized_coefficient,0.003100097701260452,1,117,False
4,ridge,Stat3_Etch_MV_Gas2Flow__early_late_delta,G2_temporal_drift,gas_or_backside_flow,absolute_standardized_coefficient,0.0016429248780185873,1,181,False
4,ridge,Stat3_Etch_MV_Gas2Flow__long_phase_mean,G3_bosch_phase,gas_or_backside_flow,absolute_standardized_coefficient,0.0009989200617934225,1,209,False
4,ridge,Stat3_Etch_MV_Gas2Flow__short_phase_mean,G3_bosch_phase,gas_or_backside_flow,absolute_standardized_coefficient,0.0010022107916724113,1,207,False
4,ridge,Stat3_Etch_MV_Gas2Flow__phase_difference,G3_bosch_phase,gas_or_backside_flow,absolute_standardized_coefficient,0.00013713024832575455,1,239,False
4,ridge,Stat3_Etch_MV_Gas2Flow__cycle_mean_std,G4_cycle_behavior,gas_or_backside_flow,absolute_standardized_coefficient,0.007664185423776199,1,38,False
4,ridge,Stat3_Etch_MV_Gas2Flow__cycle_mean_slope,G4_cycle_behavior,gas_or_backside_flow,absolute_standardized_coefficient,0.003352851216329402,1,109,False
4,ridge,Stat3_Etch_MV_Gas4Flow__active_mean,G1_level,gas_or_backside_flow,absolute_standardized_coefficient,0.002954997587678764,-1,123,False
4,ridge,Stat3_Etch_MV_Gas4Flow__active_std,G1_level,gas_or_backside_flow,absolute_standardized_coefficient,0.0006381944245083995,-1,222,False
4,ridge,Stat3_Etch_MV_Gas4Flow__active_slope,G2_temporal_drift,gas_or_backside_flow,absolute_standardized_coefficient,0.0020149022093874105,1,163,False
4,ridge,Stat3_Etch_MV_Gas4Flow__early_late_delta,G2_temporal_drift,gas_or_backside_flow,absolute_standardized_coefficient,0.0015273540195247268,1,187,False
4,ridge,Stat3_Etch_MV_Gas4Flow__long_phase_mean,G3_bosch_phase,gas_or_backside_flow,absolute_standardized_coefficient,0.0006410777453933775,-1,221,False
4,ridge,Stat3_Etch_MV_Gas4Flow__short_phase_mean,G3_bosch_phase,gas_or_backside_flow,absolute_standardized_coefficient,0.0011589648074080148,-1,204,False
4,ridge,Stat3_Etch_MV_Gas4Flow__phase_difference,G3_bosch_phase,gas_or_backside_flow,absolute_standardized_coefficient,0.0012853421189735004,1,202,False
4,ridge,Stat3_Etch_MV_Gas4Flow__cycle_mean_std,G4_cycle_behavior,gas_or_backside_flow,absolute_standardized_coefficient,0.00899694142558205,1,29,False
4,ridge,Stat3_Etch_MV_Gas4Flow__cycle_mean_slope,G4_cycle_behavior,gas_or_backside_flow,absolute_standardized_coefficient,0.001887283037021832,-1,171,False
4,ridge,Stat3_Etch_MV_Gas5Flow__active_mean,G1_level,gas_or_backside_flow,absolute_standardized_coefficient,0.003984174001913565,1,95,False
4,ridge,Stat3_Etch_MV_Gas5Flow__active_std,G1_level,gas_or_backside_flow,absolute_standardized_coefficient,0.0032709362790422957,-1,112,False
4,ridge,Stat3_Etch_MV_Gas5Flow__active_slope,G2_temporal_drift,gas_or_backside_flow,absolute_standardized_coefficient,0.002385537670676587,-1,146,False
4,ridge,Stat3_Etch_MV_Gas5Flow__early_late_delta,G2_temporal_drift,gas_or_backside_flow,absolute_standardized_coefficient,0.0015992184314545731,-1,184,False
4,ridge,Stat3_Etch_MV_Gas5Flow__long_phase_mean,G3_bosch_phase,gas_or_backside_flow,absolute_standardized_coefficient,0.0013760640884132838,1,199,False
4,ridge,Stat3_Etch_MV_Gas5Flow__short_phase_mean,G3_bosch_phase,gas_or_backside_flow,absolute_standardized_coefficient,0.0009232562619642615,1,214,False
4,ridge,Stat3_Etch_MV_Gas5Flow__phase_difference,G3_bosch_phase,gas_or_backside_flow,absolute_standardized_coefficient,0.0002878272722545214,1,233,False
4,ridge,Stat3_Etch_MV_Gas5Flow__cycle_mean_std,G4_cycle_behavior,gas_or_backside_flow,absolute_standardized_coefficient,0.007379315059147873,1,43,False
4,ridge,Stat3_Etch_MV_Gas5Flow__cycle_mean_slope,G4_cycle_behavior,gas_or_backside_flow,absolute_standardized_coefficient,0.0024466357252094085,1,144,False
4,ridge,Stat3_Etch_MV_Gas7Flow__active_mean,G1_level,gas_or_backside_flow,absolute_standardized_coefficient,0.0020815985377444276,-1,158,False
4,ridge,Stat3_Etch_MV_Gas7Flow__active_std,G1_level,gas_or_backside_flow,absolute_standardized_coefficient,0.0007357905751584036,-1,218,False
4,ridge,Stat3_Etch_MV_Gas7Flow__active_range,G1_level,gas_or_backside_flow,absolute_standardized_coefficient,0.0033286172678217755,-1,110,False
4,ridge,Stat3_Etch_MV_Gas7Flow__active_slope,G2_temporal_drift,gas_or_backside_flow,absolute_standardized_coefficient,0.004739473492638844,1,82,False
4,ridge,Stat3_Etch_MV_Gas7Flow__early_late_delta,G2_temporal_drift,gas_or_backside_flow,absolute_standardized_coefficient,0.004241678688717821,1,92,False
4,ridge,Stat3_Etch_MV_Gas7Flow__long_phase_mean,G3_bosch_phase,gas_or_backside_flow,absolute_standardized_coefficient,0.002129090338685113,-1,154,False
4,ridge,Stat3_Etch_MV_Gas7Flow__short_phase_mean,G3_bosch_phase,gas_or_backside_flow,absolute_standardized_coefficient,0.0019478798382007326,-1,169,False
4,ridge,Stat3_Etch_MV_Gas7Flow__phase_difference,G3_bosch_phase,gas_or_backside_flow,absolute_standardized_coefficient,0.005081419494335106,-1,78,False
4,ridge,Stat3_Etch_MV_Gas7Flow__cycle_mean_std,G4_cycle_behavior,gas_or_backside_flow,absolute_standardized_coefficient,0.0017693062894549084,-1,173,False
4,ridge,Stat3_Etch_MV_Gas7Flow__cycle_mean_slope,G4_cycle_behavior,gas_or_backside_flow,absolute_standardized_coefficient,0.004699825825409728,1,84,False
4,ridge,Stat3_Etch_MV_Heater1Temp__active_mean,G1_level,heater_temperature,absolute_standardized_coefficient,0.006115949695597774,-1,64,False
4,ridge,Stat3_Etch_MV_Heater1Temp__active_std,G1_level,heater_temperature,absolute_standardized_coefficient,0.00628006502227674,-1,59,False
4,ridge,Stat3_Etch_MV_Heater1Temp__active_slope,G2_temporal_drift,heater_temperature,absolute_standardized_coefficient,0.0014981412413709897,-1,188,False
4,ridge,Stat3_Etch_MV_Heater1Temp__early_late_delta,G2_temporal_drift,heater_temperature,absolute_standardized_coefficient,0.001656301785480253,-1,179,False
4,ridge,Stat3_Etch_MV_Heater1Temp__long_phase_mean,G3_bosch_phase,heater_temperature,absolute_standardized_coefficient,0.005512414765663873,-1,72,False
4,ridge,Stat3_Etch_MV_Heater1Temp__short_phase_mean,G3_bosch_phase,heater_temperature,absolute_standardized_coefficient,0.005856326384136047,-1,69,False
4,ridge,Stat3_Etch_MV_Heater1Temp__phase_difference,G3_bosch_phase,heater_temperature,absolute_standardized_coefficient,0.0007448473485847085,1,217,False
4,ridge,Stat3_Etch_MV_Heater1Temp__cycle_mean_std,G4_cycle_behavior,heater_temperature,absolute_standardized_coefficient,0.004958756260995664,1,80,False
4,ridge,Stat3_Etch_MV_Heater1Temp__cycle_mean_slope,G4_cycle_behavior,heater_temperature,absolute_standardized_coefficient,0.0014424256209490181,-1,192,False
4,ridge,Stat3_Etch_MV_Heater2Temp__active_mean,G1_level,heater_temperature,absolute_standardized_coefficient,0.006959582787558019,1,48,False
4,ridge,Stat3_Etch_MV_Heater2Temp__active_std,G1_level,heater_temperature,absolute_standardized_coefficient,0.008933750751223395,-1,31,False
4,ridge,Stat3_Etch_MV_Heater2Temp__active_range,G1_level,heater_temperature,absolute_standardized_coefficient,0.002352569203424373,-1,147,False
4,ridge,Stat3_Etch_MV_Heater2Temp__active_slope,G2_temporal_drift,heater_temperature,absolute_standardized_coefficient,0.002143043223915322,-1,153,False
4,ridge,Stat3_Etch_MV_Heater2Temp__early_late_delta,G2_temporal_drift,heater_temperature,absolute_standardized_coefficient,0.0019798154165247142,-1,167,False
4,ridge,Stat3_Etch_MV_Heater2Temp__long_phase_mean,G3_bosch_phase,heater_temperature,absolute_standardized_coefficient,0.006960407830314451,1,47,False
4,ridge,Stat3_Etch_MV_Heater2Temp__short_phase_mean,G3_bosch_phase,heater_temperature,absolute_standardized_coefficient,0.0069560697307910905,1,50,False
4,ridge,Stat3_Etch_MV_Heater2Temp__phase_difference,G3_bosch_phase,heater_temperature,absolute_standardized_coefficient,0.00012455807541314218,-1,240,False
4,ridge,Stat3_Etch_MV_Heater2Temp__cycle_mean_std,G4_cycle_behavior,heater_temperature,absolute_standardized_coefficient,0.008930308731405144,-1,32,False
4,ridge,Stat3_Etch_MV_Heater2Temp__cycle_mean_slope,G4_cycle_behavior,heater_temperature,absolute_standardized_coefficient,0.002047765968004612,-1,160,False
4,ridge,Stat3_Etch_MV_Heater3Temp__active_mean,G1_level,heater_temperature,absolute_standardized_coefficient,0.0014081686438645418,-1,196,False
4,ridge,Stat3_Etch_MV_Heater3Temp__active_std,G1_level,heater_temperature,absolute_standardized_coefficient,0.010652618973508858,1,23,False
4,ridge,Stat3_Etch_MV_Heater3Temp__active_range,G1_level,heater_temperature,absolute_standardized_coefficient,0.010503255790104509,1,24,False
4,ridge,Stat3_Etch_MV_Heater3Temp__active_slope,G2_temporal_drift,heater_temperature,absolute_standardized_coefficient,0.0022687119948823047,1,149,False
4,ridge,Stat3_Etch_MV_Heater3Temp__early_late_delta,G2_temporal_drift,heater_temperature,absolute_standardized_coefficient,0.004166780988136404,1,93,False
4,ridge,Stat3_Etch_MV_Heater3Temp__long_phase_mean,G3_bosch_phase,heater_temperature,absolute_standardized_coefficient,0.001295146576150367,-1,201,False
4,ridge,Stat3_Etch_MV_Heater3Temp__short_phase_mean,G3_bosch_phase,heater_temperature,absolute_standardized_coefficient,0.0017286548539473879,-1,175,False
4,ridge,Stat3_Etch_MV_Heater3Temp__phase_difference,G3_bosch_phase,heater_temperature,absolute_standardized_coefficient,0.003633698836728696,1,100,False
4,ridge,Stat3_Etch_MV_Heater3Temp__cycle_mean_std,G4_cycle_behavior,heater_temperature,absolute_standardized_coefficient,0.00899441433588605,1,30,False
4,ridge,Stat3_Etch_MV_Heater3Temp__cycle_mean_slope,G4_cycle_behavior,heater_temperature,absolute_standardized_coefficient,0.0023423376712686586,1,148,False
4,ridge,Stat3_Etch_MV_Heater4Temp__active_mean,G1_level,heater_temperature,absolute_standardized_coefficient,0.00014436635277647637,-1,237,False
4,ridge,Stat3_Etch_MV_Heater4Temp__active_std,G1_level,heater_temperature,absolute_standardized_coefficient,0.0076372645781748105,1,39,False
4,ridge,Stat3_Etch_MV_Heater4Temp__active_range,G1_level,heater_temperature,absolute_standardized_coefficient,0.000622567837439858,-1,223,False
4,ridge,Stat3_Etch_MV_Heater4Temp__active_slope,G2_temporal_drift,heater_temperature,absolute_standardized_coefficient,0.003555561891764392,-1,102,False
4,ridge,Stat3_Etch_MV_Heater4Temp__early_late_delta,G2_temporal_drift,heater_temperature,absolute_standardized_coefficient,0.0005772038835521664,1,225,False
4,ridge,Stat3_Etch_MV_Heater4Temp__long_phase_mean,G3_bosch_phase,heater_temperature,absolute_standardized_coefficient,0.00014638777621055156,-1,236,False
4,ridge,Stat3_Etch_MV_Heater4Temp__short_phase_mean,G3_bosch_phase,heater_temperature,absolute_standardized_coefficient,0.00013902420441414811,-1,238,False
4,ridge,Stat3_Etch_MV_Heater4Temp__phase_difference,G3_bosch_phase,heater_temperature,absolute_standardized_coefficient,0.0005943110745915145,-1,224,False
4,ridge,Stat3_Etch_MV_Heater4Temp__cycle_mean_std,G4_cycle_behavior,heater_temperature,absolute_standardized_coefficient,0.006775840743911101,1,52,False
4,ridge,Stat3_Etch_MV_Heater4Temp__cycle_mean_slope,G4_cycle_behavior,heater_temperature,absolute_standardized_coefficient,0.0031267924953094868,-1,116,False
4,ridge,Stat3_Etch_MV_HeliumBPFlow__active_mean,G1_level,gas_or_backside_flow,absolute_standardized_coefficient,0.0020142284905472316,1,164,False
4,ridge,Stat3_Etch_MV_HeliumBPFlow__active_std,G1_level,gas_or_backside_flow,absolute_standardized_coefficient,0.0010508594689250695,1,206,False
4,ridge,Stat3_Etch_MV_HeliumBPFlow__active_range,G1_level,gas_or_backside_flow,absolute_standardized_coefficient,0.0012781205296419158,1,203,False
4,ridge,Stat3_Etch_MV_HeliumBPFlow__active_slope,G2_temporal_drift,gas_or_backside_flow,absolute_standardized_coefficient,0.0021038872535619423,1,157,False
4,ridge,Stat3_Etch_MV_HeliumBPFlow__early_late_delta,G2_temporal_drift,gas_or_backside_flow,absolute_standardized_coefficient,0.001879802164588974,1,172,False
4,ridge,Stat3_Etch_MV_HeliumBPFlow__long_phase_mean,G3_bosch_phase,gas_or_backside_flow,absolute_standardized_coefficient,0.0020055450725726927,1,165,False
4,ridge,Stat3_Etch_MV_HeliumBPFlow__short_phase_mean,G3_bosch_phase,gas_or_backside_flow,absolute_standardized_coefficient,0.002039421384109333,1,161,False
4,ridge,Stat3_Etch_MV_HeliumBPFlow__phase_difference,G3_bosch_phase,gas_or_backside_flow,absolute_standardized_coefficient,0.0019799404463672885,-1,166,False
4,ridge,Stat3_Etch_MV_HeliumBPFlow__cycle_mean_std,G4_cycle_behavior,gas_or_backside_flow,absolute_standardized_coefficient,0.0008336814602574827,1,216,False
4,ridge,Stat3_Etch_MV_HeliumBPFlow__cycle_mean_slope,G4_cycle_behavior,gas_or_backside_flow,absolute_standardized_coefficient,0.002036132705635732,1,162,False
4,ridge,Stat3_Etch_MV_HeliumBPPressure__active_mean,G1_level,pressure,absolute_standardized_coefficient,0.007384449023934752,-1,42,False
4,ridge,Stat3_Etch_MV_HeliumBPPressure__active_std,G1_level,pressure,absolute_standardized_coefficient,0.002810099971865279,1,128,False
4,ridge,Stat3_Etch_MV_HeliumBPPressure__active_range,G1_level,pressure,absolute_standardized_coefficient,0.0009578433261301701,-1,211,False
4,ridge,Stat3_Etch_MV_HeliumBPPressure__active_slope,G2_temporal_drift,pressure,absolute_standardized_coefficient,0.003655480613454279,1,99,False
4,ridge,Stat3_Etch_MV_HeliumBPPressure__early_late_delta,G2_temporal_drift,pressure,absolute_standardized_coefficient,0.0035518068849414693,1,103,False
4,ridge,Stat3_Etch_MV_HeliumBPPressure__long_phase_mean,G3_bosch_phase,pressure,absolute_standardized_coefficient,0.00846566436737077,-1,34,False
4,ridge,Stat3_Etch_MV_HeliumBPPressure__short_phase_mean,G3_bosch_phase,pressure,absolute_standardized_coefficient,0.00305986611750157,-1,119,False
4,ridge,Stat3_Etch_MV_HeliumBPPressure__phase_difference,G3_bosch_phase,pressure,absolute_standardized_coefficient,0.0021832255977528706,-1,151,False
4,ridge,Stat3_Etch_MV_HeliumBPPressure__cycle_mean_std,G4_cycle_behavior,pressure,absolute_standardized_coefficient,0.007357218184458372,1,45,False
4,ridge,Stat3_Etch_MV_HeliumBPPressure__cycle_mean_slope,G4_cycle_behavior,pressure,absolute_standardized_coefficient,0.004062420904638268,1,94,False
4,ridge,Stat3_Etch_MV_PlatenDcBias__active_mean,G1_level,rf_power_matching_electrical,absolute_standardized_coefficient,0.005893522804260488,1,68,False
4,ridge,Stat3_Etch_MV_PlatenDcBias__active_std,G1_level,rf_power_matching_electrical,absolute_standardized_coefficient,0.006341019922811443,1,57,False
4,ridge,Stat3_Etch_MV_PlatenDcBias__active_range,G1_level,rf_power_matching_electrical,absolute_standardized_coefficient,0.006958001425108425,1,49,False
4,ridge,Stat3_Etch_MV_PlatenDcBias__active_slope,G2_temporal_drift,rf_power_matching_electrical,absolute_standardized_coefficient,0.003020490902327577,1,122,False
4,ridge,Stat3_Etch_MV_PlatenDcBias__early_late_delta,G2_temporal_drift,rf_power_matching_electrical,absolute_standardized_coefficient,0.0007006927648153792,1,220,False
4,ridge,Stat3_Etch_MV_PlatenDcBias__long_phase_mean,G3_bosch_phase,rf_power_matching_electrical,absolute_standardized_coefficient,0.003246536326716571,1,113,False
4,ridge,Stat3_Etch_MV_PlatenDcBias__short_phase_mean,G3_bosch_phase,rf_power_matching_electrical,absolute_standardized_coefficient,0.007469423176735556,1,41,False
4,ridge,Stat3_Etch_MV_PlatenDcBias__phase_difference,G3_bosch_phase,rf_power_matching_electrical,absolute_standardized_coefficient,0.005309052052196894,-1,74,False
4,ridge,Stat3_Etch_MV_PlatenDcBias__cycle_mean_std,G4_cycle_behavior,rf_power_matching_electrical,absolute_standardized_coefficient,0.0007211267692306951,1,219,False
4,ridge,Stat3_Etch_MV_PlatenDcBias__cycle_mean_slope,G4_cycle_behavior,rf_power_matching_electrical,absolute_standardized_coefficient,0.0029172833133887357,1,125,False
4,ridge,Stat3_Etch_MV_PlatenRFLoadCapacitor__active_mean,G1_level,rf_power_matching_electrical,absolute_standardized_coefficient,0.0016827082899849965,1,178,False
4,ridge,Stat3_Etch_MV_PlatenRFLoadCapacitor__active_std,G1_level,rf_power_matching_electrical,absolute_standardized_coefficient,0.00816400225702445,-1,36,False
4,ridge,Stat3_Etch_MV_PlatenRFLoadCapacitor__active_range,G1_level,rf_power_matching_electrical,absolute_standardized_coefficient,0.000417388175555282,-1,230,False
4,ridge,Stat3_Etch_MV_PlatenRFLoadCapacitor__active_slope,G2_temporal_drift,rf_power_matching_electrical,absolute_standardized_coefficient,0.002906348270894363,-1,126,False
4,ridge,Stat3_Etch_MV_PlatenRFLoadCapacitor__early_late_delta,G2_temporal_drift,rf_power_matching_electrical,absolute_standardized_coefficient,0.005917206222085964,-1,67,False
4,ridge,Stat3_Etch_MV_PlatenRFLoadCapacitor__long_phase_mean,G3_bosch_phase,rf_power_matching_electrical,absolute_standardized_coefficient,0.0009564430114595964,1,212,False
4,ridge,Stat3_Etch_MV_PlatenRFLoadCapacitor__short_phase_mean,G3_bosch_phase,rf_power_matching_electrical,absolute_standardized_coefficient,0.003025253770424504,1,121,False
4,ridge,Stat3_Etch_MV_PlatenRFLoadCapacitor__phase_difference,G3_bosch_phase,rf_power_matching_electrical,absolute_standardized_coefficient,0.0029370667004818855,-1,124,False
4,ridge,Stat3_Etch_MV_PlatenRFLoadCapacitor__cycle_mean_std,G4_cycle_behavior,rf_power_matching_electrical,absolute_standardized_coefficient,0.0015413401494229501,1,186,False
4,ridge,Stat3_Etch_MV_PlatenRFLoadCapacitor__cycle_mean_slope,G4_cycle_behavior,rf_power_matching_electrical,absolute_standardized_coefficient,0.0014158353765656862,1,194,False
4,ridge,Stat3_Etch_MV_PlatenRFLoadPower__active_mean,G1_level,rf_power_matching_electrical,absolute_standardized_coefficient,0.005098353537605867,-1,77,False
4,ridge,Stat3_Etch_MV_PlatenRFLoadPower__active_std,G1_level,rf_power_matching_electrical,absolute_standardized_coefficient,0.0047186856676547755,1,83,False
4,ridge,Stat3_Etch_MV_PlatenRFLoadPower__active_range,G1_level,rf_power_matching_electrical,absolute_standardized_coefficient,0.00622114032673619,1,62,False
4,ridge,Stat3_Etch_MV_PlatenRFLoadPower__active_slope,G2_temporal_drift,rf_power_matching_electrical,absolute_standardized_coefficient,0.004302248928489476,1,91,False
4,ridge,Stat3_Etch_MV_PlatenRFLoadPower__early_late_delta,G2_temporal_drift,rf_power_matching_electrical,absolute_standardized_coefficient,0.0021705868776364778,-1,152,False
4,ridge,Stat3_Etch_MV_PlatenRFLoadPower__long_phase_mean,G3_bosch_phase,rf_power_matching_electrical,absolute_standardized_coefficient,0.0035895455054345813,-1,101,False
4,ridge,Stat3_Etch_MV_PlatenRFLoadPower__short_phase_mean,G3_bosch_phase,rf_power_matching_electrical,absolute_standardized_coefficient,0.002903444302108886,-1,127,False
4,ridge,Stat3_Etch_MV_PlatenRFLoadPower__phase_difference,G3_bosch_phase,rf_power_matching_electrical,absolute_standardized_coefficient,0.0005252425542125757,1,226,False
4,ridge,Stat3_Etch_MV_PlatenRFLoadPower__cycle_mean_std,G4_cycle_behavior,rf_power_matching_electrical,absolute_standardized_coefficient,0.0063262721640145675,1,58,False
4,ridge,Stat3_Etch_MV_PlatenRFLoadPower__cycle_mean_slope,G4_cycle_behavior,rf_power_matching_electrical,absolute_standardized_coefficient,0.0032219247154804025,1,114,False
4,ridge,Stat3_Etch_MV_PlatenRFPeakToPeak__active_mean,G1_level,rf_power_matching_electrical,absolute_standardized_coefficient,0.011691627074757615,-1,20,True
4,ridge,Stat3_Etch_MV_PlatenRFPeakToPeak__active_std,G1_level,rf_power_matching_electrical,absolute_standardized_coefficient,0.0013188077815462574,-1,200,False
4,ridge,Stat3_Etch_MV_PlatenRFPeakToPeak__active_range,G1_level,rf_power_matching_electrical,absolute_standardized_coefficient,0.01920449640601398,-1,3,True
4,ridge,Stat3_Etch_MV_PlatenRFPeakToPeak__active_slope,G2_temporal_drift,rf_power_matching_electrical,absolute_standardized_coefficient,0.00756432308763703,1,40,False
4,ridge,Stat3_Etch_MV_PlatenRFPeakToPeak__early_late_delta,G2_temporal_drift,rf_power_matching_electrical,absolute_standardized_coefficient,0.0050624157467359125,-1,79,False
4,ridge,Stat3_Etch_MV_PlatenRFPeakToPeak__long_phase_mean,G3_bosch_phase,rf_power_matching_electrical,absolute_standardized_coefficient,0.009369826597084904,-1,28,False
4,ridge,Stat3_Etch_MV_PlatenRFPeakToPeak__short_phase_mean,G3_bosch_phase,rf_power_matching_electrical,absolute_standardized_coefficient,0.010942374112404465,-1,21,False
4,ridge,Stat3_Etch_MV_PlatenRFPeakToPeak__phase_difference,G3_bosch_phase,rf_power_matching_electrical,absolute_standardized_coefficient,0.0072910212594948145,1,46,False
4,ridge,Stat3_Etch_MV_PlatenRFPeakToPeak__cycle_mean_std,G4_cycle_behavior,rf_power_matching_electrical,absolute_standardized_coefficient,0.0013966543600816626,-1,198,False
4,ridge,Stat3_Etch_MV_PlatenRFPeakToPeak__cycle_mean_slope,G4_cycle_behavior,rf_power_matching_electrical,absolute_standardized_coefficient,0.006052695045271656,1,66,False
4,ridge,Stat3_Etch_MV_PlatenRFReflectedPower__active_mean,G1_level,rf_power_matching_electrical,absolute_standardized_coefficient,0.0014142503133385688,1,195,False
4,ridge,Stat3_Etch_MV_PlatenRFReflectedPower__active_std,G1_level,rf_power_matching_electrical,absolute_standardized_coefficient,0.0044855059524183455,1,88,False
4,ridge,Stat3_Etch_MV_PlatenRFReflectedPower__active_range,G1_level,rf_power_matching_electrical,absolute_standardized_coefficient,0.015101447519414357,1,12,True
4,ridge,Stat3_Etch_MV_PlatenRFReflectedPower__active_slope,G2_temporal_drift,rf_power_matching_electrical,absolute_standardized_coefficient,0.003314211003283635,1,111,False
4,ridge,Stat3_Etch_MV_PlatenRFReflectedPower__early_late_delta,G2_temporal_drift,rf_power_matching_electrical,absolute_standardized_coefficient,0.002650875322470347,1,129,False
4,ridge,Stat3_Etch_MV_PlatenRFReflectedPower__long_phase_mean,G3_bosch_phase,rf_power_matching_electrical,absolute_standardized_coefficient,0.013731892573855197,-1,17,True
4,ridge,Stat3_Etch_MV_PlatenRFReflectedPower__short_phase_mean,G3_bosch_phase,rf_power_matching_electrical,absolute_standardized_coefficient,0.012827585725024385,1,18,True
4,ridge,Stat3_Etch_MV_PlatenRFReflectedPower__phase_difference,G3_bosch_phase,rf_power_matching_electrical,absolute_standardized_coefficient,0.014454810694050134,-1,15,True
4,ridge,Stat3_Etch_MV_PlatenRFReflectedPower__cycle_mean_std,G4_cycle_behavior,rf_power_matching_electrical,absolute_standardized_coefficient,0.0017040628591358563,1,177,False
4,ridge,Stat3_Etch_MV_PlatenRFReflectedPower__cycle_mean_slope,G4_cycle_behavior,rf_power_matching_electrical,absolute_standardized_coefficient,0.001935184640064075,1,170,False
4,ridge,Stat3_Etch_MV_PlatenRFTuningCapacitor__active_mean,G1_level,rf_power_matching_electrical,absolute_standardized_coefficient,0.01622101699668349,-1,10,True
4,ridge,Stat3_Etch_MV_PlatenRFTuningCapacitor__active_std,G1_level,rf_power_matching_electrical,absolute_standardized_coefficient,0.01241675414041236,1,19,True
4,ridge,Stat3_Etch_MV_PlatenRFTuningCapacitor__active_range,G1_level,rf_power_matching_electrical,absolute_standardized_coefficient,0.015287291670631663,1,11,True
4,ridge,Stat3_Etch_MV_PlatenRFTuningCapacitor__active_slope,G2_temporal_drift,rf_power_matching_electrical,absolute_standardized_coefficient,0.005297409585200059,1,75,False
4,ridge,Stat3_Etch_MV_PlatenRFTuningCapacitor__early_late_delta,G2_temporal_drift,rf_power_matching_electrical,absolute_standardized_coefficient,0.0001777591234197849,-1,235,False
4,ridge,Stat3_Etch_MV_PlatenRFTuningCapacitor__long_phase_mean,G3_bosch_phase,rf_power_matching_electrical,absolute_standardized_coefficient,0.017008317104882317,-1,8,True
4,ridge,Stat3_Etch_MV_PlatenRFTuningCapacitor__short_phase_mean,G3_bosch_phase,rf_power_matching_electrical,absolute_standardized_coefficient,0.006232520442856453,-1,61,False
4,ridge,Stat3_Etch_MV_PlatenRFTuningCapacitor__phase_difference,G3_bosch_phase,rf_power_matching_electrical,absolute_standardized_coefficient,0.01739770192248672,-1,7,True
4,ridge,Stat3_Etch_MV_PlatenRFTuningCapacitor__cycle_mean_std,G4_cycle_behavior,rf_power_matching_electrical,absolute_standardized_coefficient,0.003464799173312767,1,104,False
4,ridge,Stat3_Etch_MV_PlatenRFTuningCapacitor__cycle_mean_slope,G4_cycle_behavior,rf_power_matching_electrical,absolute_standardized_coefficient,0.006212643574150475,1,63,False
4,ridge,Stat3_Etch_MV_Pressure__active_mean,G1_level,pressure,absolute_standardized_coefficient,0.003908408413520234,1,96,False
4,ridge,Stat3_Etch_MV_Pressure__active_std,G1_level,pressure,absolute_standardized_coefficient,0.01886587418248228,-1,5,True
4,ridge,Stat3_Etch_MV_Pressure__active_range,G1_level,pressure,absolute_standardized_coefficient,0.005381967794497461,-1,73,False
4,ridge,Stat3_Etch_MV_Pressure__active_slope,G2_temporal_drift,pressure,absolute_standardized_coefficient,0.007362816394858454,1,44,False
4,ridge,Stat3_Etch_MV_Pressure__early_late_delta,G2_temporal_drift,pressure,absolute_standardized_coefficient,0.0017405130994620748,1,174,False
4,ridge,Stat3_Etch_MV_Pressure__long_phase_mean,G3_bosch_phase,pressure,absolute_standardized_coefficient,0.00045893742912087666,-1,228,False
4,ridge,Stat3_Etch_MV_Pressure__short_phase_mean,G3_bosch_phase,pressure,absolute_standardized_coefficient,0.003040181596124732,1,120,False
4,ridge,Stat3_Etch_MV_Pressure__phase_difference,G3_bosch_phase,pressure,absolute_standardized_coefficient,0.002620440731582298,-1,131,False
4,ridge,Stat3_Etch_MV_Pressure__cycle_mean_std,G4_cycle_behavior,pressure,absolute_standardized_coefficient,0.0025034899865149507,1,140,False
4,ridge,Stat3_Etch_MV_Pressure__cycle_mean_slope,G4_cycle_behavior,pressure,absolute_standardized_coefficient,6.126066021634518e-05,-1,241,False
4,ridge,Stat3_Etch_MV_SourceRF2PeakToPeak__active_mean,G1_level,rf_power_matching_electrical,absolute_standardized_coefficient,0.0014701279482596226,1,189,False
4,ridge,Stat3_Etch_MV_SourceRF2PeakToPeak__active_std,G1_level,rf_power_matching_electrical,absolute_standardized_coefficient,0.00247598937662517,1,143,False
4,ridge,Stat3_Etch_MV_SourceRF2PeakToPeak__active_slope,G2_temporal_drift,rf_power_matching_electrical,absolute_standardized_coefficient,0.003429148316926965,-1,107,False
4,ridge,Stat3_Etch_MV_SourceRF2PeakToPeak__early_late_delta,G2_temporal_drift,rf_power_matching_electrical,absolute_standardized_coefficient,0.00028229267219374605,1,234,False
4,ridge,Stat3_Etch_MV_SourceRF2PeakToPeak__long_phase_mean,G3_bosch_phase,rf_power_matching_electrical,absolute_standardized_coefficient,0.0014612500039243152,1,190,False
4,ridge,Stat3_Etch_MV_SourceRF2PeakToPeak__phase_difference,G3_bosch_phase,rf_power_matching_electrical,absolute_standardized_coefficient,0.0014612500039243152,1,191,False
4,ridge,Stat3_Etch_MV_SourceRF2PeakToPeak__cycle_mean_std,G4_cycle_behavior,rf_power_matching_electrical,absolute_standardized_coefficient,0.0011319534037716903,1,205,False
4,ridge,Stat3_Etch_MV_SourceRF2PeakToPeak__cycle_mean_slope,G4_cycle_behavior,rf_power_matching_electrical,absolute_standardized_coefficient,0.0034008918063573863,-1,108,False
4,ridge,Stat3_Etch_MV_SourceRF2TuningCapacitor__active_mean,G1_level,rf_power_matching_electrical,absolute_standardized_coefficient,0.0025489809628743026,-1,137,False
4,ridge,Stat3_Etch_MV_SourceRF2TuningCapacitor__active_std,G1_level,rf_power_matching_electrical,absolute_standardized_coefficient,0.002559176060614418,1,134,False
4,ridge,Stat3_Etch_MV_SourceRF2TuningCapacitor__active_slope,G2_temporal_drift,rf_power_matching_electrical,absolute_standardized_coefficient,0.002549030940597435,1,136,False
4,ridge,Stat3_Etch_MV_SourceRF2TuningCapacitor__early_late_delta,G2_temporal_drift,rf_power_matching_electrical,absolute_standardized_coefficient,0.0025493886242739312,1,135,False
4,ridge,Stat3_Etch_MV_SourceRF2TuningCapacitor__short_phase_mean,G3_bosch_phase,rf_power_matching_electrical,absolute_standardized_coefficient,0.0024880495045269194,-1,142,False
4,ridge,Stat3_Etch_MV_SourceRF2TuningCapacitor__phase_difference,G3_bosch_phase,rf_power_matching_electrical,absolute_standardized_coefficient,0.0024880495045269202,1,141,False
4,ridge,Stat3_Etch_MV_SourceRFLoadPower__active_mean,G1_level,rf_power_matching_electrical,absolute_standardized_coefficient,0.00882629649827788,1,33,False
4,ridge,Stat3_Etch_MV_SourceRFLoadPower__active_std,G1_level,rf_power_matching_electrical,absolute_standardized_coefficient,0.00042517731396196504,-1,229,False
4,ridge,Stat3_Etch_MV_SourceRFLoadPower__active_range,G1_level,rf_power_matching_electrical,absolute_standardized_coefficient,0.00665135231626819,-1,54,False
4,ridge,Stat3_Etch_MV_SourceRFLoadPower__active_slope,G2_temporal_drift,rf_power_matching_electrical,absolute_standardized_coefficient,0.001642891176817534,-1,182,False
4,ridge,Stat3_Etch_MV_SourceRFLoadPower__early_late_delta,G2_temporal_drift,rf_power_matching_electrical,absolute_standardized_coefficient,0.0005127455828149045,-1,227,False
4,ridge,Stat3_Etch_MV_SourceRFLoadPower__long_phase_mean,G3_bosch_phase,rf_power_matching_electrical,absolute_standardized_coefficient,0.010426715557279151,1,25,False
4,ridge,Stat3_Etch_MV_SourceRFLoadPower__short_phase_mean,G3_bosch_phase,rf_power_matching_electrical,absolute_standardized_coefficient,0.0025320696364407,1,139,False
4,ridge,Stat3_Etch_MV_SourceRFLoadPower__phase_difference,G3_bosch_phase,rf_power_matching_electrical,absolute_standardized_coefficient,0.0009821061600127103,1,210,False
4,ridge,Stat3_Etch_MV_SourceRFLoadPower__cycle_mean_std,G4_cycle_behavior,rf_power_matching_electrical,absolute_standardized_coefficient,0.008320368553188625,1,35,False
4,ridge,Stat3_Etch_MV_SourceRFLoadPower__cycle_mean_slope,G4_cycle_behavior,rf_power_matching_electrical,absolute_standardized_coefficient,0.003209600948851657,-1,115,False
4,ridge,Stat3_Etch_MV_SourceRFPeakToPeak__active_mean,G1_level,rf_power_matching_electrical,absolute_standardized_coefficient,0.006239898185236704,1,60,False
4,ridge,Stat3_Etch_MV_SourceRFPeakToPeak__active_std,G1_level,rf_power_matching_electrical,absolute_standardized_coefficient,0.006895289762393286,1,51,False
4,ridge,Stat3_Etch_MV_SourceRFPeakToPeak__active_range,G1_level,rf_power_matching_electrical,absolute_standardized_coefficient,0.0016545686104437573,1,180,False
4,ridge,Stat3_Etch_MV_SourceRFPeakToPeak__active_slope,G2_temporal_drift,rf_power_matching_electrical,absolute_standardized_coefficient,0.005739970800798772,-1,70,False
4,ridge,Stat3_Etch_MV_SourceRFPeakToPeak__early_late_delta,G2_temporal_drift,rf_power_matching_electrical,absolute_standardized_coefficient,0.002229738008502348,-1,150,False
4,ridge,Stat3_Etch_MV_SourceRFPeakToPeak__long_phase_mean,G3_bosch_phase,rf_power_matching_electrical,absolute_standardized_coefficient,0.006412549238584118,1,56,False
4,ridge,Stat3_Etch_MV_SourceRFPeakToPeak__short_phase_mean,G3_bosch_phase,rf_power_matching_electrical,absolute_standardized_coefficient,0.005250457602026094,1,76,False
4,ridge,Stat3_Etch_MV_SourceRFPeakToPeak__phase_difference,G3_bosch_phase,rf_power_matching_electrical,absolute_standardized_coefficient,0.004665863441768418,1,85,False
4,ridge,Stat3_Etch_MV_SourceRFPeakToPeak__cycle_mean_std,G4_cycle_behavior,rf_power_matching_electrical,absolute_standardized_coefficient,0.0049466629878923635,1,81,False
4,ridge,Stat3_Etch_MV_SourceRFPeakToPeak__cycle_mean_slope,G4_cycle_behavior,rf_power_matching_electrical,absolute_standardized_coefficient,0.0037431857613885082,-1,98,False
4,ridge,Stat3_Etch_MV_SourceRFReflectedPower__active_mean,G1_level,rf_power_matching_electrical,absolute_standardized_coefficient,0.01955768395239095,-1,2,True
4,ridge,Stat3_Etch_MV_SourceRFReflectedPower__active_std,G1_level,rf_power_matching_electrical,absolute_standardized_coefficient,0.014981064721568776,-1,13,True
4,ridge,Stat3_Etch_MV_SourceRFReflectedPower__active_range,G1_level,rf_power_matching_electrical,absolute_standardized_coefficient,0.021597188504343605,-1,1,True
4,ridge,Stat3_Etch_MV_SourceRFReflectedPower__active_slope,G2_temporal_drift,rf_power_matching_electrical,absolute_standardized_coefficient,0.0021074827913077987,1,156,False
4,ridge,Stat3_Etch_MV_SourceRFReflectedPower__early_late_delta,G2_temporal_drift,rf_power_matching_electrical,absolute_standardized_coefficient,0.0016407763474827663,1,183,False
4,ridge,Stat3_Etch_MV_SourceRFReflectedPower__long_phase_mean,G3_bosch_phase,rf_power_matching_electrical,absolute_standardized_coefficient,0.014879057779234461,-1,14,True
4,ridge,Stat3_Etch_MV_SourceRFReflectedPower__short_phase_mean,G3_bosch_phase,rf_power_matching_electrical,absolute_standardized_coefficient,0.018815954028688586,-1,6,True
4,ridge,Stat3_Etch_MV_SourceRFReflectedPower__phase_difference,G3_bosch_phase,rf_power_matching_electrical,absolute_standardized_coefficient,0.01688126531101562,1,9,True
4,ridge,Stat3_Etch_MV_SourceRFReflectedPower__cycle_mean_std,G4_cycle_behavior,rf_power_matching_electrical,absolute_standardized_coefficient,0.00657197131398257,1,55,False
4,ridge,Stat3_Etch_MV_SourceRFReflectedPower__cycle_mean_slope,G4_cycle_behavior,rf_power_matching_electrical,absolute_standardized_coefficient,0.0025361288545091534,-1,138,False
4,ridge,Stat3_Etch_MV_moriInnerCurrent__active_mean,G1_level,remaining_process_signals,absolute_standardized_coefficient,0.00037897464555956313,-1,231,False
4,ridge,Stat3_Etch_MV_moriInnerCurrent__active_std,G1_level,remaining_process_signals,absolute_standardized_coefficient,0.006675831584872165,1,53,False
4,ridge,Stat3_Etch_MV_moriInnerCurrent__active_range,G1_level,remaining_process_signals,absolute_standardized_coefficient,0.004433566215999983,1,90,False
4,ridge,Stat3_Etch_MV_moriInnerCurrent__active_slope,G2_temporal_drift,remaining_process_signals,absolute_standardized_coefficient,0.003077214017055978,-1,118,False
4,ridge,Stat3_Etch_MV_moriInnerCurrent__early_late_delta,G2_temporal_drift,remaining_process_signals,absolute_standardized_coefficient,0.0045935531757119,-1,87,False
4,ridge,Stat3_Etch_MV_moriInnerCurrent__long_phase_mean,G3_bosch_phase,remaining_process_signals,absolute_standardized_coefficient,0.0002881497909674647,1,232,False
4,ridge,Stat3_Etch_MV_moriInnerCurrent__short_phase_mean,G3_bosch_phase,remaining_process_signals,absolute_standardized_coefficient,0.001571846862734866,-1,185,False
4,ridge,Stat3_Etch_MV_moriInnerCurrent__phase_difference,G3_bosch_phase,remaining_process_signals,absolute_standardized_coefficient,0.001973713898294651,1,168,False
4,ridge,Stat3_Etch_MV_moriInnerCurrent__cycle_mean_std,G4_cycle_behavior,remaining_process_signals,absolute_standardized_coefficient,0.003447861221539133,1,105,False
4,ridge,Stat3_Etch_MV_moriInnerCurrent__cycle_mean_slope,G4_cycle_behavior,remaining_process_signals,absolute_standardized_coefficient,0.0037946312766723323,-1,97,False
5,pls,Stat3_Etch_MV_ForeLinePressure__active_mean,G1_level,pressure,VIP,0.4498328247240744,1,203,False
5,pls,Stat3_Etch_MV_ForeLinePressure__active_std,G1_level,pressure,VIP,1.3332889920118183,-1,43,False
5,pls,Stat3_Etch_MV_ForeLinePressure__active_range,G1_level,pressure,VIP,1.8750280217232198,-1,15,True
5,pls,Stat3_Etch_MV_ForeLinePressure__active_slope,G2_temporal_drift,pressure,VIP,0.5973303933856501,-1,165,False
5,pls,Stat3_Etch_MV_ForeLinePressure__early_late_delta,G2_temporal_drift,pressure,VIP,0.47107418123995815,-1,200,False
5,pls,Stat3_Etch_MV_ForeLinePressure__long_phase_mean,G3_bosch_phase,pressure,VIP,0.509968266088396,-1,184,False
5,pls,Stat3_Etch_MV_ForeLinePressure__short_phase_mean,G3_bosch_phase,pressure,VIP,0.8058246148983979,1,106,False
5,pls,Stat3_Etch_MV_ForeLinePressure__phase_difference,G3_bosch_phase,pressure,VIP,0.8719026213658546,-1,91,False
5,pls,Stat3_Etch_MV_ForeLinePressure__cycle_mean_std,G4_cycle_behavior,pressure,VIP,0.9608138229197437,1,79,False
5,pls,Stat3_Etch_MV_ForeLinePressure__cycle_mean_slope,G4_cycle_behavior,pressure,VIP,0.43285264133208023,1,205,False
5,pls,Stat3_Etch_MV_Gas1Flow__active_mean,G1_level,gas_or_backside_flow,VIP,0.6582292602716805,-1,150,False
5,pls,Stat3_Etch_MV_Gas1Flow__active_std,G1_level,gas_or_backside_flow,VIP,0.7452854148498572,1,116,False
5,pls,Stat3_Etch_MV_Gas1Flow__active_range,G1_level,gas_or_backside_flow,VIP,0.6223884133865787,1,161,False
5,pls,Stat3_Etch_MV_Gas1Flow__active_slope,G2_temporal_drift,gas_or_backside_flow,VIP,0.735742643461132,-1,126,False
5,pls,Stat3_Etch_MV_Gas1Flow__early_late_delta,G2_temporal_drift,gas_or_backside_flow,VIP,0.7293197206689851,-1,129,False
5,pls,Stat3_Etch_MV_Gas1Flow__long_phase_mean,G3_bosch_phase,gas_or_backside_flow,VIP,0.9237917577006801,-1,82,False
5,pls,Stat3_Etch_MV_Gas1Flow__short_phase_mean,G3_bosch_phase,gas_or_backside_flow,VIP,0.6760484862705135,1,148,False
5,pls,Stat3_Etch_MV_Gas1Flow__phase_difference,G3_bosch_phase,gas_or_backside_flow,VIP,0.7366746643358363,-1,124,False
5,pls,Stat3_Etch_MV_Gas1Flow__cycle_mean_std,G4_cycle_behavior,gas_or_backside_flow,VIP,0.6226009292722203,1,160,False
5,pls,Stat3_Etch_MV_Gas1Flow__cycle_mean_slope,G4_cycle_behavior,gas_or_backside_flow,VIP,0.47993647628605707,1,196,False
5,pls,Stat3_Etch_MV_Gas2Flow__active_mean,G1_level,gas_or_backside_flow,VIP,0.4893112383220418,1,190,False
5,pls,Stat3_Etch_MV_Gas2Flow__active_std,G1_level,gas_or_backside_flow,VIP,1.6137954532965344,1,27,False
5,pls,Stat3_Etch_MV_Gas2Flow__active_range,G1_level,gas_or_backside_flow,VIP,1.5804521678185746,1,30,False
5,pls,Stat3_Etch_MV_Gas2Flow__active_slope,G2_temporal_drift,gas_or_backside_flow,VIP,0.27052663225092755,-1,227,False
5,pls,Stat3_Etch_MV_Gas2Flow__early_late_delta,G2_temporal_drift,gas_or_backside_flow,VIP,0.3896517445347472,-1,211,False
5,pls,Stat3_Etch_MV_Gas2Flow__long_phase_mean,G3_bosch_phase,gas_or_backside_flow,VIP,0.48707331416697947,1,191,False
5,pls,Stat3_Etch_MV_Gas2Flow__short_phase_mean,G3_bosch_phase,gas_or_backside_flow,VIP,0.4953400731344645,1,188,False
5,pls,Stat3_Etch_MV_Gas2Flow__phase_difference,G3_bosch_phase,gas_or_backside_flow,VIP,0.24167207187124046,-1,230,False
5,pls,Stat3_Etch_MV_Gas2Flow__cycle_mean_std,G4_cycle_behavior,gas_or_backside_flow,VIP,1.605918391336215,1,28,False
5,pls,Stat3_Etch_MV_Gas2Flow__cycle_mean_slope,G4_cycle_behavior,gas_or_backside_flow,VIP,0.27380350105862955,-1,226,False
5,pls,Stat3_Etch_MV_Gas4Flow__active_mean,G1_level,gas_or_backside_flow,VIP,0.7332325490611891,-1,127,False
5,pls,Stat3_Etch_MV_Gas4Flow__active_std,G1_level,gas_or_backside_flow,VIP,0.7358819515904492,-1,125,False
5,pls,Stat3_Etch_MV_Gas4Flow__active_slope,G2_temporal_drift,gas_or_backside_flow,VIP,0.7042545796243426,1,137,False
5,pls,Stat3_Etch_MV_Gas4Flow__early_late_delta,G2_temporal_drift,gas_or_backside_flow,VIP,0.544122903480165,1,177,False
5,pls,Stat3_Etch_MV_Gas4Flow__long_phase_mean,G3_bosch_phase,gas_or_backside_flow,VIP,0.3968825683484984,1,209,False
5,pls,Stat3_Etch_MV_Gas4Flow__short_phase_mean,G3_bosch_phase,gas_or_backside_flow,VIP,0.33069298314746304,1,220,False
5,pls,Stat3_Etch_MV_Gas4Flow__phase_difference,G3_bosch_phase,gas_or_backside_flow,VIP,0.3224972422861374,-1,221,False
5,pls,Stat3_Etch_MV_Gas4Flow__cycle_mean_std,G4_cycle_behavior,gas_or_backside_flow,VIP,0.8802850309736495,1,89,False
5,pls,Stat3_Etch_MV_Gas4Flow__cycle_mean_slope,G4_cycle_behavior,gas_or_backside_flow,VIP,0.5155485064273208,-1,181,False
5,pls,Stat3_Etch_MV_Gas5Flow__active_mean,G1_level,gas_or_backside_flow,VIP,0.7157985061989477,1,132,False
5,pls,Stat3_Etch_MV_Gas5Flow__active_std,G1_level,gas_or_backside_flow,VIP,0.7002212169930715,-1,139,False
5,pls,Stat3_Etch_MV_Gas5Flow__active_slope,G2_temporal_drift,gas_or_backside_flow,VIP,0.6848944066026698,-1,145,False
5,pls,Stat3_Etch_MV_Gas5Flow__early_late_delta,G2_temporal_drift,gas_or_backside_flow,VIP,0.5104820435682593,-1,183,False
5,pls,Stat3_Etch_MV_Gas5Flow__long_phase_mean,G3_bosch_phase,gas_or_backside_flow,VIP,0.4631568411633867,-1,202,False
5,pls,Stat3_Etch_MV_Gas5Flow__short_phase_mean,G3_bosch_phase,gas_or_backside_flow,VIP,0.4660736692585874,-1,201,False
5,pls,Stat3_Etch_MV_Gas5Flow__phase_difference,G3_bosch_phase,gas_or_backside_flow,VIP,0.5196527508882246,-1,180,False
5,pls,Stat3_Etch_MV_Gas5Flow__cycle_mean_std,G4_cycle_behavior,gas_or_backside_flow,VIP,0.8465044972627305,1,99,False
5,pls,Stat3_Etch_MV_Gas5Flow__cycle_mean_slope,G4_cycle_behavior,gas_or_backside_flow,VIP,0.5316829266912273,1,178,False
5,pls,Stat3_Etch_MV_Gas7Flow__active_mean,G1_level,gas_or_backside_flow,VIP,1.0078422990796048,1,69,False
5,pls,Stat3_Etch_MV_Gas7Flow__active_std,G1_level,gas_or_backside_flow,VIP,1.002266090895221,1,72,False
5,pls,Stat3_Etch_MV_Gas7Flow__active_range,G1_level,gas_or_backside_flow,VIP,0.8867078647511709,-1,87,False
5,pls,Stat3_Etch_MV_Gas7Flow__active_slope,G2_temporal_drift,gas_or_backside_flow,VIP,0.36251680606087916,1,215,False
5,pls,Stat3_Etch_MV_Gas7Flow__early_late_delta,G2_temporal_drift,gas_or_backside_flow,VIP,0.4158044025120079,1,207,False
5,pls,Stat3_Etch_MV_Gas7Flow__long_phase_mean,G3_bosch_phase,gas_or_backside_flow,VIP,1.0069682563530975,1,70,False
5,pls,Stat3_Etch_MV_Gas7Flow__short_phase_mean,G3_bosch_phase,gas_or_backside_flow,VIP,1.009821691822572,1,67,False
5,pls,Stat3_Etch_MV_Gas7Flow__phase_difference,G3_bosch_phase,gas_or_backside_flow,VIP,0.16905119495871732,-1,239,False
5,pls,Stat3_Etch_MV_Gas7Flow__cycle_mean_std,G4_cycle_behavior,gas_or_backside_flow,VIP,0.8708056702368089,-1,92,False
5,pls,Stat3_Etch_MV_Gas7Flow__cycle_mean_slope,G4_cycle_behavior,gas_or_backside_flow,VIP,0.3625725393168167,1,214,False
5,pls,Stat3_Etch_MV_Heater1Temp__active_mean,G1_level,heater_temperature,VIP,0.7739041743259677,-1,110,False
5,pls,Stat3_Etch_MV_Heater1Temp__active_std,G1_level,heater_temperature,VIP,0.8045215727371965,-1,107,False
5,pls,Stat3_Etch_MV_Heater1Temp__active_slope,G2_temporal_drift,heater_temperature,VIP,0.27911656379375205,-1,224,False
5,pls,Stat3_Etch_MV_Heater1Temp__early_late_delta,G2_temporal_drift,heater_temperature,VIP,0.24975187487825956,-1,229,False
5,pls,Stat3_Etch_MV_Heater1Temp__long_phase_mean,G3_bosch_phase,heater_temperature,VIP,0.711531956564546,-1,134,False
5,pls,Stat3_Etch_MV_Heater1Temp__short_phase_mean,G3_bosch_phase,heater_temperature,VIP,0.709718472221815,-1,135,False
5,pls,Stat3_Etch_MV_Heater1Temp__phase_difference,G3_bosch_phase,heater_temperature,VIP,0.08300414170087612,1,241,False
5,pls,Stat3_Etch_MV_Heater1Temp__cycle_mean_std,G4_cycle_behavior,heater_temperature,VIP,0.2084127216048692,1,233,False
5,pls,Stat3_Etch_MV_Heater1Temp__cycle_mean_slope,G4_cycle_behavior,heater_temperature,VIP,0.29397026084313277,-1,223,False
5,pls,Stat3_Etch_MV_Heater2Temp__active_mean,G1_level,heater_temperature,VIP,0.48035390160942787,1,195,False
5,pls,Stat3_Etch_MV_Heater2Temp__active_std,G1_level,heater_temperature,VIP,1.7766170108182266,-1,19,True
5,pls,Stat3_Etch_MV_Heater2Temp__active_range,G1_level,heater_temperature,VIP,1.4565534651000909,-1,35,False
5,pls,Stat3_Etch_MV_Heater2Temp__active_slope,G2_temporal_drift,heater_temperature,VIP,1.2642886113353318,-1,47,False
5,pls,Stat3_Etch_MV_Heater2Temp__early_late_delta,G2_temporal_drift,heater_temperature,VIP,1.093585334304912,-1,60,False
5,pls,Stat3_Etch_MV_Heater2Temp__long_phase_mean,G3_bosch_phase,heater_temperature,VIP,0.4811021354206772,1,194,False
5,pls,Stat3_Etch_MV_Heater2Temp__short_phase_mean,G3_bosch_phase,heater_temperature,VIP,0.47828916116840847,1,198,False
5,pls,Stat3_Etch_MV_Heater2Temp__phase_difference,G3_bosch_phase,heater_temperature,VIP,0.647464528923132,1,153,False
5,pls,Stat3_Etch_MV_Heater2Temp__cycle_mean_std,G4_cycle_behavior,heater_temperature,VIP,1.7811051842840888,-1,18,True
5,pls,Stat3_Etch_MV_Heater2Temp__cycle_mean_slope,G4_cycle_behavior,heater_temperature,VIP,1.264201312685769,-1,48,False
5,pls,Stat3_Etch_MV_Heater3Temp__active_mean,G1_level,heater_temperature,VIP,1.013313919151138,-1,66,False
5,pls,Stat3_Etch_MV_Heater3Temp__active_std,G1_level,heater_temperature,VIP,1.3800973430649566,1,41,False
5,pls,Stat3_Etch_MV_Heater3Temp__active_range,G1_level,heater_temperature,VIP,1.102104206345817,1,57,False
5,pls,Stat3_Etch_MV_Heater3Temp__active_slope,G2_temporal_drift,heater_temperature,VIP,0.5086559474988627,-1,185,False
5,pls,Stat3_Etch_MV_Heater3Temp__early_late_delta,G2_temporal_drift,heater_temperature,VIP,0.511088261641583,-1,182,False
5,pls,Stat3_Etch_MV_Heater3Temp__long_phase_mean,G3_bosch_phase,heater_temperature,VIP,1.0069015215431054,-1,71,False
5,pls,Stat3_Etch_MV_Heater3Temp__short_phase_mean,G3_bosch_phase,heater_temperature,VIP,1.0264946468354674,-1,64,False
5,pls,Stat3_Etch_MV_Heater3Temp__phase_difference,G3_bosch_phase,heater_temperature,VIP,0.2528986087014645,1,228,False
5,pls,Stat3_Etch_MV_Heater3Temp__cycle_mean_std,G4_cycle_behavior,heater_temperature,VIP,1.4119024487863918,1,38,False
5,pls,Stat3_Etch_MV_Heater3Temp__cycle_mean_slope,G4_cycle_behavior,heater_temperature,VIP,0.5007856095695212,-1,187,False
5,pls,Stat3_Etch_MV_Heater4Temp__active_mean,G1_level,heater_temperature,VIP,0.3387598360968611,1,217,False
5,pls,Stat3_Etch_MV_Heater4Temp__active_std,G1_level,heater_temperature,VIP,1.0940774832321725,1,59,False
5,pls,Stat3_Etch_MV_Heater4Temp__active_range,G1_level,heater_temperature,VIP,1.1207517932225148,1,56,False
5,pls,Stat3_Etch_MV_Heater4Temp__active_slope,G2_temporal_drift,heater_temperature,VIP,0.5446708312912503,1,176,False
5,pls,Stat3_Etch_MV_Heater4Temp__early_late_delta,G2_temporal_drift,heater_temperature,VIP,0.8720288436532476,1,90,False
5,pls,Stat3_Etch_MV_Heater4Temp__long_phase_mean,G3_bosch_phase,heater_temperature,VIP,0.338195913108129,1,218,False
5,pls,Stat3_Etch_MV_Heater4Temp__short_phase_mean,G3_bosch_phase,heater_temperature,VIP,0.34031709377798375,1,216,False
5,pls,Stat3_Etch_MV_Heater4Temp__phase_difference,G3_bosch_phase,heater_temperature,VIP,0.37203362134556556,1,213,False
5,pls,Stat3_Etch_MV_Heater4Temp__cycle_mean_std,G4_cycle_behavior,heater_temperature,VIP,0.9683065598797228,1,78,False
5,pls,Stat3_Etch_MV_Heater4Temp__cycle_mean_slope,G4_cycle_behavior,heater_temperature,VIP,0.5965738549550994,1,166,False
5,pls,Stat3_Etch_MV_HeliumBPFlow__active_mean,G1_level,gas_or_backside_flow,VIP,0.5707133278741441,-1,173,False
5,pls,Stat3_Etch_MV_HeliumBPFlow__active_std,G1_level,gas_or_backside_flow,VIP,0.8576462424557455,-1,97,False
5,pls,Stat3_Etch_MV_HeliumBPFlow__active_range,G1_level,gas_or_backside_flow,VIP,0.8827431208260247,-1,88,False
5,pls,Stat3_Etch_MV_HeliumBPFlow__active_slope,G2_temporal_drift,gas_or_backside_flow,VIP,0.8541822066803039,1,98,False
5,pls,Stat3_Etch_MV_HeliumBPFlow__early_late_delta,G2_temporal_drift,gas_or_backside_flow,VIP,0.8690482291874347,1,93,False
5,pls,Stat3_Etch_MV_HeliumBPFlow__long_phase_mean,G3_bosch_phase,gas_or_backside_flow,VIP,0.5726973453336681,-1,172,False
5,pls,Stat3_Etch_MV_HeliumBPFlow__short_phase_mean,G3_bosch_phase,gas_or_backside_flow,VIP,0.5652234145119502,-1,174,False
5,pls,Stat3_Etch_MV_HeliumBPFlow__phase_difference,G3_bosch_phase,gas_or_backside_flow,VIP,0.8988019790395736,-1,84,False
5,pls,Stat3_Etch_MV_HeliumBPFlow__cycle_mean_std,G4_cycle_behavior,gas_or_backside_flow,VIP,0.8401546436384127,-1,101,False
5,pls,Stat3_Etch_MV_HeliumBPFlow__cycle_mean_slope,G4_cycle_behavior,gas_or_backside_flow,VIP,0.858147929271911,1,96,False
5,pls,Stat3_Etch_MV_HeliumBPPressure__active_mean,G1_level,pressure,VIP,0.9098578855755313,-1,83,False
5,pls,Stat3_Etch_MV_HeliumBPPressure__active_std,G1_level,pressure,VIP,1.0256643519296047,1,65,False
5,pls,Stat3_Etch_MV_HeliumBPPressure__active_range,G1_level,pressure,VIP,0.48485791643319404,1,193,False
5,pls,Stat3_Etch_MV_HeliumBPPressure__active_slope,G2_temporal_drift,pressure,VIP,1.2170279434993367,1,50,False
5,pls,Stat3_Etch_MV_HeliumBPPressure__early_late_delta,G2_temporal_drift,pressure,VIP,1.170146207869008,1,54,False
5,pls,Stat3_Etch_MV_HeliumBPPressure__long_phase_mean,G3_bosch_phase,pressure,VIP,0.7581064367399016,-1,114,False
5,pls,Stat3_Etch_MV_HeliumBPPressure__short_phase_mean,G3_bosch_phase,pressure,VIP,1.007865836186026,-1,68,False
5,pls,Stat3_Etch_MV_HeliumBPPressure__phase_difference,G3_bosch_phase,pressure,VIP,0.895730590407266,-1,85,False
5,pls,Stat3_Etch_MV_HeliumBPPressure__cycle_mean_std,G4_cycle_behavior,pressure,VIP,1.2108045235787648,1,52,False
5,pls,Stat3_Etch_MV_HeliumBPPressure__cycle_mean_slope,G4_cycle_behavior,pressure,VIP,1.2273163616232736,1,49,False
5,pls,Stat3_Etch_MV_PlatenDcBias__active_mean,G1_level,rf_power_matching_electrical,VIP,0.7607088899352384,1,112,False
5,pls,Stat3_Etch_MV_PlatenDcBias__active_std,G1_level,rf_power_matching_electrical,VIP,1.7243795782766138,1,21,False
5,pls,Stat3_Etch_MV_PlatenDcBias__active_range,G1_level,rf_power_matching_electrical,VIP,1.7151555037279544,1,22,False
5,pls,Stat3_Etch_MV_PlatenDcBias__active_slope,G2_temporal_drift,rf_power_matching_electrical,VIP,1.7079693247820376,1,23,False
5,pls,Stat3_Etch_MV_PlatenDcBias__early_late_delta,G2_temporal_drift,rf_power_matching_electrical,VIP,1.4154479624317657,1,37,False
5,pls,Stat3_Etch_MV_PlatenDcBias__long_phase_mean,G3_bosch_phase,rf_power_matching_electrical,VIP,0.49252708868654377,1,189,False
5,pls,Stat3_Etch_MV_PlatenDcBias__short_phase_mean,G3_bosch_phase,rf_power_matching_electrical,VIP,1.3601272560989957,1,42,False
5,pls,Stat3_Etch_MV_PlatenDcBias__phase_difference,G3_bosch_phase,rf_power_matching_electrical,VIP,1.3184847438978522,-1,44,False
5,pls,Stat3_Etch_MV_PlatenDcBias__cycle_mean_std,G4_cycle_behavior,rf_power_matching_electrical,VIP,0.8171726948430063,-1,105,False
5,pls,Stat3_Etch_MV_PlatenDcBias__cycle_mean_slope,G4_cycle_behavior,rf_power_matching_electrical,VIP,1.6857989896145444,1,24,False
5,pls,Stat3_Etch_MV_PlatenRFLoadCapacitor__active_mean,G1_level,rf_power_matching_electrical,VIP,0.6845301229665359,1,146,False
5,pls,Stat3_Etch_MV_PlatenRFLoadCapacitor__active_std,G1_level,rf_power_matching_electrical,VIP,0.9375176810713417,-1,81,False
5,pls,Stat3_Etch_MV_PlatenRFLoadCapacitor__active_range,G1_level,rf_power_matching_electrical,VIP,0.4866006338276671,-1,192,False
5,pls,Stat3_Etch_MV_PlatenRFLoadCapacitor__active_slope,G2_temporal_drift,rf_power_matching_electrical,VIP,0.9916747043638242,-1,74,False
5,pls,Stat3_Etch_MV_PlatenRFLoadCapacitor__early_late_delta,G2_temporal_drift,rf_power_matching_electrical,VIP,0.6350296037592825,-1,159,False
5,pls,Stat3_Etch_MV_PlatenRFLoadCapacitor__long_phase_mean,G3_bosch_phase,rf_power_matching_electrical,VIP,0.6982894842195597,-1,140,False
5,pls,Stat3_Etch_MV_PlatenRFLoadCapacitor__short_phase_mean,G3_bosch_phase,rf_power_matching_electrical,VIP,0.6670407857524423,1,149,False
5,pls,Stat3_Etch_MV_PlatenRFLoadCapacitor__phase_difference,G3_bosch_phase,rf_power_matching_electrical,VIP,0.7159803863090435,-1,131,False
5,pls,Stat3_Etch_MV_PlatenRFLoadCapacitor__cycle_mean_std,G4_cycle_behavior,rf_power_matching_electrical,VIP,0.6971342155264105,1,142,False
5,pls,Stat3_Etch_MV_PlatenRFLoadCapacitor__cycle_mean_slope,G4_cycle_behavior,rf_power_matching_electrical,VIP,0.8626729567123803,1,95,False
5,pls,Stat3_Etch_MV_PlatenRFLoadPower__active_mean,G1_level,rf_power_matching_electrical,VIP,0.5035871274796486,-1,186,False
5,pls,Stat3_Etch_MV_PlatenRFLoadPower__active_std,G1_level,rf_power_matching_electrical,VIP,0.6971744057791566,1,141,False
5,pls,Stat3_Etch_MV_PlatenRFLoadPower__active_range,G1_level,rf_power_matching_electrical,VIP,1.8680098642724676,1,16,True
5,pls,Stat3_Etch_MV_PlatenRFLoadPower__active_slope,G2_temporal_drift,rf_power_matching_electrical,VIP,1.0465934615727042,1,61,False
5,pls,Stat3_Etch_MV_PlatenRFLoadPower__early_late_delta,G2_temporal_drift,rf_power_matching_electrical,VIP,0.5728578399023431,1,171,False
5,pls,Stat3_Etch_MV_PlatenRFLoadPower__long_phase_mean,G3_bosch_phase,rf_power_matching_electrical,VIP,0.6457142450281294,-1,154,False
5,pls,Stat3_Etch_MV_PlatenRFLoadPower__short_phase_mean,G3_bosch_phase,rf_power_matching_electrical,VIP,0.7533100744309306,-1,115,False
5,pls,Stat3_Etch_MV_PlatenRFLoadPower__phase_difference,G3_bosch_phase,rf_power_matching_electrical,VIP,0.822832986706993,-1,104,False
5,pls,Stat3_Etch_MV_PlatenRFLoadPower__cycle_mean_std,G4_cycle_behavior,rf_power_matching_electrical,VIP,0.8662996771521445,1,94,False
5,pls,Stat3_Etch_MV_PlatenRFLoadPower__cycle_mean_slope,G4_cycle_behavior,rf_power_matching_electrical,VIP,0.7866695797307959,1,109,False
5,pls,Stat3_Etch_MV_PlatenRFPeakToPeak__active_mean,G1_level,rf_power_matching_electrical,VIP,2.131949771708933,-1,5,True
5,pls,Stat3_Etch_MV_PlatenRFPeakToPeak__active_std,G1_level,rf_power_matching_electrical,VIP,0.3311693528189298,1,219,False
5,pls,Stat3_Etch_MV_PlatenRFPeakToPeak__active_range,G1_level,rf_power_matching_electrical,VIP,2.2020424730607866,-1,3,True
5,pls,Stat3_Etch_MV_PlatenRFPeakToPeak__active_slope,G2_temporal_drift,rf_power_matching_electrical,VIP,1.6314056063414542,1,25,False
5,pls,Stat3_Etch_MV_PlatenRFPeakToPeak__early_late_delta,G2_temporal_drift,rf_power_matching_electrical,VIP,1.027319409469507,-1,63,False
5,pls,Stat3_Etch_MV_PlatenRFPeakToPeak__long_phase_mean,G3_bosch_phase,rf_power_matching_electrical,VIP,1.8973955153956332,-1,14,True
5,pls,Stat3_Etch_MV_PlatenRFPeakToPeak__short_phase_mean,G3_bosch_phase,rf_power_matching_electrical,VIP,1.9744906055403062,-1,9,True
5,pls,Stat3_Etch_MV_PlatenRFPeakToPeak__phase_difference,G3_bosch_phase,rf_power_matching_electrical,VIP,1.102027180388963,1,58,False
5,pls,Stat3_Etch_MV_PlatenRFPeakToPeak__cycle_mean_std,G4_cycle_behavior,rf_power_matching_electrical,VIP,0.645022544713481,-1,155,False
5,pls,Stat3_Etch_MV_PlatenRFPeakToPeak__cycle_mean_slope,G4_cycle_behavior,rf_power_matching_electrical,VIP,1.4045491002582837,1,39,False
5,pls,Stat3_Etch_MV_PlatenRFReflectedPower__active_mean,G1_level,rf_power_matching_electrical,VIP,0.524611536906386,1,179,False
5,pls,Stat3_Etch_MV_PlatenRFReflectedPower__active_std,G1_level,rf_power_matching_electrical,VIP,0.9698568141526963,1,77,False
5,pls,Stat3_Etch_MV_PlatenRFReflectedPower__active_range,G1_level,rf_power_matching_electrical,VIP,1.9637131094452163,1,10,True
5,pls,Stat3_Etch_MV_PlatenRFReflectedPower__active_slope,G2_temporal_drift,rf_power_matching_electrical,VIP,0.8920577981282743,1,86,False
5,pls,Stat3_Etch_MV_PlatenRFReflectedPower__early_late_delta,G2_temporal_drift,rf_power_matching_electrical,VIP,0.7144957084266591,1,133,False
5,pls,Stat3_Etch_MV_PlatenRFReflectedPower__long_phase_mean,G3_bosch_phase,rf_power_matching_electrical,VIP,1.9450900768906803,-1,11,True
5,pls,Stat3_Etch_MV_PlatenRFReflectedPower__short_phase_mean,G3_bosch_phase,rf_power_matching_electrical,VIP,1.524810153525323,1,31,False
5,pls,Stat3_Etch_MV_PlatenRFReflectedPower__phase_difference,G3_bosch_phase,rf_power_matching_electrical,VIP,1.800208935649859,-1,17,True
5,pls,Stat3_Etch_MV_PlatenRFReflectedPower__cycle_mean_std,G4_cycle_behavior,rf_power_matching_electrical,VIP,0.8447049462289795,-1,100,False
5,pls,Stat3_Etch_MV_PlatenRFReflectedPower__cycle_mean_slope,G4_cycle_behavior,rf_power_matching_electrical,VIP,0.5581144102387018,1,175,False
5,pls,Stat3_Etch_MV_PlatenRFTuningCapacitor__active_mean,G1_level,rf_power_matching_electrical,VIP,2.3865287168997207,-1,2,True
5,pls,Stat3_Etch_MV_PlatenRFTuningCapacitor__active_std,G1_level,rf_power_matching_electrical,VIP,1.7413198275508537,1,20,True
5,pls,Stat3_Etch_MV_PlatenRFTuningCapacitor__active_range,G1_level,rf_power_matching_electrical,VIP,1.2831993574213731,1,46,False
5,pls,Stat3_Etch_MV_PlatenRFTuningCapacitor__active_slope,G2_temporal_drift,rf_power_matching_electrical,VIP,0.9741863410846495,1,76,False
5,pls,Stat3_Etch_MV_PlatenRFTuningCapacitor__early_late_delta,G2_temporal_drift,rf_power_matching_electrical,VIP,0.7585754739191213,1,113,False
5,pls,Stat3_Etch_MV_PlatenRFTuningCapacitor__long_phase_mean,G3_bosch_phase,rf_power_matching_electrical,VIP,2.463981950040769,-1,1,True
5,pls,Stat3_Etch_MV_PlatenRFTuningCapacitor__short_phase_mean,G3_bosch_phase,rf_power_matching_electrical,VIP,1.315503039910511,-1,45,False
5,pls,Stat3_Etch_MV_PlatenRFTuningCapacitor__phase_difference,G3_bosch_phase,rf_power_matching_electrical,VIP,2.176740655128047,-1,4,True
5,pls,Stat3_Etch_MV_PlatenRFTuningCapacitor__cycle_mean_std,G4_cycle_behavior,rf_power_matching_electrical,VIP,0.7007035950486976,1,138,False
5,pls,Stat3_Etch_MV_PlatenRFTuningCapacitor__cycle_mean_slope,G4_cycle_behavior,rf_power_matching_electrical,VIP,0.7989146073558608,1,108,False
5,pls,Stat3_Etch_MV_Pressure__active_mean,G1_level,pressure,VIP,0.29649819236958264,1,222,False
5,pls,Stat3_Etch_MV_Pressure__active_std,G1_level,pressure,VIP,1.9946383150371358,-1,8,True
5,pls,Stat3_Etch_MV_Pressure__active_range,G1_level,pressure,VIP,0.6950381175415522,-1,144,False
5,pls,Stat3_Etch_MV_Pressure__active_slope,G2_temporal_drift,pressure,VIP,0.7054544549241938,1,136,False
5,pls,Stat3_Etch_MV_Pressure__early_late_delta,G2_temporal_drift,pressure,VIP,0.43669940285404596,1,204,False
5,pls,Stat3_Etch_MV_Pressure__long_phase_mean,G3_bosch_phase,pressure,VIP,0.27427305623917225,1,225,False
5,pls,Stat3_Etch_MV_Pressure__short_phase_mean,G3_bosch_phase,pressure,VIP,0.22524567866946607,1,231,False
5,pls,Stat3_Etch_MV_Pressure__phase_difference,G3_bosch_phase,pressure,VIP,0.2135461549245318,-1,232,False
5,pls,Stat3_Etch_MV_Pressure__cycle_mean_std,G4_cycle_behavior,pressure,VIP,0.6538604843187766,1,152,False
5,pls,Stat3_Etch_MV_Pressure__cycle_mean_slope,G4_cycle_behavior,pressure,VIP,0.476931532923812,-1,199,False
5,pls,Stat3_Etch_MV_SourceRF2PeakToPeak__active_mean,G1_level,rf_power_matching_electrical,VIP,0.19595711068925392,1,235,False
5,pls,Stat3_Etch_MV_SourceRF2PeakToPeak__active_std,G1_level,rf_power_matching_electrical,VIP,0.20234013783674254,1,234,False
5,pls,Stat3_Etch_MV_SourceRF2PeakToPeak__active_slope,G2_temporal_drift,rf_power_matching_electrical,VIP,0.39585695070705657,-1,210,False
5,pls,Stat3_Etch_MV_SourceRF2PeakToPeak__early_late_delta,G2_temporal_drift,rf_power_matching_electrical,VIP,0.38261157315444083,-1,212,False
5,pls,Stat3_Etch_MV_SourceRF2PeakToPeak__long_phase_mean,G3_bosch_phase,rf_power_matching_electrical,VIP,0.1957222363351004,1,236,False
5,pls,Stat3_Etch_MV_SourceRF2PeakToPeak__phase_difference,G3_bosch_phase,rf_power_matching_electrical,VIP,0.1957222363351004,1,237,False
5,pls,Stat3_Etch_MV_SourceRF2PeakToPeak__cycle_mean_std,G4_cycle_behavior,rf_power_matching_electrical,VIP,0.19365583546522663,1,238,False
5,pls,Stat3_Etch_MV_SourceRF2PeakToPeak__cycle_mean_slope,G4_cycle_behavior,rf_power_matching_electrical,VIP,0.40126844534984907,-1,208,False
5,pls,Stat3_Etch_MV_SourceRF2TuningCapacitor__active_mean,G1_level,rf_power_matching_electrical,VIP,0.7397946328737047,-1,123,False
5,pls,Stat3_Etch_MV_SourceRF2TuningCapacitor__active_std,G1_level,rf_power_matching_electrical,VIP,0.7427918306499336,1,118,False
5,pls,Stat3_Etch_MV_SourceRF2TuningCapacitor__active_slope,G2_temporal_drift,rf_power_matching_electrical,VIP,0.7398083145718173,1,122,False
5,pls,Stat3_Etch_MV_SourceRF2TuningCapacitor__early_late_delta,G2_temporal_drift,rf_power_matching_electrical,VIP,0.7399165930948827,1,119,False
5,pls,Stat3_Etch_MV_SourceRF2TuningCapacitor__short_phase_mean,G3_bosch_phase,rf_power_matching_electrical,VIP,0.7398855112002579,-1,120,False
5,pls,Stat3_Etch_MV_SourceRF2TuningCapacitor__phase_difference,G3_bosch_phase,rf_power_matching_electrical,VIP,0.7398855112002578,1,121,False
5,pls,Stat3_Etch_MV_SourceRFLoadPower__active_mean,G1_level,rf_power_matching_electrical,VIP,1.4741628936680935,1,33,False
5,pls,Stat3_Etch_MV_SourceRFLoadPower__active_std,G1_level,rf_power_matching_electrical,VIP,0.7277765508962534,-1,130,False
5,pls,Stat3_Etch_MV_SourceRFLoadPower__active_range,G1_level,rf_power_matching_electrical,VIP,0.6554152246345726,-1,151,False
5,pls,Stat3_Etch_MV_SourceRFLoadPower__active_slope,G2_temporal_drift,rf_power_matching_electrical,VIP,0.5848758241337321,-1,168,False
5,pls,Stat3_Etch_MV_SourceRFLoadPower__early_late_delta,G2_temporal_drift,rf_power_matching_electrical,VIP,0.637413493575278,1,158,False
5,pls,Stat3_Etch_MV_SourceRFLoadPower__long_phase_mean,G3_bosch_phase,rf_power_matching_electrical,VIP,1.907799904204992,1,12,True
5,pls,Stat3_Etch_MV_SourceRFLoadPower__short_phase_mean,G3_bosch_phase,rf_power_matching_electrical,VIP,0.6420185810469401,1,156,False
5,pls,Stat3_Etch_MV_SourceRFLoadPower__phase_difference,G3_bosch_phase,rf_power_matching_electrical,VIP,0.639544869145013,1,157,False
5,pls,Stat3_Etch_MV_SourceRFLoadPower__cycle_mean_std,G4_cycle_behavior,rf_power_matching_electrical,VIP,0.6777333089661207,1,147,False
5,pls,Stat3_Etch_MV_SourceRFLoadPower__cycle_mean_slope,G4_cycle_behavior,rf_power_matching_electrical,VIP,0.5999553873735871,1,164,False
5,pls,Stat3_Etch_MV_SourceRFPeakToPeak__active_mean,G1_level,rf_power_matching_electrical,VIP,0.5921011339609965,1,167,False
5,pls,Stat3_Etch_MV_SourceRFPeakToPeak__active_std,G1_level,rf_power_matching_electrical,VIP,0.767745902683777,1,111,False
5,pls,Stat3_Etch_MV_SourceRFPeakToPeak__active_range,G1_level,rf_power_matching_electrical,VIP,0.5761912292850274,1,170,False
5,pls,Stat3_Etch_MV_SourceRFPeakToPeak__active_slope,G2_temporal_drift,rf_power_matching_electrical,VIP,1.2119389855141605,-1,51,False
5,pls,Stat3_Etch_MV_SourceRFPeakToPeak__early_late_delta,G2_temporal_drift,rf_power_matching_electrical,VIP,0.938235145502017,-1,80,False
5,pls,Stat3_Etch_MV_SourceRFPeakToPeak__long_phase_mean,G3_bosch_phase,rf_power_matching_electrical,VIP,0.6138328127059571,1,163,False
5,pls,Stat3_Etch_MV_SourceRFPeakToPeak__short_phase_mean,G3_bosch_phase,rf_power_matching_electrical,VIP,0.5802472791894623,1,169,False
5,pls,Stat3_Etch_MV_SourceRFPeakToPeak__phase_difference,G3_bosch_phase,rf_power_matching_electrical,VIP,0.695600733151894,1,143,False
5,pls,Stat3_Etch_MV_SourceRFPeakToPeak__cycle_mean_std,G4_cycle_behavior,rf_power_matching_electrical,VIP,0.43125512599775817,1,206,False
5,pls,Stat3_Etch_MV_SourceRFPeakToPeak__cycle_mean_slope,G4_cycle_behavior,rf_power_matching_electrical,VIP,0.8255647206360268,-1,103,False
5,pls,Stat3_Etch_MV_SourceRFReflectedPower__active_mean,G1_level,rf_power_matching_electrical,VIP,2.0380983920778672,-1,7,True
5,pls,Stat3_Etch_MV_SourceRFReflectedPower__active_std,G1_level,rf_power_matching_electrical,VIP,1.4011906967185375,-1,40,False
5,pls,Stat3_Etch_MV_SourceRFReflectedPower__active_range,G1_level,rf_power_matching_electrical,VIP,2.0410880917657908,-1,6,True
5,pls,Stat3_Etch_MV_SourceRFReflectedPower__active_slope,G2_temporal_drift,rf_power_matching_electrical,VIP,1.2017503631227298,1,53,False
5,pls,Stat3_Etch_MV_SourceRFReflectedPower__early_late_delta,G2_temporal_drift,rf_power_matching_electrical,VIP,0.827478854296916,1,102,False
5,pls,Stat3_Etch_MV_SourceRFReflectedPower__long_phase_mean,G3_bosch_phase,rf_power_matching_electrical,VIP,1.5824288419467571,-1,29,False
5,pls,Stat3_Etch_MV_SourceRFReflectedPower__short_phase_mean,G3_bosch_phase,rf_power_matching_electrical,VIP,1.8993895364077662,-1,13,True
5,pls,Stat3_Etch_MV_SourceRFReflectedPower__phase_difference,G3_bosch_phase,rf_power_matching_electrical,VIP,1.623319955068199,1,26,False
5,pls,Stat3_Etch_MV_SourceRFReflectedPower__cycle_mean_std,G4_cycle_behavior,rf_power_matching_electrical,VIP,0.9868796148144109,1,75,False
5,pls,Stat3_Etch_MV_SourceRFReflectedPower__cycle_mean_slope,G4_cycle_behavior,rf_power_matching_electrical,VIP,1.1522449073939753,-1,55,False
5,pls,Stat3_Etch_MV_moriInnerCurrent__active_mean,G1_level,remaining_process_signals,VIP,1.5053803897647033,1,32,False
5,pls,Stat3_Etch_MV_moriInnerCurrent__active_std,G1_level,remaining_process_signals,VIP,1.0305500599709239,1,62,False
5,pls,Stat3_Etch_MV_moriInnerCurrent__active_range,G1_level,remaining_process_signals,VIP,0.47833863605693544,1,197,False
5,pls,Stat3_Etch_MV_moriInnerCurrent__active_slope,G2_temporal_drift,remaining_process_signals,VIP,0.7296773884155294,-1,128,False
5,pls,Stat3_Etch_MV_moriInnerCurrent__early_late_delta,G2_temporal_drift,remaining_process_signals,VIP,0.6153751127510139,-1,162,False
5,pls,Stat3_Etch_MV_moriInnerCurrent__long_phase_mean,G3_bosch_phase,remaining_process_signals,VIP,1.4695866525986805,1,34,False
5,pls,Stat3_Etch_MV_moriInnerCurrent__short_phase_mean,G3_bosch_phase,remaining_process_signals,VIP,0.9993471902462824,1,73,False
5,pls,Stat3_Etch_MV_moriInnerCurrent__phase_difference,G3_bosch_phase,remaining_process_signals,VIP,0.11915750831577945,-1,240,False
5,pls,Stat3_Etch_MV_moriInnerCurrent__cycle_mean_std,G4_cycle_behavior,remaining_process_signals,VIP,1.441029576110112,1,36,False
5,pls,Stat3_Etch_MV_moriInnerCurrent__cycle_mean_slope,G4_cycle_behavior,remaining_process_signals,VIP,0.742987325745628,-1,117,False
5,ridge,Stat3_Etch_MV_ForeLinePressure__active_mean,G1_level,pressure,absolute_standardized_coefficient,0.0022865538362659824,1,175,False
5,ridge,Stat3_Etch_MV_ForeLinePressure__active_std,G1_level,pressure,absolute_standardized_coefficient,0.021901956995191433,-1,11,True
5,ridge,Stat3_Etch_MV_ForeLinePressure__active_range,G1_level,pressure,absolute_standardized_coefficient,0.02713697091316299,-1,4,True
5,ridge,Stat3_Etch_MV_ForeLinePressure__active_slope,G2_temporal_drift,pressure,absolute_standardized_coefficient,0.00209282871760897,-1,178,False
5,ridge,Stat3_Etch_MV_ForeLinePressure__early_late_delta,G2_temporal_drift,pressure,absolute_standardized_coefficient,0.002596402006666514,1,167,False
5,ridge,Stat3_Etch_MV_ForeLinePressure__long_phase_mean,G3_bosch_phase,pressure,absolute_standardized_coefficient,0.0011177653736059892,-1,202,False
5,ridge,Stat3_Etch_MV_ForeLinePressure__short_phase_mean,G3_bosch_phase,pressure,absolute_standardized_coefficient,0.009118760668728616,1,62,False
5,ridge,Stat3_Etch_MV_ForeLinePressure__phase_difference,G3_bosch_phase,pressure,absolute_standardized_coefficient,0.011351923751638225,-1,44,False
5,ridge,Stat3_Etch_MV_ForeLinePressure__cycle_mean_std,G4_cycle_behavior,pressure,absolute_standardized_coefficient,0.017273602582189494,1,23,False
5,ridge,Stat3_Etch_MV_ForeLinePressure__cycle_mean_slope,G4_cycle_behavior,pressure,absolute_standardized_coefficient,0.00625962903050724,1,106,False
5,ridge,Stat3_Etch_MV_Gas1Flow__active_mean,G1_level,gas_or_backside_flow,absolute_standardized_coefficient,0.0006676016547984189,-1,219,False
5,ridge,Stat3_Etch_MV_Gas1Flow__active_std,G1_level,gas_or_backside_flow,absolute_standardized_coefficient,2.5342341566089244e-06,1,241,False
5,ridge,Stat3_Etch_MV_Gas1Flow__active_range,G1_level,gas_or_backside_flow,absolute_standardized_coefficient,0.003738116122113279,1,144,False
5,ridge,Stat3_Etch_MV_Gas1Flow__active_slope,G2_temporal_drift,gas_or_backside_flow,absolute_standardized_coefficient,0.0009169700824133098,1,211,False
5,ridge,Stat3_Etch_MV_Gas1Flow__early_late_delta,G2_temporal_drift,gas_or_backside_flow,absolute_standardized_coefficient,0.0024782412912798925,1,169,False
5,ridge,Stat3_Etch_MV_Gas1Flow__long_phase_mean,G3_bosch_phase,gas_or_backside_flow,absolute_standardized_coefficient,0.00043735921606029553,1,230,False
5,ridge,Stat3_Etch_MV_Gas1Flow__short_phase_mean,G3_bosch_phase,gas_or_backside_flow,absolute_standardized_coefficient,0.0010076466701846294,-1,208,False
5,ridge,Stat3_Etch_MV_Gas1Flow__phase_difference,G3_bosch_phase,gas_or_backside_flow,absolute_standardized_coefficient,0.0011669319861794976,1,199,False
5,ridge,Stat3_Etch_MV_Gas1Flow__cycle_mean_std,G4_cycle_behavior,gas_or_backside_flow,absolute_standardized_coefficient,0.016066694814468544,1,25,False
5,ridge,Stat3_Etch_MV_Gas1Flow__cycle_mean_slope,G4_cycle_behavior,gas_or_backside_flow,absolute_standardized_coefficient,0.00036739633024068417,-1,233,False
5,ridge,Stat3_Etch_MV_Gas2Flow__active_mean,G1_level,gas_or_backside_flow,absolute_standardized_coefficient,0.006306965103950883,1,105,False
5,ridge,Stat3_Etch_MV_Gas2Flow__active_std,G1_level,gas_or_backside_flow,absolute_standardized_coefficient,0.006903712224012357,1,95,False
5,ridge,Stat3_Etch_MV_Gas2Flow__active_range,G1_level,gas_or_backside_flow,absolute_standardized_coefficient,0.0005734804283085125,-1,225,False
5,ridge,Stat3_Etch_MV_Gas2Flow__active_slope,G2_temporal_drift,gas_or_backside_flow,absolute_standardized_coefficient,0.007244943089023947,1,89,False
5,ridge,Stat3_Etch_MV_Gas2Flow__early_late_delta,G2_temporal_drift,gas_or_backside_flow,absolute_standardized_coefficient,0.0035770895122434585,-1,150,False
5,ridge,Stat3_Etch_MV_Gas2Flow__long_phase_mean,G3_bosch_phase,gas_or_backside_flow,absolute_standardized_coefficient,0.006420737232972869,1,102,False
5,ridge,Stat3_Etch_MV_Gas2Flow__short_phase_mean,G3_bosch_phase,gas_or_backside_flow,absolute_standardized_coefficient,0.00599054201758372,1,108,False
5,ridge,Stat3_Etch_MV_Gas2Flow__phase_difference,G3_bosch_phase,gas_or_backside_flow,absolute_standardized_coefficient,0.009180497458505434,1,61,False
5,ridge,Stat3_Etch_MV_Gas2Flow__cycle_mean_std,G4_cycle_behavior,gas_or_backside_flow,absolute_standardized_coefficient,0.01292197424085328,1,37,False
5,ridge,Stat3_Etch_MV_Gas2Flow__cycle_mean_slope,G4_cycle_behavior,gas_or_backside_flow,absolute_standardized_coefficient,0.007490454800243661,1,84,False
5,ridge,Stat3_Etch_MV_Gas4Flow__active_mean,G1_level,gas_or_backside_flow,absolute_standardized_coefficient,0.0042073245312181885,-1,138,False
5,ridge,Stat3_Etch_MV_Gas4Flow__active_std,G1_level,gas_or_backside_flow,absolute_standardized_coefficient,0.0006814706480076241,-1,218,False
5,ridge,Stat3_Etch_MV_Gas4Flow__active_slope,G2_temporal_drift,gas_or_backside_flow,absolute_standardized_coefficient,0.0030016427229701157,-1,160,False
5,ridge,Stat3_Etch_MV_Gas4Flow__early_late_delta,G2_temporal_drift,gas_or_backside_flow,absolute_standardized_coefficient,0.00547273934825372,1,118,False
5,ridge,Stat3_Etch_MV_Gas4Flow__long_phase_mean,G3_bosch_phase,gas_or_backside_flow,absolute_standardized_coefficient,0.00233381219912563,1,173,False
5,ridge,Stat3_Etch_MV_Gas4Flow__short_phase_mean,G3_bosch_phase,gas_or_backside_flow,absolute_standardized_coefficient,0.00331345683853489,1,156,False
5,ridge,Stat3_Etch_MV_Gas4Flow__phase_difference,G3_bosch_phase,gas_or_backside_flow,absolute_standardized_coefficient,0.0035350518446515483,-1,151,False
5,ridge,Stat3_Etch_MV_Gas4Flow__cycle_mean_std,G4_cycle_behavior,gas_or_backside_flow,absolute_standardized_coefficient,0.008177235069905938,1,78,False
5,ridge,Stat3_Etch_MV_Gas4Flow__cycle_mean_slope,G4_cycle_behavior,gas_or_backside_flow,absolute_standardized_coefficient,0.010016415512216902,-1,55,False
5,ridge,Stat3_Etch_MV_Gas5Flow__active_mean,G1_level,gas_or_backside_flow,absolute_standardized_coefficient,0.00680549486723754,1,97,False
5,ridge,Stat3_Etch_MV_Gas5Flow__active_std,G1_level,gas_or_backside_flow,absolute_standardized_coefficient,0.004549794676544571,-1,131,False
5,ridge,Stat3_Etch_MV_Gas5Flow__active_slope,G2_temporal_drift,gas_or_backside_flow,absolute_standardized_coefficient,0.001050404167545369,1,206,False
5,ridge,Stat3_Etch_MV_Gas5Flow__early_late_delta,G2_temporal_drift,gas_or_backside_flow,absolute_standardized_coefficient,0.005912839628606094,-1,109,False
5,ridge,Stat3_Etch_MV_Gas5Flow__long_phase_mean,G3_bosch_phase,gas_or_backside_flow,absolute_standardized_coefficient,0.00035837024581223515,1,235,False
5,ridge,Stat3_Etch_MV_Gas5Flow__short_phase_mean,G3_bosch_phase,gas_or_backside_flow,absolute_standardized_coefficient,0.00601149271980906,-1,107,False
5,ridge,Stat3_Etch_MV_Gas5Flow__phase_difference,G3_bosch_phase,gas_or_backside_flow,absolute_standardized_coefficient,0.015163384822489287,1,29,False
5,ridge,Stat3_Etch_MV_Gas5Flow__cycle_mean_std,G4_cycle_behavior,gas_or_backside_flow,absolute_standardized_coefficient,0.008077508017290676,1,80,False
5,ridge,Stat3_Etch_MV_Gas5Flow__cycle_mean_slope,G4_cycle_behavior,gas_or_backside_flow,absolute_standardized_coefficient,0.008146318525688215,1,79,False
5,ridge,Stat3_Etch_MV_Gas7Flow__active_mean,G1_level,gas_or_backside_flow,absolute_standardized_coefficient,0.0043275010060977535,1,134,False
5,ridge,Stat3_Etch_MV_Gas7Flow__active_std,G1_level,gas_or_backside_flow,absolute_standardized_coefficient,0.0028242835972743146,-1,163,False
5,ridge,Stat3_Etch_MV_Gas7Flow__active_range,G1_level,gas_or_backside_flow,absolute_standardized_coefficient,0.007009999199741794,-1,94,False
5,ridge,Stat3_Etch_MV_Gas7Flow__active_slope,G2_temporal_drift,gas_or_backside_flow,absolute_standardized_coefficient,0.0037746603354889543,1,143,False
5,ridge,Stat3_Etch_MV_Gas7Flow__early_late_delta,G2_temporal_drift,gas_or_backside_flow,absolute_standardized_coefficient,0.005889469923558602,1,110,False
5,ridge,Stat3_Etch_MV_Gas7Flow__long_phase_mean,G3_bosch_phase,gas_or_backside_flow,absolute_standardized_coefficient,0.004230561399965586,1,137,False
5,ridge,Stat3_Etch_MV_Gas7Flow__short_phase_mean,G3_bosch_phase,gas_or_backside_flow,absolute_standardized_coefficient,0.004600297638448341,1,130,False
5,ridge,Stat3_Etch_MV_Gas7Flow__phase_difference,G3_bosch_phase,gas_or_backside_flow,absolute_standardized_coefficient,0.01047697908807517,-1,49,False
5,ridge,Stat3_Etch_MV_Gas7Flow__cycle_mean_std,G4_cycle_behavior,gas_or_backside_flow,absolute_standardized_coefficient,0.01027867876868485,-1,51,False
5,ridge,Stat3_Etch_MV_Gas7Flow__cycle_mean_slope,G4_cycle_behavior,gas_or_backside_flow,absolute_standardized_coefficient,0.003454834281796211,1,152,False
5,ridge,Stat3_Etch_MV_Heater1Temp__active_mean,G1_level,heater_temperature,absolute_standardized_coefficient,0.0032138089015403357,-1,158,False
5,ridge,Stat3_Etch_MV_Heater1Temp__active_std,G1_level,heater_temperature,absolute_standardized_coefficient,0.003130766452565085,-1,159,False
5,ridge,Stat3_Etch_MV_Heater1Temp__active_slope,G2_temporal_drift,heater_temperature,absolute_standardized_coefficient,0.001913957180549299,-1,181,False
5,ridge,Stat3_Etch_MV_Heater1Temp__early_late_delta,G2_temporal_drift,heater_temperature,absolute_standardized_coefficient,0.0050218764594379935,-1,125,False
5,ridge,Stat3_Etch_MV_Heater1Temp__long_phase_mean,G3_bosch_phase,heater_temperature,absolute_standardized_coefficient,0.0036523223505779945,-1,145,False
5,ridge,Stat3_Etch_MV_Heater1Temp__short_phase_mean,G3_bosch_phase,heater_temperature,absolute_standardized_coefficient,0.0012395858243933453,-1,194,False
5,ridge,Stat3_Etch_MV_Heater1Temp__phase_difference,G3_bosch_phase,heater_temperature,absolute_standardized_coefficient,0.0024948220415434634,-1,168,False
5,ridge,Stat3_Etch_MV_Heater1Temp__cycle_mean_std,G4_cycle_behavior,heater_temperature,absolute_standardized_coefficient,0.021570773742393603,1,14,True
5,ridge,Stat3_Etch_MV_Heater1Temp__cycle_mean_slope,G4_cycle_behavior,heater_temperature,absolute_standardized_coefficient,0.00402705175647928,-1,140,False
5,ridge,Stat3_Etch_MV_Heater2Temp__active_mean,G1_level,heater_temperature,absolute_standardized_coefficient,0.0024110844488436094,1,171,False
5,ridge,Stat3_Etch_MV_Heater2Temp__active_std,G1_level,heater_temperature,absolute_standardized_coefficient,0.012308597233276488,-1,40,False
5,ridge,Stat3_Etch_MV_Heater2Temp__active_range,G1_level,heater_temperature,absolute_standardized_coefficient,0.006810250905398181,-1,96,False
5,ridge,Stat3_Etch_MV_Heater2Temp__active_slope,G2_temporal_drift,heater_temperature,absolute_standardized_coefficient,0.0033727170052096156,-1,155,False
5,ridge,Stat3_Etch_MV_Heater2Temp__early_late_delta,G2_temporal_drift,heater_temperature,absolute_standardized_coefficient,0.011315409125373667,-1,46,False
5,ridge,Stat3_Etch_MV_Heater2Temp__long_phase_mean,G3_bosch_phase,heater_temperature,absolute_standardized_coefficient,0.002426399944524781,1,170,False
5,ridge,Stat3_Etch_MV_Heater2Temp__short_phase_mean,G3_bosch_phase,heater_temperature,absolute_standardized_coefficient,0.002369008746885945,1,172,False
5,ridge,Stat3_Etch_MV_Heater2Temp__phase_difference,G3_bosch_phase,heater_temperature,absolute_standardized_coefficient,0.005762095563619298,1,113,False
5,ridge,Stat3_Etch_MV_Heater2Temp__cycle_mean_std,G4_cycle_behavior,heater_temperature,absolute_standardized_coefficient,0.01257941459675068,-1,39,False
5,ridge,Stat3_Etch_MV_Heater2Temp__cycle_mean_slope,G4_cycle_behavior,heater_temperature,absolute_standardized_coefficient,0.003263489155580448,-1,157,False
5,ridge,Stat3_Etch_MV_Heater3Temp__active_mean,G1_level,heater_temperature,absolute_standardized_coefficient,0.002720155081272104,1,165,False
5,ridge,Stat3_Etch_MV_Heater3Temp__active_std,G1_level,heater_temperature,absolute_standardized_coefficient,0.015366644573489737,1,28,False
5,ridge,Stat3_Etch_MV_Heater3Temp__active_range,G1_level,heater_temperature,absolute_standardized_coefficient,0.00742848469020515,1,86,False
5,ridge,Stat3_Etch_MV_Heater3Temp__active_slope,G2_temporal_drift,heater_temperature,absolute_standardized_coefficient,0.0005511015371375527,1,226,False
5,ridge,Stat3_Etch_MV_Heater3Temp__early_late_delta,G2_temporal_drift,heater_temperature,absolute_standardized_coefficient,0.003648956083292663,-1,146,False
5,ridge,Stat3_Etch_MV_Heater3Temp__long_phase_mean,G3_bosch_phase,heater_temperature,absolute_standardized_coefficient,0.0029789698320664146,1,161,False
5,ridge,Stat3_Etch_MV_Heater3Temp__short_phase_mean,G3_bosch_phase,heater_temperature,absolute_standardized_coefficient,0.0020089315783759646,1,179,False
5,ridge,Stat3_Etch_MV_Heater3Temp__phase_difference,G3_bosch_phase,heater_temperature,absolute_standardized_coefficient,0.00861422346483398,1,69,False
5,ridge,Stat3_Etch_MV_Heater3Temp__cycle_mean_std,G4_cycle_behavior,heater_temperature,absolute_standardized_coefficient,0.010184681187970682,1,53,False
5,ridge,Stat3_Etch_MV_Heater3Temp__cycle_mean_slope,G4_cycle_behavior,heater_temperature,absolute_standardized_coefficient,0.0005944555199638593,1,223,False
5,ridge,Stat3_Etch_MV_Heater4Temp__active_mean,G1_level,heater_temperature,absolute_standardized_coefficient,0.0006289683477544118,-1,220,False
5,ridge,Stat3_Etch_MV_Heater4Temp__active_std,G1_level,heater_temperature,absolute_standardized_coefficient,0.013773269881810617,1,33,False
5,ridge,Stat3_Etch_MV_Heater4Temp__active_range,G1_level,heater_temperature,absolute_standardized_coefficient,0.007450249446894866,-1,85,False
5,ridge,Stat3_Etch_MV_Heater4Temp__active_slope,G2_temporal_drift,heater_temperature,absolute_standardized_coefficient,0.000366886248010057,1,234,False
5,ridge,Stat3_Etch_MV_Heater4Temp__early_late_delta,G2_temporal_drift,heater_temperature,absolute_standardized_coefficient,0.006584835087724795,-1,100,False
5,ridge,Stat3_Etch_MV_Heater4Temp__long_phase_mean,G3_bosch_phase,heater_temperature,absolute_standardized_coefficient,0.0006017814743528404,-1,222,False
5,ridge,Stat3_Etch_MV_Heater4Temp__short_phase_mean,G3_bosch_phase,heater_temperature,absolute_standardized_coefficient,0.000702726607137581,-1,215,False
5,ridge,Stat3_Etch_MV_Heater4Temp__phase_difference,G3_bosch_phase,heater_temperature,absolute_standardized_coefficient,0.009254235036154624,1,60,False
5,ridge,Stat3_Etch_MV_Heater4Temp__cycle_mean_std,G4_cycle_behavior,heater_temperature,absolute_standardized_coefficient,0.01437495532412179,1,31,False
5,ridge,Stat3_Etch_MV_Heater4Temp__cycle_mean_slope,G4_cycle_behavior,heater_temperature,absolute_standardized_coefficient,0.0014100555252466891,1,192,False
5,ridge,Stat3_Etch_MV_HeliumBPFlow__active_mean,G1_level,gas_or_backside_flow,absolute_standardized_coefficient,0.0016633301948278353,-1,186,False
5,ridge,Stat3_Etch_MV_HeliumBPFlow__active_std,G1_level,gas_or_backside_flow,absolute_standardized_coefficient,0.008980979132423173,1,63,False
5,ridge,Stat3_Etch_MV_HeliumBPFlow__active_range,G1_level,gas_or_backside_flow,absolute_standardized_coefficient,0.008820870007282107,1,66,False
5,ridge,Stat3_Etch_MV_HeliumBPFlow__active_slope,G2_temporal_drift,gas_or_backside_flow,absolute_standardized_coefficient,0.0012168157130696092,1,195,False
5,ridge,Stat3_Etch_MV_HeliumBPFlow__early_late_delta,G2_temporal_drift,gas_or_backside_flow,absolute_standardized_coefficient,0.001210753505622415,-1,198,False
5,ridge,Stat3_Etch_MV_HeliumBPFlow__long_phase_mean,G3_bosch_phase,gas_or_backside_flow,absolute_standardized_coefficient,0.001647354696964253,-1,187,False
5,ridge,Stat3_Etch_MV_HeliumBPFlow__short_phase_mean,G3_bosch_phase,gas_or_backside_flow,absolute_standardized_coefficient,0.0017054940232702673,-1,185,False
5,ridge,Stat3_Etch_MV_HeliumBPFlow__phase_difference,G3_bosch_phase,gas_or_backside_flow,absolute_standardized_coefficient,0.004232877518880613,1,136,False
5,ridge,Stat3_Etch_MV_HeliumBPFlow__cycle_mean_std,G4_cycle_behavior,gas_or_backside_flow,absolute_standardized_coefficient,0.008560794664741118,1,71,False
5,ridge,Stat3_Etch_MV_HeliumBPFlow__cycle_mean_slope,G4_cycle_behavior,gas_or_backside_flow,absolute_standardized_coefficient,0.0010497585032583031,1,207,False
5,ridge,Stat3_Etch_MV_HeliumBPPressure__active_mean,G1_level,pressure,absolute_standardized_coefficient,0.0005907188030592867,1,224,False
5,ridge,Stat3_Etch_MV_HeliumBPPressure__active_std,G1_level,pressure,absolute_standardized_coefficient,0.0036264522655336693,1,148,False
5,ridge,Stat3_Etch_MV_HeliumBPPressure__active_range,G1_level,pressure,absolute_standardized_coefficient,0.008607302245187715,-1,70,False
5,ridge,Stat3_Etch_MV_HeliumBPPressure__active_slope,G2_temporal_drift,pressure,absolute_standardized_coefficient,0.005622257065759217,1,116,False
5,ridge,Stat3_Etch_MV_HeliumBPPressure__early_late_delta,G2_temporal_drift,pressure,absolute_standardized_coefficient,0.00030446190868176396,-1,237,False
5,ridge,Stat3_Etch_MV_HeliumBPPressure__long_phase_mean,G3_bosch_phase,pressure,absolute_standardized_coefficient,0.0057562083542001645,1,114,False
5,ridge,Stat3_Etch_MV_HeliumBPPressure__short_phase_mean,G3_bosch_phase,pressure,absolute_standardized_coefficient,0.00730857659438787,-1,88,False
5,ridge,Stat3_Etch_MV_HeliumBPPressure__phase_difference,G3_bosch_phase,pressure,absolute_standardized_coefficient,0.012725192795961926,1,38,False
5,ridge,Stat3_Etch_MV_HeliumBPPressure__cycle_mean_std,G4_cycle_behavior,pressure,absolute_standardized_coefficient,0.015751062448561958,1,26,False
5,ridge,Stat3_Etch_MV_HeliumBPPressure__cycle_mean_slope,G4_cycle_behavior,pressure,absolute_standardized_coefficient,0.007326994790805171,1,87,False
5,ridge,Stat3_Etch_MV_PlatenDcBias__active_mean,G1_level,rf_power_matching_electrical,absolute_standardized_coefficient,0.007058979327854704,1,93,False
5,ridge,Stat3_Etch_MV_PlatenDcBias__active_std,G1_level,rf_power_matching_electrical,absolute_standardized_coefficient,0.005248593035744342,1,121,False
5,ridge,Stat3_Etch_MV_PlatenDcBias__active_range,G1_level,rf_power_matching_electrical,absolute_standardized_coefficient,0.008802168460690313,1,67,False
5,ridge,Stat3_Etch_MV_PlatenDcBias__active_slope,G2_temporal_drift,rf_power_matching_electrical,absolute_standardized_coefficient,0.0006883101460980908,1,217,False
5,ridge,Stat3_Etch_MV_PlatenDcBias__early_late_delta,G2_temporal_drift,rf_power_matching_electrical,absolute_standardized_coefficient,0.0012151042619695336,-1,197,False
5,ridge,Stat3_Etch_MV_PlatenDcBias__long_phase_mean,G3_bosch_phase,rf_power_matching_electrical,absolute_standardized_coefficient,0.0015548836521254925,1,189,False
5,ridge,Stat3_Etch_MV_PlatenDcBias__short_phase_mean,G3_bosch_phase,rf_power_matching_electrical,absolute_standardized_coefficient,0.013215057573170649,1,36,False
5,ridge,Stat3_Etch_MV_PlatenDcBias__phase_difference,G3_bosch_phase,rf_power_matching_electrical,absolute_standardized_coefficient,0.01192557632968419,-1,43,False
5,ridge,Stat3_Etch_MV_PlatenDcBias__cycle_mean_std,G4_cycle_behavior,rf_power_matching_electrical,absolute_standardized_coefficient,0.009381332628438592,-1,59,False
5,ridge,Stat3_Etch_MV_PlatenDcBias__cycle_mean_slope,G4_cycle_behavior,rf_power_matching_electrical,absolute_standardized_coefficient,0.0004310761242675076,-1,231,False
5,ridge,Stat3_Etch_MV_PlatenRFLoadCapacitor__active_mean,G1_level,rf_power_matching_electrical,absolute_standardized_coefficient,0.0004095139883068125,-1,232,False
5,ridge,Stat3_Etch_MV_PlatenRFLoadCapacitor__active_std,G1_level,rf_power_matching_electrical,absolute_standardized_coefficient,0.024793877477220495,-1,8,True
5,ridge,Stat3_Etch_MV_PlatenRFLoadCapacitor__active_range,G1_level,rf_power_matching_electrical,absolute_standardized_coefficient,0.004658440265975694,-1,129,False
5,ridge,Stat3_Etch_MV_PlatenRFLoadCapacitor__active_slope,G2_temporal_drift,rf_power_matching_electrical,absolute_standardized_coefficient,0.01023728372381714,-1,52,False
5,ridge,Stat3_Etch_MV_PlatenRFLoadCapacitor__early_late_delta,G2_temporal_drift,rf_power_matching_electrical,absolute_standardized_coefficient,0.012230752224927715,-1,41,False
5,ridge,Stat3_Etch_MV_PlatenRFLoadCapacitor__long_phase_mean,G3_bosch_phase,rf_power_matching_electrical,absolute_standardized_coefficient,0.0004799779871531521,-1,229,False
5,ridge,Stat3_Etch_MV_PlatenRFLoadCapacitor__short_phase_mean,G3_bosch_phase,rf_power_matching_electrical,absolute_standardized_coefficient,0.00034956436810474516,-1,236,False
5,ridge,Stat3_Etch_MV_PlatenRFLoadCapacitor__phase_difference,G3_bosch_phase,rf_power_matching_electrical,absolute_standardized_coefficient,0.00012940740206331168,-1,238,False
5,ridge,Stat3_Etch_MV_PlatenRFLoadCapacitor__cycle_mean_std,G4_cycle_behavior,rf_power_matching_electrical,absolute_standardized_coefficient,0.005774406245771259,-1,112,False
5,ridge,Stat3_Etch_MV_PlatenRFLoadCapacitor__cycle_mean_slope,G4_cycle_behavior,rf_power_matching_electrical,absolute_standardized_coefficient,0.0036302684178716217,-1,147,False
5,ridge,Stat3_Etch_MV_PlatenRFLoadPower__active_mean,G1_level,rf_power_matching_electrical,absolute_standardized_coefficient,0.007628768907946538,-1,83,False
5,ridge,Stat3_Etch_MV_PlatenRFLoadPower__active_std,G1_level,rf_power_matching_electrical,absolute_standardized_coefficient,0.001947606835475011,-1,180,False
5,ridge,Stat3_Etch_MV_PlatenRFLoadPower__active_range,G1_level,rf_power_matching_electrical,absolute_standardized_coefficient,0.0012158236578102112,1,196,False
5,ridge,Stat3_Etch_MV_PlatenRFLoadPower__active_slope,G2_temporal_drift,rf_power_matching_electrical,absolute_standardized_coefficient,0.0028268990107768615,1,162,False
5,ridge,Stat3_Etch_MV_PlatenRFLoadPower__early_late_delta,G2_temporal_drift,rf_power_matching_electrical,absolute_standardized_coefficient,0.015699159412795666,-1,27,False
5,ridge,Stat3_Etch_MV_PlatenRFLoadPower__long_phase_mean,G3_bosch_phase,rf_power_matching_electrical,absolute_standardized_coefficient,0.007187717092030072,-1,91,False
5,ridge,Stat3_Etch_MV_PlatenRFLoadPower__short_phase_mean,G3_bosch_phase,rf_power_matching_electrical,absolute_standardized_coefficient,0.0017851174912738212,-1,182,False
5,ridge,Stat3_Etch_MV_PlatenRFLoadPower__phase_difference,G3_bosch_phase,rf_power_matching_electrical,absolute_standardized_coefficient,0.002124203938121564,-1,176,False
5,ridge,Stat3_Etch_MV_PlatenRFLoadPower__cycle_mean_std,G4_cycle_behavior,rf_power_matching_electrical,absolute_standardized_coefficient,0.008672734250438708,1,68,False
5,ridge,Stat3_Etch_MV_PlatenRFLoadPower__cycle_mean_slope,G4_cycle_behavior,rf_power_matching_electrical,absolute_standardized_coefficient,0.0033943702375076124,1,154,False
5,ridge,Stat3_Etch_MV_PlatenRFPeakToPeak__active_mean,G1_level,rf_power_matching_electrical,absolute_standardized_coefficient,0.013687551889425515,-1,34,False
5,ridge,Stat3_Etch_MV_PlatenRFPeakToPeak__active_std,G1_level,rf_power_matching_electrical,absolute_standardized_coefficient,0.0015484323166281124,-1,190,False
5,ridge,Stat3_Etch_MV_PlatenRFPeakToPeak__active_range,G1_level,rf_power_matching_electrical,absolute_standardized_coefficient,0.0299404400322347,-1,3,True
5,ridge,Stat3_Etch_MV_PlatenRFPeakToPeak__active_slope,G2_temporal_drift,rf_power_matching_electrical,absolute_standardized_coefficient,0.008234914015034548,1,76,False
5,ridge,Stat3_Etch_MV_PlatenRFPeakToPeak__early_late_delta,G2_temporal_drift,rf_power_matching_electrical,absolute_standardized_coefficient,0.00951586934542894,-1,57,False
5,ridge,Stat3_Etch_MV_PlatenRFPeakToPeak__long_phase_mean,G3_bosch_phase,rf_power_matching_electrical,absolute_standardized_coefficient,0.007234648507313309,-1,90,False
5,ridge,Stat3_Etch_MV_PlatenRFPeakToPeak__short_phase_mean,G3_bosch_phase,rf_power_matching_electrical,absolute_standardized_coefficient,0.018638360050434823,-1,19,True
5,ridge,Stat3_Etch_MV_PlatenRFPeakToPeak__phase_difference,G3_bosch_phase,rf_power_matching_electrical,absolute_standardized_coefficient,0.017330805458465767,1,22,False
5,ridge,Stat3_Etch_MV_PlatenRFPeakToPeak__cycle_mean_std,G4_cycle_behavior,rf_power_matching_electrical,absolute_standardized_coefficient,0.007668587580765297,1,82,False
5,ridge,Stat3_Etch_MV_PlatenRFPeakToPeak__cycle_mean_slope,G4_cycle_behavior,rf_power_matching_electrical,absolute_standardized_coefficient,0.005218478177964452,1,122,False
5,ridge,Stat3_Etch_MV_PlatenRFReflectedPower__active_mean,G1_level,rf_power_matching_electrical,absolute_standardized_coefficient,0.005027904069324268,-1,124,False
5,ridge,Stat3_Etch_MV_PlatenRFReflectedPower__active_std,G1_level,rf_power_matching_electrical,absolute_standardized_coefficient,0.0039171164943174715,1,141,False
5,ridge,Stat3_Etch_MV_PlatenRFReflectedPower__active_range,G1_level,rf_power_matching_electrical,absolute_standardized_coefficient,0.018411801488610605,1,20,True
5,ridge,Stat3_Etch_MV_PlatenRFReflectedPower__active_slope,G2_temporal_drift,rf_power_matching_electrical,absolute_standardized_coefficient,0.006347994710049667,1,103,False
5,ridge,Stat3_Etch_MV_PlatenRFReflectedPower__early_late_delta,G2_temporal_drift,rf_power_matching_electrical,absolute_standardized_coefficient,0.0017095134157030956,1,184,False
5,ridge,Stat3_Etch_MV_PlatenRFReflectedPower__long_phase_mean,G3_bosch_phase,rf_power_matching_electrical,absolute_standardized_coefficient,0.020373451166602094,-1,16,True
5,ridge,Stat3_Etch_MV_PlatenRFReflectedPower__short_phase_mean,G3_bosch_phase,rf_power_matching_electrical,absolute_standardized_coefficient,0.013665542052667037,1,35,False
5,ridge,Stat3_Etch_MV_PlatenRFReflectedPower__phase_difference,G3_bosch_phase,rf_power_matching_electrical,absolute_standardized_coefficient,0.01708423612375278,-1,24,False
5,ridge,Stat3_Etch_MV_PlatenRFReflectedPower__cycle_mean_std,G4_cycle_behavior,rf_power_matching_electrical,absolute_standardized_coefficient,0.017881867476910045,-1,21,False
5,ridge,Stat3_Etch_MV_PlatenRFReflectedPower__cycle_mean_slope,G4_cycle_behavior,rf_power_matching_electrical,absolute_standardized_coefficient,3.852195784034818e-05,-1,240,False
5,ridge,Stat3_Etch_MV_PlatenRFTuningCapacitor__active_mean,G1_level,rf_power_matching_electrical,absolute_standardized_coefficient,0.019878491068932518,-1,17,True
5,ridge,Stat3_Etch_MV_PlatenRFTuningCapacitor__active_std,G1_level,rf_power_matching_electrical,absolute_standardized_coefficient,0.01489839667217838,1,30,False
5,ridge,Stat3_Etch_MV_PlatenRFTuningCapacitor__active_range,G1_level,rf_power_matching_electrical,absolute_standardized_coefficient,0.025335892729539063,1,6,True
5,ridge,Stat3_Etch_MV_PlatenRFTuningCapacitor__active_slope,G2_temporal_drift,rf_power_matching_electrical,absolute_standardized_coefficient,0.011216683957565763,1,47,False
5,ridge,Stat3_Etch_MV_PlatenRFTuningCapacitor__early_late_delta,G2_temporal_drift,rf_power_matching_electrical,absolute_standardized_coefficient,0.0014439518292448737,1,191,False
5,ridge,Stat3_Etch_MV_PlatenRFTuningCapacitor__long_phase_mean,G3_bosch_phase,rf_power_matching_electrical,absolute_standardized_coefficient,0.022145917265360714,-1,10,True
5,ridge,Stat3_Etch_MV_PlatenRFTuningCapacitor__short_phase_mean,G3_bosch_phase,rf_power_matching_electrical,absolute_standardized_coefficient,0.0008639361398038772,-1,213,False
5,ridge,Stat3_Etch_MV_PlatenRFTuningCapacitor__phase_difference,G3_bosch_phase,rf_power_matching_electrical,absolute_standardized_coefficient,0.026869453384847752,-1,5,True
5,ridge,Stat3_Etch_MV_PlatenRFTuningCapacitor__cycle_mean_std,G4_cycle_behavior,rf_power_matching_electrical,absolute_standardized_coefficient,0.005268297135656901,-1,120,False
5,ridge,Stat3_Etch_MV_PlatenRFTuningCapacitor__cycle_mean_slope,G4_cycle_behavior,rf_power_matching_electrical,absolute_standardized_coefficient,0.008513678116124473,1,72,False
5,ridge,Stat3_Etch_MV_Pressure__active_mean,G1_level,pressure,absolute_standardized_coefficient,0.0027314822293241963,1,164,False
5,ridge,Stat3_Etch_MV_Pressure__active_std,G1_level,pressure,absolute_standardized_coefficient,0.031186920322959246,-1,2,True
5,ridge,Stat3_Etch_MV_Pressure__active_range,G1_level,pressure,absolute_standardized_coefficient,0.0006913117345696217,-1,216,False
5,ridge,Stat3_Etch_MV_Pressure__active_slope,G2_temporal_drift,pressure,absolute_standardized_coefficient,0.005098755689627417,1,123,False
5,ridge,Stat3_Etch_MV_Pressure__early_late_delta,G2_temporal_drift,pressure,absolute_standardized_coefficient,0.012070110667695958,-1,42,False
5,ridge,Stat3_Etch_MV_Pressure__long_phase_mean,G3_bosch_phase,pressure,absolute_standardized_coefficient,0.008432197900817456,1,74,False
5,ridge,Stat3_Etch_MV_Pressure__short_phase_mean,G3_bosch_phase,pressure,absolute_standardized_coefficient,0.004307394487004896,-1,135,False
5,ridge,Stat3_Etch_MV_Pressure__phase_difference,G3_bosch_phase,pressure,absolute_standardized_coefficient,0.0055930045445782535,1,117,False
5,ridge,Stat3_Etch_MV_Pressure__cycle_mean_std,G4_cycle_behavior,pressure,absolute_standardized_coefficient,0.008041548484459498,1,81,False
5,ridge,Stat3_Etch_MV_Pressure__cycle_mean_slope,G4_cycle_behavior,pressure,absolute_standardized_coefficient,0.005754096884620507,-1,115,False
5,ridge,Stat3_Etch_MV_SourceRF2PeakToPeak__active_mean,G1_level,rf_power_matching_electrical,absolute_standardized_coefficient,0.0006024139397433834,1,221,False
5,ridge,Stat3_Etch_MV_SourceRF2PeakToPeak__active_std,G1_level,rf_power_matching_electrical,absolute_standardized_coefficient,0.003419870284124428,1,153,False
5,ridge,Stat3_Etch_MV_SourceRF2PeakToPeak__active_slope,G2_temporal_drift,rf_power_matching_electrical,absolute_standardized_coefficient,0.004464186457631979,-1,133,False
5,ridge,Stat3_Etch_MV_SourceRF2PeakToPeak__early_late_delta,G2_temporal_drift,rf_power_matching_electrical,absolute_standardized_coefficient,0.0008585377528296351,-1,214,False
5,ridge,Stat3_Etch_MV_SourceRF2PeakToPeak__long_phase_mean,G3_bosch_phase,rf_power_matching_electrical,absolute_standardized_coefficient,0.000507787757637765,1,227,False
5,ridge,Stat3_Etch_MV_SourceRF2PeakToPeak__phase_difference,G3_bosch_phase,rf_power_matching_electrical,absolute_standardized_coefficient,0.000507787757637765,1,228,False
5,ridge,Stat3_Etch_MV_SourceRF2PeakToPeak__cycle_mean_std,G4_cycle_behavior,rf_power_matching_electrical,absolute_standardized_coefficient,0.0013813902437784277,1,193,False
5,ridge,Stat3_Etch_MV_SourceRF2PeakToPeak__cycle_mean_slope,G4_cycle_behavior,rf_power_matching_electrical,absolute_standardized_coefficient,0.004713448640429462,-1,128,False
5,ridge,Stat3_Etch_MV_SourceRF2TuningCapacitor__active_mean,G1_level,rf_power_matching_electrical,absolute_standardized_coefficient,0.0011177311176401254,1,203,False
5,ridge,Stat3_Etch_MV_SourceRF2TuningCapacitor__active_std,G1_level,rf_power_matching_electrical,absolute_standardized_coefficient,6.158338082347305e-05,-1,239,False
5,ridge,Stat3_Etch_MV_SourceRF2TuningCapacitor__active_slope,G2_temporal_drift,rf_power_matching_electrical,absolute_standardized_coefficient,0.00111383458278789,-1,204,False
5,ridge,Stat3_Etch_MV_SourceRF2TuningCapacitor__early_late_delta,G2_temporal_drift,rf_power_matching_electrical,absolute_standardized_coefficient,0.0010828911714772936,-1,205,False
5,ridge,Stat3_Etch_MV_SourceRF2TuningCapacitor__short_phase_mean,G3_bosch_phase,rf_power_matching_electrical,absolute_standardized_coefficient,0.0009967277575585573,1,209,False
5,ridge,Stat3_Etch_MV_SourceRF2TuningCapacitor__phase_difference,G3_bosch_phase,rf_power_matching_electrical,absolute_standardized_coefficient,0.0009967277575585569,-1,210,False
5,ridge,Stat3_Etch_MV_SourceRFLoadPower__active_mean,G1_level,rf_power_matching_electrical,absolute_standardized_coefficient,0.008194294291015501,1,77,False
5,ridge,Stat3_Etch_MV_SourceRFLoadPower__active_std,G1_level,rf_power_matching_electrical,absolute_standardized_coefficient,0.004775193833365858,-1,127,False
5,ridge,Stat3_Etch_MV_SourceRFLoadPower__active_range,G1_level,rf_power_matching_electrical,absolute_standardized_coefficient,0.01406717894455911,-1,32,False
5,ridge,Stat3_Etch_MV_SourceRFLoadPower__active_slope,G2_temporal_drift,rf_power_matching_electrical,absolute_standardized_coefficient,0.0067846035008775184,-1,99,False
5,ridge,Stat3_Etch_MV_SourceRFLoadPower__early_late_delta,G2_temporal_drift,rf_power_matching_electrical,absolute_standardized_coefficient,0.001782377443272629,-1,183,False
5,ridge,Stat3_Etch_MV_SourceRFLoadPower__long_phase_mean,G3_bosch_phase,rf_power_matching_electrical,absolute_standardized_coefficient,0.008452105572816601,1,73,False
5,ridge,Stat3_Etch_MV_SourceRFLoadPower__short_phase_mean,G3_bosch_phase,rf_power_matching_electrical,absolute_standardized_coefficient,0.003817394076332056,1,142,False
5,ridge,Stat3_Etch_MV_SourceRFLoadPower__phase_difference,G3_bosch_phase,rf_power_matching_electrical,absolute_standardized_coefficient,0.0011219826194857879,-1,201,False
5,ridge,Stat3_Etch_MV_SourceRFLoadPower__cycle_mean_std,G4_cycle_behavior,rf_power_matching_electrical,absolute_standardized_coefficient,0.006464286573382706,-1,101,False
5,ridge,Stat3_Etch_MV_SourceRFLoadPower__cycle_mean_slope,G4_cycle_behavior,rf_power_matching_electrical,absolute_standardized_coefficient,0.007089834571316787,-1,92,False
5,ridge,Stat3_Etch_MV_SourceRFPeakToPeak__active_mean,G1_level,rf_power_matching_electrical,absolute_standardized_coefficient,0.008950185879524397,1,64,False
5,ridge,Stat3_Etch_MV_SourceRFPeakToPeak__active_std,G1_level,rf_power_matching_electrical,absolute_standardized_coefficient,0.019076993259959655,1,18,True
5,ridge,Stat3_Etch_MV_SourceRFPeakToPeak__active_range,G1_level,rf_power_matching_electrical,absolute_standardized_coefficient,0.005782082237854287,1,111,False
5,ridge,Stat3_Etch_MV_SourceRFPeakToPeak__active_slope,G2_temporal_drift,rf_power_matching_electrical,absolute_standardized_coefficient,0.010001967062801131,-1,56,False
5,ridge,Stat3_Etch_MV_SourceRFPeakToPeak__early_late_delta,G2_temporal_drift,rf_power_matching_electrical,absolute_standardized_coefficient,0.008910973754259165,-1,65,False
5,ridge,Stat3_Etch_MV_SourceRFPeakToPeak__long_phase_mean,G3_bosch_phase,rf_power_matching_electrical,absolute_standardized_coefficient,0.01097537537442696,1,48,False
5,ridge,Stat3_Etch_MV_SourceRFPeakToPeak__short_phase_mean,G3_bosch_phase,rf_power_matching_electrical,absolute_standardized_coefficient,0.0009104207615395509,1,212,False
5,ridge,Stat3_Etch_MV_SourceRFPeakToPeak__phase_difference,G3_bosch_phase,rf_power_matching_electrical,absolute_standardized_coefficient,0.021809199460749402,1,13,True
5,ridge,Stat3_Etch_MV_SourceRFPeakToPeak__cycle_mean_std,G4_cycle_behavior,rf_power_matching_electrical,absolute_standardized_coefficient,0.009484558734949834,1,58,False
5,ridge,Stat3_Etch_MV_SourceRFPeakToPeak__cycle_mean_slope,G4_cycle_behavior,rf_power_matching_electrical,absolute_standardized_coefficient,0.004199563651695041,-1,139,False
5,ridge,Stat3_Etch_MV_SourceRFReflectedPower__active_mean,G1_level,rf_power_matching_electrical,absolute_standardized_coefficient,0.021896455420035717,-1,12,True
5,ridge,Stat3_Etch_MV_SourceRFReflectedPower__active_std,G1_level,rf_power_matching_electrical,absolute_standardized_coefficient,0.021220786554053114,-1,15,True
5,ridge,Stat3_Etch_MV_SourceRFReflectedPower__active_range,G1_level,rf_power_matching_electrical,absolute_standardized_coefficient,0.04253637956770582,-1,1,True
5,ridge,Stat3_Etch_MV_SourceRFReflectedPower__active_slope,G2_temporal_drift,rf_power_matching_electrical,absolute_standardized_coefficient,0.010341216961025027,1,50,False
5,ridge,Stat3_Etch_MV_SourceRFReflectedPower__early_late_delta,G2_temporal_drift,rf_power_matching_electrical,absolute_standardized_coefficient,0.010060729141452302,1,54,False
5,ridge,Stat3_Etch_MV_SourceRFReflectedPower__long_phase_mean,G3_bosch_phase,rf_power_matching_electrical,absolute_standardized_coefficient,0.011315596226121369,-1,45,False
5,ridge,Stat3_Etch_MV_SourceRFReflectedPower__short_phase_mean,G3_bosch_phase,rf_power_matching_electrical,absolute_standardized_coefficient,0.02356823350356367,-1,9,True
5,ridge,Stat3_Etch_MV_SourceRFReflectedPower__phase_difference,G3_bosch_phase,rf_power_matching_electrical,absolute_standardized_coefficient,0.024801115218557997,1,7,True
5,ridge,Stat3_Etch_MV_SourceRFReflectedPower__cycle_mean_std,G4_cycle_behavior,rf_power_matching_electrical,absolute_standardized_coefficient,0.003618465940811964,1,149,False
5,ridge,Stat3_Etch_MV_SourceRFReflectedPower__cycle_mean_slope,G4_cycle_behavior,rf_power_matching_electrical,absolute_standardized_coefficient,0.004540193713022781,1,132,False
5,ridge,Stat3_Etch_MV_moriInnerCurrent__active_mean,G1_level,remaining_process_signals,absolute_standardized_coefficient,0.004974435437186776,1,126,False
5,ridge,Stat3_Etch_MV_moriInnerCurrent__active_std,G1_level,remaining_process_signals,absolute_standardized_coefficient,0.0011549764427050708,1,200,False
5,ridge,Stat3_Etch_MV_moriInnerCurrent__active_range,G1_level,remaining_process_signals,absolute_standardized_coefficient,0.008388645817428654,1,75,False
5,ridge,Stat3_Etch_MV_moriInnerCurrent__active_slope,G2_temporal_drift,remaining_process_signals,absolute_standardized_coefficient,0.0020955834382116877,-1,177,False
5,ridge,Stat3_Etch_MV_moriInnerCurrent__early_late_delta,G2_temporal_drift,remaining_process_signals,absolute_standardized_coefficient,0.002661280854495045,-1,166,False
5,ridge,Stat3_Etch_MV_moriInnerCurrent__long_phase_mean,G3_bosch_phase,remaining_process_signals,absolute_standardized_coefficient,0.005386013985560268,1,119,False
5,ridge,Stat3_Etch_MV_moriInnerCurrent__short_phase_mean,G3_bosch_phase,remaining_process_signals,absolute_standardized_coefficient,0.0023183334247867905,1,174,False
5,ridge,Stat3_Etch_MV_moriInnerCurrent__phase_difference,G3_bosch_phase,remaining_process_signals,absolute_standardized_coefficient,0.0015784731094512189,1,188,False
5,ridge,Stat3_Etch_MV_moriInnerCurrent__cycle_mean_std,G4_cycle_behavior,remaining_process_signals,absolute_standardized_coefficient,0.006801949508785824,1,98,False
5,ridge,Stat3_Etch_MV_moriInnerCurrent__cycle_mean_slope,G4_cycle_behavior,remaining_process_signals,absolute_standardized_coefficient,0.006338043548185189,-1,104,False
6,pls,Stat3_Etch_MV_ForeLinePressure__active_mean,G1_level,pressure,VIP,0.4565792277372725,-1,196,False
6,pls,Stat3_Etch_MV_ForeLinePressure__active_std,G1_level,pressure,VIP,1.292708458872419,-1,42,False
6,pls,Stat3_Etch_MV_ForeLinePressure__active_range,G1_level,pressure,VIP,1.8517775775570786,-1,15,True
6,pls,Stat3_Etch_MV_ForeLinePressure__active_slope,G2_temporal_drift,pressure,VIP,0.5692545880291275,-1,169,False
6,pls,Stat3_Etch_MV_ForeLinePressure__early_late_delta,G2_temporal_drift,pressure,VIP,0.5249275067853747,-1,186,False
6,pls,Stat3_Etch_MV_ForeLinePressure__long_phase_mean,G3_bosch_phase,pressure,VIP,0.6045604015535057,-1,163,False
6,pls,Stat3_Etch_MV_ForeLinePressure__short_phase_mean,G3_bosch_phase,pressure,VIP,0.3607682178756936,1,211,False
6,pls,Stat3_Etch_MV_ForeLinePressure__phase_difference,G3_bosch_phase,pressure,VIP,0.7921549631131187,-1,126,False
6,pls,Stat3_Etch_MV_ForeLinePressure__cycle_mean_std,G4_cycle_behavior,pressure,VIP,0.762589093125209,1,132,False
6,pls,Stat3_Etch_MV_ForeLinePressure__cycle_mean_slope,G4_cycle_behavior,pressure,VIP,0.445349975198954,1,200,False
6,pls,Stat3_Etch_MV_Gas1Flow__active_mean,G1_level,gas_or_backside_flow,VIP,0.7128282330888674,-1,149,False
6,pls,Stat3_Etch_MV_Gas1Flow__active_std,G1_level,gas_or_backside_flow,VIP,0.8505916498138656,1,102,False
6,pls,Stat3_Etch_MV_Gas1Flow__active_range,G1_level,gas_or_backside_flow,VIP,0.20206870987862327,1,237,False
6,pls,Stat3_Etch_MV_Gas1Flow__active_slope,G2_temporal_drift,gas_or_backside_flow,VIP,0.8412979379323041,-1,114,False
6,pls,Stat3_Etch_MV_Gas1Flow__early_late_delta,G2_temporal_drift,gas_or_backside_flow,VIP,0.8449003288792686,-1,113,False
6,pls,Stat3_Etch_MV_Gas1Flow__long_phase_mean,G3_bosch_phase,gas_or_backside_flow,VIP,0.5345395492969875,-1,183,False
6,pls,Stat3_Etch_MV_Gas1Flow__short_phase_mean,G3_bosch_phase,gas_or_backside_flow,VIP,0.8148613324677012,1,122,False
6,pls,Stat3_Etch_MV_Gas1Flow__phase_difference,G3_bosch_phase,gas_or_backside_flow,VIP,0.8458672024455416,-1,111,False
6,pls,Stat3_Etch_MV_Gas1Flow__cycle_mean_std,G4_cycle_behavior,gas_or_backside_flow,VIP,0.2053505252812232,1,235,False
6,pls,Stat3_Etch_MV_Gas1Flow__cycle_mean_slope,G4_cycle_behavior,gas_or_backside_flow,VIP,0.4010165233216421,1,207,False
6,pls,Stat3_Etch_MV_Gas2Flow__active_mean,G1_level,gas_or_backside_flow,VIP,0.5655556128318189,-1,173,False
6,pls,Stat3_Etch_MV_Gas2Flow__active_std,G1_level,gas_or_backside_flow,VIP,1.6399947812807518,1,24,False
6,pls,Stat3_Etch_MV_Gas2Flow__active_range,G1_level,gas_or_backside_flow,VIP,1.638849471066626,1,25,False
6,pls,Stat3_Etch_MV_Gas2Flow__active_slope,G2_temporal_drift,gas_or_backside_flow,VIP,0.20011899270457023,1,238,False
6,pls,Stat3_Etch_MV_Gas2Flow__early_late_delta,G2_temporal_drift,gas_or_backside_flow,VIP,0.32614890250239525,1,219,False
6,pls,Stat3_Etch_MV_Gas2Flow__long_phase_mean,G3_bosch_phase,gas_or_backside_flow,VIP,0.5671028761592986,-1,171,False
6,pls,Stat3_Etch_MV_Gas2Flow__short_phase_mean,G3_bosch_phase,gas_or_backside_flow,VIP,0.5609403098287424,-1,174,False
6,pls,Stat3_Etch_MV_Gas2Flow__phase_difference,G3_bosch_phase,gas_or_backside_flow,VIP,0.34732459470645327,1,213,False
6,pls,Stat3_Etch_MV_Gas2Flow__cycle_mean_std,G4_cycle_behavior,gas_or_backside_flow,VIP,1.52036852261673,1,31,False
6,pls,Stat3_Etch_MV_Gas2Flow__cycle_mean_slope,G4_cycle_behavior,gas_or_backside_flow,VIP,0.20394486103783052,1,236,False
6,pls,Stat3_Etch_MV_Gas4Flow__active_mean,G1_level,gas_or_backside_flow,VIP,0.7933307339172903,-1,125,False
6,pls,Stat3_Etch_MV_Gas4Flow__active_std,G1_level,gas_or_backside_flow,VIP,0.8299229044804548,-1,118,False
6,pls,Stat3_Etch_MV_Gas4Flow__active_slope,G2_temporal_drift,gas_or_backside_flow,VIP,0.7615254781024261,1,133,False
6,pls,Stat3_Etch_MV_Gas4Flow__early_late_delta,G2_temporal_drift,gas_or_backside_flow,VIP,0.6020823975367415,1,164,False
6,pls,Stat3_Etch_MV_Gas4Flow__long_phase_mean,G3_bosch_phase,gas_or_backside_flow,VIP,0.3145767109110614,1,223,False
6,pls,Stat3_Etch_MV_Gas4Flow__short_phase_mean,G3_bosch_phase,gas_or_backside_flow,VIP,0.30638183722877554,1,225,False
6,pls,Stat3_Etch_MV_Gas4Flow__phase_difference,G3_bosch_phase,gas_or_backside_flow,VIP,0.3189270455160719,-1,222,False
6,pls,Stat3_Etch_MV_Gas4Flow__cycle_mean_std,G4_cycle_behavior,gas_or_backside_flow,VIP,0.791125989017972,1,127,False
6,pls,Stat3_Etch_MV_Gas4Flow__cycle_mean_slope,G4_cycle_behavior,gas_or_backside_flow,VIP,0.5575127447864661,-1,175,False
6,pls,Stat3_Etch_MV_Gas5Flow__active_mean,G1_level,gas_or_backside_flow,VIP,0.751870806281876,1,136,False
6,pls,Stat3_Etch_MV_Gas5Flow__active_std,G1_level,gas_or_backside_flow,VIP,0.7436745563835029,-1,141,False
6,pls,Stat3_Etch_MV_Gas5Flow__active_slope,G2_temporal_drift,gas_or_backside_flow,VIP,0.7240732076900401,-1,145,False
6,pls,Stat3_Etch_MV_Gas5Flow__early_late_delta,G2_temporal_drift,gas_or_backside_flow,VIP,0.5570553561911062,-1,176,False
6,pls,Stat3_Etch_MV_Gas5Flow__long_phase_mean,G3_bosch_phase,gas_or_backside_flow,VIP,0.35809239616623717,-1,212,False
6,pls,Stat3_Etch_MV_Gas5Flow__short_phase_mean,G3_bosch_phase,gas_or_backside_flow,VIP,0.38679590037574085,-1,208,False
6,pls,Stat3_Etch_MV_Gas5Flow__phase_difference,G3_bosch_phase,gas_or_backside_flow,VIP,0.5415848427550918,-1,182,False
6,pls,Stat3_Etch_MV_Gas5Flow__cycle_mean_std,G4_cycle_behavior,gas_or_backside_flow,VIP,0.7516764655209667,1,137,False
6,pls,Stat3_Etch_MV_Gas5Flow__cycle_mean_slope,G4_cycle_behavior,gas_or_backside_flow,VIP,0.5417485600456677,1,181,False
6,pls,Stat3_Etch_MV_Gas7Flow__active_mean,G1_level,gas_or_backside_flow,VIP,0.9326342733766039,1,84,False
6,pls,Stat3_Etch_MV_Gas7Flow__active_std,G1_level,gas_or_backside_flow,VIP,1.051630498328933,1,63,False
6,pls,Stat3_Etch_MV_Gas7Flow__active_range,G1_level,gas_or_backside_flow,VIP,0.8812357224870488,1,90,False
6,pls,Stat3_Etch_MV_Gas7Flow__active_slope,G2_temporal_drift,gas_or_backside_flow,VIP,0.16064690056026226,-1,241,False
6,pls,Stat3_Etch_MV_Gas7Flow__early_late_delta,G2_temporal_drift,gas_or_backside_flow,VIP,0.2695006445326706,-1,230,False
6,pls,Stat3_Etch_MV_Gas7Flow__long_phase_mean,G3_bosch_phase,gas_or_backside_flow,VIP,0.9304360112535012,1,85,False
6,pls,Stat3_Etch_MV_Gas7Flow__short_phase_mean,G3_bosch_phase,gas_or_backside_flow,VIP,0.9382608180455854,1,82,False
6,pls,Stat3_Etch_MV_Gas7Flow__phase_difference,G3_bosch_phase,gas_or_backside_flow,VIP,0.40838432370839256,-1,206,False
6,pls,Stat3_Etch_MV_Gas7Flow__cycle_mean_std,G4_cycle_behavior,gas_or_backside_flow,VIP,0.857743964195823,1,99,False
6,pls,Stat3_Etch_MV_Gas7Flow__cycle_mean_slope,G4_cycle_behavior,gas_or_backside_flow,VIP,0.16127703035947424,-1,240,False
6,pls,Stat3_Etch_MV_Heater1Temp__active_mean,G1_level,heater_temperature,VIP,0.8040444840488344,-1,123,False
6,pls,Stat3_Etch_MV_Heater1Temp__active_std,G1_level,heater_temperature,VIP,0.82744325418859,-1,119,False
6,pls,Stat3_Etch_MV_Heater1Temp__active_slope,G2_temporal_drift,heater_temperature,VIP,0.2653710674774911,-1,231,False
6,pls,Stat3_Etch_MV_Heater1Temp__early_late_delta,G2_temporal_drift,heater_temperature,VIP,0.501072211389582,-1,193,False
6,pls,Stat3_Etch_MV_Heater1Temp__long_phase_mean,G3_bosch_phase,heater_temperature,VIP,0.7858119556412879,-1,128,False
6,pls,Stat3_Etch_MV_Heater1Temp__short_phase_mean,G3_bosch_phase,heater_temperature,VIP,0.6063744771648233,-1,162,False
6,pls,Stat3_Etch_MV_Heater1Temp__phase_difference,G3_bosch_phase,heater_temperature,VIP,0.1922192725336495,1,239,False
6,pls,Stat3_Etch_MV_Heater1Temp__cycle_mean_std,G4_cycle_behavior,heater_temperature,VIP,0.4451177766855286,1,201,False
6,pls,Stat3_Etch_MV_Heater1Temp__cycle_mean_slope,G4_cycle_behavior,heater_temperature,VIP,0.25762091902173606,-1,233,False
6,pls,Stat3_Etch_MV_Heater2Temp__active_mean,G1_level,heater_temperature,VIP,0.6185757104294252,1,160,False
6,pls,Stat3_Etch_MV_Heater2Temp__active_std,G1_level,heater_temperature,VIP,1.551336231931643,-1,28,False
6,pls,Stat3_Etch_MV_Heater2Temp__active_range,G1_level,heater_temperature,VIP,1.2586386923766635,-1,43,False
6,pls,Stat3_Etch_MV_Heater2Temp__active_slope,G2_temporal_drift,heater_temperature,VIP,1.1196667494861385,-1,53,False
6,pls,Stat3_Etch_MV_Heater2Temp__early_late_delta,G2_temporal_drift,heater_temperature,VIP,0.9708376450256421,-1,75,False
6,pls,Stat3_Etch_MV_Heater2Temp__long_phase_mean,G3_bosch_phase,heater_temperature,VIP,0.6195368947015002,1,159,False
6,pls,Stat3_Etch_MV_Heater2Temp__short_phase_mean,G3_bosch_phase,heater_temperature,VIP,0.6158742722666358,1,161,False
6,pls,Stat3_Etch_MV_Heater2Temp__phase_difference,G3_bosch_phase,heater_temperature,VIP,0.469954705735548,1,194,False
6,pls,Stat3_Etch_MV_Heater2Temp__cycle_mean_std,G4_cycle_behavior,heater_temperature,VIP,1.556569696540735,-1,27,False
6,pls,Stat3_Etch_MV_Heater2Temp__cycle_mean_slope,G4_cycle_behavior,heater_temperature,VIP,1.1189515620513542,-1,54,False
6,pls,Stat3_Etch_MV_Heater3Temp__active_mean,G1_level,heater_temperature,VIP,1.0363599275758988,-1,65,False
6,pls,Stat3_Etch_MV_Heater3Temp__active_std,G1_level,heater_temperature,VIP,1.2322785642068792,1,46,False
6,pls,Stat3_Etch_MV_Heater3Temp__active_range,G1_level,heater_temperature,VIP,1.0310657834170467,1,66,False
6,pls,Stat3_Etch_MV_Heater3Temp__active_slope,G2_temporal_drift,heater_temperature,VIP,0.5145483268682123,-1,189,False
6,pls,Stat3_Etch_MV_Heater3Temp__early_late_delta,G2_temporal_drift,heater_temperature,VIP,0.5686179145155931,-1,170,False
6,pls,Stat3_Etch_MV_Heater3Temp__long_phase_mean,G3_bosch_phase,heater_temperature,VIP,1.026131704222969,-1,67,False
6,pls,Stat3_Etch_MV_Heater3Temp__short_phase_mean,G3_bosch_phase,heater_temperature,VIP,1.0599962784651034,-1,62,False
6,pls,Stat3_Etch_MV_Heater3Temp__phase_difference,G3_bosch_phase,heater_temperature,VIP,0.2582264886211408,1,232,False
6,pls,Stat3_Etch_MV_Heater3Temp__cycle_mean_std,G4_cycle_behavior,heater_temperature,VIP,1.2508730598223192,1,44,False
6,pls,Stat3_Etch_MV_Heater3Temp__cycle_mean_slope,G4_cycle_behavior,heater_temperature,VIP,0.5099813650664518,-1,190,False
6,pls,Stat3_Etch_MV_Heater4Temp__active_mean,G1_level,heater_temperature,VIP,0.33833609314524243,1,215,False
6,pls,Stat3_Etch_MV_Heater4Temp__active_std,G1_level,heater_temperature,VIP,0.9347331817157251,1,83,False
6,pls,Stat3_Etch_MV_Heater4Temp__active_range,G1_level,heater_temperature,VIP,1.0002302334553534,-1,72,False
6,pls,Stat3_Etch_MV_Heater4Temp__active_slope,G2_temporal_drift,heater_temperature,VIP,0.2504692493599831,1,234,False
6,pls,Stat3_Etch_MV_Heater4Temp__early_late_delta,G2_temporal_drift,heater_temperature,VIP,0.566600906571792,1,172,False
6,pls,Stat3_Etch_MV_Heater4Temp__long_phase_mean,G3_bosch_phase,heater_temperature,VIP,0.3364553953155531,1,217,False
6,pls,Stat3_Etch_MV_Heater4Temp__short_phase_mean,G3_bosch_phase,heater_temperature,VIP,0.3434588984793911,1,214,False
6,pls,Stat3_Etch_MV_Heater4Temp__phase_difference,G3_bosch_phase,heater_temperature,VIP,0.5063705434457492,-1,191,False
6,pls,Stat3_Etch_MV_Heater4Temp__cycle_mean_std,G4_cycle_behavior,heater_temperature,VIP,0.7990333685211658,1,124,False
6,pls,Stat3_Etch_MV_Heater4Temp__cycle_mean_slope,G4_cycle_behavior,heater_temperature,VIP,0.2959178877732509,1,226,False
6,pls,Stat3_Etch_MV_HeliumBPFlow__active_mean,G1_level,gas_or_backside_flow,VIP,0.6279425801828769,1,157,False
6,pls,Stat3_Etch_MV_HeliumBPFlow__active_std,G1_level,gas_or_backside_flow,VIP,0.8538226707995229,-1,101,False
6,pls,Stat3_Etch_MV_HeliumBPFlow__active_range,G1_level,gas_or_backside_flow,VIP,0.8790005499649987,-1,93,False
6,pls,Stat3_Etch_MV_HeliumBPFlow__active_slope,G2_temporal_drift,gas_or_backside_flow,VIP,0.8916803329098554,1,89,False
6,pls,Stat3_Etch_MV_HeliumBPFlow__early_late_delta,G2_temporal_drift,gas_or_backside_flow,VIP,0.9179141537262071,1,86,False
6,pls,Stat3_Etch_MV_HeliumBPFlow__long_phase_mean,G3_bosch_phase,gas_or_backside_flow,VIP,0.6294736028043446,1,156,False
6,pls,Stat3_Etch_MV_HeliumBPFlow__short_phase_mean,G3_bosch_phase,gas_or_backside_flow,VIP,0.6237983922758022,1,158,False
6,pls,Stat3_Etch_MV_HeliumBPFlow__phase_difference,G3_bosch_phase,gas_or_backside_flow,VIP,0.8652942238698229,-1,96,False
6,pls,Stat3_Etch_MV_HeliumBPFlow__cycle_mean_std,G4_cycle_behavior,gas_or_backside_flow,VIP,0.8379337400853595,-1,115,False
6,pls,Stat3_Etch_MV_HeliumBPFlow__cycle_mean_slope,G4_cycle_behavior,gas_or_backside_flow,VIP,0.8955909206869622,1,88,False
6,pls,Stat3_Etch_MV_HeliumBPPressure__active_mean,G1_level,pressure,VIP,1.1716831528867677,-1,50,False
6,pls,Stat3_Etch_MV_HeliumBPPressure__active_std,G1_level,pressure,VIP,1.062305905335832,1,61,False
6,pls,Stat3_Etch_MV_HeliumBPPressure__active_range,G1_level,pressure,VIP,0.32219230230633183,1,220,False
6,pls,Stat3_Etch_MV_HeliumBPPressure__active_slope,G2_temporal_drift,pressure,VIP,1.1079575939449053,1,55,False
6,pls,Stat3_Etch_MV_HeliumBPPressure__early_late_delta,G2_temporal_drift,pressure,VIP,1.092758929886452,1,58,False
6,pls,Stat3_Etch_MV_HeliumBPPressure__long_phase_mean,G3_bosch_phase,pressure,VIP,1.081465507185606,-1,59,False
6,pls,Stat3_Etch_MV_HeliumBPPressure__short_phase_mean,G3_bosch_phase,pressure,VIP,1.1714636859339322,-1,51,False
6,pls,Stat3_Etch_MV_HeliumBPPressure__phase_difference,G3_bosch_phase,pressure,VIP,0.9977647648844504,-1,73,False
6,pls,Stat3_Etch_MV_HeliumBPPressure__cycle_mean_std,G4_cycle_behavior,pressure,VIP,1.1664750567088396,1,52,False
6,pls,Stat3_Etch_MV_HeliumBPPressure__cycle_mean_slope,G4_cycle_behavior,pressure,VIP,1.102843408476184,1,57,False
6,pls,Stat3_Etch_MV_PlatenDcBias__active_mean,G1_level,rf_power_matching_electrical,VIP,0.43093353345535623,1,202,False
6,pls,Stat3_Etch_MV_PlatenDcBias__active_std,G1_level,rf_power_matching_electrical,VIP,1.4664764736761542,1,34,False
6,pls,Stat3_Etch_MV_PlatenDcBias__active_range,G1_level,rf_power_matching_electrical,VIP,1.411303018846236,1,36,False
6,pls,Stat3_Etch_MV_PlatenDcBias__active_slope,G2_temporal_drift,rf_power_matching_electrical,VIP,1.8187686292653544,1,16,True
6,pls,Stat3_Etch_MV_PlatenDcBias__early_late_delta,G2_temporal_drift,rf_power_matching_electrical,VIP,1.5264702082693649,1,30,False
6,pls,Stat3_Etch_MV_PlatenDcBias__long_phase_mean,G3_bosch_phase,rf_power_matching_electrical,VIP,0.46892397841632133,1,195,False
6,pls,Stat3_Etch_MV_PlatenDcBias__short_phase_mean,G3_bosch_phase,rf_power_matching_electrical,VIP,0.8458236614392242,1,112,False
6,pls,Stat3_Etch_MV_PlatenDcBias__phase_difference,G3_bosch_phase,rf_power_matching_electrical,VIP,0.9616748136821963,-1,80,False
6,pls,Stat3_Etch_MV_PlatenDcBias__cycle_mean_std,G4_cycle_behavior,rf_power_matching_electrical,VIP,0.41447257307406554,-1,205,False
6,pls,Stat3_Etch_MV_PlatenDcBias__cycle_mean_slope,G4_cycle_behavior,rf_power_matching_electrical,VIP,1.809245103292091,1,18,True
6,pls,Stat3_Etch_MV_PlatenRFLoadCapacitor__active_mean,G1_level,rf_power_matching_electrical,VIP,0.5163324078466072,1,188,False
6,pls,Stat3_Etch_MV_PlatenRFLoadCapacitor__active_std,G1_level,rf_power_matching_electrical,VIP,0.9619752463268575,-1,79,False
6,pls,Stat3_Etch_MV_PlatenRFLoadCapacitor__active_range,G1_level,rf_power_matching_electrical,VIP,0.8796984987119004,1,92,False
6,pls,Stat3_Etch_MV_PlatenRFLoadCapacitor__active_slope,G2_temporal_drift,rf_power_matching_electrical,VIP,1.2062520255470106,-1,48,False
6,pls,Stat3_Etch_MV_PlatenRFLoadCapacitor__early_late_delta,G2_temporal_drift,rf_power_matching_electrical,VIP,0.7841005751119314,-1,129,False
6,pls,Stat3_Etch_MV_PlatenRFLoadCapacitor__long_phase_mean,G3_bosch_phase,rf_power_matching_electrical,VIP,0.5740965816897992,1,166,False
6,pls,Stat3_Etch_MV_PlatenRFLoadCapacitor__short_phase_mean,G3_bosch_phase,rf_power_matching_electrical,VIP,0.5239803582397591,1,187,False
6,pls,Stat3_Etch_MV_PlatenRFLoadCapacitor__phase_difference,G3_bosch_phase,rf_power_matching_electrical,VIP,0.7823126098603338,-1,130,False
6,pls,Stat3_Etch_MV_PlatenRFLoadCapacitor__cycle_mean_std,G4_cycle_behavior,rf_power_matching_electrical,VIP,0.7305561131248159,1,144,False
6,pls,Stat3_Etch_MV_PlatenRFLoadCapacitor__cycle_mean_slope,G4_cycle_behavior,rf_power_matching_electrical,VIP,0.971931748636036,1,74,False
6,pls,Stat3_Etch_MV_PlatenRFLoadPower__active_mean,G1_level,rf_power_matching_electrical,VIP,0.7037788646262702,-1,150,False
6,pls,Stat3_Etch_MV_PlatenRFLoadPower__active_std,G1_level,rf_power_matching_electrical,VIP,0.8305610211635235,1,117,False
6,pls,Stat3_Etch_MV_PlatenRFLoadPower__active_range,G1_level,rf_power_matching_electrical,VIP,1.6630612835558485,1,23,False
6,pls,Stat3_Etch_MV_PlatenRFLoadPower__active_slope,G2_temporal_drift,rf_power_matching_electrical,VIP,1.1967370832491644,1,49,False
6,pls,Stat3_Etch_MV_PlatenRFLoadPower__early_late_delta,G2_temporal_drift,rf_power_matching_electrical,VIP,0.7239730744398549,1,146,False
6,pls,Stat3_Etch_MV_PlatenRFLoadPower__long_phase_mean,G3_bosch_phase,rf_power_matching_electrical,VIP,0.6397904888803811,-1,153,False
6,pls,Stat3_Etch_MV_PlatenRFLoadPower__short_phase_mean,G3_bosch_phase,rf_power_matching_electrical,VIP,0.8799818185229891,-1,91,False
6,pls,Stat3_Etch_MV_PlatenRFLoadPower__phase_difference,G3_bosch_phase,rf_power_matching_electrical,VIP,0.8354326010135584,1,116,False
6,pls,Stat3_Etch_MV_PlatenRFLoadPower__cycle_mean_std,G4_cycle_behavior,rf_power_matching_electrical,VIP,0.7347580783598437,1,142,False
6,pls,Stat3_Etch_MV_PlatenRFLoadPower__cycle_mean_slope,G4_cycle_behavior,rf_power_matching_electrical,VIP,0.8617775928022169,1,97,False
6,pls,Stat3_Etch_MV_PlatenRFPeakToPeak__active_mean,G1_level,rf_power_matching_electrical,VIP,2.0896464112762687,-1,5,True
6,pls,Stat3_Etch_MV_PlatenRFPeakToPeak__active_std,G1_level,rf_power_matching_electrical,VIP,0.3690051054820837,1,209,False
6,pls,Stat3_Etch_MV_PlatenRFPeakToPeak__active_range,G1_level,rf_power_matching_electrical,VIP,2.1747400817453575,-1,3,True
6,pls,Stat3_Etch_MV_PlatenRFPeakToPeak__active_slope,G2_temporal_drift,rf_power_matching_electrical,VIP,1.3122061491299235,1,39,False
6,pls,Stat3_Etch_MV_PlatenRFPeakToPeak__early_late_delta,G2_temporal_drift,rf_power_matching_electrical,VIP,0.8989050166991149,-1,87,False
6,pls,Stat3_Etch_MV_PlatenRFPeakToPeak__long_phase_mean,G3_bosch_phase,rf_power_matching_electrical,VIP,1.7694390495345051,-1,20,True
6,pls,Stat3_Etch_MV_PlatenRFPeakToPeak__short_phase_mean,G3_bosch_phase,rf_power_matching_electrical,VIP,1.9915602638008827,-1,8,True
6,pls,Stat3_Etch_MV_PlatenRFPeakToPeak__phase_difference,G3_bosch_phase,rf_power_matching_electrical,VIP,1.2935170025930645,1,41,False
6,pls,Stat3_Etch_MV_PlatenRFPeakToPeak__cycle_mean_std,G4_cycle_behavior,rf_power_matching_electrical,VIP,0.8675384199765264,-1,94,False
6,pls,Stat3_Etch_MV_PlatenRFPeakToPeak__cycle_mean_slope,G4_cycle_behavior,rf_power_matching_electrical,VIP,1.1075425042885314,1,56,False
6,pls,Stat3_Etch_MV_PlatenRFReflectedPower__active_mean,G1_level,rf_power_matching_electrical,VIP,0.5453344818248601,1,180,False
6,pls,Stat3_Etch_MV_PlatenRFReflectedPower__active_std,G1_level,rf_power_matching_electrical,VIP,1.0670844393959091,1,60,False
6,pls,Stat3_Etch_MV_PlatenRFReflectedPower__active_range,G1_level,rf_power_matching_electrical,VIP,2.002775943124927,1,7,True
6,pls,Stat3_Etch_MV_PlatenRFReflectedPower__active_slope,G2_temporal_drift,rf_power_matching_electrical,VIP,1.0503993054390348,1,64,False
6,pls,Stat3_Etch_MV_PlatenRFReflectedPower__early_late_delta,G2_temporal_drift,rf_power_matching_electrical,VIP,0.8666830594804715,1,95,False
6,pls,Stat3_Etch_MV_PlatenRFReflectedPower__long_phase_mean,G3_bosch_phase,rf_power_matching_electrical,VIP,1.9238926389371884,-1,13,True
6,pls,Stat3_Etch_MV_PlatenRFReflectedPower__short_phase_mean,G3_bosch_phase,rf_power_matching_electrical,VIP,1.7777838533364818,1,19,True
6,pls,Stat3_Etch_MV_PlatenRFReflectedPower__phase_difference,G3_bosch_phase,rf_power_matching_electrical,VIP,1.9883071885828618,-1,9,True
6,pls,Stat3_Etch_MV_PlatenRFReflectedPower__cycle_mean_std,G4_cycle_behavior,rf_power_matching_electrical,VIP,0.771706052165968,1,131,False
6,pls,Stat3_Etch_MV_PlatenRFReflectedPower__cycle_mean_slope,G4_cycle_behavior,rf_power_matching_electrical,VIP,0.8593199325589382,1,98,False
6,pls,Stat3_Etch_MV_PlatenRFTuningCapacitor__active_mean,G1_level,rf_power_matching_electrical,VIP,2.3812035486166008,-1,2,True
6,pls,Stat3_Etch_MV_PlatenRFTuningCapacitor__active_std,G1_level,rf_power_matching_electrical,VIP,1.695071147395908,1,21,False
6,pls,Stat3_Etch_MV_PlatenRFTuningCapacitor__active_range,G1_level,rf_power_matching_electrical,VIP,1.8180586590348904,1,17,True
6,pls,Stat3_Etch_MV_PlatenRFTuningCapacitor__active_slope,G2_temporal_drift,rf_power_matching_electrical,VIP,0.9600990159881329,1,81,False
6,pls,Stat3_Etch_MV_PlatenRFTuningCapacitor__early_late_delta,G2_temporal_drift,rf_power_matching_electrical,VIP,0.8546151427633782,1,100,False
6,pls,Stat3_Etch_MV_PlatenRFTuningCapacitor__long_phase_mean,G3_bosch_phase,rf_power_matching_electrical,VIP,2.461300759210641,-1,1,True
6,pls,Stat3_Etch_MV_PlatenRFTuningCapacitor__short_phase_mean,G3_bosch_phase,rf_power_matching_electrical,VIP,1.2981761372855927,-1,40,False
6,pls,Stat3_Etch_MV_PlatenRFTuningCapacitor__phase_difference,G3_bosch_phase,rf_power_matching_electrical,VIP,2.123915592190155,-1,4,True
6,pls,Stat3_Etch_MV_PlatenRFTuningCapacitor__cycle_mean_std,G4_cycle_behavior,rf_power_matching_electrical,VIP,0.7454426214566756,1,139,False
6,pls,Stat3_Etch_MV_PlatenRFTuningCapacitor__cycle_mean_slope,G4_cycle_behavior,rf_power_matching_electrical,VIP,0.8475510257964768,1,104,False
6,pls,Stat3_Etch_MV_Pressure__active_mean,G1_level,pressure,VIP,0.3689163197815539,1,210,False
6,pls,Stat3_Etch_MV_Pressure__active_std,G1_level,pressure,VIP,1.940618277694488,-1,10,True
6,pls,Stat3_Etch_MV_Pressure__active_range,G1_level,pressure,VIP,1.0101258752384672,-1,68,False
6,pls,Stat3_Etch_MV_Pressure__active_slope,G2_temporal_drift,pressure,VIP,0.8198779992360407,1,121,False
6,pls,Stat3_Etch_MV_Pressure__early_late_delta,G2_temporal_drift,pressure,VIP,0.5011776315080564,1,192,False
6,pls,Stat3_Etch_MV_Pressure__long_phase_mean,G3_bosch_phase,pressure,VIP,0.4160711787299937,-1,204,False
6,pls,Stat3_Etch_MV_Pressure__short_phase_mean,G3_bosch_phase,pressure,VIP,0.3305218598112197,1,218,False
6,pls,Stat3_Etch_MV_Pressure__phase_difference,G3_bosch_phase,pressure,VIP,0.3370839545595956,-1,216,False
6,pls,Stat3_Etch_MV_Pressure__cycle_mean_std,G4_cycle_behavior,pressure,VIP,0.7213253270448189,1,147,False
6,pls,Stat3_Etch_MV_Pressure__cycle_mean_slope,G4_cycle_behavior,pressure,VIP,0.4546004800828198,1,197,False
6,pls,Stat3_Etch_MV_SourceRF2PeakToPeak__active_mean,G1_level,rf_power_matching_electrical,VIP,0.27613302104016985,1,229,False
6,pls,Stat3_Etch_MV_SourceRF2PeakToPeak__active_std,G1_level,rf_power_matching_electrical,VIP,0.3076042696563677,1,224,False
6,pls,Stat3_Etch_MV_SourceRF2PeakToPeak__active_slope,G2_temporal_drift,rf_power_matching_electrical,VIP,0.5543251046598375,1,177,False
6,pls,Stat3_Etch_MV_SourceRF2PeakToPeak__early_late_delta,G2_temporal_drift,rf_power_matching_electrical,VIP,0.529456023254253,-1,185,False
6,pls,Stat3_Etch_MV_SourceRF2PeakToPeak__long_phase_mean,G3_bosch_phase,rf_power_matching_electrical,VIP,0.2787823244756233,1,227,False
6,pls,Stat3_Etch_MV_SourceRF2PeakToPeak__phase_difference,G3_bosch_phase,rf_power_matching_electrical,VIP,0.2787823244756233,1,228,False
6,pls,Stat3_Etch_MV_SourceRF2PeakToPeak__cycle_mean_std,G4_cycle_behavior,rf_power_matching_electrical,VIP,0.3201035118666307,1,221,False
6,pls,Stat3_Etch_MV_SourceRF2PeakToPeak__cycle_mean_slope,G4_cycle_behavior,rf_power_matching_electrical,VIP,0.549814544998675,1,178,False
6,pls,Stat3_Etch_MV_SourceRF2TuningCapacitor__active_mean,G1_level,rf_power_matching_electrical,VIP,0.8470952676776262,-1,107,False
6,pls,Stat3_Etch_MV_SourceRF2TuningCapacitor__active_std,G1_level,rf_power_matching_electrical,VIP,0.8503231363745609,1,103,False
6,pls,Stat3_Etch_MV_SourceRF2TuningCapacitor__active_slope,G2_temporal_drift,rf_power_matching_electrical,VIP,0.8471103088474204,1,106,False
6,pls,Stat3_Etch_MV_SourceRF2TuningCapacitor__early_late_delta,G2_temporal_drift,rf_power_matching_electrical,VIP,0.847229372050684,1,105,False
6,pls,Stat3_Etch_MV_SourceRF2TuningCapacitor__short_phase_mean,G3_bosch_phase,rf_power_matching_electrical,VIP,0.8459296595808496,-1,109,False
6,pls,Stat3_Etch_MV_SourceRF2TuningCapacitor__phase_difference,G3_bosch_phase,rf_power_matching_electrical,VIP,0.8459296595808496,1,110,False
6,pls,Stat3_Etch_MV_SourceRFLoadPower__active_mean,G1_level,rf_power_matching_electrical,VIP,1.3524481265568236,1,38,False
6,pls,Stat3_Etch_MV_SourceRFLoadPower__active_std,G1_level,rf_power_matching_electrical,VIP,0.8272049645459174,1,120,False
6,pls,Stat3_Etch_MV_SourceRFLoadPower__active_range,G1_level,rf_power_matching_electrical,VIP,0.5302581879320234,-1,184,False
6,pls,Stat3_Etch_MV_SourceRFLoadPower__active_slope,G2_temporal_drift,rf_power_matching_electrical,VIP,0.6864224045985516,-1,151,False
6,pls,Stat3_Etch_MV_SourceRFLoadPower__early_late_delta,G2_temporal_drift,rf_power_matching_electrical,VIP,0.7324259173912825,1,143,False
6,pls,Stat3_Etch_MV_SourceRFLoadPower__long_phase_mean,G3_bosch_phase,rf_power_matching_electrical,VIP,1.9265309443476881,1,12,True
6,pls,Stat3_Etch_MV_SourceRFLoadPower__short_phase_mean,G3_bosch_phase,rf_power_matching_electrical,VIP,0.7132789069875024,1,148,False
6,pls,Stat3_Etch_MV_SourceRFLoadPower__phase_difference,G3_bosch_phase,rf_power_matching_electrical,VIP,0.7514924904422529,1,138,False
6,pls,Stat3_Etch_MV_SourceRFLoadPower__cycle_mean_std,G4_cycle_behavior,rf_power_matching_electrical,VIP,0.5494284622906147,1,179,False
6,pls,Stat3_Etch_MV_SourceRFLoadPower__cycle_mean_slope,G4_cycle_behavior,rf_power_matching_electrical,VIP,0.9638523428313271,-1,78,False
6,pls,Stat3_Etch_MV_SourceRFPeakToPeak__active_mean,G1_level,rf_power_matching_electrical,VIP,0.5760388109065607,1,165,False
6,pls,Stat3_Etch_MV_SourceRFPeakToPeak__active_std,G1_level,rf_power_matching_electrical,VIP,0.7521445070749134,1,135,False
6,pls,Stat3_Etch_MV_SourceRFPeakToPeak__active_range,G1_level,rf_power_matching_electrical,VIP,0.5708895481546288,1,168,False
6,pls,Stat3_Etch_MV_SourceRFPeakToPeak__active_slope,G2_temporal_drift,rf_power_matching_electrical,VIP,1.2306768578144012,-1,47,False
6,pls,Stat3_Etch_MV_SourceRFPeakToPeak__early_late_delta,G2_temporal_drift,rf_power_matching_electrical,VIP,1.0004717103377558,-1,71,False
6,pls,Stat3_Etch_MV_SourceRFPeakToPeak__long_phase_mean,G3_bosch_phase,rf_power_matching_electrical,VIP,0.5725306185249215,1,167,False
6,pls,Stat3_Etch_MV_SourceRFPeakToPeak__short_phase_mean,G3_bosch_phase,rf_power_matching_electrical,VIP,0.6786651835678719,1,152,False
6,pls,Stat3_Etch_MV_SourceRFPeakToPeak__phase_difference,G3_bosch_phase,rf_power_matching_electrical,VIP,0.6328276481609352,1,155,False
6,pls,Stat3_Etch_MV_SourceRFPeakToPeak__cycle_mean_std,G4_cycle_behavior,rf_power_matching_electrical,VIP,0.42104417390110044,1,203,False
6,pls,Stat3_Etch_MV_SourceRFPeakToPeak__cycle_mean_slope,G4_cycle_behavior,rf_power_matching_electrical,VIP,1.0100481348278256,-1,69,False
6,pls,Stat3_Etch_MV_SourceRFReflectedPower__active_mean,G1_level,rf_power_matching_electrical,VIP,1.9343326328067418,-1,11,True
6,pls,Stat3_Etch_MV_SourceRFReflectedPower__active_std,G1_level,rf_power_matching_electrical,VIP,1.4779781120585076,-1,33,False
6,pls,Stat3_Etch_MV_SourceRFReflectedPower__active_range,G1_level,rf_power_matching_electrical,VIP,2.0744763638102297,-1,6,True
6,pls,Stat3_Etch_MV_SourceRFReflectedPower__active_slope,G2_temporal_drift,rf_power_matching_electrical,VIP,1.3848334156328808,1,37,False
6,pls,Stat3_Etch_MV_SourceRFReflectedPower__early_late_delta,G2_temporal_drift,rf_power_matching_electrical,VIP,0.9701045851062688,1,76,False
6,pls,Stat3_Etch_MV_SourceRFReflectedPower__long_phase_mean,G3_bosch_phase,rf_power_matching_electrical,VIP,1.4971795996606243,-1,32,False
6,pls,Stat3_Etch_MV_SourceRFReflectedPower__short_phase_mean,G3_bosch_phase,rf_power_matching_electrical,VIP,1.90029050642371,-1,14,True
6,pls,Stat3_Etch_MV_SourceRFReflectedPower__phase_difference,G3_bosch_phase,rf_power_matching_electrical,VIP,1.6728271052490278,1,22,False
6,pls,Stat3_Etch_MV_SourceRFReflectedPower__cycle_mean_std,G4_cycle_behavior,rf_power_matching_electrical,VIP,0.8463572017938058,1,108,False
6,pls,Stat3_Etch_MV_SourceRFReflectedPower__cycle_mean_slope,G4_cycle_behavior,rf_power_matching_electrical,VIP,1.245043543893889,-1,45,False
6,pls,Stat3_Etch_MV_moriInnerCurrent__active_mean,G1_level,remaining_process_signals,VIP,1.5453534783628617,-1,29,False
6,pls,Stat3_Etch_MV_moriInnerCurrent__active_std,G1_level,remaining_process_signals,VIP,1.0035474961318471,1,70,False
6,pls,Stat3_Etch_MV_moriInnerCurrent__active_range,G1_level,remaining_process_signals,VIP,0.4505273696377894,1,199,False
6,pls,Stat3_Etch_MV_moriInnerCurrent__active_slope,G2_temporal_drift,remaining_process_signals,VIP,0.7448235985854793,-1,140,False
6,pls,Stat3_Etch_MV_moriInnerCurrent__early_late_delta,G2_temporal_drift,remaining_process_signals,VIP,0.6394544377465201,-1,154,False
6,pls,Stat3_Etch_MV_moriInnerCurrent__long_phase_mean,G3_bosch_phase,remaining_process_signals,VIP,1.5842027484698726,-1,26,False
6,pls,Stat3_Etch_MV_moriInnerCurrent__short_phase_mean,G3_bosch_phase,remaining_process_signals,VIP,0.9644041552021962,1,77,False
6,pls,Stat3_Etch_MV_moriInnerCurrent__phase_difference,G3_bosch_phase,remaining_process_signals,VIP,0.4525026157790431,-1,198,False
6,pls,Stat3_Etch_MV_moriInnerCurrent__cycle_mean_std,G4_cycle_behavior,remaining_process_signals,VIP,1.451697332397018,1,35,False
6,pls,Stat3_Etch_MV_moriInnerCurrent__cycle_mean_slope,G4_cycle_behavior,remaining_process_signals,VIP,0.7573755845661623,-1,134,False
6,ridge,Stat3_Etch_MV_ForeLinePressure__active_mean,G1_level,pressure,absolute_standardized_coefficient,0.005402051180517842,1,113,False
6,ridge,Stat3_Etch_MV_ForeLinePressure__active_std,G1_level,pressure,absolute_standardized_coefficient,0.01627030642300674,-1,25,False
6,ridge,Stat3_Etch_MV_ForeLinePressure__active_range,G1_level,pressure,absolute_standardized_coefficient,0.019186360001300067,-1,16,True
6,ridge,Stat3_Etch_MV_ForeLinePressure__active_slope,G2_temporal_drift,pressure,absolute_standardized_coefficient,0.006499846842247322,-1,94,False
6,ridge,Stat3_Etch_MV_ForeLinePressure__early_late_delta,G2_temporal_drift,pressure,absolute_standardized_coefficient,0.002386703923945269,-1,173,False
6,ridge,Stat3_Etch_MV_ForeLinePressure__long_phase_mean,G3_bosch_phase,pressure,absolute_standardized_coefficient,0.0027834540863994825,1,160,False
6,ridge,Stat3_Etch_MV_ForeLinePressure__short_phase_mean,G3_bosch_phase,pressure,absolute_standardized_coefficient,0.00910203375981662,1,58,False
6,ridge,Stat3_Etch_MV_ForeLinePressure__phase_difference,G3_bosch_phase,pressure,absolute_standardized_coefficient,0.007363857710410541,-1,79,False
6,ridge,Stat3_Etch_MV_ForeLinePressure__cycle_mean_std,G4_cycle_behavior,pressure,absolute_standardized_coefficient,0.013198852764779653,1,37,False
6,ridge,Stat3_Etch_MV_ForeLinePressure__cycle_mean_slope,G4_cycle_behavior,pressure,absolute_standardized_coefficient,0.0015390281147971629,1,196,False
6,ridge,Stat3_Etch_MV_Gas1Flow__active_mean,G1_level,gas_or_backside_flow,absolute_standardized_coefficient,0.00025017814285303516,1,237,False
6,ridge,Stat3_Etch_MV_Gas1Flow__active_std,G1_level,gas_or_backside_flow,absolute_standardized_coefficient,0.0015595120229573176,1,195,False
6,ridge,Stat3_Etch_MV_Gas1Flow__active_range,G1_level,gas_or_backside_flow,absolute_standardized_coefficient,0.005221561226116331,1,115,False
6,ridge,Stat3_Etch_MV_Gas1Flow__active_slope,G2_temporal_drift,gas_or_backside_flow,absolute_standardized_coefficient,0.00035997378468824687,-1,235,False
6,ridge,Stat3_Etch_MV_Gas1Flow__early_late_delta,G2_temporal_drift,gas_or_backside_flow,absolute_standardized_coefficient,5.68001586163544e-05,-1,241,False
6,ridge,Stat3_Etch_MV_Gas1Flow__long_phase_mean,G3_bosch_phase,gas_or_backside_flow,absolute_standardized_coefficient,0.001225108373699883,-1,208,False
6,ridge,Stat3_Etch_MV_Gas1Flow__short_phase_mean,G3_bosch_phase,gas_or_backside_flow,absolute_standardized_coefficient,0.0009004817553218488,1,222,False
6,ridge,Stat3_Etch_MV_Gas1Flow__phase_difference,G3_bosch_phase,gas_or_backside_flow,absolute_standardized_coefficient,0.001189622151028928,-1,212,False
6,ridge,Stat3_Etch_MV_Gas1Flow__cycle_mean_std,G4_cycle_behavior,gas_or_backside_flow,absolute_standardized_coefficient,0.0027467970867355597,1,162,False
6,ridge,Stat3_Etch_MV_Gas1Flow__cycle_mean_slope,G4_cycle_behavior,gas_or_backside_flow,absolute_standardized_coefficient,0.007358102918667017,1,80,False
6,ridge,Stat3_Etch_MV_Gas2Flow__active_mean,G1_level,gas_or_backside_flow,absolute_standardized_coefficient,0.000429559101487343,-1,231,False
6,ridge,Stat3_Etch_MV_Gas2Flow__active_std,G1_level,gas_or_backside_flow,absolute_standardized_coefficient,0.0070421876637053425,1,84,False
6,ridge,Stat3_Etch_MV_Gas2Flow__active_range,G1_level,gas_or_backside_flow,absolute_standardized_coefficient,0.005944182838382532,1,100,False
6,ridge,Stat3_Etch_MV_Gas2Flow__active_slope,G2_temporal_drift,gas_or_backside_flow,absolute_standardized_coefficient,0.007425477918185555,1,78,False
6,ridge,Stat3_Etch_MV_Gas2Flow__early_late_delta,G2_temporal_drift,gas_or_backside_flow,absolute_standardized_coefficient,0.00109332418220958,-1,219,False
6,ridge,Stat3_Etch_MV_Gas2Flow__long_phase_mean,G3_bosch_phase,gas_or_backside_flow,absolute_standardized_coefficient,0.00038114583199055766,-1,233,False
6,ridge,Stat3_Etch_MV_Gas2Flow__short_phase_mean,G3_bosch_phase,gas_or_backside_flow,absolute_standardized_coefficient,0.0005520088060544511,-1,230,False
6,ridge,Stat3_Etch_MV_Gas2Flow__phase_difference,G3_bosch_phase,gas_or_backside_flow,absolute_standardized_coefficient,0.002873963827770634,1,159,False
6,ridge,Stat3_Etch_MV_Gas2Flow__cycle_mean_std,G4_cycle_behavior,gas_or_backside_flow,absolute_standardized_coefficient,0.005872371757906254,1,102,False
6,ridge,Stat3_Etch_MV_Gas2Flow__cycle_mean_slope,G4_cycle_behavior,gas_or_backside_flow,absolute_standardized_coefficient,0.007833568274666773,1,74,False
6,ridge,Stat3_Etch_MV_Gas4Flow__active_mean,G1_level,gas_or_backside_flow,absolute_standardized_coefficient,0.006759784473808877,-1,90,False
6,ridge,Stat3_Etch_MV_Gas4Flow__active_std,G1_level,gas_or_backside_flow,absolute_standardized_coefficient,0.0021005285515487983,1,180,False
6,ridge,Stat3_Etch_MV_Gas4Flow__active_slope,G2_temporal_drift,gas_or_backside_flow,absolute_standardized_coefficient,0.0027352337338014607,-1,163,False
6,ridge,Stat3_Etch_MV_Gas4Flow__early_late_delta,G2_temporal_drift,gas_or_backside_flow,absolute_standardized_coefficient,0.0037693870385068213,1,138,False
6,ridge,Stat3_Etch_MV_Gas4Flow__long_phase_mean,G3_bosch_phase,gas_or_backside_flow,absolute_standardized_coefficient,0.0013391606689255025,-1,202,False
6,ridge,Stat3_Etch_MV_Gas4Flow__short_phase_mean,G3_bosch_phase,gas_or_backside_flow,absolute_standardized_coefficient,0.0025944152515722484,1,166,False
6,ridge,Stat3_Etch_MV_Gas4Flow__phase_difference,G3_bosch_phase,gas_or_backside_flow,absolute_standardized_coefficient,0.0036020324029622662,-1,139,False
6,ridge,Stat3_Etch_MV_Gas4Flow__cycle_mean_std,G4_cycle_behavior,gas_or_backside_flow,absolute_standardized_coefficient,0.010640041952113719,1,48,False
6,ridge,Stat3_Etch_MV_Gas4Flow__cycle_mean_slope,G4_cycle_behavior,gas_or_backside_flow,absolute_standardized_coefficient,0.008792585285720625,-1,62,False
6,ridge,Stat3_Etch_MV_Gas5Flow__active_mean,G1_level,gas_or_backside_flow,absolute_standardized_coefficient,0.010924242416507707,1,47,False
6,ridge,Stat3_Etch_MV_Gas5Flow__active_std,G1_level,gas_or_backside_flow,absolute_standardized_coefficient,0.007650016175469194,-1,76,False
6,ridge,Stat3_Etch_MV_Gas5Flow__active_slope,G2_temporal_drift,gas_or_backside_flow,absolute_standardized_coefficient,0.00037524217866124,1,234,False
6,ridge,Stat3_Etch_MV_Gas5Flow__early_late_delta,G2_temporal_drift,gas_or_backside_flow,absolute_standardized_coefficient,0.005890101708315805,-1,101,False
6,ridge,Stat3_Etch_MV_Gas5Flow__long_phase_mean,G3_bosch_phase,gas_or_backside_flow,absolute_standardized_coefficient,0.0032408445189520646,1,151,False
6,ridge,Stat3_Etch_MV_Gas5Flow__short_phase_mean,G3_bosch_phase,gas_or_backside_flow,absolute_standardized_coefficient,0.0038964957093504267,-1,136,False
6,ridge,Stat3_Etch_MV_Gas5Flow__phase_difference,G3_bosch_phase,gas_or_backside_flow,absolute_standardized_coefficient,0.015421955992350812,1,30,False
6,ridge,Stat3_Etch_MV_Gas5Flow__cycle_mean_std,G4_cycle_behavior,gas_or_backside_flow,absolute_standardized_coefficient,0.010271852893862355,1,49,False
6,ridge,Stat3_Etch_MV_Gas5Flow__cycle_mean_slope,G4_cycle_behavior,gas_or_backside_flow,absolute_standardized_coefficient,0.0064522571642404054,1,97,False
6,ridge,Stat3_Etch_MV_Gas7Flow__active_mean,G1_level,gas_or_backside_flow,absolute_standardized_coefficient,0.0052202167191150416,1,116,False
6,ridge,Stat3_Etch_MV_Gas7Flow__active_std,G1_level,gas_or_backside_flow,absolute_standardized_coefficient,0.0027512741157892117,1,161,False
6,ridge,Stat3_Etch_MV_Gas7Flow__active_range,G1_level,gas_or_backside_flow,absolute_standardized_coefficient,0.005213427753311236,-1,117,False
6,ridge,Stat3_Etch_MV_Gas7Flow__active_slope,G2_temporal_drift,gas_or_backside_flow,absolute_standardized_coefficient,0.00250924280856375,1,170,False
6,ridge,Stat3_Etch_MV_Gas7Flow__early_late_delta,G2_temporal_drift,gas_or_backside_flow,absolute_standardized_coefficient,0.0008121125946198481,-1,224,False
6,ridge,Stat3_Etch_MV_Gas7Flow__long_phase_mean,G3_bosch_phase,gas_or_backside_flow,absolute_standardized_coefficient,0.005055636377604913,1,121,False
6,ridge,Stat3_Etch_MV_Gas7Flow__short_phase_mean,G3_bosch_phase,gas_or_backside_flow,absolute_standardized_coefficient,0.005678464171877527,1,106,False
6,ridge,Stat3_Etch_MV_Gas7Flow__phase_difference,G3_bosch_phase,gas_or_backside_flow,absolute_standardized_coefficient,0.016254587662209014,-1,26,False
6,ridge,Stat3_Etch_MV_Gas7Flow__cycle_mean_std,G4_cycle_behavior,gas_or_backside_flow,absolute_standardized_coefficient,0.005203344986849389,-1,118,False
6,ridge,Stat3_Etch_MV_Gas7Flow__cycle_mean_slope,G4_cycle_behavior,gas_or_backside_flow,absolute_standardized_coefficient,0.0021539203763750927,1,179,False
6,ridge,Stat3_Etch_MV_Heater1Temp__active_mean,G1_level,heater_temperature,absolute_standardized_coefficient,0.0018919049196214328,-1,185,False
6,ridge,Stat3_Etch_MV_Heater1Temp__active_std,G1_level,heater_temperature,absolute_standardized_coefficient,0.0007597721484002366,-1,225,False
6,ridge,Stat3_Etch_MV_Heater1Temp__active_slope,G2_temporal_drift,heater_temperature,absolute_standardized_coefficient,0.0012425941141523712,1,207,False
6,ridge,Stat3_Etch_MV_Heater1Temp__early_late_delta,G2_temporal_drift,heater_temperature,absolute_standardized_coefficient,0.005331592537645025,-1,114,False
6,ridge,Stat3_Etch_MV_Heater1Temp__long_phase_mean,G3_bosch_phase,heater_temperature,absolute_standardized_coefficient,0.0021541945178254196,-1,178,False
6,ridge,Stat3_Etch_MV_Heater1Temp__short_phase_mean,G3_bosch_phase,heater_temperature,absolute_standardized_coefficient,0.0009803002570661524,-1,220,False
6,ridge,Stat3_Etch_MV_Heater1Temp__phase_difference,G3_bosch_phase,heater_temperature,absolute_standardized_coefficient,0.0011440951793722065,-1,216,False
6,ridge,Stat3_Etch_MV_Heater1Temp__cycle_mean_std,G4_cycle_behavior,heater_temperature,absolute_standardized_coefficient,0.01456472940712226,1,34,False
6,ridge,Stat3_Etch_MV_Heater1Temp__cycle_mean_slope,G4_cycle_behavior,heater_temperature,absolute_standardized_coefficient,0.0016365017520597967,-1,192,False
6,ridge,Stat3_Etch_MV_Heater2Temp__active_mean,G1_level,heater_temperature,absolute_standardized_coefficient,0.008083670804417546,1,69,False
6,ridge,Stat3_Etch_MV_Heater2Temp__active_std,G1_level,heater_temperature,absolute_standardized_coefficient,0.0030721736652247205,-1,153,False
6,ridge,Stat3_Etch_MV_Heater2Temp__active_range,G1_level,heater_temperature,absolute_standardized_coefficient,0.0017949530132012846,-1,189,False
6,ridge,Stat3_Etch_MV_Heater2Temp__active_slope,G2_temporal_drift,heater_temperature,absolute_standardized_coefficient,0.0044903734268308395,-1,129,False
6,ridge,Stat3_Etch_MV_Heater2Temp__early_late_delta,G2_temporal_drift,heater_temperature,absolute_standardized_coefficient,0.013364192158865695,-1,36,False
6,ridge,Stat3_Etch_MV_Heater2Temp__long_phase_mean,G3_bosch_phase,heater_temperature,absolute_standardized_coefficient,0.008090395463348048,1,68,False
6,ridge,Stat3_Etch_MV_Heater2Temp__short_phase_mean,G3_bosch_phase,heater_temperature,absolute_standardized_coefficient,0.008063066918299005,1,70,False
6,ridge,Stat3_Etch_MV_Heater2Temp__phase_difference,G3_bosch_phase,heater_temperature,absolute_standardized_coefficient,0.0024202496881916952,1,171,False
6,ridge,Stat3_Etch_MV_Heater2Temp__cycle_mean_std,G4_cycle_behavior,heater_temperature,absolute_standardized_coefficient,0.003299434268401503,-1,148,False
6,ridge,Stat3_Etch_MV_Heater2Temp__cycle_mean_slope,G4_cycle_behavior,heater_temperature,absolute_standardized_coefficient,0.0043420800414164015,-1,130,False
6,ridge,Stat3_Etch_MV_Heater3Temp__active_mean,G1_level,heater_temperature,absolute_standardized_coefficient,0.0013346362449071147,1,204,False
6,ridge,Stat3_Etch_MV_Heater3Temp__active_std,G1_level,heater_temperature,absolute_standardized_coefficient,0.012267214615482724,1,41,False
6,ridge,Stat3_Etch_MV_Heater3Temp__active_range,G1_level,heater_temperature,absolute_standardized_coefficient,0.002168877905744912,1,177,False
6,ridge,Stat3_Etch_MV_Heater3Temp__active_slope,G2_temporal_drift,heater_temperature,absolute_standardized_coefficient,0.005152213585525255,1,120,False
6,ridge,Stat3_Etch_MV_Heater3Temp__early_late_delta,G2_temporal_drift,heater_temperature,absolute_standardized_coefficient,0.006182189447197579,-1,99,False
6,ridge,Stat3_Etch_MV_Heater3Temp__long_phase_mean,G3_bosch_phase,heater_temperature,absolute_standardized_coefficient,0.001264500046374045,1,206,False
6,ridge,Stat3_Etch_MV_Heater3Temp__short_phase_mean,G3_bosch_phase,heater_temperature,absolute_standardized_coefficient,0.001518625404777404,1,197,False
6,ridge,Stat3_Etch_MV_Heater3Temp__phase_difference,G3_bosch_phase,heater_temperature,absolute_standardized_coefficient,0.0019685772647899296,-1,183,False
6,ridge,Stat3_Etch_MV_Heater3Temp__cycle_mean_std,G4_cycle_behavior,heater_temperature,absolute_standardized_coefficient,0.007021037322072791,1,85,False
6,ridge,Stat3_Etch_MV_Heater3Temp__cycle_mean_slope,G4_cycle_behavior,heater_temperature,absolute_standardized_coefficient,0.005762719581145004,1,104,False
6,ridge,Stat3_Etch_MV_Heater4Temp__active_mean,G1_level,heater_temperature,absolute_standardized_coefficient,0.0011983607244551789,-1,210,False
6,ridge,Stat3_Etch_MV_Heater4Temp__active_std,G1_level,heater_temperature,absolute_standardized_coefficient,0.017474160626005493,1,23,False
6,ridge,Stat3_Etch_MV_Heater4Temp__active_range,G1_level,heater_temperature,absolute_standardized_coefficient,0.02256046565185412,-1,9,True
6,ridge,Stat3_Etch_MV_Heater4Temp__active_slope,G2_temporal_drift,heater_temperature,absolute_standardized_coefficient,0.00691067927366131,-1,87,False
6,ridge,Stat3_Etch_MV_Heater4Temp__early_late_delta,G2_temporal_drift,heater_temperature,absolute_standardized_coefficient,0.0017420204551215675,-1,190,False
6,ridge,Stat3_Etch_MV_Heater4Temp__long_phase_mean,G3_bosch_phase,heater_temperature,absolute_standardized_coefficient,0.0011988710486325162,-1,209,False
6,ridge,Stat3_Etch_MV_Heater4Temp__short_phase_mean,G3_bosch_phase,heater_temperature,absolute_standardized_coefficient,0.0011966853715576625,-1,211,False
6,ridge,Stat3_Etch_MV_Heater4Temp__phase_difference,G3_bosch_phase,heater_temperature,absolute_standardized_coefficient,7.022913062963552e-05,-1,240,False
6,ridge,Stat3_Etch_MV_Heater4Temp__cycle_mean_std,G4_cycle_behavior,heater_temperature,absolute_standardized_coefficient,0.01775891872599443,1,21,False
6,ridge,Stat3_Etch_MV_Heater4Temp__cycle_mean_slope,G4_cycle_behavior,heater_temperature,absolute_standardized_coefficient,0.005611802486679868,-1,107,False
6,ridge,Stat3_Etch_MV_HeliumBPFlow__active_mean,G1_level,gas_or_backside_flow,absolute_standardized_coefficient,0.0032824687768852443,1,149,False
6,ridge,Stat3_Etch_MV_HeliumBPFlow__active_std,G1_level,gas_or_backside_flow,absolute_standardized_coefficient,0.0033249044312865786,1,146,False
6,ridge,Stat3_Etch_MV_HeliumBPFlow__active_range,G1_level,gas_or_backside_flow,absolute_standardized_coefficient,0.0033588897507787147,1,145,False
6,ridge,Stat3_Etch_MV_HeliumBPFlow__active_slope,G2_temporal_drift,gas_or_backside_flow,absolute_standardized_coefficient,0.0016177746648748162,1,193,False
6,ridge,Stat3_Etch_MV_HeliumBPFlow__early_late_delta,G2_temporal_drift,gas_or_backside_flow,absolute_standardized_coefficient,0.0006156406344300921,1,229,False
6,ridge,Stat3_Etch_MV_HeliumBPFlow__long_phase_mean,G3_bosch_phase,gas_or_backside_flow,absolute_standardized_coefficient,0.003277313711065344,1,150,False
6,ridge,Stat3_Etch_MV_HeliumBPFlow__short_phase_mean,G3_bosch_phase,gas_or_backside_flow,absolute_standardized_coefficient,0.00330079238234954,1,147,False
6,ridge,Stat3_Etch_MV_HeliumBPFlow__phase_difference,G3_bosch_phase,gas_or_backside_flow,absolute_standardized_coefficient,0.0006892161148679228,-1,228,False
6,ridge,Stat3_Etch_MV_HeliumBPFlow__cycle_mean_std,G4_cycle_behavior,gas_or_backside_flow,absolute_standardized_coefficient,0.0035768219811136547,1,143,False
6,ridge,Stat3_Etch_MV_HeliumBPFlow__cycle_mean_slope,G4_cycle_behavior,gas_or_backside_flow,absolute_standardized_coefficient,0.0012741731516251926,1,205,False
6,ridge,Stat3_Etch_MV_HeliumBPPressure__active_mean,G1_level,pressure,absolute_standardized_coefficient,0.004709742368840667,-1,128,False
6,ridge,Stat3_Etch_MV_HeliumBPPressure__active_std,G1_level,pressure,absolute_standardized_coefficient,0.004945825090910739,1,123,False
6,ridge,Stat3_Etch_MV_HeliumBPPressure__active_range,G1_level,pressure,absolute_standardized_coefficient,0.008967834297385055,-1,60,False
6,ridge,Stat3_Etch_MV_HeliumBPPressure__active_slope,G2_temporal_drift,pressure,absolute_standardized_coefficient,0.005454555977224009,1,110,False
6,ridge,Stat3_Etch_MV_HeliumBPPressure__early_late_delta,G2_temporal_drift,pressure,absolute_standardized_coefficient,0.005785313608545461,1,103,False
6,ridge,Stat3_Etch_MV_HeliumBPPressure__long_phase_mean,G3_bosch_phase,pressure,absolute_standardized_coefficient,0.007845730297679814,-1,73,False
6,ridge,Stat3_Etch_MV_HeliumBPPressure__short_phase_mean,G3_bosch_phase,pressure,absolute_standardized_coefficient,0.002248389419488915,1,175,False
6,ridge,Stat3_Etch_MV_HeliumBPPressure__phase_difference,G3_bosch_phase,pressure,absolute_standardized_coefficient,0.008325457457609436,-1,63,False
6,ridge,Stat3_Etch_MV_HeliumBPPressure__cycle_mean_std,G4_cycle_behavior,pressure,absolute_standardized_coefficient,0.017613735715731004,1,22,False
6,ridge,Stat3_Etch_MV_HeliumBPPressure__cycle_mean_slope,G4_cycle_behavior,pressure,absolute_standardized_coefficient,0.00668687943720082,1,91,False
6,ridge,Stat3_Etch_MV_PlatenDcBias__active_mean,G1_level,rf_power_matching_electrical,absolute_standardized_coefficient,0.0018643575246618167,1,186,False
6,ridge,Stat3_Etch_MV_PlatenDcBias__active_std,G1_level,rf_power_matching_electrical,absolute_standardized_coefficient,0.0069081688259863445,1,88,False
6,ridge,Stat3_Etch_MV_PlatenDcBias__active_range,G1_level,rf_power_matching_electrical,absolute_standardized_coefficient,0.004930248205047592,1,124,False
6,ridge,Stat3_Etch_MV_PlatenDcBias__active_slope,G2_temporal_drift,rf_power_matching_electrical,absolute_standardized_coefficient,0.0035786383275634537,1,142,False
6,ridge,Stat3_Etch_MV_PlatenDcBias__early_late_delta,G2_temporal_drift,rf_power_matching_electrical,absolute_standardized_coefficient,0.005541305997610409,1,109,False
6,ridge,Stat3_Etch_MV_PlatenDcBias__long_phase_mean,G3_bosch_phase,rf_power_matching_electrical,absolute_standardized_coefficient,0.002577950422158942,-1,168,False
6,ridge,Stat3_Etch_MV_PlatenDcBias__short_phase_mean,G3_bosch_phase,rf_power_matching_electrical,absolute_standardized_coefficient,0.010040900769744765,1,50,False
6,ridge,Stat3_Etch_MV_PlatenDcBias__phase_difference,G3_bosch_phase,rf_power_matching_electrical,absolute_standardized_coefficient,0.011542449192020163,-1,45,False
6,ridge,Stat3_Etch_MV_PlatenDcBias__cycle_mean_std,G4_cycle_behavior,rf_power_matching_electrical,absolute_standardized_coefficient,0.014739964871972634,-1,32,False
6,ridge,Stat3_Etch_MV_PlatenDcBias__cycle_mean_slope,G4_cycle_behavior,rf_power_matching_electrical,absolute_standardized_coefficient,0.0035848770865031425,1,140,False
6,ridge,Stat3_Etch_MV_PlatenRFLoadCapacitor__active_mean,G1_level,rf_power_matching_electrical,absolute_standardized_coefficient,0.003897435415003702,1,135,False
6,ridge,Stat3_Etch_MV_PlatenRFLoadCapacitor__active_std,G1_level,rf_power_matching_electrical,absolute_standardized_coefficient,0.022441707105345748,-1,10,True
6,ridge,Stat3_Etch_MV_PlatenRFLoadCapacitor__active_range,G1_level,rf_power_matching_electrical,absolute_standardized_coefficient,0.002967805551079422,1,157,False
6,ridge,Stat3_Etch_MV_PlatenRFLoadCapacitor__active_slope,G2_temporal_drift,rf_power_matching_electrical,absolute_standardized_coefficient,0.007786337681274524,-1,75,False
6,ridge,Stat3_Etch_MV_PlatenRFLoadCapacitor__early_late_delta,G2_temporal_drift,rf_power_matching_electrical,absolute_standardized_coefficient,0.009271414341735198,-1,55,False
6,ridge,Stat3_Etch_MV_PlatenRFLoadCapacitor__long_phase_mean,G3_bosch_phase,rf_power_matching_electrical,absolute_standardized_coefficient,0.004105817418689669,1,133,False
6,ridge,Stat3_Etch_MV_PlatenRFLoadCapacitor__short_phase_mean,G3_bosch_phase,rf_power_matching_electrical,absolute_standardized_coefficient,0.00226312232025902,1,174,False
6,ridge,Stat3_Etch_MV_PlatenRFLoadCapacitor__phase_difference,G3_bosch_phase,rf_power_matching_electrical,absolute_standardized_coefficient,0.0019810153923263546,1,182,False
6,ridge,Stat3_Etch_MV_PlatenRFLoadCapacitor__cycle_mean_std,G4_cycle_behavior,rf_power_matching_electrical,absolute_standardized_coefficient,0.005592052889219554,-1,108,False
6,ridge,Stat3_Etch_MV_PlatenRFLoadCapacitor__cycle_mean_slope,G4_cycle_behavior,rf_power_matching_electrical,absolute_standardized_coefficient,0.001740196571050356,-1,191,False
6,ridge,Stat3_Etch_MV_PlatenRFLoadPower__active_mean,G1_level,rf_power_matching_electrical,absolute_standardized_coefficient,0.009183637281047059,-1,56,False
6,ridge,Stat3_Etch_MV_PlatenRFLoadPower__active_std,G1_level,rf_power_matching_electrical,absolute_standardized_coefficient,0.00480292150856437,1,126,False
6,ridge,Stat3_Etch_MV_PlatenRFLoadPower__active_range,G1_level,rf_power_matching_electrical,absolute_standardized_coefficient,0.005704526437807486,1,105,False
6,ridge,Stat3_Etch_MV_PlatenRFLoadPower__active_slope,G2_temporal_drift,rf_power_matching_electrical,absolute_standardized_coefficient,0.003907917269666602,1,134,False
6,ridge,Stat3_Etch_MV_PlatenRFLoadPower__early_late_delta,G2_temporal_drift,rf_power_matching_electrical,absolute_standardized_coefficient,0.015869824891485026,-1,29,False
6,ridge,Stat3_Etch_MV_PlatenRFLoadPower__long_phase_mean,G3_bosch_phase,rf_power_matching_electrical,absolute_standardized_coefficient,0.007877054990325684,-1,72,False
6,ridge,Stat3_Etch_MV_PlatenRFLoadPower__short_phase_mean,G3_bosch_phase,rf_power_matching_electrical,absolute_standardized_coefficient,0.0029674209361232337,-1,158,False
6,ridge,Stat3_Etch_MV_PlatenRFLoadPower__phase_difference,G3_bosch_phase,rf_power_matching_electrical,absolute_standardized_coefficient,0.0008803619346227311,-1,223,False
6,ridge,Stat3_Etch_MV_PlatenRFLoadPower__cycle_mean_std,G4_cycle_behavior,rf_power_matching_electrical,absolute_standardized_coefficient,0.007585697631051029,1,77,False
6,ridge,Stat3_Etch_MV_PlatenRFLoadPower__cycle_mean_slope,G4_cycle_behavior,rf_power_matching_electrical,absolute_standardized_coefficient,0.0031506755659492514,1,152,False
6,ridge,Stat3_Etch_MV_PlatenRFPeakToPeak__active_mean,G1_level,rf_power_matching_electrical,absolute_standardized_coefficient,0.009644203024842668,-1,54,False
6,ridge,Stat3_Etch_MV_PlatenRFPeakToPeak__active_std,G1_level,rf_power_matching_electrical,absolute_standardized_coefficient,0.00027874733048007146,1,236,False
6,ridge,Stat3_Etch_MV_PlatenRFPeakToPeak__active_range,G1_level,rf_power_matching_electrical,absolute_standardized_coefficient,0.026538530544995026,-1,3,True
6,ridge,Stat3_Etch_MV_PlatenRFPeakToPeak__active_slope,G2_temporal_drift,rf_power_matching_electrical,absolute_standardized_coefficient,0.0054200551088917585,1,111,False
6,ridge,Stat3_Etch_MV_PlatenRFPeakToPeak__early_late_delta,G2_temporal_drift,rf_power_matching_electrical,absolute_standardized_coefficient,0.008061777830408722,-1,71,False
6,ridge,Stat3_Etch_MV_PlatenRFPeakToPeak__long_phase_mean,G3_bosch_phase,rf_power_matching_electrical,absolute_standardized_coefficient,0.00015319978893938552,1,239,False
6,ridge,Stat3_Etch_MV_PlatenRFPeakToPeak__short_phase_mean,G3_bosch_phase,rf_power_matching_electrical,absolute_standardized_coefficient,0.019610242835984518,-1,15,True
6,ridge,Stat3_Etch_MV_PlatenRFPeakToPeak__phase_difference,G3_bosch_phase,rf_power_matching_electrical,absolute_standardized_coefficient,0.023518860615766735,1,6,True
6,ridge,Stat3_Etch_MV_PlatenRFPeakToPeak__cycle_mean_std,G4_cycle_behavior,rf_power_matching_electrical,absolute_standardized_coefficient,0.0030371285823515355,-1,155,False
6,ridge,Stat3_Etch_MV_PlatenRFPeakToPeak__cycle_mean_slope,G4_cycle_behavior,rf_power_matching_electrical,absolute_standardized_coefficient,0.003039272745252522,1,154,False
6,ridge,Stat3_Etch_MV_PlatenRFReflectedPower__active_mean,G1_level,rf_power_matching_electrical,absolute_standardized_coefficient,0.005152840371298922,-1,119,False
6,ridge,Stat3_Etch_MV_PlatenRFReflectedPower__active_std,G1_level,rf_power_matching_electrical,absolute_standardized_coefficient,0.0041376079045996,1,132,False
6,ridge,Stat3_Etch_MV_PlatenRFReflectedPower__active_range,G1_level,rf_power_matching_electrical,absolute_standardized_coefficient,0.02191707564426692,1,11,True
6,ridge,Stat3_Etch_MV_PlatenRFReflectedPower__active_slope,G2_temporal_drift,rf_power_matching_electrical,absolute_standardized_coefficient,0.006398850650065671,1,98,False
6,ridge,Stat3_Etch_MV_PlatenRFReflectedPower__early_late_delta,G2_temporal_drift,rf_power_matching_electrical,absolute_standardized_coefficient,0.0013587947956481676,-1,201,False
6,ridge,Stat3_Etch_MV_PlatenRFReflectedPower__long_phase_mean,G3_bosch_phase,rf_power_matching_electrical,absolute_standardized_coefficient,0.02317012617164551,-1,8,True
6,ridge,Stat3_Etch_MV_PlatenRFReflectedPower__short_phase_mean,G3_bosch_phase,rf_power_matching_electrical,absolute_standardized_coefficient,0.01435025935021285,1,35,False
6,ridge,Stat3_Etch_MV_PlatenRFReflectedPower__phase_difference,G3_bosch_phase,rf_power_matching_electrical,absolute_standardized_coefficient,0.018129144394180712,-1,19,True
6,ridge,Stat3_Etch_MV_PlatenRFReflectedPower__cycle_mean_std,G4_cycle_behavior,rf_power_matching_electrical,absolute_standardized_coefficient,0.003579202423169182,-1,141,False
6,ridge,Stat3_Etch_MV_PlatenRFReflectedPower__cycle_mean_slope,G4_cycle_behavior,rf_power_matching_electrical,absolute_standardized_coefficient,0.0017983491792601112,1,188,False
6,ridge,Stat3_Etch_MV_PlatenRFTuningCapacitor__active_mean,G1_level,rf_power_matching_electrical,absolute_standardized_coefficient,0.02120952483597782,-1,12,True
6,ridge,Stat3_Etch_MV_PlatenRFTuningCapacitor__active_std,G1_level,rf_power_matching_electrical,absolute_standardized_coefficient,0.014649834506256086,1,33,False
6,ridge,Stat3_Etch_MV_PlatenRFTuningCapacitor__active_range,G1_level,rf_power_matching_electrical,absolute_standardized_coefficient,0.029777371441528783,1,2,True
6,ridge,Stat3_Etch_MV_PlatenRFTuningCapacitor__active_slope,G2_temporal_drift,rf_power_matching_electrical,absolute_standardized_coefficient,0.012737965304984387,1,40,False
6,ridge,Stat3_Etch_MV_PlatenRFTuningCapacitor__early_late_delta,G2_temporal_drift,rf_power_matching_electrical,absolute_standardized_coefficient,0.001606454451301809,1,194,False
6,ridge,Stat3_Etch_MV_PlatenRFTuningCapacitor__long_phase_mean,G3_bosch_phase,rf_power_matching_electrical,absolute_standardized_coefficient,0.023379303218966946,-1,7,True
6,ridge,Stat3_Etch_MV_PlatenRFTuningCapacitor__short_phase_mean,G3_bosch_phase,rf_power_matching_electrical,absolute_standardized_coefficient,0.002582751520580564,-1,167,False
6,ridge,Stat3_Etch_MV_PlatenRFTuningCapacitor__phase_difference,G3_bosch_phase,rf_power_matching_electrical,absolute_standardized_coefficient,0.026055181931494812,-1,5,True
6,ridge,Stat3_Etch_MV_PlatenRFTuningCapacitor__cycle_mean_std,G4_cycle_behavior,rf_power_matching_electrical,absolute_standardized_coefficient,0.005406094732612481,-1,112,False
6,ridge,Stat3_Etch_MV_PlatenRFTuningCapacitor__cycle_mean_slope,G4_cycle_behavior,rf_power_matching_electrical,absolute_standardized_coefficient,0.016077263441441055,1,28,False
6,ridge,Stat3_Etch_MV_Pressure__active_mean,G1_level,pressure,absolute_standardized_coefficient,0.005027694522073036,1,122,False
6,ridge,Stat3_Etch_MV_Pressure__active_std,G1_level,pressure,absolute_standardized_coefficient,0.026214195065019,-1,4,True
6,ridge,Stat3_Etch_MV_Pressure__active_range,G1_level,pressure,absolute_standardized_coefficient,0.0019298754519980214,1,184,False
6,ridge,Stat3_Etch_MV_Pressure__active_slope,G2_temporal_drift,pressure,absolute_standardized_coefficient,0.008193322819599731,1,65,False
6,ridge,Stat3_Etch_MV_Pressure__early_late_delta,G2_temporal_drift,pressure,absolute_standardized_coefficient,0.006879882308906817,-1,89,False
6,ridge,Stat3_Etch_MV_Pressure__long_phase_mean,G3_bosch_phase,pressure,absolute_standardized_coefficient,0.009119417624178863,1,57,False
6,ridge,Stat3_Etch_MV_Pressure__short_phase_mean,G3_bosch_phase,pressure,absolute_standardized_coefficient,0.0026954658327668878,-1,164,False
6,ridge,Stat3_Etch_MV_Pressure__phase_difference,G3_bosch_phase,pressure,absolute_standardized_coefficient,0.004260463607306661,1,131,False
6,ridge,Stat3_Etch_MV_Pressure__cycle_mean_std,G4_cycle_behavior,pressure,absolute_standardized_coefficient,0.01274052105339427,1,39,False
6,ridge,Stat3_Etch_MV_Pressure__cycle_mean_slope,G4_cycle_behavior,pressure,absolute_standardized_coefficient,0.0014028599970356118,-1,200,False
6,ridge,Stat3_Etch_MV_SourceRF2PeakToPeak__active_mean,G1_level,rf_power_matching_electrical,absolute_standardized_coefficient,0.0009154419763002684,1,221,False
6,ridge,Stat3_Etch_MV_SourceRF2PeakToPeak__active_std,G1_level,rf_power_matching_electrical,absolute_standardized_coefficient,0.0038244646973917364,1,137,False
6,ridge,Stat3_Etch_MV_SourceRF2PeakToPeak__active_slope,G2_temporal_drift,rf_power_matching_electrical,absolute_standardized_coefficient,0.0025291056656237317,-1,169,False
6,ridge,Stat3_Etch_MV_SourceRF2PeakToPeak__early_late_delta,G2_temporal_drift,rf_power_matching_electrical,absolute_standardized_coefficient,0.002396360967769162,-1,172,False
6,ridge,Stat3_Etch_MV_SourceRF2PeakToPeak__long_phase_mean,G3_bosch_phase,rf_power_matching_electrical,absolute_standardized_coefficient,0.0007469752791609162,1,226,False
6,ridge,Stat3_Etch_MV_SourceRF2PeakToPeak__phase_difference,G3_bosch_phase,rf_power_matching_electrical,absolute_standardized_coefficient,0.0007469752791609162,1,227,False
6,ridge,Stat3_Etch_MV_SourceRF2PeakToPeak__cycle_mean_std,G4_cycle_behavior,rf_power_matching_electrical,absolute_standardized_coefficient,0.0018402681263834332,1,187,False
6,ridge,Stat3_Etch_MV_SourceRF2PeakToPeak__cycle_mean_slope,G4_cycle_behavior,rf_power_matching_electrical,absolute_standardized_coefficient,0.0020278133804381574,-1,181,False
6,ridge,Stat3_Etch_MV_SourceRF2TuningCapacitor__active_mean,G1_level,rf_power_matching_electrical,absolute_standardized_coefficient,0.0011450372421845886,-1,215,False
6,ridge,Stat3_Etch_MV_SourceRF2TuningCapacitor__active_std,G1_level,rf_power_matching_electrical,absolute_standardized_coefficient,0.001505477637703633,1,198,False
6,ridge,Stat3_Etch_MV_SourceRF2TuningCapacitor__active_slope,G2_temporal_drift,rf_power_matching_electrical,absolute_standardized_coefficient,0.0011463843966046025,1,214,False
6,ridge,Stat3_Etch_MV_SourceRF2TuningCapacitor__early_late_delta,G2_temporal_drift,rf_power_matching_electrical,absolute_standardized_coefficient,0.0011568017744772031,1,213,False
6,ridge,Stat3_Etch_MV_SourceRF2TuningCapacitor__short_phase_mean,G3_bosch_phase,rf_power_matching_electrical,absolute_standardized_coefficient,0.001111842621805561,-1,217,False
6,ridge,Stat3_Etch_MV_SourceRF2TuningCapacitor__phase_difference,G3_bosch_phase,rf_power_matching_electrical,absolute_standardized_coefficient,0.001111842621805561,1,218,False
6,ridge,Stat3_Etch_MV_SourceRFLoadPower__active_mean,G1_level,rf_power_matching_electrical,absolute_standardized_coefficient,0.01190551406393003,1,43,False
6,ridge,Stat3_Etch_MV_SourceRFLoadPower__active_std,G1_level,rf_power_matching_electrical,absolute_standardized_coefficient,0.0026096121894649544,-1,165,False
6,ridge,Stat3_Etch_MV_SourceRFLoadPower__active_range,G1_level,rf_power_matching_electrical,absolute_standardized_coefficient,0.0180723239463983,-1,20,True
6,ridge,Stat3_Etch_MV_SourceRFLoadPower__active_slope,G2_temporal_drift,rf_power_matching_electrical,absolute_standardized_coefficient,0.006569542593057868,-1,93,False
6,ridge,Stat3_Etch_MV_SourceRFLoadPower__early_late_delta,G2_temporal_drift,rf_power_matching_electrical,absolute_standardized_coefficient,0.0013391411735619496,-1,203,False
6,ridge,Stat3_Etch_MV_SourceRFLoadPower__long_phase_mean,G3_bosch_phase,rf_power_matching_electrical,absolute_standardized_coefficient,0.008233332342795718,1,64,False
6,ridge,Stat3_Etch_MV_SourceRFLoadPower__short_phase_mean,G3_bosch_phase,rf_power_matching_electrical,absolute_standardized_coefficient,0.00879787134613592,1,61,False
6,ridge,Stat3_Etch_MV_SourceRFLoadPower__phase_difference,G3_bosch_phase,rf_power_matching_electrical,absolute_standardized_coefficient,0.006481057719100385,-1,95,False
6,ridge,Stat3_Etch_MV_SourceRFLoadPower__cycle_mean_std,G4_cycle_behavior,rf_power_matching_electrical,absolute_standardized_coefficient,0.002191751822593075,-1,176,False
6,ridge,Stat3_Etch_MV_SourceRFLoadPower__cycle_mean_slope,G4_cycle_behavior,rf_power_matching_electrical,absolute_standardized_coefficient,0.01126705151983379,-1,46,False
6,ridge,Stat3_Etch_MV_SourceRFPeakToPeak__active_mean,G1_level,rf_power_matching_electrical,absolute_standardized_coefficient,0.008191613461246179,1,66,False
6,ridge,Stat3_Etch_MV_SourceRFPeakToPeak__active_std,G1_level,rf_power_matching_electrical,absolute_standardized_coefficient,0.015302033563033623,1,31,False
6,ridge,Stat3_Etch_MV_SourceRFPeakToPeak__active_range,G1_level,rf_power_matching_electrical,absolute_standardized_coefficient,0.00471762810460418,1,127,False
6,ridge,Stat3_Etch_MV_SourceRFPeakToPeak__active_slope,G2_temporal_drift,rf_power_matching_electrical,absolute_standardized_coefficient,0.016125296355013526,-1,27,False
6,ridge,Stat3_Etch_MV_SourceRFPeakToPeak__early_late_delta,G2_temporal_drift,rf_power_matching_electrical,absolute_standardized_coefficient,0.00993834147273676,-1,52,False
6,ridge,Stat3_Etch_MV_SourceRFPeakToPeak__long_phase_mean,G3_bosch_phase,rf_power_matching_electrical,absolute_standardized_coefficient,0.009997974727585821,1,51,False
6,ridge,Stat3_Etch_MV_SourceRFPeakToPeak__short_phase_mean,G3_bosch_phase,rf_power_matching_electrical,absolute_standardized_coefficient,0.00023452486481908338,1,238,False
6,ridge,Stat3_Etch_MV_SourceRFPeakToPeak__phase_difference,G3_bosch_phase,rf_power_matching_electrical,absolute_standardized_coefficient,0.019078049158161112,1,17,True
6,ridge,Stat3_Etch_MV_SourceRFPeakToPeak__cycle_mean_std,G4_cycle_behavior,rf_power_matching_electrical,absolute_standardized_coefficient,0.009008569578468717,1,59,False
6,ridge,Stat3_Etch_MV_SourceRFPeakToPeak__cycle_mean_slope,G4_cycle_behavior,rf_power_matching_electrical,absolute_standardized_coefficient,0.012789118961246014,-1,38,False
6,ridge,Stat3_Etch_MV_SourceRFReflectedPower__active_mean,G1_level,rf_power_matching_electrical,absolute_standardized_coefficient,0.018186642990561604,-1,18,True
6,ridge,Stat3_Etch_MV_SourceRFReflectedPower__active_std,G1_level,rf_power_matching_electrical,absolute_standardized_coefficient,0.016475166828839035,-1,24,False
6,ridge,Stat3_Etch_MV_SourceRFReflectedPower__active_range,G1_level,rf_power_matching_electrical,absolute_standardized_coefficient,0.04238404961900526,-1,1,True
6,ridge,Stat3_Etch_MV_SourceRFReflectedPower__active_slope,G2_temporal_drift,rf_power_matching_electrical,absolute_standardized_coefficient,0.00357593108368546,1,144,False
6,ridge,Stat3_Etch_MV_SourceRFReflectedPower__early_late_delta,G2_temporal_drift,rf_power_matching_electrical,absolute_standardized_coefficient,0.007154979148547323,1,83,False
6,ridge,Stat3_Etch_MV_SourceRFReflectedPower__long_phase_mean,G3_bosch_phase,rf_power_matching_electrical,absolute_standardized_coefficient,0.009916362795673732,-1,53,False
6,ridge,Stat3_Etch_MV_SourceRFReflectedPower__short_phase_mean,G3_bosch_phase,rf_power_matching_electrical,absolute_standardized_coefficient,0.019813429439386562,-1,14,True
6,ridge,Stat3_Etch_MV_SourceRFReflectedPower__phase_difference,G3_bosch_phase,rf_power_matching_electrical,absolute_standardized_coefficient,0.020691492205894512,1,13,True
6,ridge,Stat3_Etch_MV_SourceRFReflectedPower__cycle_mean_std,G4_cycle_behavior,rf_power_matching_electrical,absolute_standardized_coefficient,0.006675779267674679,1,92,False
6,ridge,Stat3_Etch_MV_SourceRFReflectedPower__cycle_mean_slope,G4_cycle_behavior,rf_power_matching_electrical,absolute_standardized_coefficient,0.0014613152791680957,-1,199,False
6,ridge,Stat3_Etch_MV_moriInnerCurrent__active_mean,G1_level,remaining_process_signals,absolute_standardized_coefficient,0.007323658449158262,-1,81,False
6,ridge,Stat3_Etch_MV_moriInnerCurrent__active_std,G1_level,remaining_process_signals,absolute_standardized_coefficient,0.012107352608429621,1,42,False
6,ridge,Stat3_Etch_MV_moriInnerCurrent__active_range,G1_level,remaining_process_signals,absolute_standardized_coefficient,0.006911770022404162,1,86,False
6,ridge,Stat3_Etch_MV_moriInnerCurrent__active_slope,G2_temporal_drift,remaining_process_signals,absolute_standardized_coefficient,0.0030130023003022213,-1,156,False
6,ridge,Stat3_Etch_MV_moriInnerCurrent__early_late_delta,G2_temporal_drift,remaining_process_signals,absolute_standardized_coefficient,0.008150330462874143,-1,67,False
6,ridge,Stat3_Etch_MV_moriInnerCurrent__long_phase_mean,G3_bosch_phase,remaining_process_signals,absolute_standardized_coefficient,0.007246604798193088,-1,82,False
6,ridge,Stat3_Etch_MV_moriInnerCurrent__short_phase_mean,G3_bosch_phase,remaining_process_signals,absolute_standardized_coefficient,0.00482943950957594,-1,125,False
6,ridge,Stat3_Etch_MV_moriInnerCurrent__phase_difference,G3_bosch_phase,remaining_process_signals,absolute_standardized_coefficient,0.00041659652656254485,-1,232,False
6,ridge,Stat3_Etch_MV_moriInnerCurrent__cycle_mean_std,G4_cycle_behavior,remaining_process_signals,absolute_standardized_coefficient,0.011674058355788098,1,44,False
6,ridge,Stat3_Etch_MV_moriInnerCurrent__cycle_mean_slope,G4_cycle_behavior,remaining_process_signals,absolute_standardized_coefficient,0.006461127610129651,-1,96,False
7,pls,Stat3_Etch_MV_ForeLinePressure__active_mean,G1_level,pressure,VIP,0.35069699322388753,-1,212,False
7,pls,Stat3_Etch_MV_ForeLinePressure__active_std,G1_level,pressure,VIP,1.2752392656167613,-1,43,False
7,pls,Stat3_Etch_MV_ForeLinePressure__active_range,G1_level,pressure,VIP,1.7959661189503688,-1,17,True
7,pls,Stat3_Etch_MV_ForeLinePressure__active_slope,G2_temporal_drift,pressure,VIP,0.5343678981961695,-1,174,False
7,pls,Stat3_Etch_MV_ForeLinePressure__early_late_delta,G2_temporal_drift,pressure,VIP,0.4440900068383372,-1,192,False
7,pls,Stat3_Etch_MV_ForeLinePressure__long_phase_mean,G3_bosch_phase,pressure,VIP,0.4952670272375183,-1,183,False
7,pls,Stat3_Etch_MV_ForeLinePressure__short_phase_mean,G3_bosch_phase,pressure,VIP,0.4743270624683646,1,188,False
7,pls,Stat3_Etch_MV_ForeLinePressure__phase_difference,G3_bosch_phase,pressure,VIP,0.8400717181868844,-1,98,False
7,pls,Stat3_Etch_MV_ForeLinePressure__cycle_mean_std,G4_cycle_behavior,pressure,VIP,0.8307108480828225,1,101,False
7,pls,Stat3_Etch_MV_ForeLinePressure__cycle_mean_slope,G4_cycle_behavior,pressure,VIP,0.45924401597382386,1,189,False
7,pls,Stat3_Etch_MV_Gas1Flow__active_mean,G1_level,gas_or_backside_flow,VIP,0.6468422814889624,-1,153,False
7,pls,Stat3_Etch_MV_Gas1Flow__active_std,G1_level,gas_or_backside_flow,VIP,0.8296978138349211,1,103,False
7,pls,Stat3_Etch_MV_Gas1Flow__active_range,G1_level,gas_or_backside_flow,VIP,0.38093221974312597,1,202,False
7,pls,Stat3_Etch_MV_Gas1Flow__active_slope,G2_temporal_drift,gas_or_backside_flow,VIP,0.8182390902039971,-1,112,False
7,pls,Stat3_Etch_MV_Gas1Flow__early_late_delta,G2_temporal_drift,gas_or_backside_flow,VIP,0.8182158364967029,-1,113,False
7,pls,Stat3_Etch_MV_Gas1Flow__long_phase_mean,G3_bosch_phase,gas_or_backside_flow,VIP,0.5242604400582096,-1,176,False
7,pls,Stat3_Etch_MV_Gas1Flow__short_phase_mean,G3_bosch_phase,gas_or_backside_flow,VIP,0.7776070523492238,1,124,False
7,pls,Stat3_Etch_MV_Gas1Flow__phase_difference,G3_bosch_phase,gas_or_backside_flow,VIP,0.8237437749709308,-1,111,False
7,pls,Stat3_Etch_MV_Gas1Flow__cycle_mean_std,G4_cycle_behavior,gas_or_backside_flow,VIP,0.3507225500256725,1,211,False
7,pls,Stat3_Etch_MV_Gas1Flow__cycle_mean_slope,G4_cycle_behavior,gas_or_backside_flow,VIP,0.3782777692870916,1,204,False
7,pls,Stat3_Etch_MV_Gas2Flow__active_mean,G1_level,gas_or_backside_flow,VIP,0.5182551791192599,1,178,False
7,pls,Stat3_Etch_MV_Gas2Flow__active_std,G1_level,gas_or_backside_flow,VIP,1.6433712008616217,1,24,False
7,pls,Stat3_Etch_MV_Gas2Flow__active_range,G1_level,gas_or_backside_flow,VIP,1.5981186429479177,1,30,False
7,pls,Stat3_Etch_MV_Gas2Flow__active_slope,G2_temporal_drift,gas_or_backside_flow,VIP,0.23128613038976953,1,228,False
7,pls,Stat3_Etch_MV_Gas2Flow__early_late_delta,G2_temporal_drift,gas_or_backside_flow,VIP,0.3672520753797404,1,208,False
7,pls,Stat3_Etch_MV_Gas2Flow__long_phase_mean,G3_bosch_phase,gas_or_backside_flow,VIP,0.5194350352070342,1,177,False
7,pls,Stat3_Etch_MV_Gas2Flow__short_phase_mean,G3_bosch_phase,gas_or_backside_flow,VIP,0.5147853657482272,1,180,False
7,pls,Stat3_Etch_MV_Gas2Flow__phase_difference,G3_bosch_phase,gas_or_backside_flow,VIP,0.2058536088695945,1,237,False
7,pls,Stat3_Etch_MV_Gas2Flow__cycle_mean_std,G4_cycle_behavior,gas_or_backside_flow,VIP,1.5770316943256428,1,31,False
7,pls,Stat3_Etch_MV_Gas2Flow__cycle_mean_slope,G4_cycle_behavior,gas_or_backside_flow,VIP,0.23618849247898238,1,226,False
7,pls,Stat3_Etch_MV_Gas4Flow__active_mean,G1_level,gas_or_backside_flow,VIP,0.7775205871860966,-1,125,False
7,pls,Stat3_Etch_MV_Gas4Flow__active_std,G1_level,gas_or_backside_flow,VIP,0.7875250910423179,-1,122,False
7,pls,Stat3_Etch_MV_Gas4Flow__active_slope,G2_temporal_drift,gas_or_backside_flow,VIP,0.674329429994296,1,149,False
7,pls,Stat3_Etch_MV_Gas4Flow__early_late_delta,G2_temporal_drift,gas_or_backside_flow,VIP,0.4989453056856523,1,181,False
7,pls,Stat3_Etch_MV_Gas4Flow__long_phase_mean,G3_bosch_phase,gas_or_backside_flow,VIP,0.4229478889110359,1,196,False
7,pls,Stat3_Etch_MV_Gas4Flow__short_phase_mean,G3_bosch_phase,gas_or_backside_flow,VIP,0.33851317366011613,1,215,False
7,pls,Stat3_Etch_MV_Gas4Flow__phase_difference,G3_bosch_phase,gas_or_backside_flow,VIP,0.32624109411071345,-1,219,False
7,pls,Stat3_Etch_MV_Gas4Flow__cycle_mean_std,G4_cycle_behavior,gas_or_backside_flow,VIP,0.8012161253692568,1,121,False
7,pls,Stat3_Etch_MV_Gas4Flow__cycle_mean_slope,G4_cycle_behavior,gas_or_backside_flow,VIP,0.44940596585795356,-1,191,False
7,pls,Stat3_Etch_MV_Gas5Flow__active_mean,G1_level,gas_or_backside_flow,VIP,0.7570834965715867,1,131,False
7,pls,Stat3_Etch_MV_Gas5Flow__active_std,G1_level,gas_or_backside_flow,VIP,0.7362119267058654,-1,134,False
7,pls,Stat3_Etch_MV_Gas5Flow__active_slope,G2_temporal_drift,gas_or_backside_flow,VIP,0.6460207931185441,-1,154,False
7,pls,Stat3_Etch_MV_Gas5Flow__early_late_delta,G2_temporal_drift,gas_or_backside_flow,VIP,0.45870875658004046,-1,190,False
7,pls,Stat3_Etch_MV_Gas5Flow__long_phase_mean,G3_bosch_phase,gas_or_backside_flow,VIP,0.4905153310277317,-1,185,False
7,pls,Stat3_Etch_MV_Gas5Flow__short_phase_mean,G3_bosch_phase,gas_or_backside_flow,VIP,0.4977682411348336,1,182,False
7,pls,Stat3_Etch_MV_Gas5Flow__phase_difference,G3_bosch_phase,gas_or_backside_flow,VIP,0.5423669938867556,-1,172,False
7,pls,Stat3_Etch_MV_Gas5Flow__cycle_mean_std,G4_cycle_behavior,gas_or_backside_flow,VIP,0.7770800840524725,1,126,False
7,pls,Stat3_Etch_MV_Gas5Flow__cycle_mean_slope,G4_cycle_behavior,gas_or_backside_flow,VIP,0.4772516012310678,1,187,False
7,pls,Stat3_Etch_MV_Gas7Flow__active_mean,G1_level,gas_or_backside_flow,VIP,1.0461828463850444,1,64,False
7,pls,Stat3_Etch_MV_Gas7Flow__active_std,G1_level,gas_or_backside_flow,VIP,0.9958320963239251,1,72,False
7,pls,Stat3_Etch_MV_Gas7Flow__active_range,G1_level,gas_or_backside_flow,VIP,0.8920842343027753,-1,82,False
7,pls,Stat3_Etch_MV_Gas7Flow__active_slope,G2_temporal_drift,gas_or_backside_flow,VIP,0.33588715933981533,1,216,False
7,pls,Stat3_Etch_MV_Gas7Flow__early_late_delta,G2_temporal_drift,gas_or_backside_flow,VIP,0.37106544721200185,1,207,False
7,pls,Stat3_Etch_MV_Gas7Flow__long_phase_mean,G3_bosch_phase,gas_or_backside_flow,VIP,1.0458537126718215,1,65,False
7,pls,Stat3_Etch_MV_Gas7Flow__short_phase_mean,G3_bosch_phase,gas_or_backside_flow,VIP,1.0466419874631456,1,63,False
7,pls,Stat3_Etch_MV_Gas7Flow__phase_difference,G3_bosch_phase,gas_or_backside_flow,VIP,0.15879504338260444,-1,240,False
7,pls,Stat3_Etch_MV_Gas7Flow__cycle_mean_std,G4_cycle_behavior,gas_or_backside_flow,VIP,0.8594229519191608,-1,92,False
7,pls,Stat3_Etch_MV_Gas7Flow__cycle_mean_slope,G4_cycle_behavior,gas_or_backside_flow,VIP,0.3318777884887681,1,218,False
7,pls,Stat3_Etch_MV_Heater1Temp__active_mean,G1_level,heater_temperature,VIP,0.6393273747925683,-1,156,False
7,pls,Stat3_Etch_MV_Heater1Temp__active_std,G1_level,heater_temperature,VIP,0.662499549419778,-1,152,False
7,pls,Stat3_Etch_MV_Heater1Temp__active_slope,G2_temporal_drift,heater_temperature,VIP,0.22583240258580053,-1,229,False
7,pls,Stat3_Etch_MV_Heater1Temp__early_late_delta,G2_temporal_drift,heater_temperature,VIP,0.4107446469825813,-1,197,False
7,pls,Stat3_Etch_MV_Heater1Temp__long_phase_mean,G3_bosch_phase,heater_temperature,VIP,0.6149343680629813,-1,161,False
7,pls,Stat3_Etch_MV_Heater1Temp__short_phase_mean,G3_bosch_phase,heater_temperature,VIP,0.4947223571877673,-1,184,False
7,pls,Stat3_Etch_MV_Heater1Temp__phase_difference,G3_bosch_phase,heater_temperature,VIP,0.12279320830405581,1,241,False
7,pls,Stat3_Etch_MV_Heater1Temp__cycle_mean_std,G4_cycle_behavior,heater_temperature,VIP,0.24397708114627525,1,225,False
7,pls,Stat3_Etch_MV_Heater1Temp__cycle_mean_slope,G4_cycle_behavior,heater_temperature,VIP,0.21220736054486336,-1,235,False
7,pls,Stat3_Etch_MV_Heater2Temp__active_mean,G1_level,heater_temperature,VIP,0.6005081855319212,1,167,False
7,pls,Stat3_Etch_MV_Heater2Temp__active_std,G1_level,heater_temperature,VIP,1.640043381751598,-1,25,False
7,pls,Stat3_Etch_MV_Heater2Temp__active_range,G1_level,heater_temperature,VIP,1.3311127258083089,-1,40,False
7,pls,Stat3_Etch_MV_Heater2Temp__active_slope,G2_temporal_drift,heater_temperature,VIP,1.185565177791693,-1,48,False
7,pls,Stat3_Etch_MV_Heater2Temp__early_late_delta,G2_temporal_drift,heater_temperature,VIP,1.001921343619028,-1,71,False
7,pls,Stat3_Etch_MV_Heater2Temp__long_phase_mean,G3_bosch_phase,heater_temperature,VIP,0.6011522287623952,1,166,False
7,pls,Stat3_Etch_MV_Heater2Temp__short_phase_mean,G3_bosch_phase,heater_temperature,VIP,0.5986880318279149,1,168,False
7,pls,Stat3_Etch_MV_Heater2Temp__phase_difference,G3_bosch_phase,heater_temperature,VIP,0.38969872108236997,1,200,False
7,pls,Stat3_Etch_MV_Heater2Temp__cycle_mean_std,G4_cycle_behavior,heater_temperature,VIP,1.646513770124362,-1,23,False
7,pls,Stat3_Etch_MV_Heater2Temp__cycle_mean_slope,G4_cycle_behavior,heater_temperature,VIP,1.184334406575309,-1,49,False
7,pls,Stat3_Etch_MV_Heater3Temp__active_mean,G1_level,heater_temperature,VIP,0.9886168977070616,-1,73,False
7,pls,Stat3_Etch_MV_Heater3Temp__active_std,G1_level,heater_temperature,VIP,1.3196478288798494,1,41,False
7,pls,Stat3_Etch_MV_Heater3Temp__active_range,G1_level,heater_temperature,VIP,1.104053964678725,1,55,False
7,pls,Stat3_Etch_MV_Heater3Temp__active_slope,G2_temporal_drift,heater_temperature,VIP,0.36588517198840026,-1,209,False
7,pls,Stat3_Etch_MV_Heater3Temp__early_late_delta,G2_temporal_drift,heater_temperature,VIP,0.3935153255042659,1,199,False
7,pls,Stat3_Etch_MV_Heater3Temp__long_phase_mean,G3_bosch_phase,heater_temperature,VIP,0.9790355969829571,-1,74,False
7,pls,Stat3_Etch_MV_Heater3Temp__short_phase_mean,G3_bosch_phase,heater_temperature,VIP,1.0111884179328356,-1,70,False
7,pls,Stat3_Etch_MV_Heater3Temp__phase_difference,G3_bosch_phase,heater_temperature,VIP,0.21409519638712654,1,233,False
7,pls,Stat3_Etch_MV_Heater3Temp__cycle_mean_std,G4_cycle_behavior,heater_temperature,VIP,1.338498974192806,1,39,False
7,pls,Stat3_Etch_MV_Heater3Temp__cycle_mean_slope,G4_cycle_behavior,heater_temperature,VIP,0.35860597673759587,-1,210,False
7,pls,Stat3_Etch_MV_Heater4Temp__active_mean,G1_level,heater_temperature,VIP,0.3774491172403426,-1,205,False
7,pls,Stat3_Etch_MV_Heater4Temp__active_std,G1_level,heater_temperature,VIP,1.023992137692434,1,67,False
7,pls,Stat3_Etch_MV_Heater4Temp__active_range,G1_level,heater_temperature,VIP,1.072506050220502,1,61,False
7,pls,Stat3_Etch_MV_Heater4Temp__active_slope,G2_temporal_drift,heater_temperature,VIP,0.2535357266614907,1,223,False
7,pls,Stat3_Etch_MV_Heater4Temp__early_late_delta,G2_temporal_drift,heater_temperature,VIP,0.6903245526495959,1,146,False
7,pls,Stat3_Etch_MV_Heater4Temp__long_phase_mean,G3_bosch_phase,heater_temperature,VIP,0.3768310618507551,-1,206,False
7,pls,Stat3_Etch_MV_Heater4Temp__short_phase_mean,G3_bosch_phase,heater_temperature,VIP,0.37913896690392496,-1,203,False
7,pls,Stat3_Etch_MV_Heater4Temp__phase_difference,G3_bosch_phase,heater_temperature,VIP,0.3167386428124525,-1,220,False
7,pls,Stat3_Etch_MV_Heater4Temp__cycle_mean_std,G4_cycle_behavior,heater_temperature,VIP,0.9042970984465795,1,80,False
7,pls,Stat3_Etch_MV_Heater4Temp__cycle_mean_slope,G4_cycle_behavior,heater_temperature,VIP,0.27328741869706286,1,222,False
7,pls,Stat3_Etch_MV_HeliumBPFlow__active_mean,G1_level,gas_or_backside_flow,VIP,0.6386723242263432,1,157,False
7,pls,Stat3_Etch_MV_HeliumBPFlow__active_std,G1_level,gas_or_backside_flow,VIP,0.8721282567767119,-1,88,False
7,pls,Stat3_Etch_MV_HeliumBPFlow__active_range,G1_level,gas_or_backside_flow,VIP,0.898989142383494,-1,81,False
7,pls,Stat3_Etch_MV_HeliumBPFlow__active_slope,G2_temporal_drift,gas_or_backside_flow,VIP,0.8515068591794729,1,95,False
7,pls,Stat3_Etch_MV_HeliumBPFlow__early_late_delta,G2_temporal_drift,gas_or_backside_flow,VIP,0.8780935875063314,1,87,False
7,pls,Stat3_Etch_MV_HeliumBPFlow__long_phase_mean,G3_bosch_phase,gas_or_backside_flow,VIP,0.6403743501088625,1,155,False
7,pls,Stat3_Etch_MV_HeliumBPFlow__short_phase_mean,G3_bosch_phase,gas_or_backside_flow,VIP,0.633959966689305,1,159,False
7,pls,Stat3_Etch_MV_HeliumBPFlow__phase_difference,G3_bosch_phase,gas_or_backside_flow,VIP,0.8298412045007268,-1,102,False
7,pls,Stat3_Etch_MV_HeliumBPFlow__cycle_mean_std,G4_cycle_behavior,gas_or_backside_flow,VIP,0.8584519338269315,-1,93,False
7,pls,Stat3_Etch_MV_HeliumBPFlow__cycle_mean_slope,G4_cycle_behavior,gas_or_backside_flow,VIP,0.85559474502516,1,94,False
7,pls,Stat3_Etch_MV_HeliumBPPressure__active_mean,G1_level,pressure,VIP,1.13162320748521,-1,54,False
7,pls,Stat3_Etch_MV_HeliumBPPressure__active_std,G1_level,pressure,VIP,1.023661362310036,1,68,False
7,pls,Stat3_Etch_MV_HeliumBPPressure__active_range,G1_level,pressure,VIP,0.2332538396127523,1,227,False
7,pls,Stat3_Etch_MV_HeliumBPPressure__active_slope,G2_temporal_drift,pressure,VIP,1.1462824845387678,1,53,False
7,pls,Stat3_Etch_MV_HeliumBPPressure__early_late_delta,G2_temporal_drift,pressure,VIP,1.1011965645528072,1,56,False
7,pls,Stat3_Etch_MV_HeliumBPPressure__long_phase_mean,G3_bosch_phase,pressure,VIP,1.0753841680738776,-1,60,False
7,pls,Stat3_Etch_MV_HeliumBPPressure__short_phase_mean,G3_bosch_phase,pressure,VIP,1.037215241162578,-1,66,False
7,pls,Stat3_Etch_MV_HeliumBPPressure__phase_difference,G3_bosch_phase,pressure,VIP,0.8081622056827029,-1,118,False
7,pls,Stat3_Etch_MV_HeliumBPPressure__cycle_mean_std,G4_cycle_behavior,pressure,VIP,1.1521779043662457,1,52,False
7,pls,Stat3_Etch_MV_HeliumBPPressure__cycle_mean_slope,G4_cycle_behavior,pressure,VIP,1.153259431350568,1,51,False
7,pls,Stat3_Etch_MV_PlatenDcBias__active_mean,G1_level,rf_power_matching_electrical,VIP,0.5414772055771786,1,173,False
7,pls,Stat3_Etch_MV_PlatenDcBias__active_std,G1_level,rf_power_matching_electrical,VIP,1.6085873781687512,1,29,False
7,pls,Stat3_Etch_MV_PlatenDcBias__active_range,G1_level,rf_power_matching_electrical,VIP,1.6210112949648923,1,27,False
7,pls,Stat3_Etch_MV_PlatenDcBias__active_slope,G2_temporal_drift,rf_power_matching_electrical,VIP,1.768924674363586,1,18,True
7,pls,Stat3_Etch_MV_PlatenDcBias__early_late_delta,G2_temporal_drift,rf_power_matching_electrical,VIP,1.4789934386310422,1,35,False
7,pls,Stat3_Etch_MV_PlatenDcBias__long_phase_mean,G3_bosch_phase,rf_power_matching_electrical,VIP,0.48814697896896575,1,186,False
7,pls,Stat3_Etch_MV_PlatenDcBias__short_phase_mean,G3_bosch_phase,rf_power_matching_electrical,VIP,1.0989462747100984,1,57,False
7,pls,Stat3_Etch_MV_PlatenDcBias__phase_difference,G3_bosch_phase,rf_power_matching_electrical,VIP,1.1806024518341698,-1,50,False
7,pls,Stat3_Etch_MV_PlatenDcBias__cycle_mean_std,G4_cycle_behavior,rf_power_matching_electrical,VIP,0.6055200157036097,-1,163,False
7,pls,Stat3_Etch_MV_PlatenDcBias__cycle_mean_slope,G4_cycle_behavior,rf_power_matching_electrical,VIP,1.753952183727139,1,19,True
7,pls,Stat3_Etch_MV_PlatenRFLoadCapacitor__active_mean,G1_level,rf_power_matching_electrical,VIP,0.7281050028088468,-1,139,False
7,pls,Stat3_Etch_MV_PlatenRFLoadCapacitor__active_std,G1_level,rf_power_matching_electrical,VIP,0.9744554368183692,-1,75,False
7,pls,Stat3_Etch_MV_PlatenRFLoadCapacitor__active_range,G1_level,rf_power_matching_electrical,VIP,0.6148301273552575,1,162,False
7,pls,Stat3_Etch_MV_PlatenRFLoadCapacitor__active_slope,G2_temporal_drift,rf_power_matching_electrical,VIP,1.0947264767905562,-1,59,False
7,pls,Stat3_Etch_MV_PlatenRFLoadCapacitor__early_late_delta,G2_temporal_drift,rf_power_matching_electrical,VIP,0.7401310145480675,-1,133,False
7,pls,Stat3_Etch_MV_PlatenRFLoadCapacitor__long_phase_mean,G3_bosch_phase,rf_power_matching_electrical,VIP,0.7516250235689185,-1,132,False
7,pls,Stat3_Etch_MV_PlatenRFLoadCapacitor__short_phase_mean,G3_bosch_phase,rf_power_matching_electrical,VIP,0.6781243696716256,1,148,False
7,pls,Stat3_Etch_MV_PlatenRFLoadCapacitor__phase_difference,G3_bosch_phase,rf_power_matching_electrical,VIP,0.7248722057827444,-1,142,False
7,pls,Stat3_Etch_MV_PlatenRFLoadCapacitor__cycle_mean_std,G4_cycle_behavior,rf_power_matching_electrical,VIP,0.7264144524555446,1,141,False
7,pls,Stat3_Etch_MV_PlatenRFLoadCapacitor__cycle_mean_slope,G4_cycle_behavior,rf_power_matching_electrical,VIP,0.9420687548368278,1,78,False
7,pls,Stat3_Etch_MV_PlatenRFLoadPower__active_mean,G1_level,rf_power_matching_electrical,VIP,0.7329062182204509,-1,135,False
7,pls,Stat3_Etch_MV_PlatenRFLoadPower__active_std,G1_level,rf_power_matching_electrical,VIP,0.8086027325010948,1,116,False
7,pls,Stat3_Etch_MV_PlatenRFLoadPower__active_range,G1_level,rf_power_matching_electrical,VIP,1.7213314443406171,1,20,True
7,pls,Stat3_Etch_MV_PlatenRFLoadPower__active_slope,G2_temporal_drift,rf_power_matching_electrical,VIP,1.0185411758430964,1,69,False
7,pls,Stat3_Etch_MV_PlatenRFLoadPower__early_late_delta,G2_temporal_drift,rf_power_matching_electrical,VIP,0.5529390714022066,1,169,False
7,pls,Stat3_Etch_MV_PlatenRFLoadPower__long_phase_mean,G3_bosch_phase,rf_power_matching_electrical,VIP,0.732731616757249,-1,136,False
7,pls,Stat3_Etch_MV_PlatenRFLoadPower__short_phase_mean,G3_bosch_phase,rf_power_matching_electrical,VIP,0.8861833707793854,-1,85,False
7,pls,Stat3_Etch_MV_PlatenRFLoadPower__phase_difference,G3_bosch_phase,rf_power_matching_electrical,VIP,0.8676364463445065,1,91,False
7,pls,Stat3_Etch_MV_PlatenRFLoadPower__cycle_mean_std,G4_cycle_behavior,rf_power_matching_electrical,VIP,0.8070124643613438,1,119,False
7,pls,Stat3_Etch_MV_PlatenRFLoadPower__cycle_mean_slope,G4_cycle_behavior,rf_power_matching_electrical,VIP,0.7611861945788698,1,129,False
7,pls,Stat3_Etch_MV_PlatenRFPeakToPeak__active_mean,G1_level,rf_power_matching_electrical,VIP,2.168378776275897,-1,4,True
7,pls,Stat3_Etch_MV_PlatenRFPeakToPeak__active_std,G1_level,rf_power_matching_electrical,VIP,0.3333509814233861,-1,217,False
7,pls,Stat3_Etch_MV_PlatenRFPeakToPeak__active_range,G1_level,rf_power_matching_electrical,VIP,2.286197225234773,-1,3,True
7,pls,Stat3_Etch_MV_PlatenRFPeakToPeak__active_slope,G2_temporal_drift,rf_power_matching_electrical,VIP,1.4755564614322456,1,36,False
7,pls,Stat3_Etch_MV_PlatenRFPeakToPeak__early_late_delta,G2_temporal_drift,rf_power_matching_electrical,VIP,0.8719264092200475,-1,89,False
7,pls,Stat3_Etch_MV_PlatenRFPeakToPeak__long_phase_mean,G3_bosch_phase,rf_power_matching_electrical,VIP,1.879120019296048,-1,15,True
7,pls,Stat3_Etch_MV_PlatenRFPeakToPeak__short_phase_mean,G3_bosch_phase,rf_power_matching_electrical,VIP,1.9834676474392545,-1,10,True
7,pls,Stat3_Etch_MV_PlatenRFPeakToPeak__phase_difference,G3_bosch_phase,rf_power_matching_electrical,VIP,1.2381230626419475,1,46,False
7,pls,Stat3_Etch_MV_PlatenRFPeakToPeak__cycle_mean_std,G4_cycle_behavior,rf_power_matching_electrical,VIP,0.7703690567789196,-1,127,False
7,pls,Stat3_Etch_MV_PlatenRFPeakToPeak__cycle_mean_slope,G4_cycle_behavior,rf_power_matching_electrical,VIP,1.2746928168003167,1,44,False
7,pls,Stat3_Etch_MV_PlatenRFReflectedPower__active_mean,G1_level,rf_power_matching_electrical,VIP,0.5330980279694041,1,175,False
7,pls,Stat3_Etch_MV_PlatenRFReflectedPower__active_std,G1_level,rf_power_matching_electrical,VIP,1.048700262690906,1,62,False
7,pls,Stat3_Etch_MV_PlatenRFReflectedPower__active_range,G1_level,rf_power_matching_electrical,VIP,2.0879520387220123,1,7,True
7,pls,Stat3_Etch_MV_PlatenRFReflectedPower__active_slope,G2_temporal_drift,rf_power_matching_electrical,VIP,0.9447377259946504,1,77,False
7,pls,Stat3_Etch_MV_PlatenRFReflectedPower__early_late_delta,G2_temporal_drift,rf_power_matching_electrical,VIP,0.8082793398281208,1,117,False
7,pls,Stat3_Etch_MV_PlatenRFReflectedPower__long_phase_mean,G3_bosch_phase,rf_power_matching_electrical,VIP,1.9195342733154774,-1,12,True
7,pls,Stat3_Etch_MV_PlatenRFReflectedPower__short_phase_mean,G3_bosch_phase,rf_power_matching_electrical,VIP,1.6662978091276053,1,22,False
7,pls,Stat3_Etch_MV_PlatenRFReflectedPower__phase_difference,G3_bosch_phase,rf_power_matching_electrical,VIP,1.893381210713491,-1,13,True
7,pls,Stat3_Etch_MV_PlatenRFReflectedPower__cycle_mean_std,G4_cycle_behavior,rf_power_matching_electrical,VIP,0.7670838322089476,-1,128,False
7,pls,Stat3_Etch_MV_PlatenRFReflectedPower__cycle_mean_slope,G4_cycle_behavior,rf_power_matching_electrical,VIP,0.7276204373765056,1,140,False
7,pls,Stat3_Etch_MV_PlatenRFTuningCapacitor__active_mean,G1_level,rf_power_matching_electrical,VIP,2.4070087846811,-1,2,True
7,pls,Stat3_Etch_MV_PlatenRFTuningCapacitor__active_std,G1_level,rf_power_matching_electrical,VIP,1.6964811339051649,1,21,False
7,pls,Stat3_Etch_MV_PlatenRFTuningCapacitor__active_range,G1_level,rf_power_matching_electrical,VIP,1.5563260098656004,1,32,False
7,pls,Stat3_Etch_MV_PlatenRFTuningCapacitor__active_slope,G2_temporal_drift,rf_power_matching_electrical,VIP,0.89019989178161,1,83,False
7,pls,Stat3_Etch_MV_PlatenRFTuningCapacitor__early_late_delta,G2_temporal_drift,rf_power_matching_electrical,VIP,0.8179457528196413,1,114,False
7,pls,Stat3_Etch_MV_PlatenRFTuningCapacitor__long_phase_mean,G3_bosch_phase,rf_power_matching_electrical,VIP,2.4791003946598322,-1,1,True
7,pls,Stat3_Etch_MV_PlatenRFTuningCapacitor__short_phase_mean,G3_bosch_phase,rf_power_matching_electrical,VIP,1.3147907282840257,-1,42,False
7,pls,Stat3_Etch_MV_PlatenRFTuningCapacitor__phase_difference,G3_bosch_phase,rf_power_matching_electrical,VIP,2.1485799993028767,-1,5,True
7,pls,Stat3_Etch_MV_PlatenRFTuningCapacitor__cycle_mean_std,G4_cycle_behavior,rf_power_matching_electrical,VIP,0.7283182513210396,1,137,False
7,pls,Stat3_Etch_MV_PlatenRFTuningCapacitor__cycle_mean_slope,G4_cycle_behavior,rf_power_matching_electrical,VIP,0.785213642852628,1,123,False
7,pls,Stat3_Etch_MV_Pressure__active_mean,G1_level,pressure,VIP,0.34444625957571495,1,214,False
7,pls,Stat3_Etch_MV_Pressure__active_std,G1_level,pressure,VIP,1.887047689570262,-1,14,True
7,pls,Stat3_Etch_MV_Pressure__active_range,G1_level,pressure,VIP,0.817364377981125,-1,115,False
7,pls,Stat3_Etch_MV_Pressure__active_slope,G2_temporal_drift,pressure,VIP,0.8702181060344166,1,90,False
7,pls,Stat3_Etch_MV_Pressure__early_late_delta,G2_temporal_drift,pressure,VIP,0.5172384034974248,1,179,False
7,pls,Stat3_Etch_MV_Pressure__long_phase_mean,G3_bosch_phase,pressure,VIP,0.20338114348476893,-1,238,False
7,pls,Stat3_Etch_MV_Pressure__short_phase_mean,G3_bosch_phase,pressure,VIP,0.2125868763473937,1,234,False
7,pls,Stat3_Etch_MV_Pressure__phase_difference,G3_bosch_phase,pressure,VIP,0.17173118979432145,-1,239,False
7,pls,Stat3_Etch_MV_Pressure__cycle_mean_std,G4_cycle_behavior,pressure,VIP,0.6643650394537668,1,151,False
7,pls,Stat3_Etch_MV_Pressure__cycle_mean_slope,G4_cycle_behavior,pressure,VIP,0.4306298822296075,-1,194,False
7,pls,Stat3_Etch_MV_SourceRF2PeakToPeak__active_mean,G1_level,rf_power_matching_electrical,VIP,0.21760383275759473,1,232,False
7,pls,Stat3_Etch_MV_SourceRF2PeakToPeak__active_std,G1_level,rf_power_matching_electrical,VIP,0.2460079983164759,1,224,False
7,pls,Stat3_Etch_MV_SourceRF2PeakToPeak__active_slope,G2_temporal_drift,rf_power_matching_electrical,VIP,0.38474954280060014,1,201,False
7,pls,Stat3_Etch_MV_SourceRF2PeakToPeak__early_late_delta,G2_temporal_drift,rf_power_matching_electrical,VIP,0.4295148363806045,-1,195,False
7,pls,Stat3_Etch_MV_SourceRF2PeakToPeak__long_phase_mean,G3_bosch_phase,rf_power_matching_electrical,VIP,0.21926492755110014,1,230,False
7,pls,Stat3_Etch_MV_SourceRF2PeakToPeak__phase_difference,G3_bosch_phase,rf_power_matching_electrical,VIP,0.21926492755110014,1,231,False
7,pls,Stat3_Etch_MV_SourceRF2PeakToPeak__cycle_mean_std,G4_cycle_behavior,rf_power_matching_electrical,VIP,0.2117608430012292,1,236,False
7,pls,Stat3_Etch_MV_SourceRF2PeakToPeak__cycle_mean_slope,G4_cycle_behavior,rf_power_matching_electrical,VIP,0.3964940272369798,1,198,False
7,pls,Stat3_Etch_MV_SourceRF2TuningCapacitor__active_mean,G1_level,rf_power_matching_electrical,VIP,0.8254286043752231,-1,107,False
7,pls,Stat3_Etch_MV_SourceRF2TuningCapacitor__active_std,G1_level,rf_power_matching_electrical,VIP,0.8287344382327235,1,104,False
7,pls,Stat3_Etch_MV_SourceRF2TuningCapacitor__active_slope,G2_temporal_drift,rf_power_matching_electrical,VIP,0.8254437555894628,1,106,False
7,pls,Stat3_Etch_MV_SourceRF2TuningCapacitor__early_late_delta,G2_temporal_drift,rf_power_matching_electrical,VIP,0.8255639245838722,1,105,False
7,pls,Stat3_Etch_MV_SourceRF2TuningCapacitor__short_phase_mean,G3_bosch_phase,rf_power_matching_electrical,VIP,0.8242172801631172,-1,110,False
7,pls,Stat3_Etch_MV_SourceRF2TuningCapacitor__phase_difference,G3_bosch_phase,rf_power_matching_electrical,VIP,0.8242172801631173,1,109,False
7,pls,Stat3_Etch_MV_SourceRFLoadPower__active_mean,G1_level,rf_power_matching_electrical,VIP,1.4629827609685215,1,37,False
7,pls,Stat3_Etch_MV_SourceRFLoadPower__active_std,G1_level,rf_power_matching_electrical,VIP,0.8020352605331548,-1,120,False
7,pls,Stat3_Etch_MV_SourceRFLoadPower__active_range,G1_level,rf_power_matching_electrical,VIP,0.6045291153003769,-1,164,False
7,pls,Stat3_Etch_MV_SourceRFLoadPower__active_slope,G2_temporal_drift,rf_power_matching_electrical,VIP,0.667495955603405,-1,150,False
7,pls,Stat3_Etch_MV_SourceRFLoadPower__early_late_delta,G2_temporal_drift,rf_power_matching_electrical,VIP,0.7229441053214664,1,144,False
7,pls,Stat3_Etch_MV_SourceRFLoadPower__long_phase_mean,G3_bosch_phase,rf_power_matching_electrical,VIP,1.9691439846356091,1,11,True
7,pls,Stat3_Etch_MV_SourceRFLoadPower__short_phase_mean,G3_bosch_phase,rf_power_matching_electrical,VIP,0.7241220052292419,1,143,False
7,pls,Stat3_Etch_MV_SourceRFLoadPower__phase_difference,G3_bosch_phase,rf_power_matching_electrical,VIP,0.7282000894637963,1,138,False
7,pls,Stat3_Etch_MV_SourceRFLoadPower__cycle_mean_std,G4_cycle_behavior,rf_power_matching_electrical,VIP,0.8845037695005877,1,86,False
7,pls,Stat3_Etch_MV_SourceRFLoadPower__cycle_mean_slope,G4_cycle_behavior,rf_power_matching_electrical,VIP,0.6869011585669388,-1,147,False
7,pls,Stat3_Etch_MV_SourceRFPeakToPeak__active_mean,G1_level,rf_power_matching_electrical,VIP,0.5445313007913655,1,171,False
7,pls,Stat3_Etch_MV_SourceRFPeakToPeak__active_std,G1_level,rf_power_matching_electrical,VIP,0.7137511632085833,1,145,False
7,pls,Stat3_Etch_MV_SourceRFPeakToPeak__active_range,G1_level,rf_power_matching_electrical,VIP,0.6031544843811851,1,165,False
7,pls,Stat3_Etch_MV_SourceRFPeakToPeak__active_slope,G2_temporal_drift,rf_power_matching_electrical,VIP,1.0983842799574022,-1,58,False
7,pls,Stat3_Etch_MV_SourceRFPeakToPeak__early_late_delta,G2_temporal_drift,rf_power_matching_electrical,VIP,0.8876240211923785,-1,84,False
7,pls,Stat3_Etch_MV_SourceRFPeakToPeak__long_phase_mean,G3_bosch_phase,rf_power_matching_electrical,VIP,0.5489216825801315,1,170,False
7,pls,Stat3_Etch_MV_SourceRFPeakToPeak__short_phase_mean,G3_bosch_phase,rf_power_matching_electrical,VIP,0.6204765543219168,1,160,False
7,pls,Stat3_Etch_MV_SourceRFPeakToPeak__phase_difference,G3_bosch_phase,rf_power_matching_electrical,VIP,0.6346535634804225,1,158,False
7,pls,Stat3_Etch_MV_SourceRFPeakToPeak__cycle_mean_std,G4_cycle_behavior,rf_power_matching_electrical,VIP,0.4319273404553198,1,193,False
7,pls,Stat3_Etch_MV_SourceRFPeakToPeak__cycle_mean_slope,G4_cycle_behavior,rf_power_matching_electrical,VIP,0.8366639056825799,-1,99,False
7,pls,Stat3_Etch_MV_SourceRFReflectedPower__active_mean,G1_level,rf_power_matching_electrical,VIP,2.0365515820217706,-1,9,True
7,pls,Stat3_Etch_MV_SourceRFReflectedPower__active_std,G1_level,rf_power_matching_electrical,VIP,1.6210979481717214,-1,26,False
7,pls,Stat3_Etch_MV_SourceRFReflectedPower__active_range,G1_level,rf_power_matching_electrical,VIP,2.12549410739466,-1,6,True
7,pls,Stat3_Etch_MV_SourceRFReflectedPower__active_slope,G2_temporal_drift,rf_power_matching_electrical,VIP,1.252477310176291,1,45,False
7,pls,Stat3_Etch_MV_SourceRFReflectedPower__early_late_delta,G2_temporal_drift,rf_power_matching_electrical,VIP,0.8492653182388203,1,96,False
7,pls,Stat3_Etch_MV_SourceRFReflectedPower__long_phase_mean,G3_bosch_phase,rf_power_matching_electrical,VIP,1.6201307702442043,-1,28,False
7,pls,Stat3_Etch_MV_SourceRFReflectedPower__short_phase_mean,G3_bosch_phase,rf_power_matching_electrical,VIP,2.0382004190633833,-1,8,True
7,pls,Stat3_Etch_MV_SourceRFReflectedPower__phase_difference,G3_bosch_phase,rf_power_matching_electrical,VIP,1.814358811513835,1,16,True
7,pls,Stat3_Etch_MV_SourceRFReflectedPower__cycle_mean_std,G4_cycle_behavior,rf_power_matching_electrical,VIP,0.936821696732808,1,79,False
7,pls,Stat3_Etch_MV_SourceRFReflectedPower__cycle_mean_slope,G4_cycle_behavior,rf_power_matching_electrical,VIP,1.2223208728701205,-1,47,False
7,pls,Stat3_Etch_MV_moriInnerCurrent__active_mean,G1_level,remaining_process_signals,VIP,1.5419470215658877,1,33,False
7,pls,Stat3_Etch_MV_moriInnerCurrent__active_std,G1_level,remaining_process_signals,VIP,0.8463429814652201,1,97,False
7,pls,Stat3_Etch_MV_moriInnerCurrent__active_range,G1_level,remaining_process_signals,VIP,0.35007414743758225,1,213,False
7,pls,Stat3_Etch_MV_moriInnerCurrent__active_slope,G2_temporal_drift,remaining_process_signals,VIP,0.825202557017688,-1,108,False
7,pls,Stat3_Etch_MV_moriInnerCurrent__early_late_delta,G2_temporal_drift,remaining_process_signals,VIP,0.7588619826687252,-1,130,False
7,pls,Stat3_Etch_MV_moriInnerCurrent__long_phase_mean,G3_bosch_phase,remaining_process_signals,VIP,1.5390739353295657,-1,34,False
7,pls,Stat3_Etch_MV_moriInnerCurrent__short_phase_mean,G3_bosch_phase,remaining_process_signals,VIP,0.9629087545839332,1,76,False
7,pls,Stat3_Etch_MV_moriInnerCurrent__phase_difference,G3_bosch_phase,remaining_process_signals,VIP,0.2792458898028848,-1,221,False
7,pls,Stat3_Etch_MV_moriInnerCurrent__cycle_mean_std,G4_cycle_behavior,remaining_process_signals,VIP,1.4020335882571773,1,38,False
7,pls,Stat3_Etch_MV_moriInnerCurrent__cycle_mean_slope,G4_cycle_behavior,remaining_process_signals,VIP,0.8318640200489584,-1,100,False
7,ridge,Stat3_Etch_MV_ForeLinePressure__active_mean,G1_level,pressure,absolute_standardized_coefficient,0.003438749596714071,1,152,False
7,ridge,Stat3_Etch_MV_ForeLinePressure__active_std,G1_level,pressure,absolute_standardized_coefficient,0.017758108456743336,-1,20,True
7,ridge,Stat3_Etch_MV_ForeLinePressure__active_range,G1_level,pressure,absolute_standardized_coefficient,0.019650583148903198,-1,17,True
7,ridge,Stat3_Etch_MV_ForeLinePressure__active_slope,G2_temporal_drift,pressure,absolute_standardized_coefficient,0.0013724196385222123,-1,208,False
7,ridge,Stat3_Etch_MV_ForeLinePressure__early_late_delta,G2_temporal_drift,pressure,absolute_standardized_coefficient,0.0029212894007177503,-1,165,False
7,ridge,Stat3_Etch_MV_ForeLinePressure__long_phase_mean,G3_bosch_phase,pressure,absolute_standardized_coefficient,0.0007361651102684927,1,225,False
7,ridge,Stat3_Etch_MV_ForeLinePressure__short_phase_mean,G3_bosch_phase,pressure,absolute_standardized_coefficient,0.006926609602222311,1,94,False
7,ridge,Stat3_Etch_MV_ForeLinePressure__phase_difference,G3_bosch_phase,pressure,absolute_standardized_coefficient,0.0075388658483544905,-1,85,False
7,ridge,Stat3_Etch_MV_ForeLinePressure__cycle_mean_std,G4_cycle_behavior,pressure,absolute_standardized_coefficient,0.010853927252976632,1,51,False
7,ridge,Stat3_Etch_MV_ForeLinePressure__cycle_mean_slope,G4_cycle_behavior,pressure,absolute_standardized_coefficient,0.006813792050602013,1,97,False
7,ridge,Stat3_Etch_MV_Gas1Flow__active_mean,G1_level,gas_or_backside_flow,absolute_standardized_coefficient,0.0003600791313550676,-1,233,False
7,ridge,Stat3_Etch_MV_Gas1Flow__active_std,G1_level,gas_or_backside_flow,absolute_standardized_coefficient,0.0014932392728157129,1,203,False
7,ridge,Stat3_Etch_MV_Gas1Flow__active_range,G1_level,gas_or_backside_flow,absolute_standardized_coefficient,0.0017295850359698326,1,193,False
7,ridge,Stat3_Etch_MV_Gas1Flow__active_slope,G2_temporal_drift,gas_or_backside_flow,absolute_standardized_coefficient,0.001994139320666488,-1,185,False
7,ridge,Stat3_Etch_MV_Gas1Flow__early_late_delta,G2_temporal_drift,gas_or_backside_flow,absolute_standardized_coefficient,5.675903656797952e-06,1,241,False
7,ridge,Stat3_Etch_MV_Gas1Flow__long_phase_mean,G3_bosch_phase,gas_or_backside_flow,absolute_standardized_coefficient,0.002842532064817626,-1,166,False
7,ridge,Stat3_Etch_MV_Gas1Flow__short_phase_mean,G3_bosch_phase,gas_or_backside_flow,absolute_standardized_coefficient,0.0008745128710576562,1,223,False
7,ridge,Stat3_Etch_MV_Gas1Flow__phase_difference,G3_bosch_phase,gas_or_backside_flow,absolute_standardized_coefficient,0.0015076606536253009,-1,200,False
7,ridge,Stat3_Etch_MV_Gas1Flow__cycle_mean_std,G4_cycle_behavior,gas_or_backside_flow,absolute_standardized_coefficient,0.002176210813452127,1,181,False
7,ridge,Stat3_Etch_MV_Gas1Flow__cycle_mean_slope,G4_cycle_behavior,gas_or_backside_flow,absolute_standardized_coefficient,0.0001908863897036679,1,238,False
7,ridge,Stat3_Etch_MV_Gas2Flow__active_mean,G1_level,gas_or_backside_flow,absolute_standardized_coefficient,0.003750359103631763,1,139,False
7,ridge,Stat3_Etch_MV_Gas2Flow__active_std,G1_level,gas_or_backside_flow,absolute_standardized_coefficient,0.005383205522781317,1,113,False
7,ridge,Stat3_Etch_MV_Gas2Flow__active_range,G1_level,gas_or_backside_flow,absolute_standardized_coefficient,0.0015203639181781943,1,199,False
7,ridge,Stat3_Etch_MV_Gas2Flow__active_slope,G2_temporal_drift,gas_or_backside_flow,absolute_standardized_coefficient,0.004355950232863613,1,135,False
7,ridge,Stat3_Etch_MV_Gas2Flow__early_late_delta,G2_temporal_drift,gas_or_backside_flow,absolute_standardized_coefficient,0.00025162363740097605,1,235,False
7,ridge,Stat3_Etch_MV_Gas2Flow__long_phase_mean,G3_bosch_phase,gas_or_backside_flow,absolute_standardized_coefficient,0.0036009168350752477,1,146,False
7,ridge,Stat3_Etch_MV_Gas2Flow__short_phase_mean,G3_bosch_phase,gas_or_backside_flow,absolute_standardized_coefficient,0.0041715239315071985,1,136,False
7,ridge,Stat3_Etch_MV_Gas2Flow__phase_difference,G3_bosch_phase,gas_or_backside_flow,absolute_standardized_coefficient,0.010562257339334444,-1,53,False
7,ridge,Stat3_Etch_MV_Gas2Flow__cycle_mean_std,G4_cycle_behavior,gas_or_backside_flow,absolute_standardized_coefficient,0.006785459853889515,1,99,False
7,ridge,Stat3_Etch_MV_Gas2Flow__cycle_mean_slope,G4_cycle_behavior,gas_or_backside_flow,absolute_standardized_coefficient,0.005023993500002081,1,121,False
7,ridge,Stat3_Etch_MV_Gas4Flow__active_mean,G1_level,gas_or_backside_flow,absolute_standardized_coefficient,0.008199640552832649,-1,80,False
7,ridge,Stat3_Etch_MV_Gas4Flow__active_std,G1_level,gas_or_backside_flow,absolute_standardized_coefficient,0.0004329616767704738,1,231,False
7,ridge,Stat3_Etch_MV_Gas4Flow__active_slope,G2_temporal_drift,gas_or_backside_flow,absolute_standardized_coefficient,0.0020016790874019335,-1,184,False
7,ridge,Stat3_Etch_MV_Gas4Flow__early_late_delta,G2_temporal_drift,gas_or_backside_flow,absolute_standardized_coefficient,0.007997753893921856,1,82,False
7,ridge,Stat3_Etch_MV_Gas4Flow__long_phase_mean,G3_bosch_phase,gas_or_backside_flow,absolute_standardized_coefficient,0.0015049449597106957,1,201,False
7,ridge,Stat3_Etch_MV_Gas4Flow__short_phase_mean,G3_bosch_phase,gas_or_backside_flow,absolute_standardized_coefficient,0.002387312265755547,1,178,False
7,ridge,Stat3_Etch_MV_Gas4Flow__phase_difference,G3_bosch_phase,gas_or_backside_flow,absolute_standardized_coefficient,0.0025922603314411994,-1,172,False
7,ridge,Stat3_Etch_MV_Gas4Flow__cycle_mean_std,G4_cycle_behavior,gas_or_backside_flow,absolute_standardized_coefficient,0.009483377049755642,1,63,False
7,ridge,Stat3_Etch_MV_Gas4Flow__cycle_mean_slope,G4_cycle_behavior,gas_or_backside_flow,absolute_standardized_coefficient,0.00903534053303846,-1,68,False
7,ridge,Stat3_Etch_MV_Gas5Flow__active_mean,G1_level,gas_or_backside_flow,absolute_standardized_coefficient,0.009567116816610953,1,62,False
7,ridge,Stat3_Etch_MV_Gas5Flow__active_std,G1_level,gas_or_backside_flow,absolute_standardized_coefficient,0.005381783697840098,-1,114,False
7,ridge,Stat3_Etch_MV_Gas5Flow__active_slope,G2_temporal_drift,gas_or_backside_flow,absolute_standardized_coefficient,0.000991220679672797,1,216,False
7,ridge,Stat3_Etch_MV_Gas5Flow__early_late_delta,G2_temporal_drift,gas_or_backside_flow,absolute_standardized_coefficient,0.009712785645258463,-1,61,False
7,ridge,Stat3_Etch_MV_Gas5Flow__long_phase_mean,G3_bosch_phase,gas_or_backside_flow,absolute_standardized_coefficient,0.0005586698346768558,1,228,False
7,ridge,Stat3_Etch_MV_Gas5Flow__short_phase_mean,G3_bosch_phase,gas_or_backside_flow,absolute_standardized_coefficient,0.006330766718764701,-1,105,False
7,ridge,Stat3_Etch_MV_Gas5Flow__phase_difference,G3_bosch_phase,gas_or_backside_flow,absolute_standardized_coefficient,0.016518882807120865,1,25,False
7,ridge,Stat3_Etch_MV_Gas5Flow__cycle_mean_std,G4_cycle_behavior,gas_or_backside_flow,absolute_standardized_coefficient,0.010235029306093496,1,55,False
7,ridge,Stat3_Etch_MV_Gas5Flow__cycle_mean_slope,G4_cycle_behavior,gas_or_backside_flow,absolute_standardized_coefficient,0.008542141388790326,1,75,False
7,ridge,Stat3_Etch_MV_Gas7Flow__active_mean,G1_level,gas_or_backside_flow,absolute_standardized_coefficient,0.0034282261194985486,1,153,False
7,ridge,Stat3_Etch_MV_Gas7Flow__active_std,G1_level,gas_or_backside_flow,absolute_standardized_coefficient,0.0044356551590954895,-1,133,False
7,ridge,Stat3_Etch_MV_Gas7Flow__active_range,G1_level,gas_or_backside_flow,absolute_standardized_coefficient,0.002167698534226602,-1,182,False
7,ridge,Stat3_Etch_MV_Gas7Flow__active_slope,G2_temporal_drift,gas_or_backside_flow,absolute_standardized_coefficient,0.0033329632445872562,1,157,False
7,ridge,Stat3_Etch_MV_Gas7Flow__early_late_delta,G2_temporal_drift,gas_or_backside_flow,absolute_standardized_coefficient,0.006848221085215152,1,96,False
7,ridge,Stat3_Etch_MV_Gas7Flow__long_phase_mean,G3_bosch_phase,gas_or_backside_flow,absolute_standardized_coefficient,0.003387519569938071,1,155,False
7,ridge,Stat3_Etch_MV_Gas7Flow__short_phase_mean,G3_bosch_phase,gas_or_backside_flow,absolute_standardized_coefficient,0.003548465116136954,1,147,False
7,ridge,Stat3_Etch_MV_Gas7Flow__phase_difference,G3_bosch_phase,gas_or_backside_flow,absolute_standardized_coefficient,0.004714818180993218,-1,127,False
7,ridge,Stat3_Etch_MV_Gas7Flow__cycle_mean_std,G4_cycle_behavior,gas_or_backside_flow,absolute_standardized_coefficient,0.009760524198403307,-1,57,False
7,ridge,Stat3_Etch_MV_Gas7Flow__cycle_mean_slope,G4_cycle_behavior,gas_or_backside_flow,absolute_standardized_coefficient,0.0031637798030508192,1,159,False
7,ridge,Stat3_Etch_MV_Heater1Temp__active_mean,G1_level,heater_temperature,absolute_standardized_coefficient,0.00011394619550478616,-1,240,False
7,ridge,Stat3_Etch_MV_Heater1Temp__active_std,G1_level,heater_temperature,absolute_standardized_coefficient,0.002367671326915884,-1,179,False
7,ridge,Stat3_Etch_MV_Heater1Temp__active_slope,G2_temporal_drift,heater_temperature,absolute_standardized_coefficient,0.003412871260623504,1,154,False
7,ridge,Stat3_Etch_MV_Heater1Temp__early_late_delta,G2_temporal_drift,heater_temperature,absolute_standardized_coefficient,0.0150360117735798,-1,29,False
7,ridge,Stat3_Etch_MV_Heater1Temp__long_phase_mean,G3_bosch_phase,heater_temperature,absolute_standardized_coefficient,0.0008333752209301583,-1,224,False
7,ridge,Stat3_Etch_MV_Heater1Temp__short_phase_mean,G3_bosch_phase,heater_temperature,absolute_standardized_coefficient,0.001467768067302139,1,204,False
7,ridge,Stat3_Etch_MV_Heater1Temp__phase_difference,G3_bosch_phase,heater_temperature,absolute_standardized_coefficient,0.002461826092214325,-1,175,False
7,ridge,Stat3_Etch_MV_Heater1Temp__cycle_mean_std,G4_cycle_behavior,heater_temperature,absolute_standardized_coefficient,0.0196695826369378,1,16,True
7,ridge,Stat3_Etch_MV_Heater1Temp__cycle_mean_slope,G4_cycle_behavior,heater_temperature,absolute_standardized_coefficient,0.0011109433870760978,1,211,False
7,ridge,Stat3_Etch_MV_Heater2Temp__active_mean,G1_level,heater_temperature,absolute_standardized_coefficient,0.007426147872381661,1,90,False
7,ridge,Stat3_Etch_MV_Heater2Temp__active_std,G1_level,heater_temperature,absolute_standardized_coefficient,0.008562199148175582,-1,74,False
7,ridge,Stat3_Etch_MV_Heater2Temp__active_range,G1_level,heater_temperature,absolute_standardized_coefficient,0.005860951208399939,-1,110,False
7,ridge,Stat3_Etch_MV_Heater2Temp__active_slope,G2_temporal_drift,heater_temperature,absolute_standardized_coefficient,0.0010321453627650337,1,215,False
7,ridge,Stat3_Etch_MV_Heater2Temp__early_late_delta,G2_temporal_drift,heater_temperature,absolute_standardized_coefficient,0.010318246743794285,-1,54,False
7,ridge,Stat3_Etch_MV_Heater2Temp__long_phase_mean,G3_bosch_phase,heater_temperature,absolute_standardized_coefficient,0.007426571595439821,1,89,False
7,ridge,Stat3_Etch_MV_Heater2Temp__short_phase_mean,G3_bosch_phase,heater_temperature,absolute_standardized_coefficient,0.0074224631060466435,1,91,False
7,ridge,Stat3_Etch_MV_Heater2Temp__phase_difference,G3_bosch_phase,heater_temperature,absolute_standardized_coefficient,0.0002366713517555621,-1,236,False
7,ridge,Stat3_Etch_MV_Heater2Temp__cycle_mean_std,G4_cycle_behavior,heater_temperature,absolute_standardized_coefficient,0.009063940620156193,-1,67,False
7,ridge,Stat3_Etch_MV_Heater2Temp__cycle_mean_slope,G4_cycle_behavior,heater_temperature,absolute_standardized_coefficient,0.0012084803947584907,1,210,False
7,ridge,Stat3_Etch_MV_Heater3Temp__active_mean,G1_level,heater_temperature,absolute_standardized_coefficient,0.0036835999184777627,1,142,False
7,ridge,Stat3_Etch_MV_Heater3Temp__active_std,G1_level,heater_temperature,absolute_standardized_coefficient,0.01705138511269624,1,23,False
7,ridge,Stat3_Etch_MV_Heater3Temp__active_range,G1_level,heater_temperature,absolute_standardized_coefficient,0.011312279041477526,1,48,False
7,ridge,Stat3_Etch_MV_Heater3Temp__active_slope,G2_temporal_drift,heater_temperature,absolute_standardized_coefficient,0.0002801615148651131,1,234,False
7,ridge,Stat3_Etch_MV_Heater3Temp__early_late_delta,G2_temporal_drift,heater_temperature,absolute_standardized_coefficient,0.0036254861948323337,1,144,False
7,ridge,Stat3_Etch_MV_Heater3Temp__long_phase_mean,G3_bosch_phase,heater_temperature,absolute_standardized_coefficient,0.003752174791988486,1,138,False
7,ridge,Stat3_Etch_MV_Heater3Temp__short_phase_mean,G3_bosch_phase,heater_temperature,absolute_standardized_coefficient,0.0034550771572272616,1,150,False
7,ridge,Stat3_Etch_MV_Heater3Temp__phase_difference,G3_bosch_phase,heater_temperature,absolute_standardized_coefficient,0.003076208040266242,1,162,False
7,ridge,Stat3_Etch_MV_Heater3Temp__cycle_mean_std,G4_cycle_behavior,heater_temperature,absolute_standardized_coefficient,0.008958844929524996,1,70,False
7,ridge,Stat3_Etch_MV_Heater3Temp__cycle_mean_slope,G4_cycle_behavior,heater_temperature,absolute_standardized_coefficient,0.0009869575838902015,1,217,False
7,ridge,Stat3_Etch_MV_Heater4Temp__active_mean,G1_level,heater_temperature,absolute_standardized_coefficient,0.0009108306104229297,1,220,False
7,ridge,Stat3_Etch_MV_Heater4Temp__active_std,G1_level,heater_temperature,absolute_standardized_coefficient,0.013918748094717437,1,36,False
7,ridge,Stat3_Etch_MV_Heater4Temp__active_range,G1_level,heater_temperature,absolute_standardized_coefficient,0.013301977373612118,-1,37,False
7,ridge,Stat3_Etch_MV_Heater4Temp__active_slope,G2_temporal_drift,heater_temperature,absolute_standardized_coefficient,0.011775116378331101,-1,43,False
7,ridge,Stat3_Etch_MV_Heater4Temp__early_late_delta,G2_temporal_drift,heater_temperature,absolute_standardized_coefficient,0.004609320722558989,-1,129,False
7,ridge,Stat3_Etch_MV_Heater4Temp__long_phase_mean,G3_bosch_phase,heater_temperature,absolute_standardized_coefficient,0.0009148760445624148,1,219,False
7,ridge,Stat3_Etch_MV_Heater4Temp__short_phase_mean,G3_bosch_phase,heater_temperature,absolute_standardized_coefficient,0.0009002800897352078,1,221,False
7,ridge,Stat3_Etch_MV_Heater4Temp__phase_difference,G3_bosch_phase,heater_temperature,absolute_standardized_coefficient,0.0010526911323799513,1,213,False
7,ridge,Stat3_Etch_MV_Heater4Temp__cycle_mean_std,G4_cycle_behavior,heater_temperature,absolute_standardized_coefficient,0.011030548200284351,1,50,False
7,ridge,Stat3_Etch_MV_Heater4Temp__cycle_mean_slope,G4_cycle_behavior,heater_temperature,absolute_standardized_coefficient,0.011564365335505214,-1,46,False
7,ridge,Stat3_Etch_MV_HeliumBPFlow__active_mean,G1_level,gas_or_backside_flow,absolute_standardized_coefficient,0.005162408205212608,1,117,False
7,ridge,Stat3_Etch_MV_HeliumBPFlow__active_std,G1_level,gas_or_backside_flow,absolute_standardized_coefficient,0.0024185081001049263,1,176,False
7,ridge,Stat3_Etch_MV_HeliumBPFlow__active_range,G1_level,gas_or_backside_flow,absolute_standardized_coefficient,0.002549812114928813,1,174,False
7,ridge,Stat3_Etch_MV_HeliumBPFlow__active_slope,G2_temporal_drift,gas_or_backside_flow,absolute_standardized_coefficient,0.004435360056200192,-1,134,False
7,ridge,Stat3_Etch_MV_HeliumBPFlow__early_late_delta,G2_temporal_drift,gas_or_backside_flow,absolute_standardized_coefficient,0.005214657658494902,-1,116,False
7,ridge,Stat3_Etch_MV_HeliumBPFlow__long_phase_mean,G3_bosch_phase,gas_or_backside_flow,absolute_standardized_coefficient,0.005145104798093874,1,118,False
7,ridge,Stat3_Etch_MV_HeliumBPFlow__short_phase_mean,G3_bosch_phase,gas_or_backside_flow,absolute_standardized_coefficient,0.005216100522608654,1,115,False
7,ridge,Stat3_Etch_MV_HeliumBPFlow__phase_difference,G3_bosch_phase,gas_or_backside_flow,absolute_standardized_coefficient,0.003718192007038966,-1,140,False
7,ridge,Stat3_Etch_MV_HeliumBPFlow__cycle_mean_std,G4_cycle_behavior,gas_or_backside_flow,absolute_standardized_coefficient,0.0018993758970860023,1,190,False
7,ridge,Stat3_Etch_MV_HeliumBPFlow__cycle_mean_slope,G4_cycle_behavior,gas_or_backside_flow,absolute_standardized_coefficient,0.0046268181232993425,-1,128,False
7,ridge,Stat3_Etch_MV_HeliumBPPressure__active_mean,G1_level,pressure,absolute_standardized_coefficient,0.006413104177348167,-1,104,False
7,ridge,Stat3_Etch_MV_HeliumBPPressure__active_std,G1_level,pressure,absolute_standardized_coefficient,0.00752624004481583,1,88,False
7,ridge,Stat3_Etch_MV_HeliumBPPressure__active_range,G1_level,pressure,absolute_standardized_coefficient,0.013137218870820911,-1,39,False
7,ridge,Stat3_Etch_MV_HeliumBPPressure__active_slope,G2_temporal_drift,pressure,absolute_standardized_coefficient,0.005140563277397724,1,119,False
7,ridge,Stat3_Etch_MV_HeliumBPPressure__early_late_delta,G2_temporal_drift,pressure,absolute_standardized_coefficient,0.0006110871103779062,-1,227,False
7,ridge,Stat3_Etch_MV_HeliumBPPressure__long_phase_mean,G3_bosch_phase,pressure,absolute_standardized_coefficient,0.005524485867357674,-1,112,False
7,ridge,Stat3_Etch_MV_HeliumBPPressure__short_phase_mean,G3_bosch_phase,pressure,absolute_standardized_coefficient,0.005940692579761386,-1,108,False
7,ridge,Stat3_Etch_MV_HeliumBPPressure__phase_difference,G3_bosch_phase,pressure,absolute_standardized_coefficient,0.003099440506538435,1,161,False
7,ridge,Stat3_Etch_MV_HeliumBPPressure__cycle_mean_std,G4_cycle_behavior,pressure,absolute_standardized_coefficient,0.017662285499008612,1,21,False
7,ridge,Stat3_Etch_MV_HeliumBPPressure__cycle_mean_slope,G4_cycle_behavior,pressure,absolute_standardized_coefficient,0.007235327948678356,1,92,False
7,ridge,Stat3_Etch_MV_PlatenDcBias__active_mean,G1_level,rf_power_matching_electrical,absolute_standardized_coefficient,0.003441483044742429,1,151,False
7,ridge,Stat3_Etch_MV_PlatenDcBias__active_std,G1_level,rf_power_matching_electrical,absolute_standardized_coefficient,0.0026489987964064413,1,170,False
7,ridge,Stat3_Etch_MV_PlatenDcBias__active_range,G1_level,rf_power_matching_electrical,absolute_standardized_coefficient,0.011774464660010444,1,44,False
7,ridge,Stat3_Etch_MV_PlatenDcBias__active_slope,G2_temporal_drift,rf_power_matching_electrical,absolute_standardized_coefficient,0.0031587923237784725,1,160,False
7,ridge,Stat3_Etch_MV_PlatenDcBias__early_late_delta,G2_temporal_drift,rf_power_matching_electrical,absolute_standardized_coefficient,0.006426866320621032,1,103,False
7,ridge,Stat3_Etch_MV_PlatenDcBias__long_phase_mean,G3_bosch_phase,rf_power_matching_electrical,absolute_standardized_coefficient,0.002823439455320054,-1,167,False
7,ridge,Stat3_Etch_MV_PlatenDcBias__short_phase_mean,G3_bosch_phase,rf_power_matching_electrical,absolute_standardized_coefficient,0.013226795072277314,1,38,False
7,ridge,Stat3_Etch_MV_PlatenDcBias__phase_difference,G3_bosch_phase,rf_power_matching_electrical,absolute_standardized_coefficient,0.01474723151248113,-1,31,False
7,ridge,Stat3_Etch_MV_PlatenDcBias__cycle_mean_std,G4_cycle_behavior,rf_power_matching_electrical,absolute_standardized_coefficient,0.01144459401913328,-1,47,False
7,ridge,Stat3_Etch_MV_PlatenDcBias__cycle_mean_slope,G4_cycle_behavior,rf_power_matching_electrical,absolute_standardized_coefficient,0.002551949736583247,1,173,False
7,ridge,Stat3_Etch_MV_PlatenRFLoadCapacitor__active_mean,G1_level,rf_power_matching_electrical,absolute_standardized_coefficient,0.009731512410722544,-1,59,False
7,ridge,Stat3_Etch_MV_PlatenRFLoadCapacitor__active_std,G1_level,rf_power_matching_electrical,absolute_standardized_coefficient,0.023143802044269385,-1,11,True
7,ridge,Stat3_Etch_MV_PlatenRFLoadCapacitor__active_range,G1_level,rf_power_matching_electrical,absolute_standardized_coefficient,0.007818861248128915,-1,84,False
7,ridge,Stat3_Etch_MV_PlatenRFLoadCapacitor__active_slope,G2_temporal_drift,rf_power_matching_electrical,absolute_standardized_coefficient,0.0059900050640373384,-1,107,False
7,ridge,Stat3_Etch_MV_PlatenRFLoadCapacitor__early_late_delta,G2_temporal_drift,rf_power_matching_electrical,absolute_standardized_coefficient,0.01226328492536315,-1,41,False
7,ridge,Stat3_Etch_MV_PlatenRFLoadCapacitor__long_phase_mean,G3_bosch_phase,rf_power_matching_electrical,absolute_standardized_coefficient,0.009277943785159788,-1,66,False
7,ridge,Stat3_Etch_MV_PlatenRFLoadCapacitor__short_phase_mean,G3_bosch_phase,rf_power_matching_electrical,absolute_standardized_coefficient,0.00838623208860902,-1,77,False
7,ridge,Stat3_Etch_MV_PlatenRFLoadCapacitor__phase_difference,G3_bosch_phase,rf_power_matching_electrical,absolute_standardized_coefficient,0.00019630220369700694,1,237,False
7,ridge,Stat3_Etch_MV_PlatenRFLoadCapacitor__cycle_mean_std,G4_cycle_behavior,rf_power_matching_electrical,absolute_standardized_coefficient,0.004856020327397242,-1,124,False
7,ridge,Stat3_Etch_MV_PlatenRFLoadCapacitor__cycle_mean_slope,G4_cycle_behavior,rf_power_matching_electrical,absolute_standardized_coefficient,0.0004779452461881892,1,230,False
7,ridge,Stat3_Etch_MV_PlatenRFLoadPower__active_mean,G1_level,rf_power_matching_electrical,absolute_standardized_coefficient,0.006804925971405394,-1,98,False
7,ridge,Stat3_Etch_MV_PlatenRFLoadPower__active_std,G1_level,rf_power_matching_electrical,absolute_standardized_coefficient,0.0016528466356004442,1,196,False
7,ridge,Stat3_Etch_MV_PlatenRFLoadPower__active_range,G1_level,rf_power_matching_electrical,absolute_standardized_coefficient,0.002667122387220131,1,169,False
7,ridge,Stat3_Etch_MV_PlatenRFLoadPower__active_slope,G2_temporal_drift,rf_power_matching_electrical,absolute_standardized_coefficient,0.0020631595673184563,1,183,False
7,ridge,Stat3_Etch_MV_PlatenRFLoadPower__early_late_delta,G2_temporal_drift,rf_power_matching_electrical,absolute_standardized_coefficient,0.01450611533274085,-1,33,False
7,ridge,Stat3_Etch_MV_PlatenRFLoadPower__long_phase_mean,G3_bosch_phase,rf_power_matching_electrical,absolute_standardized_coefficient,0.004566931660511356,-1,130,False
7,ridge,Stat3_Etch_MV_PlatenRFLoadPower__short_phase_mean,G3_bosch_phase,rf_power_matching_electrical,absolute_standardized_coefficient,0.0036542330701800213,-1,143,False
7,ridge,Stat3_Etch_MV_PlatenRFLoadPower__phase_difference,G3_bosch_phase,rf_power_matching_electrical,absolute_standardized_coefficient,0.000880498393544816,1,222,False
7,ridge,Stat3_Etch_MV_PlatenRFLoadPower__cycle_mean_std,G4_cycle_behavior,rf_power_matching_electrical,absolute_standardized_coefficient,0.011875031776112752,1,42,False
7,ridge,Stat3_Etch_MV_PlatenRFLoadPower__cycle_mean_slope,G4_cycle_behavior,rf_power_matching_electrical,absolute_standardized_coefficient,0.0024099817601637907,1,177,False
7,ridge,Stat3_Etch_MV_PlatenRFPeakToPeak__active_mean,G1_level,rf_power_matching_electrical,absolute_standardized_coefficient,0.014106190349159678,-1,35,False
7,ridge,Stat3_Etch_MV_PlatenRFPeakToPeak__active_std,G1_level,rf_power_matching_electrical,absolute_standardized_coefficient,0.0028041840042979807,-1,168,False
7,ridge,Stat3_Etch_MV_PlatenRFPeakToPeak__active_range,G1_level,rf_power_matching_electrical,absolute_standardized_coefficient,0.036831440965354706,-1,2,True
7,ridge,Stat3_Etch_MV_PlatenRFPeakToPeak__active_slope,G2_temporal_drift,rf_power_matching_electrical,absolute_standardized_coefficient,0.009721460867504687,1,60,False
7,ridge,Stat3_Etch_MV_PlatenRFPeakToPeak__early_late_delta,G2_temporal_drift,rf_power_matching_electrical,absolute_standardized_coefficient,0.009470435090446946,-1,64,False
7,ridge,Stat3_Etch_MV_PlatenRFPeakToPeak__long_phase_mean,G3_bosch_phase,rf_power_matching_electrical,absolute_standardized_coefficient,0.007908629526732661,-1,83,False
7,ridge,Stat3_Etch_MV_PlatenRFPeakToPeak__short_phase_mean,G3_bosch_phase,rf_power_matching_electrical,absolute_standardized_coefficient,0.01646118816739601,-1,26,False
7,ridge,Stat3_Etch_MV_PlatenRFPeakToPeak__phase_difference,G3_bosch_phase,rf_power_matching_electrical,absolute_standardized_coefficient,0.014795266212796193,1,30,False
7,ridge,Stat3_Etch_MV_PlatenRFPeakToPeak__cycle_mean_std,G4_cycle_behavior,rf_power_matching_electrical,absolute_standardized_coefficient,0.007058217919663789,1,93,False
7,ridge,Stat3_Etch_MV_PlatenRFPeakToPeak__cycle_mean_slope,G4_cycle_behavior,rf_power_matching_electrical,absolute_standardized_coefficient,0.006632672048327145,1,100,False
7,ridge,Stat3_Etch_MV_PlatenRFReflectedPower__active_mean,G1_level,rf_power_matching_electrical,absolute_standardized_coefficient,0.00014415308899622808,-1,239,False
7,ridge,Stat3_Etch_MV_PlatenRFReflectedPower__active_std,G1_level,rf_power_matching_electrical,absolute_standardized_coefficient,0.0026032592005150183,1,171,False
7,ridge,Stat3_Etch_MV_PlatenRFReflectedPower__active_range,G1_level,rf_power_matching_electrical,absolute_standardized_coefficient,0.026287882252136175,1,6,True
7,ridge,Stat3_Etch_MV_PlatenRFReflectedPower__active_slope,G2_temporal_drift,rf_power_matching_electrical,absolute_standardized_coefficient,0.007536933806979021,1,86,False
7,ridge,Stat3_Etch_MV_PlatenRFReflectedPower__early_late_delta,G2_temporal_drift,rf_power_matching_electrical,absolute_standardized_coefficient,0.008219344750564801,1,78,False
7,ridge,Stat3_Etch_MV_PlatenRFReflectedPower__long_phase_mean,G3_bosch_phase,rf_power_matching_electrical,absolute_standardized_coefficient,0.01878546344410114,-1,18,True
7,ridge,Stat3_Etch_MV_PlatenRFReflectedPower__short_phase_mean,G3_bosch_phase,rf_power_matching_electrical,absolute_standardized_coefficient,0.01589433244052888,1,28,False
7,ridge,Stat3_Etch_MV_PlatenRFReflectedPower__phase_difference,G3_bosch_phase,rf_power_matching_electrical,absolute_standardized_coefficient,0.01834910357098127,-1,19,True
7,ridge,Stat3_Etch_MV_PlatenRFReflectedPower__cycle_mean_std,G4_cycle_behavior,rf_power_matching_electrical,absolute_standardized_coefficient,0.014520958311674069,-1,32,False
7,ridge,Stat3_Etch_MV_PlatenRFReflectedPower__cycle_mean_slope,G4_cycle_behavior,rf_power_matching_electrical,absolute_standardized_coefficient,0.0034637840316509034,1,149,False
7,ridge,Stat3_Etch_MV_PlatenRFTuningCapacitor__active_mean,G1_level,rf_power_matching_electrical,absolute_standardized_coefficient,0.023627284733899,-1,10,True
7,ridge,Stat3_Etch_MV_PlatenRFTuningCapacitor__active_std,G1_level,rf_power_matching_electrical,absolute_standardized_coefficient,0.016409691783534894,1,27,False
7,ridge,Stat3_Etch_MV_PlatenRFTuningCapacitor__active_range,G1_level,rf_power_matching_electrical,absolute_standardized_coefficient,0.026017391523428083,1,8,True
7,ridge,Stat3_Etch_MV_PlatenRFTuningCapacitor__active_slope,G2_temporal_drift,rf_power_matching_electrical,absolute_standardized_coefficient,0.014212874484407535,1,34,False
7,ridge,Stat3_Etch_MV_PlatenRFTuningCapacitor__early_late_delta,G2_temporal_drift,rf_power_matching_electrical,absolute_standardized_coefficient,0.006876778299591675,1,95,False
7,ridge,Stat3_Etch_MV_PlatenRFTuningCapacitor__long_phase_mean,G3_bosch_phase,rf_power_matching_electrical,absolute_standardized_coefficient,0.026169735931218376,-1,7,True
7,ridge,Stat3_Etch_MV_PlatenRFTuningCapacitor__short_phase_mean,G3_bosch_phase,rf_power_matching_electrical,absolute_standardized_coefficient,0.0012936020315029984,-1,209,False
7,ridge,Stat3_Etch_MV_PlatenRFTuningCapacitor__phase_difference,G3_bosch_phase,rf_power_matching_electrical,absolute_standardized_coefficient,0.030460245385124613,-1,3,True
7,ridge,Stat3_Etch_MV_PlatenRFTuningCapacitor__cycle_mean_std,G4_cycle_behavior,rf_power_matching_electrical,absolute_standardized_coefficient,0.009745824622277773,-1,58,False
7,ridge,Stat3_Etch_MV_PlatenRFTuningCapacitor__cycle_mean_slope,G4_cycle_behavior,rf_power_matching_electrical,absolute_standardized_coefficient,0.017447621802088295,1,22,False
7,ridge,Stat3_Etch_MV_Pressure__active_mean,G1_level,pressure,absolute_standardized_coefficient,0.00893233810731784,1,71,False
7,ridge,Stat3_Etch_MV_Pressure__active_std,G1_level,pressure,absolute_standardized_coefficient,0.026820281056679274,-1,4,True
7,ridge,Stat3_Etch_MV_Pressure__active_range,G1_level,pressure,absolute_standardized_coefficient,0.00802001435138703,-1,81,False
7,ridge,Stat3_Etch_MV_Pressure__active_slope,G2_temporal_drift,pressure,absolute_standardized_coefficient,0.010076293558258623,1,56,False
7,ridge,Stat3_Etch_MV_Pressure__early_late_delta,G2_temporal_drift,pressure,absolute_standardized_coefficient,0.01163485984690608,-1,45,False
7,ridge,Stat3_Etch_MV_Pressure__long_phase_mean,G3_bosch_phase,pressure,absolute_standardized_coefficient,0.008986935737996436,1,69,False
7,ridge,Stat3_Etch_MV_Pressure__short_phase_mean,G3_bosch_phase,pressure,absolute_standardized_coefficient,0.0007230241497244291,1,226,False
7,ridge,Stat3_Etch_MV_Pressure__phase_difference,G3_bosch_phase,pressure,absolute_standardized_coefficient,0.0013945831265055773,1,207,False
7,ridge,Stat3_Etch_MV_Pressure__cycle_mean_std,G4_cycle_behavior,pressure,absolute_standardized_coefficient,0.02092155271100753,1,14,True
7,ridge,Stat3_Etch_MV_Pressure__cycle_mean_slope,G4_cycle_behavior,pressure,absolute_standardized_coefficient,0.001591006227268123,-1,198,False
7,ridge,Stat3_Etch_MV_SourceRF2PeakToPeak__active_mean,G1_level,rf_power_matching_electrical,absolute_standardized_coefficient,0.0016204868719438058,-1,197,False
7,ridge,Stat3_Etch_MV_SourceRF2PeakToPeak__active_std,G1_level,rf_power_matching_electrical,absolute_standardized_coefficient,0.0010965201160821063,1,212,False
7,ridge,Stat3_Etch_MV_SourceRF2PeakToPeak__active_slope,G2_temporal_drift,rf_power_matching_electrical,absolute_standardized_coefficient,0.003710786381417158,-1,141,False
7,ridge,Stat3_Etch_MV_SourceRF2PeakToPeak__early_late_delta,G2_temporal_drift,rf_power_matching_electrical,absolute_standardized_coefficient,0.0014078432301506474,-1,206,False
7,ridge,Stat3_Etch_MV_SourceRF2PeakToPeak__long_phase_mean,G3_bosch_phase,rf_power_matching_electrical,absolute_standardized_coefficient,0.001707364262877362,-1,194,False
7,ridge,Stat3_Etch_MV_SourceRF2PeakToPeak__phase_difference,G3_bosch_phase,rf_power_matching_electrical,absolute_standardized_coefficient,0.001707364262877362,-1,195,False
7,ridge,Stat3_Etch_MV_SourceRF2PeakToPeak__cycle_mean_std,G4_cycle_behavior,rf_power_matching_electrical,absolute_standardized_coefficient,0.004919276681549715,-1,123,False
7,ridge,Stat3_Etch_MV_SourceRF2PeakToPeak__cycle_mean_slope,G4_cycle_behavior,rf_power_matching_electrical,absolute_standardized_coefficient,0.003977764664691449,-1,137,False
7,ridge,Stat3_Etch_MV_SourceRF2TuningCapacitor__active_mean,G1_level,rf_power_matching_electrical,absolute_standardized_coefficient,0.0019598630518623157,-1,186,False
7,ridge,Stat3_Etch_MV_SourceRF2TuningCapacitor__active_std,G1_level,rf_power_matching_electrical,absolute_standardized_coefficient,0.0014954545462991208,1,202,False
7,ridge,Stat3_Etch_MV_SourceRF2TuningCapacitor__active_slope,G2_temporal_drift,rf_power_matching_electrical,absolute_standardized_coefficient,0.0019582133629259977,1,187,False
7,ridge,Stat3_Etch_MV_SourceRF2TuningCapacitor__early_late_delta,G2_temporal_drift,rf_power_matching_electrical,absolute_standardized_coefficient,0.001944827003497254,1,189,False
7,ridge,Stat3_Etch_MV_SourceRF2TuningCapacitor__short_phase_mean,G3_bosch_phase,rf_power_matching_electrical,absolute_standardized_coefficient,0.00177429619430602,-1,191,False
7,ridge,Stat3_Etch_MV_SourceRF2TuningCapacitor__phase_difference,G3_bosch_phase,rf_power_matching_electrical,absolute_standardized_coefficient,0.0017742961943060188,1,192,False
7,ridge,Stat3_Etch_MV_SourceRFLoadPower__active_mean,G1_level,rf_power_matching_electrical,absolute_standardized_coefficient,0.006513409312465443,1,102,False
7,ridge,Stat3_Etch_MV_SourceRFLoadPower__active_std,G1_level,rf_power_matching_electrical,absolute_standardized_coefficient,0.0019502653882169819,-1,188,False
7,ridge,Stat3_Etch_MV_SourceRFLoadPower__active_range,G1_level,rf_power_matching_electrical,absolute_standardized_coefficient,0.004829775819040509,-1,125,False
7,ridge,Stat3_Etch_MV_SourceRFLoadPower__active_slope,G2_temporal_drift,rf_power_matching_electrical,absolute_standardized_coefficient,0.005914120386486579,-1,109,False
7,ridge,Stat3_Etch_MV_SourceRFLoadPower__early_late_delta,G2_temporal_drift,rf_power_matching_electrical,absolute_standardized_coefficient,0.0004294472254498627,-1,232,False
7,ridge,Stat3_Etch_MV_SourceRFLoadPower__long_phase_mean,G3_bosch_phase,rf_power_matching_electrical,absolute_standardized_coefficient,0.004756022868923375,1,126,False
7,ridge,Stat3_Etch_MV_SourceRFLoadPower__short_phase_mean,G3_bosch_phase,rf_power_matching_electrical,absolute_standardized_coefficient,0.004958844695733562,1,122,False
7,ridge,Stat3_Etch_MV_SourceRFLoadPower__phase_difference,G3_bosch_phase,rf_power_matching_electrical,absolute_standardized_coefficient,0.003521874308205684,-1,148,False
7,ridge,Stat3_Etch_MV_SourceRFLoadPower__cycle_mean_std,G4_cycle_behavior,rf_power_matching_electrical,absolute_standardized_coefficient,0.008215151611868638,1,79,False
7,ridge,Stat3_Etch_MV_SourceRFLoadPower__cycle_mean_slope,G4_cycle_behavior,rf_power_matching_electrical,absolute_standardized_coefficient,0.008846182511835622,-1,72,False
7,ridge,Stat3_Etch_MV_SourceRFPeakToPeak__active_mean,G1_level,rf_power_matching_electrical,absolute_standardized_coefficient,0.009357981488758181,1,65,False
7,ridge,Stat3_Etch_MV_SourceRFPeakToPeak__active_std,G1_level,rf_power_matching_electrical,absolute_standardized_coefficient,0.016919131384189247,1,24,False
7,ridge,Stat3_Etch_MV_SourceRFPeakToPeak__active_range,G1_level,rf_power_matching_electrical,absolute_standardized_coefficient,0.004513037753942894,1,132,False
7,ridge,Stat3_Etch_MV_SourceRFPeakToPeak__active_slope,G2_temporal_drift,rf_power_matching_electrical,absolute_standardized_coefficient,0.0066302384077951085,-1,101,False
7,ridge,Stat3_Etch_MV_SourceRFPeakToPeak__early_late_delta,G2_temporal_drift,rf_power_matching_electrical,absolute_standardized_coefficient,0.006188566485407494,-1,106,False
7,ridge,Stat3_Etch_MV_SourceRFPeakToPeak__long_phase_mean,G3_bosch_phase,rf_power_matching_electrical,absolute_standardized_coefficient,0.01111827947758497,1,49,False
7,ridge,Stat3_Etch_MV_SourceRFPeakToPeak__short_phase_mean,G3_bosch_phase,rf_power_matching_electrical,absolute_standardized_coefficient,0.001046228225504057,1,214,False
7,ridge,Stat3_Etch_MV_SourceRFPeakToPeak__phase_difference,G3_bosch_phase,rf_power_matching_electrical,absolute_standardized_coefficient,0.02045709992553661,1,15,True
7,ridge,Stat3_Etch_MV_SourceRFPeakToPeak__cycle_mean_std,G4_cycle_behavior,rf_power_matching_electrical,absolute_standardized_coefficient,0.01074341907747337,1,52,False
7,ridge,Stat3_Etch_MV_SourceRFPeakToPeak__cycle_mean_slope,G4_cycle_behavior,rf_power_matching_electrical,absolute_standardized_coefficient,0.0014185091643424137,-1,205,False
7,ridge,Stat3_Etch_MV_SourceRFReflectedPower__active_mean,G1_level,rf_power_matching_electrical,absolute_standardized_coefficient,0.022814758275364562,-1,13,True
7,ridge,Stat3_Etch_MV_SourceRFReflectedPower__active_std,G1_level,rf_power_matching_electrical,absolute_standardized_coefficient,0.022942377263070725,-1,12,True
7,ridge,Stat3_Etch_MV_SourceRFReflectedPower__active_range,G1_level,rf_power_matching_electrical,absolute_standardized_coefficient,0.04177548008652972,-1,1,True
7,ridge,Stat3_Etch_MV_SourceRFReflectedPower__active_slope,G2_temporal_drift,rf_power_matching_electrical,absolute_standardized_coefficient,0.000983923107603397,1,218,False
7,ridge,Stat3_Etch_MV_SourceRFReflectedPower__early_late_delta,G2_temporal_drift,rf_power_matching_electrical,absolute_standardized_coefficient,0.008596440044340365,1,73,False
7,ridge,Stat3_Etch_MV_SourceRFReflectedPower__long_phase_mean,G3_bosch_phase,rf_power_matching_electrical,absolute_standardized_coefficient,0.012522175890711983,-1,40,False
7,ridge,Stat3_Etch_MV_SourceRFReflectedPower__short_phase_mean,G3_bosch_phase,rf_power_matching_electrical,absolute_standardized_coefficient,0.024947995050223486,-1,9,True
7,ridge,Stat3_Etch_MV_SourceRFReflectedPower__phase_difference,G3_bosch_phase,rf_power_matching_electrical,absolute_standardized_coefficient,0.02645299553898661,1,5,True
7,ridge,Stat3_Etch_MV_SourceRFReflectedPower__cycle_mean_std,G4_cycle_behavior,rf_power_matching_electrical,absolute_standardized_coefficient,0.008492406385686687,1,76,False
7,ridge,Stat3_Etch_MV_SourceRFReflectedPower__cycle_mean_slope,G4_cycle_behavior,rf_power_matching_electrical,absolute_standardized_coefficient,0.005109810811586124,-1,120,False
7,ridge,Stat3_Etch_MV_moriInnerCurrent__active_mean,G1_level,remaining_process_signals,absolute_standardized_coefficient,0.0023413265281509487,1,180,False
7,ridge,Stat3_Etch_MV_moriInnerCurrent__active_std,G1_level,remaining_process_signals,absolute_standardized_coefficient,0.0036095048233778402,1,145,False
7,ridge,Stat3_Etch_MV_moriInnerCurrent__active_range,G1_level,remaining_process_signals,absolute_standardized_coefficient,0.005697473583166958,-1,111,False
7,ridge,Stat3_Etch_MV_moriInnerCurrent__active_slope,G2_temporal_drift,remaining_process_signals,absolute_standardized_coefficient,0.004516930434426418,-1,131,False
7,ridge,Stat3_Etch_MV_moriInnerCurrent__early_late_delta,G2_temporal_drift,remaining_process_signals,absolute_standardized_coefficient,0.002951117869303484,1,164,False
7,ridge,Stat3_Etch_MV_moriInnerCurrent__long_phase_mean,G3_bosch_phase,remaining_process_signals,absolute_standardized_coefficient,0.0033822352284306623,1,156,False
7,ridge,Stat3_Etch_MV_moriInnerCurrent__short_phase_mean,G3_bosch_phase,remaining_process_signals,absolute_standardized_coefficient,0.0005548150188456782,-1,229,False
7,ridge,Stat3_Etch_MV_moriInnerCurrent__phase_difference,G3_bosch_phase,remaining_process_signals,absolute_standardized_coefficient,0.003247618389186948,1,158,False
7,ridge,Stat3_Etch_MV_moriInnerCurrent__cycle_mean_std,G4_cycle_behavior,remaining_process_signals,absolute_standardized_coefficient,0.0029594254522085153,1,163,False
7,ridge,Stat3_Etch_MV_moriInnerCurrent__cycle_mean_slope,G4_cycle_behavior,remaining_process_signals,absolute_standardized_coefficient,0.007528833730678439,-1,87,False
8,pls,Stat3_Etch_MV_ForeLinePressure__active_mean,G1_level,pressure,VIP,0.3958086058009236,-1,206,False
8,pls,Stat3_Etch_MV_ForeLinePressure__active_std,G1_level,pressure,VIP,1.067973693164697,-1,66,False
8,pls,Stat3_Etch_MV_ForeLinePressure__active_range,G1_level,pressure,VIP,1.568762980306101,-1,34,False
8,pls,Stat3_Etch_MV_ForeLinePressure__active_slope,G2_temporal_drift,pressure,VIP,0.557454939193155,-1,172,False
8,pls,Stat3_Etch_MV_ForeLinePressure__early_late_delta,G2_temporal_drift,pressure,VIP,0.44129118753045965,-1,194,False
8,pls,Stat3_Etch_MV_ForeLinePressure__long_phase_mean,G3_bosch_phase,pressure,VIP,0.5162240656272616,-1,181,False
8,pls,Stat3_Etch_MV_ForeLinePressure__short_phase_mean,G3_bosch_phase,pressure,VIP,0.4188842218582448,1,202,False
8,pls,Stat3_Etch_MV_ForeLinePressure__phase_difference,G3_bosch_phase,pressure,VIP,0.6379026628231274,-1,142,False
8,pls,Stat3_Etch_MV_ForeLinePressure__cycle_mean_std,G4_cycle_behavior,pressure,VIP,0.7761212472451452,1,104,False
8,pls,Stat3_Etch_MV_ForeLinePressure__cycle_mean_slope,G4_cycle_behavior,pressure,VIP,0.3680756050056018,1,211,False
8,pls,Stat3_Etch_MV_Gas1Flow__active_mean,G1_level,gas_or_backside_flow,VIP,0.4985327782183639,1,182,False
8,pls,Stat3_Etch_MV_Gas1Flow__active_std,G1_level,gas_or_backside_flow,VIP,0.7057202258584782,1,115,False
8,pls,Stat3_Etch_MV_Gas1Flow__active_range,G1_level,gas_or_backside_flow,VIP,0.3431865988799015,1,214,False
8,pls,Stat3_Etch_MV_Gas1Flow__active_slope,G2_temporal_drift,gas_or_backside_flow,VIP,0.7027079680187381,-1,117,False
8,pls,Stat3_Etch_MV_Gas1Flow__early_late_delta,G2_temporal_drift,gas_or_backside_flow,VIP,0.6974015380548747,-1,124,False
8,pls,Stat3_Etch_MV_Gas1Flow__long_phase_mean,G3_bosch_phase,gas_or_backside_flow,VIP,0.39192879055708046,-1,208,False
8,pls,Stat3_Etch_MV_Gas1Flow__short_phase_mean,G3_bosch_phase,gas_or_backside_flow,VIP,0.648225903754748,1,136,False
8,pls,Stat3_Etch_MV_Gas1Flow__phase_difference,G3_bosch_phase,gas_or_backside_flow,VIP,0.6969784998972436,-1,125,False
8,pls,Stat3_Etch_MV_Gas1Flow__cycle_mean_std,G4_cycle_behavior,gas_or_backside_flow,VIP,0.31029949110821514,1,220,False
8,pls,Stat3_Etch_MV_Gas1Flow__cycle_mean_slope,G4_cycle_behavior,gas_or_backside_flow,VIP,0.4449067624068702,1,192,False
8,pls,Stat3_Etch_MV_Gas2Flow__active_mean,G1_level,gas_or_backside_flow,VIP,0.6141080449858171,1,150,False
8,pls,Stat3_Etch_MV_Gas2Flow__active_std,G1_level,gas_or_backside_flow,VIP,1.6908808658404257,1,25,False
8,pls,Stat3_Etch_MV_Gas2Flow__active_range,G1_level,gas_or_backside_flow,VIP,1.6333207150994757,1,28,False
8,pls,Stat3_Etch_MV_Gas2Flow__active_slope,G2_temporal_drift,gas_or_backside_flow,VIP,0.27442736705044707,-1,232,False
8,pls,Stat3_Etch_MV_Gas2Flow__early_late_delta,G2_temporal_drift,gas_or_backside_flow,VIP,0.43591954632809166,-1,195,False
8,pls,Stat3_Etch_MV_Gas2Flow__long_phase_mean,G3_bosch_phase,gas_or_backside_flow,VIP,0.6168468272203108,1,149,False
8,pls,Stat3_Etch_MV_Gas2Flow__short_phase_mean,G3_bosch_phase,gas_or_backside_flow,VIP,0.6061323243354969,1,154,False
8,pls,Stat3_Etch_MV_Gas2Flow__phase_difference,G3_bosch_phase,gas_or_backside_flow,VIP,0.29784263122465976,1,221,False
8,pls,Stat3_Etch_MV_Gas2Flow__cycle_mean_std,G4_cycle_behavior,gas_or_backside_flow,VIP,1.6225501733315364,1,31,False
8,pls,Stat3_Etch_MV_Gas2Flow__cycle_mean_slope,G4_cycle_behavior,gas_or_backside_flow,VIP,0.2819134110952996,-1,228,False
8,pls,Stat3_Etch_MV_Gas4Flow__active_mean,G1_level,gas_or_backside_flow,VIP,0.6455181621920435,-1,138,False
8,pls,Stat3_Etch_MV_Gas4Flow__active_std,G1_level,gas_or_backside_flow,VIP,0.6467785416867879,-1,137,False
8,pls,Stat3_Etch_MV_Gas4Flow__active_slope,G2_temporal_drift,gas_or_backside_flow,VIP,0.6425458835704762,1,140,False
8,pls,Stat3_Etch_MV_Gas4Flow__early_late_delta,G2_temporal_drift,gas_or_backside_flow,VIP,0.5304415534687752,1,179,False
8,pls,Stat3_Etch_MV_Gas4Flow__long_phase_mean,G3_bosch_phase,gas_or_backside_flow,VIP,0.4442845362083442,1,193,False
8,pls,Stat3_Etch_MV_Gas4Flow__short_phase_mean,G3_bosch_phase,gas_or_backside_flow,VIP,0.32103523324574124,1,215,False
8,pls,Stat3_Etch_MV_Gas4Flow__phase_difference,G3_bosch_phase,gas_or_backside_flow,VIP,0.29281653952489695,-1,226,False
8,pls,Stat3_Etch_MV_Gas4Flow__cycle_mean_std,G4_cycle_behavior,gas_or_backside_flow,VIP,0.832609431057265,1,93,False
8,pls,Stat3_Etch_MV_Gas4Flow__cycle_mean_slope,G4_cycle_behavior,gas_or_backside_flow,VIP,0.430957617656925,-1,198,False
8,pls,Stat3_Etch_MV_Gas5Flow__active_mean,G1_level,gas_or_backside_flow,VIP,0.6394131900060268,1,141,False
8,pls,Stat3_Etch_MV_Gas5Flow__active_std,G1_level,gas_or_backside_flow,VIP,0.6294291222740034,-1,146,False
8,pls,Stat3_Etch_MV_Gas5Flow__active_slope,G2_temporal_drift,gas_or_backside_flow,VIP,0.6241036371576953,-1,147,False
8,pls,Stat3_Etch_MV_Gas5Flow__early_late_delta,G2_temporal_drift,gas_or_backside_flow,VIP,0.4861073281150219,-1,186,False
8,pls,Stat3_Etch_MV_Gas5Flow__long_phase_mean,G3_bosch_phase,gas_or_backside_flow,VIP,0.4936100644864328,-1,184,False
8,pls,Stat3_Etch_MV_Gas5Flow__short_phase_mean,G3_bosch_phase,gas_or_backside_flow,VIP,0.4300216430895249,1,199,False
8,pls,Stat3_Etch_MV_Gas5Flow__phase_difference,G3_bosch_phase,gas_or_backside_flow,VIP,0.34634619888492574,-1,213,False
8,pls,Stat3_Etch_MV_Gas5Flow__cycle_mean_std,G4_cycle_behavior,gas_or_backside_flow,VIP,0.7529994566830311,1,106,False
8,pls,Stat3_Etch_MV_Gas5Flow__cycle_mean_slope,G4_cycle_behavior,gas_or_backside_flow,VIP,0.43472845960026585,1,196,False
8,pls,Stat3_Etch_MV_Gas7Flow__active_mean,G1_level,gas_or_backside_flow,VIP,1.092265806034268,-1,62,False
8,pls,Stat3_Etch_MV_Gas7Flow__active_std,G1_level,gas_or_backside_flow,VIP,1.1043792737192946,1,58,False
8,pls,Stat3_Etch_MV_Gas7Flow__active_range,G1_level,gas_or_backside_flow,VIP,0.910888697843918,1,80,False
8,pls,Stat3_Etch_MV_Gas7Flow__active_slope,G2_temporal_drift,gas_or_backside_flow,VIP,0.6526225819858302,1,132,False
8,pls,Stat3_Etch_MV_Gas7Flow__early_late_delta,G2_temporal_drift,gas_or_backside_flow,VIP,0.6864462183950527,1,126,False
8,pls,Stat3_Etch_MV_Gas7Flow__long_phase_mean,G3_bosch_phase,gas_or_backside_flow,VIP,1.091172282843503,-1,63,False
8,pls,Stat3_Etch_MV_Gas7Flow__short_phase_mean,G3_bosch_phase,gas_or_backside_flow,VIP,1.0945950469422596,-1,61,False
8,pls,Stat3_Etch_MV_Gas7Flow__phase_difference,G3_bosch_phase,gas_or_backside_flow,VIP,0.16794459548974106,1,240,False
8,pls,Stat3_Etch_MV_Gas7Flow__cycle_mean_std,G4_cycle_behavior,gas_or_backside_flow,VIP,0.9217215108618436,1,79,False
8,pls,Stat3_Etch_MV_Gas7Flow__cycle_mean_slope,G4_cycle_behavior,gas_or_backside_flow,VIP,0.6495264429471258,1,134,False
8,pls,Stat3_Etch_MV_Heater1Temp__active_mean,G1_level,heater_temperature,VIP,0.7099883319255201,-1,114,False
8,pls,Stat3_Etch_MV_Heater1Temp__active_std,G1_level,heater_temperature,VIP,0.732836715175302,-1,109,False
8,pls,Stat3_Etch_MV_Heater1Temp__active_slope,G2_temporal_drift,heater_temperature,VIP,0.481344526714225,-1,187,False
8,pls,Stat3_Etch_MV_Heater1Temp__early_late_delta,G2_temporal_drift,heater_temperature,VIP,0.4655380262895039,-1,189,False
8,pls,Stat3_Etch_MV_Heater1Temp__long_phase_mean,G3_bosch_phase,heater_temperature,VIP,0.6984089746930594,-1,121,False
8,pls,Stat3_Etch_MV_Heater1Temp__short_phase_mean,G3_bosch_phase,heater_temperature,VIP,0.5704236451661666,-1,169,False
8,pls,Stat3_Etch_MV_Heater1Temp__phase_difference,G3_bosch_phase,heater_temperature,VIP,0.2093128380361698,-1,237,False
8,pls,Stat3_Etch_MV_Heater1Temp__cycle_mean_std,G4_cycle_behavior,heater_temperature,VIP,0.31254466266391484,1,218,False
8,pls,Stat3_Etch_MV_Heater1Temp__cycle_mean_slope,G4_cycle_behavior,heater_temperature,VIP,0.4872322546923005,-1,185,False
8,pls,Stat3_Etch_MV_Heater2Temp__active_mean,G1_level,heater_temperature,VIP,0.5944081650520209,1,162,False
8,pls,Stat3_Etch_MV_Heater2Temp__active_std,G1_level,heater_temperature,VIP,1.9995952218281818,-1,11,True
8,pls,Stat3_Etch_MV_Heater2Temp__active_range,G1_level,heater_temperature,VIP,1.6643862209282931,-1,27,False
8,pls,Stat3_Etch_MV_Heater2Temp__active_slope,G2_temporal_drift,heater_temperature,VIP,2.070579321017236,-1,6,True
8,pls,Stat3_Etch_MV_Heater2Temp__early_late_delta,G2_temporal_drift,heater_temperature,VIP,1.8179392018476117,-1,20,True
8,pls,Stat3_Etch_MV_Heater2Temp__long_phase_mean,G3_bosch_phase,heater_temperature,VIP,0.5948457336874173,1,161,False
8,pls,Stat3_Etch_MV_Heater2Temp__short_phase_mean,G3_bosch_phase,heater_temperature,VIP,0.5931498613413395,1,164,False
8,pls,Stat3_Etch_MV_Heater2Temp__phase_difference,G3_bosch_phase,heater_temperature,VIP,0.35395716016616985,1,212,False
8,pls,Stat3_Etch_MV_Heater2Temp__cycle_mean_std,G4_cycle_behavior,heater_temperature,VIP,2.005457752374749,-1,10,True
8,pls,Stat3_Etch_MV_Heater2Temp__cycle_mean_slope,G4_cycle_behavior,heater_temperature,VIP,2.0635854567150207,-1,7,True
8,pls,Stat3_Etch_MV_Heater3Temp__active_mean,G1_level,heater_temperature,VIP,1.1052471204185332,-1,57,False
8,pls,Stat3_Etch_MV_Heater3Temp__active_std,G1_level,heater_temperature,VIP,1.3765457447807892,1,43,False
8,pls,Stat3_Etch_MV_Heater3Temp__active_range,G1_level,heater_temperature,VIP,1.0981439333675667,1,60,False
8,pls,Stat3_Etch_MV_Heater3Temp__active_slope,G2_temporal_drift,heater_temperature,VIP,0.412571937210134,-1,204,False
8,pls,Stat3_Etch_MV_Heater3Temp__early_late_delta,G2_temporal_drift,heater_temperature,VIP,0.4621671714239498,-1,190,False
8,pls,Stat3_Etch_MV_Heater3Temp__long_phase_mean,G3_bosch_phase,heater_temperature,VIP,1.0995897684592841,-1,59,False
8,pls,Stat3_Etch_MV_Heater3Temp__short_phase_mean,G3_bosch_phase,heater_temperature,VIP,1.1163534415227054,-1,55,False
8,pls,Stat3_Etch_MV_Heater3Temp__phase_difference,G3_bosch_phase,heater_temperature,VIP,0.09991688901633734,-1,241,False
8,pls,Stat3_Etch_MV_Heater3Temp__cycle_mean_std,G4_cycle_behavior,heater_temperature,VIP,1.3821241763384813,1,42,False
8,pls,Stat3_Etch_MV_Heater3Temp__cycle_mean_slope,G4_cycle_behavior,heater_temperature,VIP,0.4067680411988007,-1,205,False
8,pls,Stat3_Etch_MV_Heater4Temp__active_mean,G1_level,heater_temperature,VIP,0.2931054219885434,-1,225,False
8,pls,Stat3_Etch_MV_Heater4Temp__active_std,G1_level,heater_temperature,VIP,0.9524283074204397,1,75,False
8,pls,Stat3_Etch_MV_Heater4Temp__active_range,G1_level,heater_temperature,VIP,1.0554364908473108,1,70,False
8,pls,Stat3_Etch_MV_Heater4Temp__active_slope,G2_temporal_drift,heater_temperature,VIP,0.23670806705628986,-1,234,False
8,pls,Stat3_Etch_MV_Heater4Temp__early_late_delta,G2_temporal_drift,heater_temperature,VIP,0.6816842421070574,1,127,False
8,pls,Stat3_Etch_MV_Heater4Temp__long_phase_mean,G3_bosch_phase,heater_temperature,VIP,0.29232638208612904,-1,227,False
8,pls,Stat3_Etch_MV_Heater4Temp__short_phase_mean,G3_bosch_phase,heater_temperature,VIP,0.29526843367420336,-1,223,False
8,pls,Stat3_Etch_MV_Heater4Temp__phase_difference,G3_bosch_phase,heater_temperature,VIP,0.3852829821759089,-1,210,False
8,pls,Stat3_Etch_MV_Heater4Temp__cycle_mean_std,G4_cycle_behavior,heater_temperature,VIP,0.8333614065553734,1,92,False
8,pls,Stat3_Etch_MV_Heater4Temp__cycle_mean_slope,G4_cycle_behavior,heater_temperature,VIP,0.21091825960333738,-1,236,False
8,pls,Stat3_Etch_MV_HeliumBPFlow__active_mean,G1_level,gas_or_backside_flow,VIP,0.5997033794027665,1,157,False
8,pls,Stat3_Etch_MV_HeliumBPFlow__active_std,G1_level,gas_or_backside_flow,VIP,0.8388124349094974,-1,91,False
8,pls,Stat3_Etch_MV_HeliumBPFlow__active_range,G1_level,gas_or_backside_flow,VIP,0.8653012075440657,-1,87,False
8,pls,Stat3_Etch_MV_HeliumBPFlow__active_slope,G2_temporal_drift,gas_or_backside_flow,VIP,0.8928377563363789,-1,83,False
8,pls,Stat3_Etch_MV_HeliumBPFlow__early_late_delta,G2_temporal_drift,gas_or_backside_flow,VIP,0.9241588600880181,-1,78,False
8,pls,Stat3_Etch_MV_HeliumBPFlow__long_phase_mean,G3_bosch_phase,gas_or_backside_flow,VIP,0.6014236416105277,1,156,False
8,pls,Stat3_Etch_MV_HeliumBPFlow__short_phase_mean,G3_bosch_phase,gas_or_backside_flow,VIP,0.5949474985715384,1,160,False
8,pls,Stat3_Etch_MV_HeliumBPFlow__phase_difference,G3_bosch_phase,gas_or_backside_flow,VIP,0.9058927180592568,-1,81,False
8,pls,Stat3_Etch_MV_HeliumBPFlow__cycle_mean_std,G4_cycle_behavior,gas_or_backside_flow,VIP,0.8238477263438102,-1,94,False
8,pls,Stat3_Etch_MV_HeliumBPFlow__cycle_mean_slope,G4_cycle_behavior,gas_or_backside_flow,VIP,0.8963335611747935,-1,82,False
8,pls,Stat3_Etch_MV_HeliumBPPressure__active_mean,G1_level,pressure,VIP,1.1827866421275417,-1,53,False
8,pls,Stat3_Etch_MV_HeliumBPPressure__active_std,G1_level,pressure,VIP,1.0658073075781593,1,67,False
8,pls,Stat3_Etch_MV_HeliumBPPressure__active_range,G1_level,pressure,VIP,0.17101714043710142,-1,239,False
8,pls,Stat3_Etch_MV_HeliumBPPressure__active_slope,G2_temporal_drift,pressure,VIP,1.2142712191775848,1,51,False
8,pls,Stat3_Etch_MV_HeliumBPPressure__early_late_delta,G2_temporal_drift,pressure,VIP,1.1702739622945064,1,54,False
8,pls,Stat3_Etch_MV_HeliumBPPressure__long_phase_mean,G3_bosch_phase,pressure,VIP,1.0831631243350164,-1,64,False
8,pls,Stat3_Etch_MV_HeliumBPPressure__short_phase_mean,G3_bosch_phase,pressure,VIP,1.1160603492411747,-1,56,False
8,pls,Stat3_Etch_MV_HeliumBPPressure__phase_difference,G3_bosch_phase,pressure,VIP,0.7973559341875699,-1,100,False
8,pls,Stat3_Etch_MV_HeliumBPPressure__cycle_mean_std,G4_cycle_behavior,pressure,VIP,1.2486003661397778,1,47,False
8,pls,Stat3_Etch_MV_HeliumBPPressure__cycle_mean_slope,G4_cycle_behavior,pressure,VIP,1.2467519745514322,1,48,False
8,pls,Stat3_Etch_MV_PlatenDcBias__active_mean,G1_level,rf_power_matching_electrical,VIP,0.6084569960050616,1,153,False
8,pls,Stat3_Etch_MV_PlatenDcBias__active_std,G1_level,rf_power_matching_electrical,VIP,1.7525943787946094,1,22,False
8,pls,Stat3_Etch_MV_PlatenDcBias__active_range,G1_level,rf_power_matching_electrical,VIP,1.6755388181868127,1,26,False
8,pls,Stat3_Etch_MV_PlatenDcBias__active_slope,G2_temporal_drift,rf_power_matching_electrical,VIP,1.7082300605473564,1,23,False
8,pls,Stat3_Etch_MV_PlatenDcBias__early_late_delta,G2_temporal_drift,rf_power_matching_electrical,VIP,1.456216630312247,1,39,False
8,pls,Stat3_Etch_MV_PlatenDcBias__long_phase_mean,G3_bosch_phase,rf_power_matching_electrical,VIP,0.42380048426513,1,201,False
8,pls,Stat3_Etch_MV_PlatenDcBias__short_phase_mean,G3_bosch_phase,rf_power_matching_electrical,VIP,1.0714967454360984,1,65,False
8,pls,Stat3_Etch_MV_PlatenDcBias__phase_difference,G3_bosch_phase,rf_power_matching_electrical,VIP,1.0627908897743839,-1,69,False
8,pls,Stat3_Etch_MV_PlatenDcBias__cycle_mean_std,G4_cycle_behavior,rf_power_matching_electrical,VIP,0.5949479544459351,-1,159,False
8,pls,Stat3_Etch_MV_PlatenDcBias__cycle_mean_slope,G4_cycle_behavior,rf_power_matching_electrical,VIP,1.6948938425056643,1,24,False
8,pls,Stat3_Etch_MV_PlatenRFLoadCapacitor__active_mean,G1_level,rf_power_matching_electrical,VIP,0.8097468917069549,1,97,False
8,pls,Stat3_Etch_MV_PlatenRFLoadCapacitor__active_std,G1_level,rf_power_matching_electrical,VIP,0.891926111751054,-1,84,False
8,pls,Stat3_Etch_MV_PlatenRFLoadCapacitor__active_range,G1_level,rf_power_matching_electrical,VIP,0.5306615828639332,-1,178,False
8,pls,Stat3_Etch_MV_PlatenRFLoadCapacitor__active_slope,G2_temporal_drift,rf_power_matching_electrical,VIP,1.0642815378496113,-1,68,False
8,pls,Stat3_Etch_MV_PlatenRFLoadCapacitor__early_late_delta,G2_temporal_drift,rf_power_matching_electrical,VIP,0.5936318039606323,-1,163,False
8,pls,Stat3_Etch_MV_PlatenRFLoadCapacitor__long_phase_mean,G3_bosch_phase,rf_power_matching_electrical,VIP,0.7559715611702015,1,105,False
8,pls,Stat3_Etch_MV_PlatenRFLoadCapacitor__short_phase_mean,G3_bosch_phase,rf_power_matching_electrical,VIP,0.8455851156303003,1,89,False
8,pls,Stat3_Etch_MV_PlatenRFLoadCapacitor__phase_difference,G3_bosch_phase,rf_power_matching_electrical,VIP,0.6440107697067895,-1,139,False
8,pls,Stat3_Etch_MV_PlatenRFLoadCapacitor__cycle_mean_std,G4_cycle_behavior,rf_power_matching_electrical,VIP,0.5764650001934934,1,166,False
8,pls,Stat3_Etch_MV_PlatenRFLoadCapacitor__cycle_mean_slope,G4_cycle_behavior,rf_power_matching_electrical,VIP,0.8907776910142848,1,85,False
8,pls,Stat3_Etch_MV_PlatenRFLoadPower__active_mean,G1_level,rf_power_matching_electrical,VIP,0.5761242595703672,-1,167,False
8,pls,Stat3_Etch_MV_PlatenRFLoadPower__active_std,G1_level,rf_power_matching_electrical,VIP,0.6126331069714763,1,151,False
8,pls,Stat3_Etch_MV_PlatenRFLoadPower__active_range,G1_level,rf_power_matching_electrical,VIP,1.8861587392085715,1,14,True
8,pls,Stat3_Etch_MV_PlatenRFLoadPower__active_slope,G2_temporal_drift,rf_power_matching_electrical,VIP,1.0316325128087513,1,71,False
8,pls,Stat3_Etch_MV_PlatenRFLoadPower__early_late_delta,G2_temporal_drift,rf_power_matching_electrical,VIP,0.6050175781590913,-1,155,False
8,pls,Stat3_Etch_MV_PlatenRFLoadPower__long_phase_mean,G3_bosch_phase,rf_power_matching_electrical,VIP,0.5578751201342951,-1,171,False
8,pls,Stat3_Etch_MV_PlatenRFLoadPower__short_phase_mean,G3_bosch_phase,rf_power_matching_electrical,VIP,0.8124883295160061,-1,95,False
8,pls,Stat3_Etch_MV_PlatenRFLoadPower__phase_difference,G3_bosch_phase,rf_power_matching_electrical,VIP,0.7773260697338277,1,103,False
8,pls,Stat3_Etch_MV_PlatenRFLoadPower__cycle_mean_std,G4_cycle_behavior,rf_power_matching_electrical,VIP,0.7518975517532184,1,107,False
8,pls,Stat3_Etch_MV_PlatenRFLoadPower__cycle_mean_slope,G4_cycle_behavior,rf_power_matching_electrical,VIP,0.7158541362837866,1,112,False
8,pls,Stat3_Etch_MV_PlatenRFPeakToPeak__active_mean,G1_level,rf_power_matching_electrical,VIP,2.1167446842086073,-1,4,True
8,pls,Stat3_Etch_MV_PlatenRFPeakToPeak__active_std,G1_level,rf_power_matching_electrical,VIP,0.4145712712011443,-1,203,False
8,pls,Stat3_Etch_MV_PlatenRFPeakToPeak__active_range,G1_level,rf_power_matching_electrical,VIP,2.1804828242018113,-1,3,True
8,pls,Stat3_Etch_MV_PlatenRFPeakToPeak__active_slope,G2_temporal_drift,rf_power_matching_electrical,VIP,1.4696825872665595,1,38,False
8,pls,Stat3_Etch_MV_PlatenRFPeakToPeak__early_late_delta,G2_temporal_drift,rf_power_matching_electrical,VIP,0.936775885053399,-1,77,False
8,pls,Stat3_Etch_MV_PlatenRFPeakToPeak__long_phase_mean,G3_bosch_phase,rf_power_matching_electrical,VIP,1.8256952344603565,-1,19,True
8,pls,Stat3_Etch_MV_PlatenRFPeakToPeak__short_phase_mean,G3_bosch_phase,rf_power_matching_electrical,VIP,2.057786906749778,-1,8,True
8,pls,Stat3_Etch_MV_PlatenRFPeakToPeak__phase_difference,G3_bosch_phase,rf_power_matching_electrical,VIP,1.332775330911018,1,44,False
8,pls,Stat3_Etch_MV_PlatenRFPeakToPeak__cycle_mean_std,G4_cycle_behavior,rf_power_matching_electrical,VIP,0.6490316260434608,-1,135,False
8,pls,Stat3_Etch_MV_PlatenRFPeakToPeak__cycle_mean_slope,G4_cycle_behavior,rf_power_matching_electrical,VIP,1.2617066694527956,1,46,False
8,pls,Stat3_Etch_MV_PlatenRFReflectedPower__active_mean,G1_level,rf_power_matching_electrical,VIP,0.4554474472703729,1,191,False
8,pls,Stat3_Etch_MV_PlatenRFReflectedPower__active_std,G1_level,rf_power_matching_electrical,VIP,0.9699032005620779,1,73,False
8,pls,Stat3_Etch_MV_PlatenRFReflectedPower__active_range,G1_level,rf_power_matching_electrical,VIP,1.9833876711960072,1,12,True
8,pls,Stat3_Etch_MV_PlatenRFReflectedPower__active_slope,G2_temporal_drift,rf_power_matching_electrical,VIP,0.8741695861381963,1,86,False
8,pls,Stat3_Etch_MV_PlatenRFReflectedPower__early_late_delta,G2_temporal_drift,rf_power_matching_electrical,VIP,0.6532181965418662,1,131,False
8,pls,Stat3_Etch_MV_PlatenRFReflectedPower__long_phase_mean,G3_bosch_phase,rf_power_matching_electrical,VIP,1.8826286806486296,-1,15,True
8,pls,Stat3_Etch_MV_PlatenRFReflectedPower__short_phase_mean,G3_bosch_phase,rf_power_matching_electrical,VIP,1.513140467646676,1,35,False
8,pls,Stat3_Etch_MV_PlatenRFReflectedPower__phase_difference,G3_bosch_phase,rf_power_matching_electrical,VIP,1.765792162983741,-1,21,False
8,pls,Stat3_Etch_MV_PlatenRFReflectedPower__cycle_mean_std,G4_cycle_behavior,rf_power_matching_electrical,VIP,0.7240971294478699,-1,111,False
8,pls,Stat3_Etch_MV_PlatenRFReflectedPower__cycle_mean_slope,G4_cycle_behavior,rf_power_matching_electrical,VIP,0.7117554272892532,1,113,False
8,pls,Stat3_Etch_MV_PlatenRFTuningCapacitor__active_mean,G1_level,rf_power_matching_electrical,VIP,2.3998937291542606,-1,2,True
8,pls,Stat3_Etch_MV_PlatenRFTuningCapacitor__active_std,G1_level,rf_power_matching_electrical,VIP,1.6273688207025248,1,30,False
8,pls,Stat3_Etch_MV_PlatenRFTuningCapacitor__active_range,G1_level,rf_power_matching_electrical,VIP,1.2236425649226124,1,50,False
8,pls,Stat3_Etch_MV_PlatenRFTuningCapacitor__active_slope,G2_temporal_drift,rf_power_matching_electrical,VIP,0.7451370264225844,1,108,False
8,pls,Stat3_Etch_MV_PlatenRFTuningCapacitor__early_late_delta,G2_temporal_drift,rf_power_matching_electrical,VIP,0.6636453786205859,-1,130,False
8,pls,Stat3_Etch_MV_PlatenRFTuningCapacitor__long_phase_mean,G3_bosch_phase,rf_power_matching_electrical,VIP,2.4627521623575883,-1,1,True
8,pls,Stat3_Etch_MV_PlatenRFTuningCapacitor__short_phase_mean,G3_bosch_phase,rf_power_matching_electrical,VIP,1.2984914009602955,-1,45,False
8,pls,Stat3_Etch_MV_PlatenRFTuningCapacitor__phase_difference,G3_bosch_phase,rf_power_matching_electrical,VIP,2.109477955737728,-1,5,True
8,pls,Stat3_Etch_MV_PlatenRFTuningCapacitor__cycle_mean_std,G4_cycle_behavior,rf_power_matching_electrical,VIP,0.597307822335889,1,158,False
8,pls,Stat3_Etch_MV_PlatenRFTuningCapacitor__cycle_mean_slope,G4_cycle_behavior,rf_power_matching_electrical,VIP,0.63582991172091,1,143,False
8,pls,Stat3_Etch_MV_Pressure__active_mean,G1_level,pressure,VIP,0.3171201952625951,1,216,False
8,pls,Stat3_Etch_MV_Pressure__active_std,G1_level,pressure,VIP,1.8494694162908978,-1,16,True
8,pls,Stat3_Etch_MV_Pressure__active_range,G1_level,pressure,VIP,0.863352101409932,-1,88,False
8,pls,Stat3_Etch_MV_Pressure__active_slope,G2_temporal_drift,pressure,VIP,0.7940436770392459,1,101,False
8,pls,Stat3_Etch_MV_Pressure__early_late_delta,G2_temporal_drift,pressure,VIP,0.43102422378136,1,197,False
8,pls,Stat3_Etch_MV_Pressure__long_phase_mean,G3_bosch_phase,pressure,VIP,0.2778456129885609,-1,229,False
8,pls,Stat3_Etch_MV_Pressure__short_phase_mean,G3_bosch_phase,pressure,VIP,0.21762990432897814,1,235,False
8,pls,Stat3_Etch_MV_Pressure__phase_difference,G3_bosch_phase,pressure,VIP,0.20235535046867664,-1,238,False
8,pls,Stat3_Etch_MV_Pressure__cycle_mean_std,G4_cycle_behavior,pressure,VIP,0.6687058071181157,1,128,False
8,pls,Stat3_Etch_MV_Pressure__cycle_mean_slope,G4_cycle_behavior,pressure,VIP,0.29629101313290757,-1,222,False
8,pls,Stat3_Etch_MV_SourceRF2PeakToPeak__active_mean,G1_level,rf_power_matching_electrical,VIP,0.27139241833822997,1,233,False
8,pls,Stat3_Etch_MV_SourceRF2PeakToPeak__active_std,G1_level,rf_power_matching_electrical,VIP,0.3121731730556067,1,219,False
8,pls,Stat3_Etch_MV_SourceRF2PeakToPeak__active_slope,G2_temporal_drift,rf_power_matching_electrical,VIP,0.3915304786222816,-1,209,False
8,pls,Stat3_Etch_MV_SourceRF2PeakToPeak__early_late_delta,G2_temporal_drift,rf_power_matching_electrical,VIP,0.4776496438357173,-1,188,False
8,pls,Stat3_Etch_MV_SourceRF2PeakToPeak__long_phase_mean,G3_bosch_phase,rf_power_matching_electrical,VIP,0.27567878317011413,1,230,False
8,pls,Stat3_Etch_MV_SourceRF2PeakToPeak__phase_difference,G3_bosch_phase,rf_power_matching_electrical,VIP,0.27567878317011413,1,231,False
8,pls,Stat3_Etch_MV_SourceRF2PeakToPeak__cycle_mean_std,G4_cycle_behavior,rf_power_matching_electrical,VIP,0.3126701585225842,-1,217,False
8,pls,Stat3_Etch_MV_SourceRF2PeakToPeak__cycle_mean_slope,G4_cycle_behavior,rf_power_matching_electrical,VIP,0.3945074548981265,-1,207,False
8,pls,Stat3_Etch_MV_SourceRF2TuningCapacitor__active_mean,G1_level,rf_power_matching_electrical,VIP,0.6992776421070775,-1,120,False
8,pls,Stat3_Etch_MV_SourceRF2TuningCapacitor__active_std,G1_level,rf_power_matching_electrical,VIP,0.7047467512112046,1,116,False
8,pls,Stat3_Etch_MV_SourceRF2TuningCapacitor__active_slope,G2_temporal_drift,rf_power_matching_electrical,VIP,0.6992996562403965,1,119,False
8,pls,Stat3_Etch_MV_SourceRF2TuningCapacitor__early_late_delta,G2_temporal_drift,rf_power_matching_electrical,VIP,0.6994749035816165,1,118,False
8,pls,Stat3_Etch_MV_SourceRF2TuningCapacitor__short_phase_mean,G3_bosch_phase,rf_power_matching_electrical,VIP,0.6977588543600866,-1,122,False
8,pls,Stat3_Etch_MV_SourceRF2TuningCapacitor__phase_difference,G3_bosch_phase,rf_power_matching_electrical,VIP,0.6977588543600863,1,123,False
8,pls,Stat3_Etch_MV_SourceRFLoadPower__active_mean,G1_level,rf_power_matching_electrical,VIP,1.5036257540473374,1,36,False
8,pls,Stat3_Etch_MV_SourceRFLoadPower__active_std,G1_level,rf_power_matching_electrical,VIP,0.6338864518840495,1,145,False
8,pls,Stat3_Etch_MV_SourceRFLoadPower__active_range,G1_level,rf_power_matching_electrical,VIP,0.6502956012683595,-1,133,False
8,pls,Stat3_Etch_MV_SourceRFLoadPower__active_slope,G2_temporal_drift,rf_power_matching_electrical,VIP,0.494907707402895,-1,183,False
8,pls,Stat3_Etch_MV_SourceRFLoadPower__early_late_delta,G2_temporal_drift,rf_power_matching_electrical,VIP,0.5420932154575143,1,175,False
8,pls,Stat3_Etch_MV_SourceRFLoadPower__long_phase_mean,G3_bosch_phase,rf_power_matching_electrical,VIP,2.021928159923421,1,9,True
8,pls,Stat3_Etch_MV_SourceRFLoadPower__short_phase_mean,G3_bosch_phase,rf_power_matching_electrical,VIP,0.6110554672112696,1,152,False
8,pls,Stat3_Etch_MV_SourceRFLoadPower__phase_difference,G3_bosch_phase,rf_power_matching_electrical,VIP,0.5886535083241183,1,165,False
8,pls,Stat3_Etch_MV_SourceRFLoadPower__cycle_mean_std,G4_cycle_behavior,rf_power_matching_electrical,VIP,0.7853806195740451,1,102,False
8,pls,Stat3_Etch_MV_SourceRFLoadPower__cycle_mean_slope,G4_cycle_behavior,rf_power_matching_electrical,VIP,0.73097269316664,-1,110,False
8,pls,Stat3_Etch_MV_SourceRFPeakToPeak__active_mean,G1_level,rf_power_matching_electrical,VIP,0.5503781933046092,1,174,False
8,pls,Stat3_Etch_MV_SourceRFPeakToPeak__active_std,G1_level,rf_power_matching_electrical,VIP,0.6214186599586946,1,148,False
8,pls,Stat3_Etch_MV_SourceRFPeakToPeak__active_range,G1_level,rf_power_matching_electrical,VIP,0.569234369885137,1,170,False
8,pls,Stat3_Etch_MV_SourceRFPeakToPeak__active_slope,G2_temporal_drift,rf_power_matching_electrical,VIP,1.0113699772743436,-1,72,False
8,pls,Stat3_Etch_MV_SourceRFPeakToPeak__early_late_delta,G2_temporal_drift,rf_power_matching_electrical,VIP,0.8032710431494283,-1,98,False
8,pls,Stat3_Etch_MV_SourceRFPeakToPeak__long_phase_mean,G3_bosch_phase,rf_power_matching_electrical,VIP,0.5419196219536637,1,176,False
8,pls,Stat3_Etch_MV_SourceRFPeakToPeak__short_phase_mean,G3_bosch_phase,rf_power_matching_electrical,VIP,0.6346784963900836,1,144,False
8,pls,Stat3_Etch_MV_SourceRFPeakToPeak__phase_difference,G3_bosch_phase,rf_power_matching_electrical,VIP,0.5394667879404673,1,177,False
8,pls,Stat3_Etch_MV_SourceRFPeakToPeak__cycle_mean_std,G4_cycle_behavior,rf_power_matching_electrical,VIP,0.5243600916904944,1,180,False
8,pls,Stat3_Etch_MV_SourceRFPeakToPeak__cycle_mean_slope,G4_cycle_behavior,rf_power_matching_electrical,VIP,0.6682871142082166,-1,129,False
8,pls,Stat3_Etch_MV_SourceRFReflectedPower__active_mean,G1_level,rf_power_matching_electrical,VIP,1.8274175676076505,-1,18,True
8,pls,Stat3_Etch_MV_SourceRFReflectedPower__active_std,G1_level,rf_power_matching_electrical,VIP,1.4157034440145375,-1,41,False
8,pls,Stat3_Etch_MV_SourceRFReflectedPower__active_range,G1_level,rf_power_matching_electrical,VIP,1.9732621951458658,-1,13,True
8,pls,Stat3_Etch_MV_SourceRFReflectedPower__active_slope,G2_temporal_drift,rf_power_matching_electrical,VIP,1.2285984304145325,1,49,False
8,pls,Stat3_Etch_MV_SourceRFReflectedPower__early_late_delta,G2_temporal_drift,rf_power_matching_electrical,VIP,0.840172111658823,1,90,False
8,pls,Stat3_Etch_MV_SourceRFReflectedPower__long_phase_mean,G3_bosch_phase,rf_power_matching_electrical,VIP,1.476374730506045,-1,37,False
8,pls,Stat3_Etch_MV_SourceRFReflectedPower__short_phase_mean,G3_bosch_phase,rf_power_matching_electrical,VIP,1.8403087506008144,-1,17,True
8,pls,Stat3_Etch_MV_SourceRFReflectedPower__phase_difference,G3_bosch_phase,rf_power_matching_electrical,VIP,1.6325537515458635,1,29,False
8,pls,Stat3_Etch_MV_SourceRFReflectedPower__cycle_mean_std,G4_cycle_behavior,rf_power_matching_electrical,VIP,0.9503324120736674,1,76,False
8,pls,Stat3_Etch_MV_SourceRFReflectedPower__cycle_mean_slope,G4_cycle_behavior,rf_power_matching_electrical,VIP,1.2055743548690343,-1,52,False
8,pls,Stat3_Etch_MV_moriInnerCurrent__active_mean,G1_level,remaining_process_signals,VIP,1.6077371376979606,-1,33,False
8,pls,Stat3_Etch_MV_moriInnerCurrent__active_std,G1_level,remaining_process_signals,VIP,0.5555264095869425,1,173,False
8,pls,Stat3_Etch_MV_moriInnerCurrent__active_range,G1_level,remaining_process_signals,VIP,0.4266848369122447,1,200,False
8,pls,Stat3_Etch_MV_moriInnerCurrent__active_slope,G2_temporal_drift,remaining_process_signals,VIP,0.8015542972749645,-1,99,False
8,pls,Stat3_Etch_MV_moriInnerCurrent__early_late_delta,G2_temporal_drift,remaining_process_signals,VIP,0.5744516276767595,-1,168,False
8,pls,Stat3_Etch_MV_moriInnerCurrent__long_phase_mean,G3_bosch_phase,remaining_process_signals,VIP,1.6213970310263635,-1,32,False
8,pls,Stat3_Etch_MV_moriInnerCurrent__short_phase_mean,G3_bosch_phase,remaining_process_signals,VIP,0.9630812372748347,-1,74,False
8,pls,Stat3_Etch_MV_moriInnerCurrent__phase_difference,G3_bosch_phase,remaining_process_signals,VIP,0.29483042895561257,-1,224,False
8,pls,Stat3_Etch_MV_moriInnerCurrent__cycle_mean_std,G4_cycle_behavior,remaining_process_signals,VIP,1.4302032210597893,1,40,False
8,pls,Stat3_Etch_MV_moriInnerCurrent__cycle_mean_slope,G4_cycle_behavior,remaining_process_signals,VIP,0.8122021585432672,-1,96,False
8,ridge,Stat3_Etch_MV_ForeLinePressure__active_mean,G1_level,pressure,absolute_standardized_coefficient,0.003089983451062487,-1,137,False
8,ridge,Stat3_Etch_MV_ForeLinePressure__active_std,G1_level,pressure,absolute_standardized_coefficient,0.01080198282130466,-1,27,False
8,ridge,Stat3_Etch_MV_ForeLinePressure__active_range,G1_level,pressure,absolute_standardized_coefficient,0.014485175693775797,-1,9,True
8,ridge,Stat3_Etch_MV_ForeLinePressure__active_slope,G2_temporal_drift,pressure,absolute_standardized_coefficient,0.003308883349894033,-1,131,False
8,ridge,Stat3_Etch_MV_ForeLinePressure__early_late_delta,G2_temporal_drift,pressure,absolute_standardized_coefficient,0.0025617457485674535,-1,162,False
8,ridge,Stat3_Etch_MV_ForeLinePressure__long_phase_mean,G3_bosch_phase,pressure,absolute_standardized_coefficient,0.004542266919876107,-1,101,False
8,ridge,Stat3_Etch_MV_ForeLinePressure__short_phase_mean,G3_bosch_phase,pressure,absolute_standardized_coefficient,0.0004299048043766545,1,225,False
8,ridge,Stat3_Etch_MV_ForeLinePressure__phase_difference,G3_bosch_phase,pressure,absolute_standardized_coefficient,0.007695671858926775,-1,50,False
8,ridge,Stat3_Etch_MV_ForeLinePressure__cycle_mean_std,G4_cycle_behavior,pressure,absolute_standardized_coefficient,0.006319401439236467,1,70,False
8,ridge,Stat3_Etch_MV_ForeLinePressure__cycle_mean_slope,G4_cycle_behavior,pressure,absolute_standardized_coefficient,0.0026748533790618414,1,151,False
8,ridge,Stat3_Etch_MV_Gas1Flow__active_mean,G1_level,gas_or_backside_flow,absolute_standardized_coefficient,0.0008213269046893703,1,214,False
8,ridge,Stat3_Etch_MV_Gas1Flow__active_std,G1_level,gas_or_backside_flow,absolute_standardized_coefficient,0.0027232184800150354,1,147,False
8,ridge,Stat3_Etch_MV_Gas1Flow__active_range,G1_level,gas_or_backside_flow,absolute_standardized_coefficient,0.0055579108190266235,1,78,False
8,ridge,Stat3_Etch_MV_Gas1Flow__active_slope,G2_temporal_drift,gas_or_backside_flow,absolute_standardized_coefficient,0.002107217149558291,-1,178,False
8,ridge,Stat3_Etch_MV_Gas1Flow__early_late_delta,G2_temporal_drift,gas_or_backside_flow,absolute_standardized_coefficient,0.002184355520052003,-1,175,False
8,ridge,Stat3_Etch_MV_Gas1Flow__long_phase_mean,G3_bosch_phase,gas_or_backside_flow,absolute_standardized_coefficient,0.0024545472531417806,-1,165,False
8,ridge,Stat3_Etch_MV_Gas1Flow__short_phase_mean,G3_bosch_phase,gas_or_backside_flow,absolute_standardized_coefficient,0.0020984096031042925,1,179,False
8,ridge,Stat3_Etch_MV_Gas1Flow__phase_difference,G3_bosch_phase,gas_or_backside_flow,absolute_standardized_coefficient,0.0025920872516581994,-1,160,False
8,ridge,Stat3_Etch_MV_Gas1Flow__cycle_mean_std,G4_cycle_behavior,gas_or_backside_flow,absolute_standardized_coefficient,0.004562336434847174,1,100,False
8,ridge,Stat3_Etch_MV_Gas1Flow__cycle_mean_slope,G4_cycle_behavior,gas_or_backside_flow,absolute_standardized_coefficient,0.004291767004896581,1,105,False
8,ridge,Stat3_Etch_MV_Gas2Flow__active_mean,G1_level,gas_or_backside_flow,absolute_standardized_coefficient,0.004909475804846344,1,91,False
8,ridge,Stat3_Etch_MV_Gas2Flow__active_std,G1_level,gas_or_backside_flow,absolute_standardized_coefficient,0.011311216804070833,1,20,True
8,ridge,Stat3_Etch_MV_Gas2Flow__active_range,G1_level,gas_or_backside_flow,absolute_standardized_coefficient,0.009878200606103307,1,29,False
8,ridge,Stat3_Etch_MV_Gas2Flow__active_slope,G2_temporal_drift,gas_or_backside_flow,absolute_standardized_coefficient,0.001510846217288193,1,193,False
8,ridge,Stat3_Etch_MV_Gas2Flow__early_late_delta,G2_temporal_drift,gas_or_backside_flow,absolute_standardized_coefficient,0.0006480967615468457,-1,218,False
8,ridge,Stat3_Etch_MV_Gas2Flow__long_phase_mean,G3_bosch_phase,gas_or_backside_flow,absolute_standardized_coefficient,0.004985788714184717,1,90,False
8,ridge,Stat3_Etch_MV_Gas2Flow__short_phase_mean,G3_bosch_phase,gas_or_backside_flow,absolute_standardized_coefficient,0.004695335504951028,1,95,False
8,ridge,Stat3_Etch_MV_Gas2Flow__phase_difference,G3_bosch_phase,gas_or_backside_flow,absolute_standardized_coefficient,0.005172058993081038,1,88,False
8,ridge,Stat3_Etch_MV_Gas2Flow__cycle_mean_std,G4_cycle_behavior,gas_or_backside_flow,absolute_standardized_coefficient,0.011307261780361087,1,21,False
8,ridge,Stat3_Etch_MV_Gas2Flow__cycle_mean_slope,G4_cycle_behavior,gas_or_backside_flow,absolute_standardized_coefficient,0.0016161725934555082,1,189,False
8,ridge,Stat3_Etch_MV_Gas4Flow__active_mean,G1_level,gas_or_backside_flow,absolute_standardized_coefficient,0.003457772771721745,-1,127,False
8,ridge,Stat3_Etch_MV_Gas4Flow__active_std,G1_level,gas_or_backside_flow,absolute_standardized_coefficient,0.0008902764867403512,-1,210,False
8,ridge,Stat3_Etch_MV_Gas4Flow__active_slope,G2_temporal_drift,gas_or_backside_flow,absolute_standardized_coefficient,0.0010994892317383077,1,205,False
8,ridge,Stat3_Etch_MV_Gas4Flow__early_late_delta,G2_temporal_drift,gas_or_backside_flow,absolute_standardized_coefficient,0.002571796343904145,1,161,False
8,ridge,Stat3_Etch_MV_Gas4Flow__long_phase_mean,G3_bosch_phase,gas_or_backside_flow,absolute_standardized_coefficient,5.908634772495432e-05,-1,238,False
8,ridge,Stat3_Etch_MV_Gas4Flow__short_phase_mean,G3_bosch_phase,gas_or_backside_flow,absolute_standardized_coefficient,0.0008410874617797337,1,211,False
8,ridge,Stat3_Etch_MV_Gas4Flow__phase_difference,G3_bosch_phase,gas_or_backside_flow,absolute_standardized_coefficient,0.0010656952900198664,-1,207,False
8,ridge,Stat3_Etch_MV_Gas4Flow__cycle_mean_std,G4_cycle_behavior,gas_or_backside_flow,absolute_standardized_coefficient,0.007810510250944208,1,48,False
8,ridge,Stat3_Etch_MV_Gas4Flow__cycle_mean_slope,G4_cycle_behavior,gas_or_backside_flow,absolute_standardized_coefficient,0.0026325225018006826,-1,156,False
8,ridge,Stat3_Etch_MV_Gas5Flow__active_mean,G1_level,gas_or_backside_flow,absolute_standardized_coefficient,0.0058327654138292506,1,74,False
8,ridge,Stat3_Etch_MV_Gas5Flow__active_std,G1_level,gas_or_backside_flow,absolute_standardized_coefficient,0.0052015115699351805,-1,86,False
8,ridge,Stat3_Etch_MV_Gas5Flow__active_slope,G2_temporal_drift,gas_or_backside_flow,absolute_standardized_coefficient,0.0011524606488552958,-1,202,False
8,ridge,Stat3_Etch_MV_Gas5Flow__early_late_delta,G2_temporal_drift,gas_or_backside_flow,absolute_standardized_coefficient,0.0026705025107452724,-1,155,False
8,ridge,Stat3_Etch_MV_Gas5Flow__long_phase_mean,G3_bosch_phase,gas_or_backside_flow,absolute_standardized_coefficient,0.0008339524281080726,1,213,False
8,ridge,Stat3_Etch_MV_Gas5Flow__short_phase_mean,G3_bosch_phase,gas_or_backside_flow,absolute_standardized_coefficient,0.00014154048104049385,1,232,False
8,ridge,Stat3_Etch_MV_Gas5Flow__phase_difference,G3_bosch_phase,gas_or_backside_flow,absolute_standardized_coefficient,0.0012222300699794059,1,200,False
8,ridge,Stat3_Etch_MV_Gas5Flow__cycle_mean_std,G4_cycle_behavior,gas_or_backside_flow,absolute_standardized_coefficient,0.0071953945128392675,1,56,False
8,ridge,Stat3_Etch_MV_Gas5Flow__cycle_mean_slope,G4_cycle_behavior,gas_or_backside_flow,absolute_standardized_coefficient,0.0035162388404918867,1,126,False
8,ridge,Stat3_Etch_MV_Gas7Flow__active_mean,G1_level,gas_or_backside_flow,absolute_standardized_coefficient,0.0036984462623408636,-1,119,False
8,ridge,Stat3_Etch_MV_Gas7Flow__active_std,G1_level,gas_or_backside_flow,absolute_standardized_coefficient,0.0060258511676866714,1,71,False
8,ridge,Stat3_Etch_MV_Gas7Flow__active_range,G1_level,gas_or_backside_flow,absolute_standardized_coefficient,0.003521178584288654,1,125,False
8,ridge,Stat3_Etch_MV_Gas7Flow__active_slope,G2_temporal_drift,gas_or_backside_flow,absolute_standardized_coefficient,0.007892321118725428,1,45,False
8,ridge,Stat3_Etch_MV_Gas7Flow__early_late_delta,G2_temporal_drift,gas_or_backside_flow,absolute_standardized_coefficient,0.007864102669500697,1,46,False
8,ridge,Stat3_Etch_MV_Gas7Flow__long_phase_mean,G3_bosch_phase,gas_or_backside_flow,absolute_standardized_coefficient,0.0037155779736994677,-1,118,False
8,ridge,Stat3_Etch_MV_Gas7Flow__short_phase_mean,G3_bosch_phase,gas_or_backside_flow,absolute_standardized_coefficient,0.0036456609386046326,-1,121,False
8,ridge,Stat3_Etch_MV_Gas7Flow__phase_difference,G3_bosch_phase,gas_or_backside_flow,absolute_standardized_coefficient,0.001550385584985876,-1,192,False
8,ridge,Stat3_Etch_MV_Gas7Flow__cycle_mean_std,G4_cycle_behavior,gas_or_backside_flow,absolute_standardized_coefficient,0.0031107559637043704,1,135,False
8,ridge,Stat3_Etch_MV_Gas7Flow__cycle_mean_slope,G4_cycle_behavior,gas_or_backside_flow,absolute_standardized_coefficient,0.007799260439736748,1,49,False
8,ridge,Stat3_Etch_MV_Heater1Temp__active_mean,G1_level,heater_temperature,absolute_standardized_coefficient,0.003431034055341923,-1,129,False
8,ridge,Stat3_Etch_MV_Heater1Temp__active_std,G1_level,heater_temperature,absolute_standardized_coefficient,0.0038126457198093253,-1,115,False
8,ridge,Stat3_Etch_MV_Heater1Temp__active_slope,G2_temporal_drift,heater_temperature,absolute_standardized_coefficient,0.0045980030091512985,-1,98,False
8,ridge,Stat3_Etch_MV_Heater1Temp__early_late_delta,G2_temporal_drift,heater_temperature,absolute_standardized_coefficient,0.006981205809169562,-1,61,False
8,ridge,Stat3_Etch_MV_Heater1Temp__long_phase_mean,G3_bosch_phase,heater_temperature,absolute_standardized_coefficient,0.004047587561478223,-1,112,False
8,ridge,Stat3_Etch_MV_Heater1Temp__short_phase_mean,G3_bosch_phase,heater_temperature,absolute_standardized_coefficient,0.0010381605731085858,-1,208,False
8,ridge,Stat3_Etch_MV_Heater1Temp__phase_difference,G3_bosch_phase,heater_temperature,absolute_standardized_coefficient,0.0032737894321451908,-1,132,False
8,ridge,Stat3_Etch_MV_Heater1Temp__cycle_mean_std,G4_cycle_behavior,heater_temperature,absolute_standardized_coefficient,0.005232972162500536,1,84,False
8,ridge,Stat3_Etch_MV_Heater1Temp__cycle_mean_slope,G4_cycle_behavior,heater_temperature,absolute_standardized_coefficient,0.00512043275120991,-1,89,False
8,ridge,Stat3_Etch_MV_Heater2Temp__active_mean,G1_level,heater_temperature,absolute_standardized_coefficient,0.006674785520909997,1,64,False
8,ridge,Stat3_Etch_MV_Heater2Temp__active_std,G1_level,heater_temperature,absolute_standardized_coefficient,0.012813041795393857,-1,11,True
8,ridge,Stat3_Etch_MV_Heater2Temp__active_range,G1_level,heater_temperature,absolute_standardized_coefficient,0.009127840021774292,-1,37,False
8,ridge,Stat3_Etch_MV_Heater2Temp__active_slope,G2_temporal_drift,heater_temperature,absolute_standardized_coefficient,0.01131322992527678,-1,19,True
8,ridge,Stat3_Etch_MV_Heater2Temp__early_late_delta,G2_temporal_drift,heater_temperature,absolute_standardized_coefficient,0.011865405936793277,-1,15,True
8,ridge,Stat3_Etch_MV_Heater2Temp__long_phase_mean,G3_bosch_phase,heater_temperature,absolute_standardized_coefficient,0.006679043589491264,1,63,False
8,ridge,Stat3_Etch_MV_Heater2Temp__short_phase_mean,G3_bosch_phase,heater_temperature,absolute_standardized_coefficient,0.006661788807906444,1,65,False
8,ridge,Stat3_Etch_MV_Heater2Temp__phase_difference,G3_bosch_phase,heater_temperature,absolute_standardized_coefficient,0.0014309258902325808,1,195,False
8,ridge,Stat3_Etch_MV_Heater2Temp__cycle_mean_std,G4_cycle_behavior,heater_temperature,absolute_standardized_coefficient,0.012848011073465494,-1,10,True
8,ridge,Stat3_Etch_MV_Heater2Temp__cycle_mean_slope,G4_cycle_behavior,heater_temperature,absolute_standardized_coefficient,0.011206653023415834,-1,22,False
8,ridge,Stat3_Etch_MV_Heater3Temp__active_mean,G1_level,heater_temperature,absolute_standardized_coefficient,0.004889587652015935,-1,92,False
8,ridge,Stat3_Etch_MV_Heater3Temp__active_std,G1_level,heater_temperature,absolute_standardized_coefficient,0.009034544409849044,1,38,False
8,ridge,Stat3_Etch_MV_Heater3Temp__active_range,G1_level,heater_temperature,absolute_standardized_coefficient,0.009533895375753611,1,33,False
8,ridge,Stat3_Etch_MV_Heater3Temp__active_slope,G2_temporal_drift,heater_temperature,absolute_standardized_coefficient,0.0015628325560600631,1,191,False
8,ridge,Stat3_Etch_MV_Heater3Temp__early_late_delta,G2_temporal_drift,heater_temperature,absolute_standardized_coefficient,0.00043024057917230964,1,224,False
8,ridge,Stat3_Etch_MV_Heater3Temp__long_phase_mean,G3_bosch_phase,heater_temperature,absolute_standardized_coefficient,0.004886117141733917,-1,94,False
8,ridge,Stat3_Etch_MV_Heater3Temp__short_phase_mean,G3_bosch_phase,heater_temperature,absolute_standardized_coefficient,0.004886939338157183,-1,93,False
8,ridge,Stat3_Etch_MV_Heater3Temp__phase_difference,G3_bosch_phase,heater_temperature,absolute_standardized_coefficient,0.00044420395133428045,-1,221,False
8,ridge,Stat3_Etch_MV_Heater3Temp__cycle_mean_std,G4_cycle_behavior,heater_temperature,absolute_standardized_coefficient,0.007844743045145009,1,47,False
8,ridge,Stat3_Etch_MV_Heater3Temp__cycle_mean_slope,G4_cycle_behavior,heater_temperature,absolute_standardized_coefficient,0.001504628732563285,1,194,False
8,ridge,Stat3_Etch_MV_Heater4Temp__active_mean,G1_level,heater_temperature,absolute_standardized_coefficient,0.0023222400331118914,-1,171,False
8,ridge,Stat3_Etch_MV_Heater4Temp__active_std,G1_level,heater_temperature,absolute_standardized_coefficient,0.005239908166520493,1,82,False
8,ridge,Stat3_Etch_MV_Heater4Temp__active_range,G1_level,heater_temperature,absolute_standardized_coefficient,0.0011301764734216705,-1,203,False
8,ridge,Stat3_Etch_MV_Heater4Temp__active_slope,G2_temporal_drift,heater_temperature,absolute_standardized_coefficient,0.002522291409904363,-1,164,False
8,ridge,Stat3_Etch_MV_Heater4Temp__early_late_delta,G2_temporal_drift,heater_temperature,absolute_standardized_coefficient,0.0004314520952745486,1,223,False
8,ridge,Stat3_Etch_MV_Heater4Temp__long_phase_mean,G3_bosch_phase,heater_temperature,absolute_standardized_coefficient,0.0023294277585103034,-1,170,False
8,ridge,Stat3_Etch_MV_Heater4Temp__short_phase_mean,G3_bosch_phase,heater_temperature,absolute_standardized_coefficient,0.0023024684827565546,-1,172,False
8,ridge,Stat3_Etch_MV_Heater4Temp__phase_difference,G3_bosch_phase,heater_temperature,absolute_standardized_coefficient,0.0016124066366905887,-1,190,False
8,ridge,Stat3_Etch_MV_Heater4Temp__cycle_mean_std,G4_cycle_behavior,heater_temperature,absolute_standardized_coefficient,0.003868444689557573,1,114,False
8,ridge,Stat3_Etch_MV_Heater4Temp__cycle_mean_slope,G4_cycle_behavior,heater_temperature,absolute_standardized_coefficient,0.0020065458544250543,-1,180,False
8,ridge,Stat3_Etch_MV_HeliumBPFlow__active_mean,G1_level,gas_or_backside_flow,absolute_standardized_coefficient,0.0028901700147973804,1,143,False
8,ridge,Stat3_Etch_MV_HeliumBPFlow__active_std,G1_level,gas_or_backside_flow,absolute_standardized_coefficient,9.063347866689899e-05,-1,234,False
8,ridge,Stat3_Etch_MV_HeliumBPFlow__active_range,G1_level,gas_or_backside_flow,absolute_standardized_coefficient,6.893553717355868e-05,-1,236,False
8,ridge,Stat3_Etch_MV_HeliumBPFlow__active_slope,G2_temporal_drift,gas_or_backside_flow,absolute_standardized_coefficient,0.0016847235415499966,-1,188,False
8,ridge,Stat3_Etch_MV_HeliumBPFlow__early_late_delta,G2_temporal_drift,gas_or_backside_flow,absolute_standardized_coefficient,0.0017075141138547091,-1,187,False
8,ridge,Stat3_Etch_MV_HeliumBPFlow__long_phase_mean,G3_bosch_phase,gas_or_backside_flow,absolute_standardized_coefficient,0.0028662767271364206,1,144,False
8,ridge,Stat3_Etch_MV_HeliumBPFlow__short_phase_mean,G3_bosch_phase,gas_or_backside_flow,absolute_standardized_coefficient,0.0029580780189315636,1,141,False
8,ridge,Stat3_Etch_MV_HeliumBPFlow__phase_difference,G3_bosch_phase,gas_or_backside_flow,absolute_standardized_coefficient,0.005966868398097891,-1,72,False
8,ridge,Stat3_Etch_MV_HeliumBPFlow__cycle_mean_std,G4_cycle_behavior,gas_or_backside_flow,absolute_standardized_coefficient,0.0003457412446099869,-1,228,False
8,ridge,Stat3_Etch_MV_HeliumBPFlow__cycle_mean_slope,G4_cycle_behavior,gas_or_backside_flow,absolute_standardized_coefficient,0.0017419937545865205,-1,184,False
8,ridge,Stat3_Etch_MV_HeliumBPPressure__active_mean,G1_level,pressure,absolute_standardized_coefficient,0.0065000262302145105,-1,67,False
8,ridge,Stat3_Etch_MV_HeliumBPPressure__active_std,G1_level,pressure,absolute_standardized_coefficient,0.005440034756651771,1,80,False
8,ridge,Stat3_Etch_MV_HeliumBPPressure__active_range,G1_level,pressure,absolute_standardized_coefficient,0.0018572793830827674,-1,183,False
8,ridge,Stat3_Etch_MV_HeliumBPPressure__active_slope,G2_temporal_drift,pressure,absolute_standardized_coefficient,0.004287231011927638,1,107,False
8,ridge,Stat3_Etch_MV_HeliumBPPressure__early_late_delta,G2_temporal_drift,pressure,absolute_standardized_coefficient,0.005568860972824342,1,77,False
8,ridge,Stat3_Etch_MV_HeliumBPPressure__long_phase_mean,G3_bosch_phase,pressure,absolute_standardized_coefficient,0.007488824739184014,-1,53,False
8,ridge,Stat3_Etch_MV_HeliumBPPressure__short_phase_mean,G3_bosch_phase,pressure,absolute_standardized_coefficient,0.002626180469805909,-1,159,False
8,ridge,Stat3_Etch_MV_HeliumBPPressure__phase_difference,G3_bosch_phase,pressure,absolute_standardized_coefficient,0.0026756638621831296,-1,150,False
8,ridge,Stat3_Etch_MV_HeliumBPPressure__cycle_mean_std,G4_cycle_behavior,pressure,absolute_standardized_coefficient,0.008764943286032584,1,39,False
8,ridge,Stat3_Etch_MV_HeliumBPPressure__cycle_mean_slope,G4_cycle_behavior,pressure,absolute_standardized_coefficient,0.0046910548885636,1,96,False
8,ridge,Stat3_Etch_MV_PlatenDcBias__active_mean,G1_level,rf_power_matching_electrical,absolute_standardized_coefficient,0.004289577674992197,1,106,False
8,ridge,Stat3_Etch_MV_PlatenDcBias__active_std,G1_level,rf_power_matching_electrical,absolute_standardized_coefficient,0.009448878805510265,1,34,False
8,ridge,Stat3_Etch_MV_PlatenDcBias__active_range,G1_level,rf_power_matching_electrical,absolute_standardized_coefficient,0.008738929684419304,1,40,False
8,ridge,Stat3_Etch_MV_PlatenDcBias__active_slope,G2_temporal_drift,rf_power_matching_electrical,absolute_standardized_coefficient,0.003154812725286616,1,133,False
8,ridge,Stat3_Etch_MV_PlatenDcBias__early_late_delta,G2_temporal_drift,rf_power_matching_electrical,absolute_standardized_coefficient,0.0030354124791376934,1,138,False
8,ridge,Stat3_Etch_MV_PlatenDcBias__long_phase_mean,G3_bosch_phase,rf_power_matching_electrical,absolute_standardized_coefficient,0.0013074155636482155,1,197,False
8,ridge,Stat3_Etch_MV_PlatenDcBias__short_phase_mean,G3_bosch_phase,rf_power_matching_electrical,absolute_standardized_coefficient,0.007243000013337601,1,54,False
8,ridge,Stat3_Etch_MV_PlatenDcBias__phase_difference,G3_bosch_phase,rf_power_matching_electrical,absolute_standardized_coefficient,0.0063233096313340675,-1,69,False
8,ridge,Stat3_Etch_MV_PlatenDcBias__cycle_mean_std,G4_cycle_behavior,rf_power_matching_electrical,absolute_standardized_coefficient,0.002335558772716577,-1,169,False
8,ridge,Stat3_Etch_MV_PlatenDcBias__cycle_mean_slope,G4_cycle_behavior,rf_power_matching_electrical,absolute_standardized_coefficient,0.003028152013373404,1,139,False
8,ridge,Stat3_Etch_MV_PlatenRFLoadCapacitor__active_mean,G1_level,rf_power_matching_electrical,absolute_standardized_coefficient,0.0024020577596545294,1,168,False
8,ridge,Stat3_Etch_MV_PlatenRFLoadCapacitor__active_std,G1_level,rf_power_matching_electrical,absolute_standardized_coefficient,0.009771615821540666,-1,32,False
8,ridge,Stat3_Etch_MV_PlatenRFLoadCapacitor__active_range,G1_level,rf_power_matching_electrical,absolute_standardized_coefficient,0.0014192935786087272,-1,196,False
8,ridge,Stat3_Etch_MV_PlatenRFLoadCapacitor__active_slope,G2_temporal_drift,rf_power_matching_electrical,absolute_standardized_coefficient,0.00405236420696746,-1,111,False
8,ridge,Stat3_Etch_MV_PlatenRFLoadCapacitor__early_late_delta,G2_temporal_drift,rf_power_matching_electrical,absolute_standardized_coefficient,0.005216921746484655,-1,85,False
8,ridge,Stat3_Etch_MV_PlatenRFLoadCapacitor__long_phase_mean,G3_bosch_phase,rf_power_matching_electrical,absolute_standardized_coefficient,0.0019602593129725756,1,181,False
8,ridge,Stat3_Etch_MV_PlatenRFLoadCapacitor__short_phase_mean,G3_bosch_phase,rf_power_matching_electrical,absolute_standardized_coefficient,0.002753718580584051,1,146,False
8,ridge,Stat3_Etch_MV_PlatenRFLoadCapacitor__phase_difference,G3_bosch_phase,rf_power_matching_electrical,absolute_standardized_coefficient,0.0012641542928030192,-1,199,False
8,ridge,Stat3_Etch_MV_PlatenRFLoadCapacitor__cycle_mean_std,G4_cycle_behavior,rf_power_matching_electrical,absolute_standardized_coefficient,5.465089801911388e-05,-1,239,False
8,ridge,Stat3_Etch_MV_PlatenRFLoadCapacitor__cycle_mean_slope,G4_cycle_behavior,rf_power_matching_electrical,absolute_standardized_coefficient,0.0004393973989772176,1,222,False
8,ridge,Stat3_Etch_MV_PlatenRFLoadPower__active_mean,G1_level,rf_power_matching_electrical,absolute_standardized_coefficient,0.00716488365565504,-1,57,False
8,ridge,Stat3_Etch_MV_PlatenRFLoadPower__active_std,G1_level,rf_power_matching_electrical,absolute_standardized_coefficient,0.00023230564905905252,1,230,False
8,ridge,Stat3_Etch_MV_PlatenRFLoadPower__active_range,G1_level,rf_power_matching_electrical,absolute_standardized_coefficient,0.009803822020749175,1,30,False
8,ridge,Stat3_Etch_MV_PlatenRFLoadPower__active_slope,G2_temporal_drift,rf_power_matching_electrical,absolute_standardized_coefficient,0.005316261290688074,1,81,False
8,ridge,Stat3_Etch_MV_PlatenRFLoadPower__early_late_delta,G2_temporal_drift,rf_power_matching_electrical,absolute_standardized_coefficient,0.002682363291476903,-1,148,False
8,ridge,Stat3_Etch_MV_PlatenRFLoadPower__long_phase_mean,G3_bosch_phase,rf_power_matching_electrical,absolute_standardized_coefficient,0.004481415176576534,-1,102,False
8,ridge,Stat3_Etch_MV_PlatenRFLoadPower__short_phase_mean,G3_bosch_phase,rf_power_matching_electrical,absolute_standardized_coefficient,0.004574373557275129,-1,99,False
8,ridge,Stat3_Etch_MV_PlatenRFLoadPower__phase_difference,G3_bosch_phase,rf_power_matching_electrical,absolute_standardized_coefficient,0.0017137740966035877,1,186,False
8,ridge,Stat3_Etch_MV_PlatenRFLoadPower__cycle_mean_std,G4_cycle_behavior,rf_power_matching_electrical,absolute_standardized_coefficient,0.006431820381159184,1,68,False
8,ridge,Stat3_Etch_MV_PlatenRFLoadPower__cycle_mean_slope,G4_cycle_behavior,rf_power_matching_electrical,absolute_standardized_coefficient,0.003733378705772829,1,117,False
8,ridge,Stat3_Etch_MV_PlatenRFPeakToPeak__active_mean,G1_level,rf_power_matching_electrical,absolute_standardized_coefficient,0.011148836646210945,-1,24,False
8,ridge,Stat3_Etch_MV_PlatenRFPeakToPeak__active_std,G1_level,rf_power_matching_electrical,absolute_standardized_coefficient,0.002196988207351061,-1,174,False
8,ridge,Stat3_Etch_MV_PlatenRFPeakToPeak__active_range,G1_level,rf_power_matching_electrical,absolute_standardized_coefficient,0.020641737623467667,-1,1,True
8,ridge,Stat3_Etch_MV_PlatenRFPeakToPeak__active_slope,G2_temporal_drift,rf_power_matching_electrical,absolute_standardized_coefficient,0.005928623223002956,1,73,False
8,ridge,Stat3_Etch_MV_PlatenRFPeakToPeak__early_late_delta,G2_temporal_drift,rf_power_matching_electrical,absolute_standardized_coefficient,0.002421810765825644,-1,166,False
8,ridge,Stat3_Etch_MV_PlatenRFPeakToPeak__long_phase_mean,G3_bosch_phase,rf_power_matching_electrical,absolute_standardized_coefficient,0.008180493512211432,-1,43,False
8,ridge,Stat3_Etch_MV_PlatenRFPeakToPeak__short_phase_mean,G3_bosch_phase,rf_power_matching_electrical,absolute_standardized_coefficient,0.011967343542825774,-1,13,True
8,ridge,Stat3_Etch_MV_PlatenRFPeakToPeak__phase_difference,G3_bosch_phase,rf_power_matching_electrical,absolute_standardized_coefficient,0.009369660532391693,1,36,False
8,ridge,Stat3_Etch_MV_PlatenRFPeakToPeak__cycle_mean_std,G4_cycle_behavior,rf_power_matching_electrical,absolute_standardized_coefficient,0.0021271938499991968,-1,177,False
8,ridge,Stat3_Etch_MV_PlatenRFPeakToPeak__cycle_mean_slope,G4_cycle_behavior,rf_power_matching_electrical,absolute_standardized_coefficient,0.004384638632798585,1,103,False
8,ridge,Stat3_Etch_MV_PlatenRFReflectedPower__active_mean,G1_level,rf_power_matching_electrical,absolute_standardized_coefficient,0.00021052770124133828,1,231,False
8,ridge,Stat3_Etch_MV_PlatenRFReflectedPower__active_std,G1_level,rf_power_matching_electrical,absolute_standardized_coefficient,0.00462593332797478,1,97,False
8,ridge,Stat3_Etch_MV_PlatenRFReflectedPower__active_range,G1_level,rf_power_matching_electrical,absolute_standardized_coefficient,0.01572203146070051,1,4,True
8,ridge,Stat3_Etch_MV_PlatenRFReflectedPower__active_slope,G2_temporal_drift,rf_power_matching_electrical,absolute_standardized_coefficient,0.002974244629635575,1,140,False
8,ridge,Stat3_Etch_MV_PlatenRFReflectedPower__early_late_delta,G2_temporal_drift,rf_power_matching_electrical,absolute_standardized_coefficient,0.00042007843877793374,1,226,False
8,ridge,Stat3_Etch_MV_PlatenRFReflectedPower__long_phase_mean,G3_bosch_phase,rf_power_matching_electrical,absolute_standardized_coefficient,0.01195158706145413,-1,14,True
8,ridge,Stat3_Etch_MV_PlatenRFReflectedPower__short_phase_mean,G3_bosch_phase,rf_power_matching_electrical,absolute_standardized_coefficient,0.009884011383341534,1,28,False
8,ridge,Stat3_Etch_MV_PlatenRFReflectedPower__phase_difference,G3_bosch_phase,rf_power_matching_electrical,absolute_standardized_coefficient,0.011538594666683978,-1,17,True
8,ridge,Stat3_Etch_MV_PlatenRFReflectedPower__cycle_mean_std,G4_cycle_behavior,rf_power_matching_electrical,absolute_standardized_coefficient,0.003630706798238518,-1,122,False
8,ridge,Stat3_Etch_MV_PlatenRFReflectedPower__cycle_mean_slope,G4_cycle_behavior,rf_power_matching_electrical,absolute_standardized_coefficient,0.0029546276221912647,1,142,False
8,ridge,Stat3_Etch_MV_PlatenRFTuningCapacitor__active_mean,G1_level,rf_power_matching_electrical,absolute_standardized_coefficient,0.015209171493158459,-1,6,True
8,ridge,Stat3_Etch_MV_PlatenRFTuningCapacitor__active_std,G1_level,rf_power_matching_electrical,absolute_standardized_coefficient,0.009788986112093643,1,31,False
8,ridge,Stat3_Etch_MV_PlatenRFTuningCapacitor__active_range,G1_level,rf_power_matching_electrical,absolute_standardized_coefficient,0.011110771895529928,1,25,False
8,ridge,Stat3_Etch_MV_PlatenRFTuningCapacitor__active_slope,G2_temporal_drift,rf_power_matching_electrical,absolute_standardized_coefficient,0.005666388932569797,1,76,False
8,ridge,Stat3_Etch_MV_PlatenRFTuningCapacitor__early_late_delta,G2_temporal_drift,rf_power_matching_electrical,absolute_standardized_coefficient,0.0002691396821575852,1,229,False
8,ridge,Stat3_Etch_MV_PlatenRFTuningCapacitor__long_phase_mean,G3_bosch_phase,rf_power_matching_electrical,absolute_standardized_coefficient,0.01586510849983117,-1,3,True
8,ridge,Stat3_Etch_MV_PlatenRFTuningCapacitor__short_phase_mean,G3_bosch_phase,rf_power_matching_electrical,absolute_standardized_coefficient,0.005826562099101626,-1,75,False
8,ridge,Stat3_Etch_MV_PlatenRFTuningCapacitor__phase_difference,G3_bosch_phase,rf_power_matching_electrical,absolute_standardized_coefficient,0.015068937591290365,-1,7,True
8,ridge,Stat3_Etch_MV_PlatenRFTuningCapacitor__cycle_mean_std,G4_cycle_behavior,rf_power_matching_electrical,absolute_standardized_coefficient,0.0006817410944400711,1,217,False
8,ridge,Stat3_Etch_MV_PlatenRFTuningCapacitor__cycle_mean_slope,G4_cycle_behavior,rf_power_matching_electrical,absolute_standardized_coefficient,0.007149229864993269,1,59,False
8,ridge,Stat3_Etch_MV_Pressure__active_mean,G1_level,pressure,absolute_standardized_coefficient,0.0021781465126980933,1,176,False
8,ridge,Stat3_Etch_MV_Pressure__active_std,G1_level,pressure,absolute_standardized_coefficient,0.011425546341226608,-1,18,True
8,ridge,Stat3_Etch_MV_Pressure__active_range,G1_level,pressure,absolute_standardized_coefficient,0.0024205987174214126,-1,167,False
8,ridge,Stat3_Etch_MV_Pressure__active_slope,G2_temporal_drift,pressure,absolute_standardized_coefficient,0.007624176214058774,1,51,False
8,ridge,Stat3_Etch_MV_Pressure__early_late_delta,G2_temporal_drift,pressure,absolute_standardized_coefficient,0.001273386580985573,1,198,False
8,ridge,Stat3_Etch_MV_Pressure__long_phase_mean,G3_bosch_phase,pressure,absolute_standardized_coefficient,0.0010868927314189704,1,206,False
8,ridge,Stat3_Etch_MV_Pressure__short_phase_mean,G3_bosch_phase,pressure,absolute_standardized_coefficient,0.0010314118385973822,1,209,False
8,ridge,Stat3_Etch_MV_Pressure__phase_difference,G3_bosch_phase,pressure,absolute_standardized_coefficient,0.0006359834734598965,-1,219,False
8,ridge,Stat3_Etch_MV_Pressure__cycle_mean_std,G4_cycle_behavior,pressure,absolute_standardized_coefficient,0.007164146692786571,1,58,False
8,ridge,Stat3_Etch_MV_Pressure__cycle_mean_slope,G4_cycle_behavior,pressure,absolute_standardized_coefficient,0.0001288565720270515,-1,233,False
8,ridge,Stat3_Etch_MV_SourceRF2PeakToPeak__active_mean,G1_level,rf_power_matching_electrical,absolute_standardized_coefficient,5.9803663882552214e-05,1,237,False
8,ridge,Stat3_Etch_MV_SourceRF2PeakToPeak__active_std,G1_level,rf_power_matching_electrical,absolute_standardized_coefficient,0.0007241026989579294,1,216,False
8,ridge,Stat3_Etch_MV_SourceRF2PeakToPeak__active_slope,G2_temporal_drift,rf_power_matching_electrical,absolute_standardized_coefficient,0.003103744259548987,-1,136,False
8,ridge,Stat3_Etch_MV_SourceRF2PeakToPeak__early_late_delta,G2_temporal_drift,rf_power_matching_electrical,absolute_standardized_coefficient,0.0037525767296583607,-1,116,False
8,ridge,Stat3_Etch_MV_SourceRF2PeakToPeak__long_phase_mean,G3_bosch_phase,rf_power_matching_electrical,absolute_standardized_coefficient,2.3472180395897406e-05,1,240,False
8,ridge,Stat3_Etch_MV_SourceRF2PeakToPeak__phase_difference,G3_bosch_phase,rf_power_matching_electrical,absolute_standardized_coefficient,2.3472180395897406e-05,1,241,False
8,ridge,Stat3_Etch_MV_SourceRF2PeakToPeak__cycle_mean_std,G4_cycle_behavior,rf_power_matching_electrical,absolute_standardized_coefficient,0.00038619396788973587,-1,227,False
8,ridge,Stat3_Etch_MV_SourceRF2PeakToPeak__cycle_mean_slope,G4_cycle_behavior,rf_power_matching_electrical,absolute_standardized_coefficient,0.0031309188811850597,-1,134,False
8,ridge,Stat3_Etch_MV_SourceRF2TuningCapacitor__active_mean,G1_level,rf_power_matching_electrical,absolute_standardized_coefficient,0.0026716159022234067,-1,154,False
8,ridge,Stat3_Etch_MV_SourceRF2TuningCapacitor__active_std,G1_level,rf_power_matching_electrical,absolute_standardized_coefficient,0.0026791394103772223,1,149,False
8,ridge,Stat3_Etch_MV_SourceRF2TuningCapacitor__active_slope,G2_temporal_drift,rf_power_matching_electrical,absolute_standardized_coefficient,0.0026716573343084516,1,153,False
8,ridge,Stat3_Etch_MV_SourceRF2TuningCapacitor__early_late_delta,G2_temporal_drift,rf_power_matching_electrical,absolute_standardized_coefficient,0.002671947270853639,1,152,False
8,ridge,Stat3_Etch_MV_SourceRF2TuningCapacitor__short_phase_mean,G3_bosch_phase,rf_power_matching_electrical,absolute_standardized_coefficient,0.002629407184913045,-1,157,False
8,ridge,Stat3_Etch_MV_SourceRF2TuningCapacitor__phase_difference,G3_bosch_phase,rf_power_matching_electrical,absolute_standardized_coefficient,0.0026294071849130443,1,158,False
8,ridge,Stat3_Etch_MV_SourceRFLoadPower__active_mean,G1_level,rf_power_matching_electrical,absolute_standardized_coefficient,0.009385681666586383,1,35,False
8,ridge,Stat3_Etch_MV_SourceRFLoadPower__active_std,G1_level,rf_power_matching_electrical,absolute_standardized_coefficient,7.558554930667098e-05,-1,235,False
8,ridge,Stat3_Etch_MV_SourceRFLoadPower__active_range,G1_level,rf_power_matching_electrical,absolute_standardized_coefficient,0.008468288792386452,-1,42,False
8,ridge,Stat3_Etch_MV_SourceRFLoadPower__active_slope,G2_temporal_drift,rf_power_matching_electrical,absolute_standardized_coefficient,0.0017316795134485069,-1,185,False
8,ridge,Stat3_Etch_MV_SourceRFLoadPower__early_late_delta,G2_temporal_drift,rf_power_matching_electrical,absolute_standardized_coefficient,0.0011259941310678692,1,204,False
8,ridge,Stat3_Etch_MV_SourceRFLoadPower__long_phase_mean,G3_bosch_phase,rf_power_matching_electrical,absolute_standardized_coefficient,0.010952566054285602,1,26,False
8,ridge,Stat3_Etch_MV_SourceRFLoadPower__short_phase_mean,G3_bosch_phase,rf_power_matching_electrical,absolute_standardized_coefficient,0.0036679279508545553,1,120,False
8,ridge,Stat3_Etch_MV_SourceRFLoadPower__phase_difference,G3_bosch_phase,rf_power_matching_electrical,absolute_standardized_coefficient,0.0004824311407133862,-1,220,False
8,ridge,Stat3_Etch_MV_SourceRFLoadPower__cycle_mean_std,G4_cycle_behavior,rf_power_matching_electrical,absolute_standardized_coefficient,0.005197932437165289,1,87,False
8,ridge,Stat3_Etch_MV_SourceRFLoadPower__cycle_mean_slope,G4_cycle_behavior,rf_power_matching_electrical,absolute_standardized_coefficient,0.004213705261621685,-1,109,False
8,ridge,Stat3_Etch_MV_SourceRFPeakToPeak__active_mean,G1_level,rf_power_matching_electrical,absolute_standardized_coefficient,0.006589939725410184,1,66,False
8,ridge,Stat3_Etch_MV_SourceRFPeakToPeak__active_std,G1_level,rf_power_matching_electrical,absolute_standardized_coefficient,0.008472725231509834,1,41,False
8,ridge,Stat3_Etch_MV_SourceRFPeakToPeak__active_range,G1_level,rf_power_matching_electrical,absolute_standardized_coefficient,0.0033852507851816743,1,130,False
8,ridge,Stat3_Etch_MV_SourceRFPeakToPeak__active_slope,G2_temporal_drift,rf_power_matching_electrical,absolute_standardized_coefficient,0.008045615129193448,-1,44,False
8,ridge,Stat3_Etch_MV_SourceRFPeakToPeak__early_late_delta,G2_temporal_drift,rf_power_matching_electrical,absolute_standardized_coefficient,0.0039446102838677,-1,113,False
8,ridge,Stat3_Etch_MV_SourceRFPeakToPeak__long_phase_mean,G3_bosch_phase,rf_power_matching_electrical,absolute_standardized_coefficient,0.007004646801949126,1,60,False
8,ridge,Stat3_Etch_MV_SourceRFPeakToPeak__short_phase_mean,G3_bosch_phase,rf_power_matching_electrical,absolute_standardized_coefficient,0.0042167892857336315,1,108,False
8,ridge,Stat3_Etch_MV_SourceRFPeakToPeak__phase_difference,G3_bosch_phase,rf_power_matching_electrical,absolute_standardized_coefficient,0.007214557928290538,1,55,False
8,ridge,Stat3_Etch_MV_SourceRFPeakToPeak__cycle_mean_std,G4_cycle_behavior,rf_power_matching_electrical,absolute_standardized_coefficient,0.005235011460501984,1,83,False
8,ridge,Stat3_Etch_MV_SourceRFPeakToPeak__cycle_mean_slope,G4_cycle_behavior,rf_power_matching_electrical,absolute_standardized_coefficient,0.005469325153461227,-1,79,False
8,ridge,Stat3_Etch_MV_SourceRFReflectedPower__active_mean,G1_level,rf_power_matching_electrical,absolute_standardized_coefficient,0.01539955888474483,-1,5,True
8,ridge,Stat3_Etch_MV_SourceRFReflectedPower__active_std,G1_level,rf_power_matching_electrical,absolute_standardized_coefficient,0.0111965331225403,-1,23,False
8,ridge,Stat3_Etch_MV_SourceRFReflectedPower__active_range,G1_level,rf_power_matching_electrical,absolute_standardized_coefficient,0.018457130683391564,-1,2,True
8,ridge,Stat3_Etch_MV_SourceRFReflectedPower__active_slope,G2_temporal_drift,rf_power_matching_electrical,absolute_standardized_coefficient,0.0019433085787853958,1,182,False
8,ridge,Stat3_Etch_MV_SourceRFReflectedPower__early_late_delta,G2_temporal_drift,rf_power_matching_electrical,absolute_standardized_coefficient,0.002809864278736128,1,145,False
8,ridge,Stat3_Etch_MV_SourceRFReflectedPower__long_phase_mean,G3_bosch_phase,rf_power_matching_electrical,absolute_standardized_coefficient,0.011861627810453638,-1,16,True
8,ridge,Stat3_Etch_MV_SourceRFReflectedPower__short_phase_mean,G3_bosch_phase,rf_power_matching_electrical,absolute_standardized_coefficient,0.014584277125725176,-1,8,True
8,ridge,Stat3_Etch_MV_SourceRFReflectedPower__phase_difference,G3_bosch_phase,rf_power_matching_electrical,absolute_standardized_coefficient,0.01274421704597379,1,12,True
8,ridge,Stat3_Etch_MV_SourceRFReflectedPower__cycle_mean_std,G4_cycle_behavior,rf_power_matching_electrical,absolute_standardized_coefficient,0.006802109699507844,1,62,False
8,ridge,Stat3_Etch_MV_SourceRFReflectedPower__cycle_mean_slope,G4_cycle_behavior,rf_power_matching_electrical,absolute_standardized_coefficient,0.002557995139240876,-1,163,False
8,ridge,Stat3_Etch_MV_moriInnerCurrent__active_mean,G1_level,remaining_process_signals,absolute_standardized_coefficient,0.004142549036888772,-1,110,False
8,ridge,Stat3_Etch_MV_moriInnerCurrent__active_std,G1_level,remaining_process_signals,absolute_standardized_coefficient,0.0008398145882553285,1,212,False
8,ridge,Stat3_Etch_MV_moriInnerCurrent__active_range,G1_level,remaining_process_signals,absolute_standardized_coefficient,0.002254827494056787,1,173,False
8,ridge,Stat3_Etch_MV_moriInnerCurrent__active_slope,G2_temporal_drift,remaining_process_signals,absolute_standardized_coefficient,0.0034469331381468235,-1,128,False
8,ridge,Stat3_Etch_MV_moriInnerCurrent__early_late_delta,G2_temporal_drift,remaining_process_signals,absolute_standardized_coefficient,0.0007711849612792464,-1,215,False
8,ridge,Stat3_Etch_MV_moriInnerCurrent__long_phase_mean,G3_bosch_phase,remaining_process_signals,absolute_standardized_coefficient,0.0035569712462896618,-1,124,False
8,ridge,Stat3_Etch_MV_moriInnerCurrent__short_phase_mean,G3_bosch_phase,remaining_process_signals,absolute_standardized_coefficient,0.0036290889564958542,-1,123,False
8,ridge,Stat3_Etch_MV_moriInnerCurrent__phase_difference,G3_bosch_phase,remaining_process_signals,absolute_standardized_coefficient,0.001186706157318987,1,201,False
8,ridge,Stat3_Etch_MV_moriInnerCurrent__cycle_mean_std,G4_cycle_behavior,remaining_process_signals,absolute_standardized_coefficient,0.0074957360368416584,1,52,False
8,ridge,Stat3_Etch_MV_moriInnerCurrent__cycle_mean_slope,G4_cycle_behavior,remaining_process_signals,absolute_standardized_coefficient,0.004321739232560183,-1,104,False
9,pls,Stat3_Etch_MV_ForeLinePressure__active_mean,G1_level,pressure,VIP,0.33629181834644056,1,221,False
9,pls,Stat3_Etch_MV_ForeLinePressure__active_std,G1_level,pressure,VIP,1.2752706323651095,-1,40,False
9,pls,Stat3_Etch_MV_ForeLinePressure__active_range,G1_level,pressure,VIP,1.7022904377033763,-1,19,True
9,pls,Stat3_Etch_MV_ForeLinePressure__active_slope,G2_temporal_drift,pressure,VIP,0.4994830112611465,-1,185,False
9,pls,Stat3_Etch_MV_ForeLinePressure__early_late_delta,G2_temporal_drift,pressure,VIP,0.45558391050472397,-1,192,False
9,pls,Stat3_Etch_MV_ForeLinePressure__long_phase_mean,G3_bosch_phase,pressure,VIP,0.4444508944570647,-1,194,False
9,pls,Stat3_Etch_MV_ForeLinePressure__short_phase_mean,G3_bosch_phase,pressure,VIP,0.48932242059450104,1,187,False
9,pls,Stat3_Etch_MV_ForeLinePressure__phase_difference,G3_bosch_phase,pressure,VIP,0.6636855327346053,-1,157,False
9,pls,Stat3_Etch_MV_ForeLinePressure__cycle_mean_std,G4_cycle_behavior,pressure,VIP,0.8284978714931847,1,112,False
9,pls,Stat3_Etch_MV_ForeLinePressure__cycle_mean_slope,G4_cycle_behavior,pressure,VIP,0.5245274796302258,1,179,False
9,pls,Stat3_Etch_MV_Gas1Flow__active_mean,G1_level,gas_or_backside_flow,VIP,0.7083846871449005,-1,147,False
9,pls,Stat3_Etch_MV_Gas1Flow__active_std,G1_level,gas_or_backside_flow,VIP,0.9050955089026382,1,79,False
9,pls,Stat3_Etch_MV_Gas1Flow__active_range,G1_level,gas_or_backside_flow,VIP,0.40667539380614726,1,204,False
9,pls,Stat3_Etch_MV_Gas1Flow__active_slope,G2_temporal_drift,gas_or_backside_flow,VIP,0.8888960473613969,-1,90,False
9,pls,Stat3_Etch_MV_Gas1Flow__early_late_delta,G2_temporal_drift,gas_or_backside_flow,VIP,0.8894042358766823,-1,88,False
9,pls,Stat3_Etch_MV_Gas1Flow__long_phase_mean,G3_bosch_phase,gas_or_backside_flow,VIP,0.5722828390772359,-1,167,False
9,pls,Stat3_Etch_MV_Gas1Flow__short_phase_mean,G3_bosch_phase,gas_or_backside_flow,VIP,0.8487367082316996,1,106,False
9,pls,Stat3_Etch_MV_Gas1Flow__phase_difference,G3_bosch_phase,gas_or_backside_flow,VIP,0.8976359465671088,-1,86,False
9,pls,Stat3_Etch_MV_Gas1Flow__cycle_mean_std,G4_cycle_behavior,gas_or_backside_flow,VIP,0.3470706586313475,1,216,False
9,pls,Stat3_Etch_MV_Gas1Flow__cycle_mean_slope,G4_cycle_behavior,gas_or_backside_flow,VIP,0.4107588880356314,1,201,False
9,pls,Stat3_Etch_MV_Gas2Flow__active_mean,G1_level,gas_or_backside_flow,VIP,0.5156492435026458,1,182,False
9,pls,Stat3_Etch_MV_Gas2Flow__active_std,G1_level,gas_or_backside_flow,VIP,1.5050198594508066,1,31,False
9,pls,Stat3_Etch_MV_Gas2Flow__active_range,G1_level,gas_or_backside_flow,VIP,1.5010218110891673,1,33,False
9,pls,Stat3_Etch_MV_Gas2Flow__active_slope,G2_temporal_drift,gas_or_backside_flow,VIP,0.430294184515031,-1,198,False
9,pls,Stat3_Etch_MV_Gas2Flow__early_late_delta,G2_temporal_drift,gas_or_backside_flow,VIP,0.531172099634205,-1,178,False
9,pls,Stat3_Etch_MV_Gas2Flow__long_phase_mean,G3_bosch_phase,gas_or_backside_flow,VIP,0.5154770438258427,1,183,False
9,pls,Stat3_Etch_MV_Gas2Flow__short_phase_mean,G3_bosch_phase,gas_or_backside_flow,VIP,0.5158908008993275,1,181,False
9,pls,Stat3_Etch_MV_Gas2Flow__phase_difference,G3_bosch_phase,gas_or_backside_flow,VIP,0.14351077670686507,1,240,False
9,pls,Stat3_Etch_MV_Gas2Flow__cycle_mean_std,G4_cycle_behavior,gas_or_backside_flow,VIP,1.4486200975565555,1,35,False
9,pls,Stat3_Etch_MV_Gas2Flow__cycle_mean_slope,G4_cycle_behavior,gas_or_backside_flow,VIP,0.42855890110033634,-1,199,False
9,pls,Stat3_Etch_MV_Gas4Flow__active_mean,G1_level,gas_or_backside_flow,VIP,0.854895222654734,-1,104,False
9,pls,Stat3_Etch_MV_Gas4Flow__active_std,G1_level,gas_or_backside_flow,VIP,0.8872329272182633,-1,91,False
9,pls,Stat3_Etch_MV_Gas4Flow__active_slope,G2_temporal_drift,gas_or_backside_flow,VIP,0.7157202878328953,1,143,False
9,pls,Stat3_Etch_MV_Gas4Flow__early_late_delta,G2_temporal_drift,gas_or_backside_flow,VIP,0.5455430593008472,1,174,False
9,pls,Stat3_Etch_MV_Gas4Flow__long_phase_mean,G3_bosch_phase,gas_or_backside_flow,VIP,0.37638530322453245,1,213,False
9,pls,Stat3_Etch_MV_Gas4Flow__short_phase_mean,G3_bosch_phase,gas_or_backside_flow,VIP,0.3135480198023857,1,223,False
9,pls,Stat3_Etch_MV_Gas4Flow__phase_difference,G3_bosch_phase,gas_or_backside_flow,VIP,0.31180488067382806,-1,224,False
9,pls,Stat3_Etch_MV_Gas4Flow__cycle_mean_std,G4_cycle_behavior,gas_or_backside_flow,VIP,0.7934329441113303,1,122,False
9,pls,Stat3_Etch_MV_Gas4Flow__cycle_mean_slope,G4_cycle_behavior,gas_or_backside_flow,VIP,0.4623679342562239,-1,191,False
9,pls,Stat3_Etch_MV_Gas5Flow__active_mean,G1_level,gas_or_backside_flow,VIP,0.7918408915648348,1,125,False
9,pls,Stat3_Etch_MV_Gas5Flow__active_std,G1_level,gas_or_backside_flow,VIP,0.7942250275546047,-1,120,False
9,pls,Stat3_Etch_MV_Gas5Flow__active_slope,G2_temporal_drift,gas_or_backside_flow,VIP,0.6913523661776115,-1,152,False
9,pls,Stat3_Etch_MV_Gas5Flow__early_late_delta,G2_temporal_drift,gas_or_backside_flow,VIP,0.5120056437564652,-1,184,False
9,pls,Stat3_Etch_MV_Gas5Flow__long_phase_mean,G3_bosch_phase,gas_or_backside_flow,VIP,0.43879081786799484,-1,195,False
9,pls,Stat3_Etch_MV_Gas5Flow__short_phase_mean,G3_bosch_phase,gas_or_backside_flow,VIP,0.4338297563217519,1,196,False
9,pls,Stat3_Etch_MV_Gas5Flow__phase_difference,G3_bosch_phase,gas_or_backside_flow,VIP,0.5694670970828337,-1,168,False
9,pls,Stat3_Etch_MV_Gas5Flow__cycle_mean_std,G4_cycle_behavior,gas_or_backside_flow,VIP,0.7763363536446558,1,129,False
9,pls,Stat3_Etch_MV_Gas5Flow__cycle_mean_slope,G4_cycle_behavior,gas_or_backside_flow,VIP,0.48878039985749205,1,188,False
9,pls,Stat3_Etch_MV_Gas7Flow__active_mean,G1_level,gas_or_backside_flow,VIP,1.1372659891598054,-1,49,False
9,pls,Stat3_Etch_MV_Gas7Flow__active_std,G1_level,gas_or_backside_flow,VIP,0.9774671383352188,1,69,False
9,pls,Stat3_Etch_MV_Gas7Flow__active_range,G1_level,gas_or_backside_flow,VIP,0.8317070276486682,-1,110,False
9,pls,Stat3_Etch_MV_Gas7Flow__active_slope,G2_temporal_drift,gas_or_backside_flow,VIP,0.3968237444627535,1,208,False
9,pls,Stat3_Etch_MV_Gas7Flow__early_late_delta,G2_temporal_drift,gas_or_backside_flow,VIP,0.42126034078536573,1,200,False
9,pls,Stat3_Etch_MV_Gas7Flow__long_phase_mean,G3_bosch_phase,gas_or_backside_flow,VIP,1.1354694841354669,-1,50,False
9,pls,Stat3_Etch_MV_Gas7Flow__short_phase_mean,G3_bosch_phase,gas_or_backside_flow,VIP,1.141683315643826,-1,48,False
9,pls,Stat3_Etch_MV_Gas7Flow__phase_difference,G3_bosch_phase,gas_or_backside_flow,VIP,0.3684047317297666,-1,215,False
9,pls,Stat3_Etch_MV_Gas7Flow__cycle_mean_std,G4_cycle_behavior,gas_or_backside_flow,VIP,0.8753850643730635,-1,94,False
9,pls,Stat3_Etch_MV_Gas7Flow__cycle_mean_slope,G4_cycle_behavior,gas_or_backside_flow,VIP,0.3925463711658771,1,211,False
9,pls,Stat3_Etch_MV_Heater1Temp__active_mean,G1_level,heater_temperature,VIP,0.7455605796949802,-1,139,False
9,pls,Stat3_Etch_MV_Heater1Temp__active_std,G1_level,heater_temperature,VIP,0.7776991467069513,-1,127,False
9,pls,Stat3_Etch_MV_Heater1Temp__active_slope,G2_temporal_drift,heater_temperature,VIP,0.2943099784834463,-1,226,False
9,pls,Stat3_Etch_MV_Heater1Temp__early_late_delta,G2_temporal_drift,heater_temperature,VIP,0.37357161871105876,-1,214,False
9,pls,Stat3_Etch_MV_Heater1Temp__long_phase_mean,G3_bosch_phase,heater_temperature,VIP,0.7615473072500462,-1,133,False
9,pls,Stat3_Etch_MV_Heater1Temp__short_phase_mean,G3_bosch_phase,heater_temperature,VIP,0.49398268535228274,-1,186,False
9,pls,Stat3_Etch_MV_Heater1Temp__phase_difference,G3_bosch_phase,heater_temperature,VIP,0.21311574215787077,-1,238,False
9,pls,Stat3_Etch_MV_Heater1Temp__cycle_mean_std,G4_cycle_behavior,heater_temperature,VIP,0.33856348563146693,1,220,False
9,pls,Stat3_Etch_MV_Heater1Temp__cycle_mean_slope,G4_cycle_behavior,heater_temperature,VIP,0.27664174570846295,-1,229,False
9,pls,Stat3_Etch_MV_Heater2Temp__active_mean,G1_level,heater_temperature,VIP,0.5475638807183036,1,173,False
9,pls,Stat3_Etch_MV_Heater2Temp__active_std,G1_level,heater_temperature,VIP,1.5345265843650333,-1,28,False
9,pls,Stat3_Etch_MV_Heater2Temp__active_range,G1_level,heater_temperature,VIP,1.2195550841089726,-1,44,False
9,pls,Stat3_Etch_MV_Heater2Temp__active_slope,G2_temporal_drift,heater_temperature,VIP,1.1070580633773908,-1,55,False
9,pls,Stat3_Etch_MV_Heater2Temp__early_late_delta,G2_temporal_drift,heater_temperature,VIP,0.9459124130735314,-1,71,False
9,pls,Stat3_Etch_MV_Heater2Temp__long_phase_mean,G3_bosch_phase,heater_temperature,VIP,0.5484276068937249,1,172,False
9,pls,Stat3_Etch_MV_Heater2Temp__short_phase_mean,G3_bosch_phase,heater_temperature,VIP,0.5451367829600611,1,175,False
9,pls,Stat3_Etch_MV_Heater2Temp__phase_difference,G3_bosch_phase,heater_temperature,VIP,0.39960752093516,1,207,False
9,pls,Stat3_Etch_MV_Heater2Temp__cycle_mean_std,G4_cycle_behavior,heater_temperature,VIP,1.5448525088132152,-1,27,False
9,pls,Stat3_Etch_MV_Heater2Temp__cycle_mean_slope,G4_cycle_behavior,heater_temperature,VIP,1.1068057538953975,-1,56,False
9,pls,Stat3_Etch_MV_Heater3Temp__active_mean,G1_level,heater_temperature,VIP,0.8659455953140662,-1,97,False
9,pls,Stat3_Etch_MV_Heater3Temp__active_std,G1_level,heater_temperature,VIP,1.211511355748088,1,45,False
9,pls,Stat3_Etch_MV_Heater3Temp__active_range,G1_level,heater_temperature,VIP,1.0731526469287735,1,59,False
9,pls,Stat3_Etch_MV_Heater3Temp__active_slope,G2_temporal_drift,heater_temperature,VIP,0.4699463449009684,-1,189,False
9,pls,Stat3_Etch_MV_Heater3Temp__early_late_delta,G2_temporal_drift,heater_temperature,VIP,0.5439430737309453,1,176,False
9,pls,Stat3_Etch_MV_Heater3Temp__long_phase_mean,G3_bosch_phase,heater_temperature,VIP,0.8600378523005059,-1,101,False
9,pls,Stat3_Etch_MV_Heater3Temp__short_phase_mean,G3_bosch_phase,heater_temperature,VIP,0.8787270847058518,-1,92,False
9,pls,Stat3_Etch_MV_Heater3Temp__phase_difference,G3_bosch_phase,heater_temperature,VIP,0.12214789793637945,-1,241,False
9,pls,Stat3_Etch_MV_Heater3Temp__cycle_mean_std,G4_cycle_behavior,heater_temperature,VIP,1.2327156254945084,1,43,False
9,pls,Stat3_Etch_MV_Heater3Temp__cycle_mean_slope,G4_cycle_behavior,heater_temperature,VIP,0.4669382859068956,-1,190,False
9,pls,Stat3_Etch_MV_Heater4Temp__active_mean,G1_level,heater_temperature,VIP,0.3434589687424042,-1,218,False
9,pls,Stat3_Etch_MV_Heater4Temp__active_std,G1_level,heater_temperature,VIP,1.0021788764072825,1,67,False
9,pls,Stat3_Etch_MV_Heater4Temp__active_range,G1_level,heater_temperature,VIP,1.0593387434250514,1,61,False
9,pls,Stat3_Etch_MV_Heater4Temp__active_slope,G2_temporal_drift,heater_temperature,VIP,0.28460980053007795,1,227,False
9,pls,Stat3_Etch_MV_Heater4Temp__early_late_delta,G2_temporal_drift,heater_temperature,VIP,0.6891969995452515,1,153,False
9,pls,Stat3_Etch_MV_Heater4Temp__long_phase_mean,G3_bosch_phase,heater_temperature,VIP,0.3430498179086425,-1,219,False
9,pls,Stat3_Etch_MV_Heater4Temp__short_phase_mean,G3_bosch_phase,heater_temperature,VIP,0.34459738972629667,-1,217,False
9,pls,Stat3_Etch_MV_Heater4Temp__phase_difference,G3_bosch_phase,heater_temperature,VIP,0.3956915131587532,-1,209,False
9,pls,Stat3_Etch_MV_Heater4Temp__cycle_mean_std,G4_cycle_behavior,heater_temperature,VIP,0.8579993936854886,1,102,False
9,pls,Stat3_Etch_MV_Heater4Temp__cycle_mean_slope,G4_cycle_behavior,heater_temperature,VIP,0.3051702706358895,1,225,False
9,pls,Stat3_Etch_MV_HeliumBPFlow__active_mean,G1_level,gas_or_backside_flow,VIP,0.7025082827963397,1,149,False
9,pls,Stat3_Etch_MV_HeliumBPFlow__active_std,G1_level,gas_or_backside_flow,VIP,0.8225573920148564,-1,113,False
9,pls,Stat3_Etch_MV_HeliumBPFlow__active_range,G1_level,gas_or_backside_flow,VIP,0.8482189419621887,-1,107,False
9,pls,Stat3_Etch_MV_HeliumBPFlow__active_slope,G2_temporal_drift,gas_or_backside_flow,VIP,0.7093861082622516,1,145,False
9,pls,Stat3_Etch_MV_HeliumBPFlow__early_late_delta,G2_temporal_drift,gas_or_backside_flow,VIP,0.7446277725461351,1,140,False
9,pls,Stat3_Etch_MV_HeliumBPFlow__long_phase_mean,G3_bosch_phase,gas_or_backside_flow,VIP,0.703838302506819,1,148,False
9,pls,Stat3_Etch_MV_HeliumBPFlow__short_phase_mean,G3_bosch_phase,gas_or_backside_flow,VIP,0.6988402982816342,1,150,False
9,pls,Stat3_Etch_MV_HeliumBPFlow__phase_difference,G3_bosch_phase,gas_or_backside_flow,VIP,0.7910301664057064,-1,126,False
9,pls,Stat3_Etch_MV_HeliumBPFlow__cycle_mean_std,G4_cycle_behavior,gas_or_backside_flow,VIP,0.8123440456562993,-1,117,False
9,pls,Stat3_Etch_MV_HeliumBPFlow__cycle_mean_slope,G4_cycle_behavior,gas_or_backside_flow,VIP,0.7136367406752439,1,144,False
9,pls,Stat3_Etch_MV_HeliumBPPressure__active_mean,G1_level,pressure,VIP,1.023193355224577,-1,65,False
9,pls,Stat3_Etch_MV_HeliumBPPressure__active_std,G1_level,pressure,VIP,1.0473160102047143,1,62,False
9,pls,Stat3_Etch_MV_HeliumBPPressure__active_range,G1_level,pressure,VIP,0.2692219487889016,1,230,False
9,pls,Stat3_Etch_MV_HeliumBPPressure__active_slope,G2_temporal_drift,pressure,VIP,1.1348158454259307,1,51,False
9,pls,Stat3_Etch_MV_HeliumBPPressure__early_late_delta,G2_temporal_drift,pressure,VIP,1.109837446791527,1,54,False
9,pls,Stat3_Etch_MV_HeliumBPPressure__long_phase_mean,G3_bosch_phase,pressure,VIP,0.8949659103368639,-1,87,False
9,pls,Stat3_Etch_MV_HeliumBPPressure__short_phase_mean,G3_bosch_phase,pressure,VIP,1.032943355006192,-1,64,False
9,pls,Stat3_Etch_MV_HeliumBPPressure__phase_difference,G3_bosch_phase,pressure,VIP,0.8400228356341619,-1,108,False
9,pls,Stat3_Etch_MV_HeliumBPPressure__cycle_mean_std,G4_cycle_behavior,pressure,VIP,1.1535521803409425,1,47,False
9,pls,Stat3_Etch_MV_HeliumBPPressure__cycle_mean_slope,G4_cycle_behavior,pressure,VIP,1.130105209209299,1,52,False
9,pls,Stat3_Etch_MV_PlatenDcBias__active_mean,G1_level,rf_power_matching_electrical,VIP,0.4310610322730085,1,197,False
9,pls,Stat3_Etch_MV_PlatenDcBias__active_std,G1_level,rf_power_matching_electrical,VIP,1.63344819248771,1,23,False
9,pls,Stat3_Etch_MV_PlatenDcBias__active_range,G1_level,rf_power_matching_electrical,VIP,1.5875957595969443,1,25,False
9,pls,Stat3_Etch_MV_PlatenDcBias__active_slope,G2_temporal_drift,rf_power_matching_electrical,VIP,1.6718400100657715,1,21,False
9,pls,Stat3_Etch_MV_PlatenDcBias__early_late_delta,G2_temporal_drift,rf_power_matching_electrical,VIP,1.3380738511236854,1,36,False
9,pls,Stat3_Etch_MV_PlatenDcBias__long_phase_mean,G3_bosch_phase,rf_power_matching_electrical,VIP,0.4064901230711061,1,205,False
9,pls,Stat3_Etch_MV_PlatenDcBias__short_phase_mean,G3_bosch_phase,rf_power_matching_electrical,VIP,0.9089452523029313,1,78,False
9,pls,Stat3_Etch_MV_PlatenDcBias__phase_difference,G3_bosch_phase,rf_power_matching_electrical,VIP,1.0162965475274863,-1,66,False
9,pls,Stat3_Etch_MV_PlatenDcBias__cycle_mean_std,G4_cycle_behavior,rf_power_matching_electrical,VIP,0.6174367483924177,-1,161,False
9,pls,Stat3_Etch_MV_PlatenDcBias__cycle_mean_slope,G4_cycle_behavior,rf_power_matching_electrical,VIP,1.6588833920662756,1,22,False
9,pls,Stat3_Etch_MV_PlatenRFLoadCapacitor__active_mean,G1_level,rf_power_matching_electrical,VIP,0.6209248521901792,1,160,False
9,pls,Stat3_Etch_MV_PlatenRFLoadCapacitor__active_std,G1_level,rf_power_matching_electrical,VIP,1.0372741852751242,-1,63,False
9,pls,Stat3_Etch_MV_PlatenRFLoadCapacitor__active_range,G1_level,rf_power_matching_electrical,VIP,0.5541493274295626,1,170,False
9,pls,Stat3_Etch_MV_PlatenRFLoadCapacitor__active_slope,G2_temporal_drift,rf_power_matching_electrical,VIP,1.068209368944305,-1,60,False
9,pls,Stat3_Etch_MV_PlatenRFLoadCapacitor__early_late_delta,G2_temporal_drift,rf_power_matching_electrical,VIP,0.7719697154406236,-1,131,False
9,pls,Stat3_Etch_MV_PlatenRFLoadCapacitor__long_phase_mean,G3_bosch_phase,rf_power_matching_electrical,VIP,0.6776011313735495,-1,155,False
9,pls,Stat3_Etch_MV_PlatenRFLoadCapacitor__short_phase_mean,G3_bosch_phase,rf_power_matching_electrical,VIP,0.5490244346488409,1,171,False
9,pls,Stat3_Etch_MV_PlatenRFLoadCapacitor__phase_difference,G3_bosch_phase,rf_power_matching_electrical,VIP,0.7401467763867375,-1,141,False
9,pls,Stat3_Etch_MV_PlatenRFLoadCapacitor__cycle_mean_std,G4_cycle_behavior,rf_power_matching_electrical,VIP,0.7732882184116722,1,130,False
9,pls,Stat3_Etch_MV_PlatenRFLoadCapacitor__cycle_mean_slope,G4_cycle_behavior,rf_power_matching_electrical,VIP,0.8758660259954961,1,93,False
9,pls,Stat3_Etch_MV_PlatenRFLoadPower__active_mean,G1_level,rf_power_matching_electrical,VIP,0.6101154889020862,-1,163,False
9,pls,Stat3_Etch_MV_PlatenRFLoadPower__active_std,G1_level,rf_power_matching_electrical,VIP,0.8203702818756409,1,114,False
9,pls,Stat3_Etch_MV_PlatenRFLoadPower__active_range,G1_level,rf_power_matching_electrical,VIP,1.8300722657887216,1,16,True
9,pls,Stat3_Etch_MV_PlatenRFLoadPower__active_slope,G2_temporal_drift,rf_power_matching_electrical,VIP,0.9422214794889133,1,72,False
9,pls,Stat3_Etch_MV_PlatenRFLoadPower__early_late_delta,G2_temporal_drift,rf_power_matching_electrical,VIP,0.5561600526383813,1,169,False
9,pls,Stat3_Etch_MV_PlatenRFLoadPower__long_phase_mean,G3_bosch_phase,rf_power_matching_electrical,VIP,0.6527430071365894,-1,159,False
9,pls,Stat3_Etch_MV_PlatenRFLoadPower__short_phase_mean,G3_bosch_phase,rf_power_matching_electrical,VIP,0.9136843379674315,-1,76,False
9,pls,Stat3_Etch_MV_PlatenRFLoadPower__phase_difference,G3_bosch_phase,rf_power_matching_electrical,VIP,0.9168949739985783,1,75,False
9,pls,Stat3_Etch_MV_PlatenRFLoadPower__cycle_mean_std,G4_cycle_behavior,rf_power_matching_electrical,VIP,0.7596354626436197,1,134,False
9,pls,Stat3_Etch_MV_PlatenRFLoadPower__cycle_mean_slope,G4_cycle_behavior,rf_power_matching_electrical,VIP,0.6938609135214249,1,151,False
9,pls,Stat3_Etch_MV_PlatenRFPeakToPeak__active_mean,G1_level,rf_power_matching_electrical,VIP,2.2009790967496135,-1,6,True
9,pls,Stat3_Etch_MV_PlatenRFPeakToPeak__active_std,G1_level,rf_power_matching_electrical,VIP,0.3955531428975668,-1,210,False
9,pls,Stat3_Etch_MV_PlatenRFPeakToPeak__active_range,G1_level,rf_power_matching_electrical,VIP,2.418846578030188,-1,3,True
9,pls,Stat3_Etch_MV_PlatenRFPeakToPeak__active_slope,G2_temporal_drift,rf_power_matching_electrical,VIP,1.3163339935111877,1,38,False
9,pls,Stat3_Etch_MV_PlatenRFPeakToPeak__early_late_delta,G2_temporal_drift,rf_power_matching_electrical,VIP,0.7953894168307112,-1,119,False
9,pls,Stat3_Etch_MV_PlatenRFPeakToPeak__long_phase_mean,G3_bosch_phase,rf_power_matching_electrical,VIP,1.94366343395398,-1,14,True
9,pls,Stat3_Etch_MV_PlatenRFPeakToPeak__short_phase_mean,G3_bosch_phase,rf_power_matching_electrical,VIP,2.0021568341786007,-1,11,True
9,pls,Stat3_Etch_MV_PlatenRFPeakToPeak__phase_difference,G3_bosch_phase,rf_power_matching_electrical,VIP,1.2748481601317176,1,41,False
9,pls,Stat3_Etch_MV_PlatenRFPeakToPeak__cycle_mean_std,G4_cycle_behavior,rf_power_matching_electrical,VIP,0.7647226825058517,-1,132,False
9,pls,Stat3_Etch_MV_PlatenRFPeakToPeak__cycle_mean_slope,G4_cycle_behavior,rf_power_matching_electrical,VIP,1.093990488941178,1,57,False
9,pls,Stat3_Etch_MV_PlatenRFReflectedPower__active_mean,G1_level,rf_power_matching_electrical,VIP,0.5835734395910253,1,166,False
9,pls,Stat3_Etch_MV_PlatenRFReflectedPower__active_std,G1_level,rf_power_matching_electrical,VIP,1.111494204898648,1,53,False
9,pls,Stat3_Etch_MV_PlatenRFReflectedPower__active_range,G1_level,rf_power_matching_electrical,VIP,2.074330353761702,1,8,True
9,pls,Stat3_Etch_MV_PlatenRFReflectedPower__active_slope,G2_temporal_drift,rf_power_matching_electrical,VIP,0.9488223364341762,1,70,False
9,pls,Stat3_Etch_MV_PlatenRFReflectedPower__early_late_delta,G2_temporal_drift,rf_power_matching_electrical,VIP,0.8526935796887972,1,105,False
9,pls,Stat3_Etch_MV_PlatenRFReflectedPower__long_phase_mean,G3_bosch_phase,rf_power_matching_electrical,VIP,2.067921305019478,-1,9,True
9,pls,Stat3_Etch_MV_PlatenRFReflectedPower__short_phase_mean,G3_bosch_phase,rf_power_matching_electrical,VIP,1.686192468701386,1,20,True
9,pls,Stat3_Etch_MV_PlatenRFReflectedPower__phase_difference,G3_bosch_phase,rf_power_matching_electrical,VIP,1.9528580522244239,-1,13,True
9,pls,Stat3_Etch_MV_PlatenRFReflectedPower__cycle_mean_std,G4_cycle_behavior,rf_power_matching_electrical,VIP,0.830601430441552,-1,111,False
9,pls,Stat3_Etch_MV_PlatenRFReflectedPower__cycle_mean_slope,G4_cycle_behavior,rf_power_matching_electrical,VIP,0.6687843918066376,1,156,False
9,pls,Stat3_Etch_MV_PlatenRFTuningCapacitor__active_mean,G1_level,rf_power_matching_electrical,VIP,2.4557996404407536,-1,2,True
9,pls,Stat3_Etch_MV_PlatenRFTuningCapacitor__active_std,G1_level,rf_power_matching_electrical,VIP,1.784217103975174,1,18,True
9,pls,Stat3_Etch_MV_PlatenRFTuningCapacitor__active_range,G1_level,rf_power_matching_electrical,VIP,1.4976872327923547,1,34,False
9,pls,Stat3_Etch_MV_PlatenRFTuningCapacitor__active_slope,G2_temporal_drift,rf_power_matching_electrical,VIP,0.9204698554238889,1,74,False
9,pls,Stat3_Etch_MV_PlatenRFTuningCapacitor__early_late_delta,G2_temporal_drift,rf_power_matching_electrical,VIP,0.8890489830101473,1,89,False
9,pls,Stat3_Etch_MV_PlatenRFTuningCapacitor__long_phase_mean,G3_bosch_phase,rf_power_matching_electrical,VIP,2.545405419250731,-1,1,True
9,pls,Stat3_Etch_MV_PlatenRFTuningCapacitor__short_phase_mean,G3_bosch_phase,rf_power_matching_electrical,VIP,1.3167452900157803,-1,37,False
9,pls,Stat3_Etch_MV_PlatenRFTuningCapacitor__phase_difference,G3_bosch_phase,rf_power_matching_electrical,VIP,2.2445577878721075,-1,4,True
9,pls,Stat3_Etch_MV_PlatenRFTuningCapacitor__cycle_mean_std,G4_cycle_behavior,rf_power_matching_electrical,VIP,0.7772358869805812,1,128,False
9,pls,Stat3_Etch_MV_PlatenRFTuningCapacitor__cycle_mean_slope,G4_cycle_behavior,rf_power_matching_electrical,VIP,0.9111269229198656,1,77,False
9,pls,Stat3_Etch_MV_Pressure__active_mean,G1_level,pressure,VIP,0.40877945915165353,1,203,False
9,pls,Stat3_Etch_MV_Pressure__active_std,G1_level,pressure,VIP,1.861407716528184,-1,15,True
9,pls,Stat3_Etch_MV_Pressure__active_range,G1_level,pressure,VIP,0.8559485835693972,-1,103,False
9,pls,Stat3_Etch_MV_Pressure__active_slope,G2_temporal_drift,pressure,VIP,0.9415510501033689,1,73,False
9,pls,Stat3_Etch_MV_Pressure__early_late_delta,G2_temporal_drift,pressure,VIP,0.5884974196646034,1,165,False
9,pls,Stat3_Etch_MV_Pressure__long_phase_mean,G3_bosch_phase,pressure,VIP,0.2814543933496771,-1,228,False
9,pls,Stat3_Etch_MV_Pressure__short_phase_mean,G3_bosch_phase,pressure,VIP,0.21981261620651388,1,237,False
9,pls,Stat3_Etch_MV_Pressure__phase_difference,G3_bosch_phase,pressure,VIP,0.1802150607106029,-1,239,False
9,pls,Stat3_Etch_MV_Pressure__cycle_mean_std,G4_cycle_behavior,pressure,VIP,0.6615465360583326,1,158,False
9,pls,Stat3_Etch_MV_Pressure__cycle_mean_slope,G4_cycle_behavior,pressure,VIP,0.5412681826811503,1,177,False
9,pls,Stat3_Etch_MV_SourceRF2PeakToPeak__active_mean,G1_level,rf_power_matching_electrical,VIP,0.25062867279497936,1,232,False
9,pls,Stat3_Etch_MV_SourceRF2PeakToPeak__active_std,G1_level,rf_power_matching_electrical,VIP,0.2531164385199621,1,231,False
9,pls,Stat3_Etch_MV_SourceRF2PeakToPeak__active_slope,G2_temporal_drift,rf_power_matching_electrical,VIP,0.4011826341320709,-1,206,False
9,pls,Stat3_Etch_MV_SourceRF2PeakToPeak__early_late_delta,G2_temporal_drift,rf_power_matching_electrical,VIP,0.5210629575543199,-1,180,False
9,pls,Stat3_Etch_MV_SourceRF2PeakToPeak__long_phase_mean,G3_bosch_phase,rf_power_matching_electrical,VIP,0.25024228741586685,1,233,False
9,pls,Stat3_Etch_MV_SourceRF2PeakToPeak__phase_difference,G3_bosch_phase,rf_power_matching_electrical,VIP,0.25024228741586685,1,234,False
9,pls,Stat3_Etch_MV_SourceRF2PeakToPeak__cycle_mean_std,G4_cycle_behavior,rf_power_matching_electrical,VIP,0.245085894285633,1,235,False
9,pls,Stat3_Etch_MV_SourceRF2PeakToPeak__cycle_mean_slope,G4_cycle_behavior,rf_power_matching_electrical,VIP,0.4089341418451594,-1,202,False
9,pls,Stat3_Etch_MV_SourceRF2TuningCapacitor__active_mean,G1_level,rf_power_matching_electrical,VIP,0.9000185898872664,-1,83,False
9,pls,Stat3_Etch_MV_SourceRF2TuningCapacitor__active_std,G1_level,rf_power_matching_electrical,VIP,0.9037779529470596,1,80,False
9,pls,Stat3_Etch_MV_SourceRF2TuningCapacitor__active_slope,G2_temporal_drift,rf_power_matching_electrical,VIP,0.9000357341352766,1,82,False
9,pls,Stat3_Etch_MV_SourceRF2TuningCapacitor__early_late_delta,G2_temporal_drift,rf_power_matching_electrical,VIP,0.9001718764888934,1,81,False
9,pls,Stat3_Etch_MV_SourceRF2TuningCapacitor__short_phase_mean,G3_bosch_phase,rf_power_matching_electrical,VIP,0.8988330877750197,-1,84,False
9,pls,Stat3_Etch_MV_SourceRF2TuningCapacitor__phase_difference,G3_bosch_phase,rf_power_matching_electrical,VIP,0.8988330877750197,1,85,False
9,pls,Stat3_Etch_MV_SourceRFLoadPower__active_mean,G1_level,rf_power_matching_electrical,VIP,1.5193188565264055,1,29,False
9,pls,Stat3_Etch_MV_SourceRFLoadPower__active_std,G1_level,rf_power_matching_electrical,VIP,0.8648217670482502,-1,100,False
9,pls,Stat3_Etch_MV_SourceRFLoadPower__active_range,G1_level,rf_power_matching_electrical,VIP,0.6824551090435139,-1,154,False
9,pls,Stat3_Etch_MV_SourceRFLoadPower__active_slope,G2_temporal_drift,rf_power_matching_electrical,VIP,0.7465854811911804,-1,138,False
9,pls,Stat3_Etch_MV_SourceRFLoadPower__early_late_delta,G2_temporal_drift,rf_power_matching_electrical,VIP,0.8069451918183697,1,118,False
9,pls,Stat3_Etch_MV_SourceRFLoadPower__long_phase_mean,G3_bosch_phase,rf_power_matching_electrical,VIP,2.106647134040315,1,7,True
9,pls,Stat3_Etch_MV_SourceRFLoadPower__short_phase_mean,G3_bosch_phase,rf_power_matching_electrical,VIP,0.750550926367189,1,137,False
9,pls,Stat3_Etch_MV_SourceRFLoadPower__phase_difference,G3_bosch_phase,rf_power_matching_electrical,VIP,0.8372807971978486,1,109,False
9,pls,Stat3_Etch_MV_SourceRFLoadPower__cycle_mean_std,G4_cycle_behavior,rf_power_matching_electrical,VIP,0.39149582701566815,1,212,False
9,pls,Stat3_Etch_MV_SourceRFLoadPower__cycle_mean_slope,G4_cycle_behavior,rf_power_matching_electrical,VIP,0.709100689826129,-1,146,False
9,pls,Stat3_Etch_MV_SourceRFPeakToPeak__active_mean,G1_level,rf_power_matching_electrical,VIP,0.6138154751953769,1,162,False
9,pls,Stat3_Etch_MV_SourceRFPeakToPeak__active_std,G1_level,rf_power_matching_electrical,VIP,0.7539983463556633,1,136,False
9,pls,Stat3_Etch_MV_SourceRFPeakToPeak__active_range,G1_level,rf_power_matching_electrical,VIP,0.8196205101058736,-1,115,False
9,pls,Stat3_Etch_MV_SourceRFPeakToPeak__active_slope,G2_temporal_drift,rf_power_matching_electrical,VIP,1.076187641146596,-1,58,False
9,pls,Stat3_Etch_MV_SourceRFPeakToPeak__early_late_delta,G2_temporal_drift,rf_power_matching_electrical,VIP,0.8652515956104057,-1,98,False
9,pls,Stat3_Etch_MV_SourceRFPeakToPeak__long_phase_mean,G3_bosch_phase,rf_power_matching_electrical,VIP,0.6094262251145598,1,164,False
9,pls,Stat3_Etch_MV_SourceRFPeakToPeak__short_phase_mean,G3_bosch_phase,rf_power_matching_electrical,VIP,0.7193048829230265,1,142,False
9,pls,Stat3_Etch_MV_SourceRFPeakToPeak__phase_difference,G3_bosch_phase,rf_power_matching_electrical,VIP,0.7591977606200273,1,135,False
9,pls,Stat3_Etch_MV_SourceRFPeakToPeak__cycle_mean_std,G4_cycle_behavior,rf_power_matching_electrical,VIP,0.447080421814546,1,193,False
9,pls,Stat3_Etch_MV_SourceRFPeakToPeak__cycle_mean_slope,G4_cycle_behavior,rf_power_matching_electrical,VIP,0.8667019212068598,-1,96,False
9,pls,Stat3_Etch_MV_SourceRFReflectedPower__active_mean,G1_level,rf_power_matching_electrical,VIP,2.016674243748925,-1,10,True
9,pls,Stat3_Etch_MV_SourceRFReflectedPower__active_std,G1_level,rf_power_matching_electrical,VIP,1.622400761152482,-1,24,False
9,pls,Stat3_Etch_MV_SourceRFReflectedPower__active_range,G1_level,rf_power_matching_electrical,VIP,2.235186144924261,-1,5,True
9,pls,Stat3_Etch_MV_SourceRFReflectedPower__active_slope,G2_temporal_drift,rf_power_matching_electrical,VIP,1.2611527913592697,1,42,False
9,pls,Stat3_Etch_MV_SourceRFReflectedPower__early_late_delta,G2_temporal_drift,rf_power_matching_electrical,VIP,0.8690790131210716,1,95,False
9,pls,Stat3_Etch_MV_SourceRFReflectedPower__long_phase_mean,G3_bosch_phase,rf_power_matching_electrical,VIP,1.58691938828176,-1,26,False
9,pls,Stat3_Etch_MV_SourceRFReflectedPower__short_phase_mean,G3_bosch_phase,rf_power_matching_electrical,VIP,1.972728134548619,-1,12,True
9,pls,Stat3_Etch_MV_SourceRFReflectedPower__phase_difference,G3_bosch_phase,rf_power_matching_electrical,VIP,1.800351091027712,1,17,True
9,pls,Stat3_Etch_MV_SourceRFReflectedPower__cycle_mean_std,G4_cycle_behavior,rf_power_matching_electrical,VIP,0.8651117820212303,1,99,False
9,pls,Stat3_Etch_MV_SourceRFReflectedPower__cycle_mean_slope,G4_cycle_behavior,rf_power_matching_electrical,VIP,1.1798522721819993,-1,46,False
9,pls,Stat3_Etch_MV_moriInnerCurrent__active_mean,G1_level,remaining_process_signals,VIP,1.512404860381573,1,30,False
9,pls,Stat3_Etch_MV_moriInnerCurrent__active_std,G1_level,remaining_process_signals,VIP,0.7925627888604371,1,123,False
9,pls,Stat3_Etch_MV_moriInnerCurrent__active_range,G1_level,remaining_process_signals,VIP,0.3292840794485408,1,222,False
9,pls,Stat3_Etch_MV_moriInnerCurrent__active_slope,G2_temporal_drift,remaining_process_signals,VIP,0.794077920208475,-1,121,False
9,pls,Stat3_Etch_MV_moriInnerCurrent__early_late_delta,G2_temporal_drift,remaining_process_signals,VIP,0.7920874701233185,-1,124,False
9,pls,Stat3_Etch_MV_moriInnerCurrent__long_phase_mean,G3_bosch_phase,remaining_process_signals,VIP,1.503026603992751,1,32,False
9,pls,Stat3_Etch_MV_moriInnerCurrent__short_phase_mean,G3_bosch_phase,remaining_process_signals,VIP,0.992569414137816,1,68,False
9,pls,Stat3_Etch_MV_moriInnerCurrent__phase_difference,G3_bosch_phase,remaining_process_signals,VIP,0.23238544788025028,-1,236,False
9,pls,Stat3_Etch_MV_moriInnerCurrent__cycle_mean_std,G4_cycle_behavior,remaining_process_signals,VIP,1.309604466133799,-1,39,False
9,pls,Stat3_Etch_MV_moriInnerCurrent__cycle_mean_slope,G4_cycle_behavior,remaining_process_signals,VIP,0.81408831948842,-1,116,False
9,ridge,Stat3_Etch_MV_ForeLinePressure__active_mean,G1_level,pressure,absolute_standardized_coefficient,0.004207386046043945,1,143,False
9,ridge,Stat3_Etch_MV_ForeLinePressure__active_std,G1_level,pressure,absolute_standardized_coefficient,0.018027230565313843,-1,21,False
9,ridge,Stat3_Etch_MV_ForeLinePressure__active_range,G1_level,pressure,absolute_standardized_coefficient,0.01522946082968664,-1,31,False
9,ridge,Stat3_Etch_MV_ForeLinePressure__active_slope,G2_temporal_drift,pressure,absolute_standardized_coefficient,0.0020555817751689897,-1,182,False
9,ridge,Stat3_Etch_MV_ForeLinePressure__early_late_delta,G2_temporal_drift,pressure,absolute_standardized_coefficient,0.0023964270790660085,-1,171,False
9,ridge,Stat3_Etch_MV_ForeLinePressure__long_phase_mean,G3_bosch_phase,pressure,absolute_standardized_coefficient,0.0008859803059440251,1,216,False
9,ridge,Stat3_Etch_MV_ForeLinePressure__short_phase_mean,G3_bosch_phase,pressure,absolute_standardized_coefficient,0.008160267619803699,1,81,False
9,ridge,Stat3_Etch_MV_ForeLinePressure__phase_difference,G3_bosch_phase,pressure,absolute_standardized_coefficient,0.00897478247718433,-1,71,False
9,ridge,Stat3_Etch_MV_ForeLinePressure__cycle_mean_std,G4_cycle_behavior,pressure,absolute_standardized_coefficient,0.01459715237191736,1,34,False
9,ridge,Stat3_Etch_MV_ForeLinePressure__cycle_mean_slope,G4_cycle_behavior,pressure,absolute_standardized_coefficient,0.004465894591144687,1,138,False
9,ridge,Stat3_Etch_MV_Gas1Flow__active_mean,G1_level,gas_or_backside_flow,absolute_standardized_coefficient,0.0012813114490774448,-1,204,False
9,ridge,Stat3_Etch_MV_Gas1Flow__active_std,G1_level,gas_or_backside_flow,absolute_standardized_coefficient,0.0008295746449524077,1,217,False
9,ridge,Stat3_Etch_MV_Gas1Flow__active_range,G1_level,gas_or_backside_flow,absolute_standardized_coefficient,0.0006499661634370222,-1,230,False
9,ridge,Stat3_Etch_MV_Gas1Flow__active_slope,G2_temporal_drift,gas_or_backside_flow,absolute_standardized_coefficient,0.00019167773392594922,1,237,False
9,ridge,Stat3_Etch_MV_Gas1Flow__early_late_delta,G2_temporal_drift,gas_or_backside_flow,absolute_standardized_coefficient,0.0011946700710874078,1,208,False
9,ridge,Stat3_Etch_MV_Gas1Flow__long_phase_mean,G3_bosch_phase,gas_or_backside_flow,absolute_standardized_coefficient,0.0033169470562058297,-1,159,False
9,ridge,Stat3_Etch_MV_Gas1Flow__short_phase_mean,G3_bosch_phase,gas_or_backside_flow,absolute_standardized_coefficient,3.147925544568723e-05,-1,240,False
9,ridge,Stat3_Etch_MV_Gas1Flow__phase_difference,G3_bosch_phase,gas_or_backside_flow,absolute_standardized_coefficient,0.0006539712812359425,-1,227,False
9,ridge,Stat3_Etch_MV_Gas1Flow__cycle_mean_std,G4_cycle_behavior,gas_or_backside_flow,absolute_standardized_coefficient,0.005716072560587517,1,113,False
9,ridge,Stat3_Etch_MV_Gas1Flow__cycle_mean_slope,G4_cycle_behavior,gas_or_backside_flow,absolute_standardized_coefficient,0.00827154831912279,1,80,False
9,ridge,Stat3_Etch_MV_Gas2Flow__active_mean,G1_level,gas_or_backside_flow,absolute_standardized_coefficient,0.007669187463573186,1,86,False
9,ridge,Stat3_Etch_MV_Gas2Flow__active_std,G1_level,gas_or_backside_flow,absolute_standardized_coefficient,0.005822477110067233,1,111,False
9,ridge,Stat3_Etch_MV_Gas2Flow__active_range,G1_level,gas_or_backside_flow,absolute_standardized_coefficient,0.003387952365117512,1,157,False
9,ridge,Stat3_Etch_MV_Gas2Flow__active_slope,G2_temporal_drift,gas_or_backside_flow,absolute_standardized_coefficient,0.006084849951603783,1,105,False
9,ridge,Stat3_Etch_MV_Gas2Flow__early_late_delta,G2_temporal_drift,gas_or_backside_flow,absolute_standardized_coefficient,0.0008916220677920722,1,215,False
9,ridge,Stat3_Etch_MV_Gas2Flow__long_phase_mean,G3_bosch_phase,gas_or_backside_flow,absolute_standardized_coefficient,0.007763752786658898,1,85,False
9,ridge,Stat3_Etch_MV_Gas2Flow__short_phase_mean,G3_bosch_phase,gas_or_backside_flow,absolute_standardized_coefficient,0.007410168935572589,1,94,False
9,ridge,Stat3_Etch_MV_Gas2Flow__phase_difference,G3_bosch_phase,gas_or_backside_flow,absolute_standardized_coefficient,0.007664032947141156,1,87,False
9,ridge,Stat3_Etch_MV_Gas2Flow__cycle_mean_std,G4_cycle_behavior,gas_or_backside_flow,absolute_standardized_coefficient,0.013255590764280406,1,39,False
9,ridge,Stat3_Etch_MV_Gas2Flow__cycle_mean_slope,G4_cycle_behavior,gas_or_backside_flow,absolute_standardized_coefficient,0.006549215822561244,1,101,False
9,ridge,Stat3_Etch_MV_Gas4Flow__active_mean,G1_level,gas_or_backside_flow,absolute_standardized_coefficient,0.009510362581831376,-1,66,False
9,ridge,Stat3_Etch_MV_Gas4Flow__active_std,G1_level,gas_or_backside_flow,absolute_standardized_coefficient,0.0037266316315113244,-1,151,False
9,ridge,Stat3_Etch_MV_Gas4Flow__active_slope,G2_temporal_drift,gas_or_backside_flow,absolute_standardized_coefficient,0.0018475014338113593,-1,185,False
9,ridge,Stat3_Etch_MV_Gas4Flow__early_late_delta,G2_temporal_drift,gas_or_backside_flow,absolute_standardized_coefficient,0.007810175812649518,1,84,False
9,ridge,Stat3_Etch_MV_Gas4Flow__long_phase_mean,G3_bosch_phase,gas_or_backside_flow,absolute_standardized_coefficient,0.001633031293523221,1,193,False
9,ridge,Stat3_Etch_MV_Gas4Flow__short_phase_mean,G3_bosch_phase,gas_or_backside_flow,absolute_standardized_coefficient,0.0013891492656074352,1,201,False
9,ridge,Stat3_Etch_MV_Gas4Flow__phase_difference,G3_bosch_phase,gas_or_backside_flow,absolute_standardized_coefficient,0.0013082866765064339,-1,203,False
9,ridge,Stat3_Etch_MV_Gas4Flow__cycle_mean_std,G4_cycle_behavior,gas_or_backside_flow,absolute_standardized_coefficient,0.012684809157349142,1,41,False
9,ridge,Stat3_Etch_MV_Gas4Flow__cycle_mean_slope,G4_cycle_behavior,gas_or_backside_flow,absolute_standardized_coefficient,0.0075370434610052585,-1,92,False
9,ridge,Stat3_Etch_MV_Gas5Flow__active_mean,G1_level,gas_or_backside_flow,absolute_standardized_coefficient,0.013884130661149083,1,35,False
9,ridge,Stat3_Etch_MV_Gas5Flow__active_std,G1_level,gas_or_backside_flow,absolute_standardized_coefficient,0.01225595038864662,-1,45,False
9,ridge,Stat3_Etch_MV_Gas5Flow__active_slope,G2_temporal_drift,gas_or_backside_flow,absolute_standardized_coefficient,0.0014162765685336138,1,199,False
9,ridge,Stat3_Etch_MV_Gas5Flow__early_late_delta,G2_temporal_drift,gas_or_backside_flow,absolute_standardized_coefficient,0.009204352308473484,-1,68,False
9,ridge,Stat3_Etch_MV_Gas5Flow__long_phase_mean,G3_bosch_phase,gas_or_backside_flow,absolute_standardized_coefficient,0.0023676887464550815,1,172,False
9,ridge,Stat3_Etch_MV_Gas5Flow__short_phase_mean,G3_bosch_phase,gas_or_backside_flow,absolute_standardized_coefficient,0.0036873670077322905,-1,152,False
9,ridge,Stat3_Etch_MV_Gas5Flow__phase_difference,G3_bosch_phase,gas_or_backside_flow,absolute_standardized_coefficient,0.013627324477986057,1,36,False
9,ridge,Stat3_Etch_MV_Gas5Flow__cycle_mean_std,G4_cycle_behavior,gas_or_backside_flow,absolute_standardized_coefficient,0.00947578670685148,1,67,False
9,ridge,Stat3_Etch_MV_Gas5Flow__cycle_mean_slope,G4_cycle_behavior,gas_or_backside_flow,absolute_standardized_coefficient,0.007327893092637586,1,95,False
9,ridge,Stat3_Etch_MV_Gas7Flow__active_mean,G1_level,gas_or_backside_flow,absolute_standardized_coefficient,0.0013868905333544578,1,202,False
9,ridge,Stat3_Etch_MV_Gas7Flow__active_std,G1_level,gas_or_backside_flow,absolute_standardized_coefficient,0.00017371272957312969,1,238,False
9,ridge,Stat3_Etch_MV_Gas7Flow__active_range,G1_level,gas_or_backside_flow,absolute_standardized_coefficient,0.004162759567852514,-1,144,False
9,ridge,Stat3_Etch_MV_Gas7Flow__active_slope,G2_temporal_drift,gas_or_backside_flow,absolute_standardized_coefficient,0.007077236275626233,1,98,False
9,ridge,Stat3_Etch_MV_Gas7Flow__early_late_delta,G2_temporal_drift,gas_or_backside_flow,absolute_standardized_coefficient,0.009911137347171969,1,63,False
9,ridge,Stat3_Etch_MV_Gas7Flow__long_phase_mean,G3_bosch_phase,gas_or_backside_flow,absolute_standardized_coefficient,0.0012787167850444262,1,205,False
9,ridge,Stat3_Etch_MV_Gas7Flow__short_phase_mean,G3_bosch_phase,gas_or_backside_flow,absolute_standardized_coefficient,0.001694818858258302,1,190,False
9,ridge,Stat3_Etch_MV_Gas7Flow__phase_difference,G3_bosch_phase,gas_or_backside_flow,absolute_standardized_coefficient,0.011687264871912335,-1,52,False
9,ridge,Stat3_Etch_MV_Gas7Flow__cycle_mean_std,G4_cycle_behavior,gas_or_backside_flow,absolute_standardized_coefficient,0.005333877807195844,-1,125,False
9,ridge,Stat3_Etch_MV_Gas7Flow__cycle_mean_slope,G4_cycle_behavior,gas_or_backside_flow,absolute_standardized_coefficient,0.006666670550103792,1,100,False
9,ridge,Stat3_Etch_MV_Heater1Temp__active_mean,G1_level,heater_temperature,absolute_standardized_coefficient,0.001107877967573872,-1,212,False
9,ridge,Stat3_Etch_MV_Heater1Temp__active_std,G1_level,heater_temperature,absolute_standardized_coefficient,0.0004725984968296595,-1,234,False
9,ridge,Stat3_Etch_MV_Heater1Temp__active_slope,G2_temporal_drift,heater_temperature,absolute_standardized_coefficient,0.005080175018200243,1,130,False
9,ridge,Stat3_Etch_MV_Heater1Temp__early_late_delta,G2_temporal_drift,heater_temperature,absolute_standardized_coefficient,0.011598896860850617,-1,53,False
9,ridge,Stat3_Etch_MV_Heater1Temp__long_phase_mean,G3_bosch_phase,heater_temperature,absolute_standardized_coefficient,0.0022337796796799447,-1,175,False
9,ridge,Stat3_Etch_MV_Heater1Temp__short_phase_mean,G3_bosch_phase,heater_temperature,absolute_standardized_coefficient,0.0016668156363258944,1,191,False
9,ridge,Stat3_Etch_MV_Heater1Temp__phase_difference,G3_bosch_phase,heater_temperature,absolute_standardized_coefficient,0.004334980716364284,-1,141,False
9,ridge,Stat3_Etch_MV_Heater1Temp__cycle_mean_std,G4_cycle_behavior,heater_temperature,absolute_standardized_coefficient,0.018817713175233168,1,19,True
9,ridge,Stat3_Etch_MV_Heater1Temp__cycle_mean_slope,G4_cycle_behavior,heater_temperature,absolute_standardized_coefficient,0.0033418303009439235,1,158,False
9,ridge,Stat3_Etch_MV_Heater2Temp__active_mean,G1_level,heater_temperature,absolute_standardized_coefficient,0.005603902341176501,1,119,False
9,ridge,Stat3_Etch_MV_Heater2Temp__active_std,G1_level,heater_temperature,absolute_standardized_coefficient,0.004725518619069896,-1,133,False
9,ridge,Stat3_Etch_MV_Heater2Temp__active_range,G1_level,heater_temperature,absolute_standardized_coefficient,0.0022038423448258594,1,176,False
9,ridge,Stat3_Etch_MV_Heater2Temp__active_slope,G2_temporal_drift,heater_temperature,absolute_standardized_coefficient,0.0021006421909537413,-1,180,False
9,ridge,Stat3_Etch_MV_Heater2Temp__early_late_delta,G2_temporal_drift,heater_temperature,absolute_standardized_coefficient,0.01042747275260793,-1,62,False
9,ridge,Stat3_Etch_MV_Heater2Temp__long_phase_mean,G3_bosch_phase,heater_temperature,absolute_standardized_coefficient,0.005627704455431791,1,117,False
9,ridge,Stat3_Etch_MV_Heater2Temp__short_phase_mean,G3_bosch_phase,heater_temperature,absolute_standardized_coefficient,0.00553554264112875,1,120,False
9,ridge,Stat3_Etch_MV_Heater2Temp__phase_difference,G3_bosch_phase,heater_temperature,absolute_standardized_coefficient,0.009122361344679588,1,70,False
9,ridge,Stat3_Etch_MV_Heater2Temp__cycle_mean_std,G4_cycle_behavior,heater_temperature,absolute_standardized_coefficient,0.005047984466728226,-1,131,False
9,ridge,Stat3_Etch_MV_Heater2Temp__cycle_mean_slope,G4_cycle_behavior,heater_temperature,absolute_standardized_coefficient,0.0019835957504975746,-1,183,False
9,ridge,Stat3_Etch_MV_Heater3Temp__active_mean,G1_level,heater_temperature,absolute_standardized_coefficient,0.004341686483813466,1,139,False
9,ridge,Stat3_Etch_MV_Heater3Temp__active_std,G1_level,heater_temperature,absolute_standardized_coefficient,0.013253060613601415,1,40,False
9,ridge,Stat3_Etch_MV_Heater3Temp__active_range,G1_level,heater_temperature,absolute_standardized_coefficient,0.016156911719598176,1,27,False
9,ridge,Stat3_Etch_MV_Heater3Temp__active_slope,G2_temporal_drift,heater_temperature,absolute_standardized_coefficient,0.0017070635421346228,1,189,False
9,ridge,Stat3_Etch_MV_Heater3Temp__early_late_delta,G2_temporal_drift,heater_temperature,absolute_standardized_coefficient,0.0010590288727810406,-1,213,False
9,ridge,Stat3_Etch_MV_Heater3Temp__long_phase_mean,G3_bosch_phase,heater_temperature,absolute_standardized_coefficient,0.004237826634945514,1,142,False
9,ridge,Stat3_Etch_MV_Heater3Temp__short_phase_mean,G3_bosch_phase,heater_temperature,absolute_standardized_coefficient,0.004595457048053194,1,135,False
9,ridge,Stat3_Etch_MV_Heater3Temp__phase_difference,G3_bosch_phase,heater_temperature,absolute_standardized_coefficient,0.0027016612548148183,-1,168,False
9,ridge,Stat3_Etch_MV_Heater3Temp__cycle_mean_std,G4_cycle_behavior,heater_temperature,absolute_standardized_coefficient,0.008348406633683018,1,77,False
9,ridge,Stat3_Etch_MV_Heater3Temp__cycle_mean_slope,G4_cycle_behavior,heater_temperature,absolute_standardized_coefficient,0.0017386789845573606,1,188,False
9,ridge,Stat3_Etch_MV_Heater4Temp__active_mean,G1_level,heater_temperature,absolute_standardized_coefficient,0.001562527155970393,-1,195,False
9,ridge,Stat3_Etch_MV_Heater4Temp__active_std,G1_level,heater_temperature,absolute_standardized_coefficient,0.015204741153988224,1,32,False
9,ridge,Stat3_Etch_MV_Heater4Temp__active_range,G1_level,heater_temperature,absolute_standardized_coefficient,0.012248911108292437,-1,46,False
9,ridge,Stat3_Etch_MV_Heater4Temp__active_slope,G2_temporal_drift,heater_temperature,absolute_standardized_coefficient,0.011042235037723608,-1,57,False
9,ridge,Stat3_Etch_MV_Heater4Temp__early_late_delta,G2_temporal_drift,heater_temperature,absolute_standardized_coefficient,0.0036210723748529273,-1,154,False
9,ridge,Stat3_Etch_MV_Heater4Temp__long_phase_mean,G3_bosch_phase,heater_temperature,absolute_standardized_coefficient,0.0015734215124988647,-1,194,False
9,ridge,Stat3_Etch_MV_Heater4Temp__short_phase_mean,G3_bosch_phase,heater_temperature,absolute_standardized_coefficient,0.001532887101729245,-1,197,False
9,ridge,Stat3_Etch_MV_Heater4Temp__phase_difference,G3_bosch_phase,heater_temperature,absolute_standardized_coefficient,0.002988118927782367,-1,165,False
9,ridge,Stat3_Etch_MV_Heater4Temp__cycle_mean_std,G4_cycle_behavior,heater_temperature,absolute_standardized_coefficient,0.017199444460128038,1,22,False
9,ridge,Stat3_Etch_MV_Heater4Temp__cycle_mean_slope,G4_cycle_behavior,heater_temperature,absolute_standardized_coefficient,0.010866307411053183,-1,59,False
9,ridge,Stat3_Etch_MV_HeliumBPFlow__active_mean,G1_level,gas_or_backside_flow,absolute_standardized_coefficient,0.005286715311232115,1,127,False
9,ridge,Stat3_Etch_MV_HeliumBPFlow__active_std,G1_level,gas_or_backside_flow,absolute_standardized_coefficient,0.005333200708174291,1,126,False
9,ridge,Stat3_Etch_MV_HeliumBPFlow__active_range,G1_level,gas_or_backside_flow,absolute_standardized_coefficient,0.0058781749854340554,1,106,False
9,ridge,Stat3_Etch_MV_HeliumBPFlow__active_slope,G2_temporal_drift,gas_or_backside_flow,absolute_standardized_coefficient,0.0002363869020445402,1,236,False
9,ridge,Stat3_Etch_MV_HeliumBPFlow__early_late_delta,G2_temporal_drift,gas_or_backside_flow,absolute_standardized_coefficient,0.0016542312082953772,-1,192,False
9,ridge,Stat3_Etch_MV_HeliumBPFlow__long_phase_mean,G3_bosch_phase,gas_or_backside_flow,absolute_standardized_coefficient,0.005265112703140027,1,128,False
9,ridge,Stat3_Etch_MV_HeliumBPFlow__short_phase_mean,G3_bosch_phase,gas_or_backside_flow,absolute_standardized_coefficient,0.005351717487166469,1,123,False
9,ridge,Stat3_Etch_MV_HeliumBPFlow__phase_difference,G3_bosch_phase,gas_or_backside_flow,absolute_standardized_coefficient,0.0057029299595764,-1,115,False
9,ridge,Stat3_Etch_MV_HeliumBPFlow__cycle_mean_std,G4_cycle_behavior,gas_or_backside_flow,absolute_standardized_coefficient,0.0044736512166234504,1,137,False
9,ridge,Stat3_Etch_MV_HeliumBPFlow__cycle_mean_slope,G4_cycle_behavior,gas_or_backside_flow,absolute_standardized_coefficient,2.078387235835235e-05,-1,241,False
9,ridge,Stat3_Etch_MV_HeliumBPPressure__active_mean,G1_level,pressure,absolute_standardized_coefficient,0.0010136341176494273,-1,214,False
9,ridge,Stat3_Etch_MV_HeliumBPPressure__active_std,G1_level,pressure,absolute_standardized_coefficient,0.0021507631391473594,1,179,False
9,ridge,Stat3_Etch_MV_HeliumBPPressure__active_range,G1_level,pressure,absolute_standardized_coefficient,0.00833050132042312,-1,78,False
9,ridge,Stat3_Etch_MV_HeliumBPPressure__active_slope,G2_temporal_drift,pressure,absolute_standardized_coefficient,0.006408517561192913,1,103,False
9,ridge,Stat3_Etch_MV_HeliumBPPressure__early_late_delta,G2_temporal_drift,pressure,absolute_standardized_coefficient,0.002268492681575315,1,174,False
9,ridge,Stat3_Etch_MV_HeliumBPPressure__long_phase_mean,G3_bosch_phase,pressure,absolute_standardized_coefficient,0.0005873038037834139,1,232,False
9,ridge,Stat3_Etch_MV_HeliumBPPressure__short_phase_mean,G3_bosch_phase,pressure,absolute_standardized_coefficient,0.0030743076621428033,-1,164,False
9,ridge,Stat3_Etch_MV_HeliumBPPressure__phase_difference,G3_bosch_phase,pressure,absolute_standardized_coefficient,0.0038353668276834016,1,149,False
9,ridge,Stat3_Etch_MV_HeliumBPPressure__cycle_mean_std,G4_cycle_behavior,pressure,absolute_standardized_coefficient,0.015437270829460871,1,30,False
9,ridge,Stat3_Etch_MV_HeliumBPPressure__cycle_mean_slope,G4_cycle_behavior,pressure,absolute_standardized_coefficient,0.00848398467487875,1,75,False
9,ridge,Stat3_Etch_MV_PlatenDcBias__active_mean,G1_level,rf_power_matching_electrical,absolute_standardized_coefficient,0.004485056171302164,1,136,False
9,ridge,Stat3_Etch_MV_PlatenDcBias__active_std,G1_level,rf_power_matching_electrical,absolute_standardized_coefficient,0.002419024900073067,1,170,False
9,ridge,Stat3_Etch_MV_PlatenDcBias__active_range,G1_level,rf_power_matching_electrical,absolute_standardized_coefficient,0.00795425080908126,1,83,False
9,ridge,Stat3_Etch_MV_PlatenDcBias__active_slope,G2_temporal_drift,rf_power_matching_electrical,absolute_standardized_coefficient,0.0011564199008722873,1,211,False
9,ridge,Stat3_Etch_MV_PlatenDcBias__early_late_delta,G2_temporal_drift,rf_power_matching_electrical,absolute_standardized_coefficient,0.0054165877395114075,1,121,False
9,ridge,Stat3_Etch_MV_PlatenDcBias__long_phase_mean,G3_bosch_phase,rf_power_matching_electrical,absolute_standardized_coefficient,0.00037588127153367554,-1,235,False
9,ridge,Stat3_Etch_MV_PlatenDcBias__short_phase_mean,G3_bosch_phase,rf_power_matching_electrical,absolute_standardized_coefficient,0.011043802395570105,1,56,False
9,ridge,Stat3_Etch_MV_PlatenDcBias__phase_difference,G3_bosch_phase,rf_power_matching_electrical,absolute_standardized_coefficient,0.011321744276536391,-1,55,False
9,ridge,Stat3_Etch_MV_PlatenDcBias__cycle_mean_std,G4_cycle_behavior,rf_power_matching_electrical,absolute_standardized_coefficient,0.01640776450597553,-1,24,False
9,ridge,Stat3_Etch_MV_PlatenDcBias__cycle_mean_slope,G4_cycle_behavior,rf_power_matching_electrical,absolute_standardized_coefficient,0.0005795878390323994,1,233,False
9,ridge,Stat3_Etch_MV_PlatenRFLoadCapacitor__active_mean,G1_level,rf_power_matching_electrical,absolute_standardized_coefficient,0.00583866535168098,-1,109,False
9,ridge,Stat3_Etch_MV_PlatenRFLoadCapacitor__active_std,G1_level,rf_power_matching_electrical,absolute_standardized_coefficient,0.02492790540636059,-1,8,True
9,ridge,Stat3_Etch_MV_PlatenRFLoadCapacitor__active_range,G1_level,rf_power_matching_electrical,absolute_standardized_coefficient,0.007233202875066873,-1,96,False
9,ridge,Stat3_Etch_MV_PlatenRFLoadCapacitor__active_slope,G2_temporal_drift,rf_power_matching_electrical,absolute_standardized_coefficient,0.01244650471540363,-1,44,False
9,ridge,Stat3_Etch_MV_PlatenRFLoadCapacitor__early_late_delta,G2_temporal_drift,rf_power_matching_electrical,absolute_standardized_coefficient,0.013436704705031775,-1,38,False
9,ridge,Stat3_Etch_MV_PlatenRFLoadCapacitor__long_phase_mean,G3_bosch_phase,rf_power_matching_electrical,absolute_standardized_coefficient,0.005626471094858563,-1,118,False
9,ridge,Stat3_Etch_MV_PlatenRFLoadCapacitor__short_phase_mean,G3_bosch_phase,rf_power_matching_electrical,absolute_standardized_coefficient,0.005091855268954431,-1,129,False
9,ridge,Stat3_Etch_MV_PlatenRFLoadCapacitor__phase_difference,G3_bosch_phase,rf_power_matching_electrical,absolute_standardized_coefficient,7.857861611578723e-05,1,239,False
9,ridge,Stat3_Etch_MV_PlatenRFLoadCapacitor__cycle_mean_std,G4_cycle_behavior,rf_power_matching_electrical,absolute_standardized_coefficient,0.007586583513719646,-1,90,False
9,ridge,Stat3_Etch_MV_PlatenRFLoadCapacitor__cycle_mean_slope,G4_cycle_behavior,rf_power_matching_electrical,absolute_standardized_coefficient,0.005377473929998056,-1,122,False
9,ridge,Stat3_Etch_MV_PlatenRFLoadPower__active_mean,G1_level,rf_power_matching_electrical,absolute_standardized_coefficient,0.009788859828875068,-1,65,False
9,ridge,Stat3_Etch_MV_PlatenRFLoadPower__active_std,G1_level,rf_power_matching_electrical,absolute_standardized_coefficient,0.00654444931189033,1,102,False
9,ridge,Stat3_Etch_MV_PlatenRFLoadPower__active_range,G1_level,rf_power_matching_electrical,absolute_standardized_coefficient,0.001784375021393841,1,186,False
9,ridge,Stat3_Etch_MV_PlatenRFLoadPower__active_slope,G2_temporal_drift,rf_power_matching_electrical,absolute_standardized_coefficient,0.00409046677981921,1,146,False
9,ridge,Stat3_Etch_MV_PlatenRFLoadPower__early_late_delta,G2_temporal_drift,rf_power_matching_electrical,absolute_standardized_coefficient,0.01607730826536086,-1,28,False
9,ridge,Stat3_Etch_MV_PlatenRFLoadPower__long_phase_mean,G3_bosch_phase,rf_power_matching_electrical,absolute_standardized_coefficient,0.008535984260911641,-1,74,False
9,ridge,Stat3_Etch_MV_PlatenRFLoadPower__short_phase_mean,G3_bosch_phase,rf_power_matching_electrical,absolute_standardized_coefficient,0.003077030934493876,-1,163,False
9,ridge,Stat3_Etch_MV_PlatenRFLoadPower__phase_difference,G3_bosch_phase,rf_power_matching_electrical,absolute_standardized_coefficient,0.0011744015711098704,-1,210,False
9,ridge,Stat3_Etch_MV_PlatenRFLoadPower__cycle_mean_std,G4_cycle_behavior,rf_power_matching_electrical,absolute_standardized_coefficient,0.007617747586281237,1,88,False
9,ridge,Stat3_Etch_MV_PlatenRFLoadPower__cycle_mean_slope,G4_cycle_behavior,rf_power_matching_electrical,absolute_standardized_coefficient,0.0038639867664968285,1,147,False
9,ridge,Stat3_Etch_MV_PlatenRFPeakToPeak__active_mean,G1_level,rf_power_matching_electrical,absolute_standardized_coefficient,0.01644011975752539,-1,23,False
9,ridge,Stat3_Etch_MV_PlatenRFPeakToPeak__active_std,G1_level,rf_power_matching_electrical,absolute_standardized_coefficient,0.005712158373825679,-1,114,False
9,ridge,Stat3_Etch_MV_PlatenRFPeakToPeak__active_range,G1_level,rf_power_matching_electrical,absolute_standardized_coefficient,0.034604770650970444,-1,2,True
9,ridge,Stat3_Etch_MV_PlatenRFPeakToPeak__active_slope,G2_temporal_drift,rf_power_matching_electrical,absolute_standardized_coefficient,0.007077290054365451,1,97,False
9,ridge,Stat3_Etch_MV_PlatenRFPeakToPeak__early_late_delta,G2_temporal_drift,rf_power_matching_electrical,absolute_standardized_coefficient,0.00583852483771701,-1,110,False
9,ridge,Stat3_Etch_MV_PlatenRFPeakToPeak__long_phase_mean,G3_bosch_phase,rf_power_matching_electrical,absolute_standardized_coefficient,0.00828335423802016,-1,79,False
9,ridge,Stat3_Etch_MV_PlatenRFPeakToPeak__short_phase_mean,G3_bosch_phase,rf_power_matching_electrical,absolute_standardized_coefficient,0.020963463455958342,-1,14,True
9,ridge,Stat3_Etch_MV_PlatenRFPeakToPeak__phase_difference,G3_bosch_phase,rf_power_matching_electrical,absolute_standardized_coefficient,0.02008863364422143,1,15,True
9,ridge,Stat3_Etch_MV_PlatenRFPeakToPeak__cycle_mean_std,G4_cycle_behavior,rf_power_matching_electrical,absolute_standardized_coefficient,0.0017475080868093811,1,187,False
9,ridge,Stat3_Etch_MV_PlatenRFPeakToPeak__cycle_mean_slope,G4_cycle_behavior,rf_power_matching_electrical,absolute_standardized_coefficient,0.003671756291291301,1,153,False
9,ridge,Stat3_Etch_MV_PlatenRFReflectedPower__active_mean,G1_level,rf_power_matching_electrical,absolute_standardized_coefficient,0.0012221851520511327,-1,206,False
9,ridge,Stat3_Etch_MV_PlatenRFReflectedPower__active_std,G1_level,rf_power_matching_electrical,absolute_standardized_coefficient,0.0014735912482827498,1,198,False
9,ridge,Stat3_Etch_MV_PlatenRFReflectedPower__active_range,G1_level,rf_power_matching_electrical,absolute_standardized_coefficient,0.019502997724025868,1,16,True
9,ridge,Stat3_Etch_MV_PlatenRFReflectedPower__active_slope,G2_temporal_drift,rf_power_matching_electrical,absolute_standardized_coefficient,0.007538603995888387,1,91,False
9,ridge,Stat3_Etch_MV_PlatenRFReflectedPower__early_late_delta,G2_temporal_drift,rf_power_matching_electrical,absolute_standardized_coefficient,0.004142790866994076,1,145,False
9,ridge,Stat3_Etch_MV_PlatenRFReflectedPower__long_phase_mean,G3_bosch_phase,rf_power_matching_electrical,absolute_standardized_coefficient,0.02127033338180235,-1,12,True
9,ridge,Stat3_Etch_MV_PlatenRFReflectedPower__short_phase_mean,G3_bosch_phase,rf_power_matching_electrical,absolute_standardized_coefficient,0.01638721322795175,1,26,False
9,ridge,Stat3_Etch_MV_PlatenRFReflectedPower__phase_difference,G3_bosch_phase,rf_power_matching_electrical,absolute_standardized_coefficient,0.01948851030050387,-1,17,True
9,ridge,Stat3_Etch_MV_PlatenRFReflectedPower__cycle_mean_std,G4_cycle_behavior,rf_power_matching_electrical,absolute_standardized_coefficient,0.01216566134647799,-1,47,False
9,ridge,Stat3_Etch_MV_PlatenRFReflectedPower__cycle_mean_slope,G4_cycle_behavior,rf_power_matching_electrical,absolute_standardized_coefficient,0.003407700339562812,1,156,False
9,ridge,Stat3_Etch_MV_PlatenRFTuningCapacitor__active_mean,G1_level,rf_power_matching_electrical,absolute_standardized_coefficient,0.02269336104712372,-1,11,True
9,ridge,Stat3_Etch_MV_PlatenRFTuningCapacitor__active_std,G1_level,rf_power_matching_electrical,absolute_standardized_coefficient,0.014758245502997163,1,33,False
9,ridge,Stat3_Etch_MV_PlatenRFTuningCapacitor__active_range,G1_level,rf_power_matching_electrical,absolute_standardized_coefficient,0.019316904633682734,1,18,True
9,ridge,Stat3_Etch_MV_PlatenRFTuningCapacitor__active_slope,G2_temporal_drift,rf_power_matching_electrical,absolute_standardized_coefficient,0.012542479061207156,1,43,False
9,ridge,Stat3_Etch_MV_PlatenRFTuningCapacitor__early_late_delta,G2_temporal_drift,rf_power_matching_electrical,absolute_standardized_coefficient,0.0035006196479274196,1,155,False
9,ridge,Stat3_Etch_MV_PlatenRFTuningCapacitor__long_phase_mean,G3_bosch_phase,rf_power_matching_electrical,absolute_standardized_coefficient,0.024779795398758905,-1,9,True
9,ridge,Stat3_Etch_MV_PlatenRFTuningCapacitor__short_phase_mean,G3_bosch_phase,rf_power_matching_electrical,absolute_standardized_coefficient,0.0028219457289777672,-1,167,False
9,ridge,Stat3_Etch_MV_PlatenRFTuningCapacitor__phase_difference,G3_bosch_phase,rf_power_matching_electrical,absolute_standardized_coefficient,0.02738520895008679,-1,4,True
9,ridge,Stat3_Etch_MV_PlatenRFTuningCapacitor__cycle_mean_std,G4_cycle_behavior,rf_power_matching_electrical,absolute_standardized_coefficient,0.0076136435546454405,-1,89,False
9,ridge,Stat3_Etch_MV_PlatenRFTuningCapacitor__cycle_mean_slope,G4_cycle_behavior,rf_power_matching_electrical,absolute_standardized_coefficient,0.016013339164518237,1,29,False
9,ridge,Stat3_Etch_MV_Pressure__active_mean,G1_level,pressure,absolute_standardized_coefficient,0.002097078136811933,1,181,False
9,ridge,Stat3_Etch_MV_Pressure__active_std,G1_level,pressure,absolute_standardized_coefficient,0.03163992013430855,-1,3,True
9,ridge,Stat3_Etch_MV_Pressure__active_range,G1_level,pressure,absolute_standardized_coefficient,0.0038325784016774883,-1,150,False
9,ridge,Stat3_Etch_MV_Pressure__active_slope,G2_temporal_drift,pressure,absolute_standardized_coefficient,0.008355994414649166,1,76,False
9,ridge,Stat3_Etch_MV_Pressure__early_late_delta,G2_temporal_drift,pressure,absolute_standardized_coefficient,0.011930155047054277,-1,49,False
9,ridge,Stat3_Etch_MV_Pressure__long_phase_mean,G3_bosch_phase,pressure,absolute_standardized_coefficient,0.005846394432793255,1,108,False
9,ridge,Stat3_Etch_MV_Pressure__short_phase_mean,G3_bosch_phase,pressure,absolute_standardized_coefficient,0.002178582296140008,-1,177,False
9,ridge,Stat3_Etch_MV_Pressure__phase_difference,G3_bosch_phase,pressure,absolute_standardized_coefficient,0.003101216316647484,1,162,False
9,ridge,Stat3_Etch_MV_Pressure__cycle_mean_std,G4_cycle_behavior,pressure,absolute_standardized_coefficient,0.011840189867713156,1,50,False
9,ridge,Stat3_Etch_MV_Pressure__cycle_mean_slope,G4_cycle_behavior,pressure,absolute_standardized_coefficient,0.0015522528759415472,1,196,False
9,ridge,Stat3_Etch_MV_SourceRF2PeakToPeak__active_mean,G1_level,rf_power_matching_electrical,absolute_standardized_coefficient,0.0008030989696771855,1,222,False
9,ridge,Stat3_Etch_MV_SourceRF2PeakToPeak__active_std,G1_level,rf_power_matching_electrical,absolute_standardized_coefficient,0.0018487845154271428,1,184,False
9,ridge,Stat3_Etch_MV_SourceRF2PeakToPeak__active_slope,G2_temporal_drift,rf_power_matching_electrical,absolute_standardized_coefficient,0.005811078201381183,-1,112,False
9,ridge,Stat3_Etch_MV_SourceRF2PeakToPeak__early_late_delta,G2_temporal_drift,rf_power_matching_electrical,absolute_standardized_coefficient,0.0046211598211437655,1,134,False
9,ridge,Stat3_Etch_MV_SourceRF2PeakToPeak__long_phase_mean,G3_bosch_phase,rf_power_matching_electrical,absolute_standardized_coefficient,0.0006701365792452956,1,225,False
9,ridge,Stat3_Etch_MV_SourceRF2PeakToPeak__phase_difference,G3_bosch_phase,rf_power_matching_electrical,absolute_standardized_coefficient,0.0006701365792452956,1,226,False
9,ridge,Stat3_Etch_MV_SourceRF2PeakToPeak__cycle_mean_std,G4_cycle_behavior,rf_power_matching_electrical,absolute_standardized_coefficient,0.0038506874278129576,-1,148,False
9,ridge,Stat3_Etch_MV_SourceRF2PeakToPeak__cycle_mean_slope,G4_cycle_behavior,rf_power_matching_electrical,absolute_standardized_coefficient,0.0062427867143935245,-1,104,False
9,ridge,Stat3_Etch_MV_SourceRF2TuningCapacitor__active_mean,G1_level,rf_power_matching_electrical,absolute_standardized_coefficient,0.0008177616687885664,-1,219,False
9,ridge,Stat3_Etch_MV_SourceRF2TuningCapacitor__active_std,G1_level,rf_power_matching_electrical,absolute_standardized_coefficient,0.0008115959042478275,1,221,False
9,ridge,Stat3_Etch_MV_SourceRF2TuningCapacitor__active_slope,G2_temporal_drift,rf_power_matching_electrical,absolute_standardized_coefficient,0.0008177678826342017,1,218,False
9,ridge,Stat3_Etch_MV_SourceRF2TuningCapacitor__early_late_delta,G2_temporal_drift,rf_power_matching_electrical,absolute_standardized_coefficient,0.0008175902615515831,1,220,False
9,ridge,Stat3_Etch_MV_SourceRF2TuningCapacitor__short_phase_mean,G3_bosch_phase,rf_power_matching_electrical,absolute_standardized_coefficient,0.0006521054111537083,-1,228,False
9,ridge,Stat3_Etch_MV_SourceRF2TuningCapacitor__phase_difference,G3_bosch_phase,rf_power_matching_electrical,absolute_standardized_coefficient,0.0006521054111537055,1,229,False
9,ridge,Stat3_Etch_MV_SourceRFLoadPower__active_mean,G1_level,rf_power_matching_electrical,absolute_standardized_coefficient,0.011827215810985631,1,51,False
9,ridge,Stat3_Etch_MV_SourceRFLoadPower__active_std,G1_level,rf_power_matching_electrical,absolute_standardized_coefficient,0.0014160337708692575,-1,200,False
9,ridge,Stat3_Etch_MV_SourceRFLoadPower__active_range,G1_level,rf_power_matching_electrical,absolute_standardized_coefficient,0.009834902596245686,-1,64,False
9,ridge,Stat3_Etch_MV_SourceRFLoadPower__active_slope,G2_temporal_drift,rf_power_matching_electrical,absolute_standardized_coefficient,0.008564820576985271,-1,73,False
9,ridge,Stat3_Etch_MV_SourceRFLoadPower__early_late_delta,G2_temporal_drift,rf_power_matching_electrical,absolute_standardized_coefficient,0.0007274059932972205,-1,223,False
9,ridge,Stat3_Etch_MV_SourceRFLoadPower__long_phase_mean,G3_bosch_phase,rf_power_matching_electrical,absolute_standardized_coefficient,0.012027889003682481,1,48,False
9,ridge,Stat3_Etch_MV_SourceRFLoadPower__short_phase_mean,G3_bosch_phase,rf_power_matching_electrical,absolute_standardized_coefficient,0.005875731530596952,1,107,False
9,ridge,Stat3_Etch_MV_SourceRFLoadPower__phase_difference,G3_bosch_phase,rf_power_matching_electrical,absolute_standardized_coefficient,0.002307146997743252,-1,173,False
9,ridge,Stat3_Etch_MV_SourceRFLoadPower__cycle_mean_std,G4_cycle_behavior,rf_power_matching_electrical,absolute_standardized_coefficient,0.0025636213272803936,-1,169,False
9,ridge,Stat3_Etch_MV_SourceRFLoadPower__cycle_mean_slope,G4_cycle_behavior,rf_power_matching_electrical,absolute_standardized_coefficient,0.0163894118360368,-1,25,False
9,ridge,Stat3_Etch_MV_SourceRFPeakToPeak__active_mean,G1_level,rf_power_matching_electrical,absolute_standardized_coefficient,0.008911521294165066,1,72,False
9,ridge,Stat3_Etch_MV_SourceRFPeakToPeak__active_std,G1_level,rf_power_matching_electrical,absolute_standardized_coefficient,0.018100572884212622,1,20,True
9,ridge,Stat3_Etch_MV_SourceRFPeakToPeak__active_range,G1_level,rf_power_matching_electrical,absolute_standardized_coefficient,0.007499417660561692,1,93,False
9,ridge,Stat3_Etch_MV_SourceRFPeakToPeak__active_slope,G2_temporal_drift,rf_power_matching_electrical,absolute_standardized_coefficient,0.008041347091897282,-1,82,False
9,ridge,Stat3_Etch_MV_SourceRFPeakToPeak__early_late_delta,G2_temporal_drift,rf_power_matching_electrical,absolute_standardized_coefficient,0.011346545014636422,-1,54,False
9,ridge,Stat3_Etch_MV_SourceRFPeakToPeak__long_phase_mean,G3_bosch_phase,rf_power_matching_electrical,absolute_standardized_coefficient,0.01072183721442106,1,60,False
9,ridge,Stat3_Etch_MV_SourceRFPeakToPeak__short_phase_mean,G3_bosch_phase,rf_power_matching_electrical,absolute_standardized_coefficient,0.000618155035519579,1,231,False
9,ridge,Stat3_Etch_MV_SourceRFPeakToPeak__phase_difference,G3_bosch_phase,rf_power_matching_electrical,absolute_standardized_coefficient,0.021127252628850037,1,13,True
9,ridge,Stat3_Etch_MV_SourceRFPeakToPeak__cycle_mean_std,G4_cycle_behavior,rf_power_matching_electrical,absolute_standardized_coefficient,0.009142999866047611,1,69,False
9,ridge,Stat3_Etch_MV_SourceRFPeakToPeak__cycle_mean_slope,G4_cycle_behavior,rf_power_matching_electrical,absolute_standardized_coefficient,0.003250066110984476,-1,160,False
9,ridge,Stat3_Etch_MV_SourceRFReflectedPower__active_mean,G1_level,rf_power_matching_electrical,absolute_standardized_coefficient,0.023595202045483328,-1,10,True
9,ridge,Stat3_Etch_MV_SourceRFReflectedPower__active_std,G1_level,rf_power_matching_electrical,absolute_standardized_coefficient,0.025055284144284432,-1,6,True
9,ridge,Stat3_Etch_MV_SourceRFReflectedPower__active_range,G1_level,rf_power_matching_electrical,absolute_standardized_coefficient,0.04524480729448549,-1,1,True
9,ridge,Stat3_Etch_MV_SourceRFReflectedPower__active_slope,G2_temporal_drift,rf_power_matching_electrical,absolute_standardized_coefficient,0.006908182831810786,1,99,False
9,ridge,Stat3_Etch_MV_SourceRFReflectedPower__early_late_delta,G2_temporal_drift,rf_power_matching_electrical,absolute_standardized_coefficient,0.010930920995505652,1,58,False
9,ridge,Stat3_Etch_MV_SourceRFReflectedPower__long_phase_mean,G3_bosch_phase,rf_power_matching_electrical,absolute_standardized_coefficient,0.012575945597294556,-1,42,False
9,ridge,Stat3_Etch_MV_SourceRFReflectedPower__short_phase_mean,G3_bosch_phase,rf_power_matching_electrical,absolute_standardized_coefficient,0.0249623907230484,-1,7,True
9,ridge,Stat3_Etch_MV_SourceRFReflectedPower__phase_difference,G3_bosch_phase,rf_power_matching_electrical,absolute_standardized_coefficient,0.02684714434466335,1,5,True
9,ridge,Stat3_Etch_MV_SourceRFReflectedPower__cycle_mean_std,G4_cycle_behavior,rf_power_matching_electrical,absolute_standardized_coefficient,0.003188361464923157,1,161,False
9,ridge,Stat3_Etch_MV_SourceRFReflectedPower__cycle_mean_slope,G4_cycle_behavior,rf_power_matching_electrical,absolute_standardized_coefficient,0.0028760486670324297,1,166,False
9,ridge,Stat3_Etch_MV_moriInnerCurrent__active_mean,G1_level,remaining_process_signals,absolute_standardized_coefficient,0.0012139561811954347,-1,207,False
9,ridge,Stat3_Etch_MV_moriInnerCurrent__active_std,G1_level,remaining_process_signals,absolute_standardized_coefficient,0.0011937003334247702,-1,209,False
9,ridge,Stat3_Etch_MV_moriInnerCurrent__active_range,G1_level,remaining_process_signals,absolute_standardized_coefficient,0.013452167728138242,1,37,False
9,ridge,Stat3_Etch_MV_moriInnerCurrent__active_slope,G2_temporal_drift,remaining_process_signals,absolute_standardized_coefficient,0.004831962504774276,-1,132,False
9,ridge,Stat3_Etch_MV_moriInnerCurrent__early_late_delta,G2_temporal_drift,remaining_process_signals,absolute_standardized_coefficient,0.005655806774861203,-1,116,False
9,ridge,Stat3_Etch_MV_moriInnerCurrent__long_phase_mean,G3_bosch_phase,remaining_process_signals,absolute_standardized_coefficient,0.0007039875245226949,1,224,False
9,ridge,Stat3_Etch_MV_moriInnerCurrent__short_phase_mean,G3_bosch_phase,remaining_process_signals,absolute_standardized_coefficient,0.00433839439679305,-1,140,False
9,ridge,Stat3_Etch_MV_moriInnerCurrent__phase_difference,G3_bosch_phase,remaining_process_signals,absolute_standardized_coefficient,0.00534101613333978,1,124,False
9,ridge,Stat3_Etch_MV_moriInnerCurrent__cycle_mean_std,G4_cycle_behavior,remaining_process_signals,absolute_standardized_coefficient,0.0021527944534409415,1,178,False
9,ridge,Stat3_Etch_MV_moriInnerCurrent__cycle_mean_slope,G4_cycle_behavior,remaining_process_signals,absolute_standardized_coefficient,0.010709181074770015,-1,61,False
10,pls,Stat3_Etch_MV_ForeLinePressure__active_mean,G1_level,pressure,VIP,0.42587031971625056,-1,201,False
10,pls,Stat3_Etch_MV_ForeLinePressure__active_std,G1_level,pressure,VIP,1.378835173946205,-1,41,False
10,pls,Stat3_Etch_MV_ForeLinePressure__active_range,G1_level,pressure,VIP,1.9282074404130316,-1,13,True
10,pls,Stat3_Etch_MV_ForeLinePressure__active_slope,G2_temporal_drift,pressure,VIP,0.6833200786422883,-1,123,False
10,pls,Stat3_Etch_MV_ForeLinePressure__early_late_delta,G2_temporal_drift,pressure,VIP,0.5525700185596912,-1,175,False
10,pls,Stat3_Etch_MV_ForeLinePressure__long_phase_mean,G3_bosch_phase,pressure,VIP,0.55999437359699,-1,172,False
10,pls,Stat3_Etch_MV_ForeLinePressure__short_phase_mean,G3_bosch_phase,pressure,VIP,0.5874978979411433,1,166,False
10,pls,Stat3_Etch_MV_ForeLinePressure__phase_difference,G3_bosch_phase,pressure,VIP,0.8548003970011377,-1,97,False
10,pls,Stat3_Etch_MV_ForeLinePressure__cycle_mean_std,G4_cycle_behavior,pressure,VIP,0.8266356526930471,1,100,False
10,pls,Stat3_Etch_MV_ForeLinePressure__cycle_mean_slope,G4_cycle_behavior,pressure,VIP,0.35757895530617895,1,214,False
10,pls,Stat3_Etch_MV_Gas1Flow__active_mean,G1_level,gas_or_backside_flow,VIP,0.5258058830754342,-1,179,False
10,pls,Stat3_Etch_MV_Gas1Flow__active_std,G1_level,gas_or_backside_flow,VIP,0.6601585514161379,1,131,False
10,pls,Stat3_Etch_MV_Gas1Flow__active_range,G1_level,gas_or_backside_flow,VIP,0.392191714301799,1,207,False
10,pls,Stat3_Etch_MV_Gas1Flow__active_slope,G2_temporal_drift,gas_or_backside_flow,VIP,0.6531101926188154,-1,142,False
10,pls,Stat3_Etch_MV_Gas1Flow__early_late_delta,G2_temporal_drift,gas_or_backside_flow,VIP,0.6540274208751234,-1,141,False
10,pls,Stat3_Etch_MV_Gas1Flow__long_phase_mean,G3_bosch_phase,gas_or_backside_flow,VIP,0.45336404328414914,-1,196,False
10,pls,Stat3_Etch_MV_Gas1Flow__short_phase_mean,G3_bosch_phase,gas_or_backside_flow,VIP,0.6217949964938332,1,157,False
10,pls,Stat3_Etch_MV_Gas1Flow__phase_difference,G3_bosch_phase,gas_or_backside_flow,VIP,0.6580762972190595,-1,139,False
10,pls,Stat3_Etch_MV_Gas1Flow__cycle_mean_std,G4_cycle_behavior,gas_or_backside_flow,VIP,0.35701458941034464,1,215,False
10,pls,Stat3_Etch_MV_Gas1Flow__cycle_mean_slope,G4_cycle_behavior,gas_or_backside_flow,VIP,0.5052783120883001,1,186,False
10,pls,Stat3_Etch_MV_Gas2Flow__active_mean,G1_level,gas_or_backside_flow,VIP,0.461285492481757,1,194,False
10,pls,Stat3_Etch_MV_Gas2Flow__active_std,G1_level,gas_or_backside_flow,VIP,1.6062089159003967,1,27,False
10,pls,Stat3_Etch_MV_Gas2Flow__active_range,G1_level,gas_or_backside_flow,VIP,1.5561479100728222,1,32,False
10,pls,Stat3_Etch_MV_Gas2Flow__active_slope,G2_temporal_drift,gas_or_backside_flow,VIP,0.42735417488911615,1,200,False
10,pls,Stat3_Etch_MV_Gas2Flow__early_late_delta,G2_temporal_drift,gas_or_backside_flow,VIP,0.5747042798772704,1,168,False
10,pls,Stat3_Etch_MV_Gas2Flow__long_phase_mean,G3_bosch_phase,gas_or_backside_flow,VIP,0.46104896946030594,1,195,False
10,pls,Stat3_Etch_MV_Gas2Flow__short_phase_mean,G3_bosch_phase,gas_or_backside_flow,VIP,0.4617403256477434,1,193,False
10,pls,Stat3_Etch_MV_Gas2Flow__phase_difference,G3_bosch_phase,gas_or_backside_flow,VIP,0.11749086703704899,1,240,False
10,pls,Stat3_Etch_MV_Gas2Flow__cycle_mean_std,G4_cycle_behavior,gas_or_backside_flow,VIP,1.527559957500996,1,33,False
10,pls,Stat3_Etch_MV_Gas2Flow__cycle_mean_slope,G4_cycle_behavior,gas_or_backside_flow,VIP,0.43424008112169526,1,198,False
10,pls,Stat3_Etch_MV_Gas4Flow__active_mean,G1_level,gas_or_backside_flow,VIP,0.6908673788727064,-1,121,False
10,pls,Stat3_Etch_MV_Gas4Flow__active_std,G1_level,gas_or_backside_flow,VIP,0.673425223385168,-1,126,False
10,pls,Stat3_Etch_MV_Gas4Flow__active_slope,G2_temporal_drift,gas_or_backside_flow,VIP,0.7200070612755547,1,111,False
10,pls,Stat3_Etch_MV_Gas4Flow__early_late_delta,G2_temporal_drift,gas_or_backside_flow,VIP,0.6334246202409536,1,151,False
10,pls,Stat3_Etch_MV_Gas4Flow__long_phase_mean,G3_bosch_phase,gas_or_backside_flow,VIP,0.4470099756105118,1,197,False
10,pls,Stat3_Etch_MV_Gas4Flow__short_phase_mean,G3_bosch_phase,gas_or_backside_flow,VIP,0.34497443619450646,1,218,False
10,pls,Stat3_Etch_MV_Gas4Flow__phase_difference,G3_bosch_phase,gas_or_backside_flow,VIP,0.3195278131972665,-1,219,False
10,pls,Stat3_Etch_MV_Gas4Flow__cycle_mean_std,G4_cycle_behavior,gas_or_backside_flow,VIP,0.8716813594900291,1,93,False
10,pls,Stat3_Etch_MV_Gas4Flow__cycle_mean_slope,G4_cycle_behavior,gas_or_backside_flow,VIP,0.5407010909775155,-1,177,False
10,pls,Stat3_Etch_MV_Gas5Flow__active_mean,G1_level,gas_or_backside_flow,VIP,0.7026929470370461,1,117,False
10,pls,Stat3_Etch_MV_Gas5Flow__active_std,G1_level,gas_or_backside_flow,VIP,0.7198670675553015,-1,112,False
10,pls,Stat3_Etch_MV_Gas5Flow__active_slope,G2_temporal_drift,gas_or_backside_flow,VIP,0.7057436696225238,-1,114,False
10,pls,Stat3_Etch_MV_Gas5Flow__early_late_delta,G2_temporal_drift,gas_or_backside_flow,VIP,0.5973784361382097,-1,164,False
10,pls,Stat3_Etch_MV_Gas5Flow__long_phase_mean,G3_bosch_phase,gas_or_backside_flow,VIP,0.5192183991600924,-1,180,False
10,pls,Stat3_Etch_MV_Gas5Flow__short_phase_mean,G3_bosch_phase,gas_or_backside_flow,VIP,0.5307076023273324,1,178,False
10,pls,Stat3_Etch_MV_Gas5Flow__phase_difference,G3_bosch_phase,gas_or_backside_flow,VIP,0.5673729718081931,-1,169,False
10,pls,Stat3_Etch_MV_Gas5Flow__cycle_mean_std,G4_cycle_behavior,gas_or_backside_flow,VIP,0.8078978833217085,1,102,False
10,pls,Stat3_Etch_MV_Gas5Flow__cycle_mean_slope,G4_cycle_behavior,gas_or_backside_flow,VIP,0.5089453892886603,1,183,False
10,pls,Stat3_Etch_MV_Gas7Flow__active_mean,G1_level,gas_or_backside_flow,VIP,1.2510450876185628,-1,50,False
10,pls,Stat3_Etch_MV_Gas7Flow__active_std,G1_level,gas_or_backside_flow,VIP,1.0616270535694383,1,65,False
10,pls,Stat3_Etch_MV_Gas7Flow__active_range,G1_level,gas_or_backside_flow,VIP,0.9465645516607011,-1,76,False
10,pls,Stat3_Etch_MV_Gas7Flow__active_slope,G2_temporal_drift,gas_or_backside_flow,VIP,0.41202237464163377,1,203,False
10,pls,Stat3_Etch_MV_Gas7Flow__early_late_delta,G2_temporal_drift,gas_or_backside_flow,VIP,0.4117652216535417,1,204,False
10,pls,Stat3_Etch_MV_Gas7Flow__long_phase_mean,G3_bosch_phase,gas_or_backside_flow,VIP,1.2510981101031047,-1,49,False
10,pls,Stat3_Etch_MV_Gas7Flow__short_phase_mean,G3_bosch_phase,gas_or_backside_flow,VIP,1.2503565442942348,-1,51,False
10,pls,Stat3_Etch_MV_Gas7Flow__phase_difference,G3_bosch_phase,gas_or_backside_flow,VIP,0.1390017347740197,-1,238,False
10,pls,Stat3_Etch_MV_Gas7Flow__cycle_mean_std,G4_cycle_behavior,gas_or_backside_flow,VIP,0.9114455912371343,-1,87,False
10,pls,Stat3_Etch_MV_Gas7Flow__cycle_mean_slope,G4_cycle_behavior,gas_or_backside_flow,VIP,0.4076471595160079,1,205,False
10,pls,Stat3_Etch_MV_Heater1Temp__active_mean,G1_level,heater_temperature,VIP,0.6353853059939747,-1,150,False
10,pls,Stat3_Etch_MV_Heater1Temp__active_std,G1_level,heater_temperature,VIP,0.6597888540148019,-1,135,False
10,pls,Stat3_Etch_MV_Heater1Temp__active_slope,G2_temporal_drift,heater_temperature,VIP,0.2456524263735506,-1,226,False
10,pls,Stat3_Etch_MV_Heater1Temp__early_late_delta,G2_temporal_drift,heater_temperature,VIP,0.2642381506654958,-1,224,False
10,pls,Stat3_Etch_MV_Heater1Temp__long_phase_mean,G3_bosch_phase,heater_temperature,VIP,0.618095078621049,-1,160,False
10,pls,Stat3_Etch_MV_Heater1Temp__short_phase_mean,G3_bosch_phase,heater_temperature,VIP,0.4889326534145294,-1,189,False
10,pls,Stat3_Etch_MV_Heater1Temp__phase_difference,G3_bosch_phase,heater_temperature,VIP,0.11370914546884149,-1,241,False
10,pls,Stat3_Etch_MV_Heater1Temp__cycle_mean_std,G4_cycle_behavior,heater_temperature,VIP,0.24152421081060546,1,227,False
10,pls,Stat3_Etch_MV_Heater1Temp__cycle_mean_slope,G4_cycle_behavior,heater_temperature,VIP,0.25008693433147255,-1,225,False
10,pls,Stat3_Etch_MV_Heater2Temp__active_mean,G1_level,heater_temperature,VIP,0.6281681549854284,1,154,False
10,pls,Stat3_Etch_MV_Heater2Temp__active_std,G1_level,heater_temperature,VIP,1.7005675260980377,-1,20,True
10,pls,Stat3_Etch_MV_Heater2Temp__active_range,G1_level,heater_temperature,VIP,1.4784994023389302,-1,36,False
10,pls,Stat3_Etch_MV_Heater2Temp__active_slope,G2_temporal_drift,heater_temperature,VIP,1.2516643130859857,-1,48,False
10,pls,Stat3_Etch_MV_Heater2Temp__early_late_delta,G2_temporal_drift,heater_temperature,VIP,1.0746816298127984,-1,63,False
10,pls,Stat3_Etch_MV_Heater2Temp__long_phase_mean,G3_bosch_phase,heater_temperature,VIP,0.6289399049394024,1,153,False
10,pls,Stat3_Etch_MV_Heater2Temp__short_phase_mean,G3_bosch_phase,heater_temperature,VIP,0.6259889698608887,1,155,False
10,pls,Stat3_Etch_MV_Heater2Temp__phase_difference,G3_bosch_phase,heater_temperature,VIP,0.39830180314250846,1,206,False
10,pls,Stat3_Etch_MV_Heater2Temp__cycle_mean_std,G4_cycle_behavior,heater_temperature,VIP,1.7040144615579136,-1,19,True
10,pls,Stat3_Etch_MV_Heater2Temp__cycle_mean_slope,G4_cycle_behavior,heater_temperature,VIP,1.2493111895442615,-1,52,False
10,pls,Stat3_Etch_MV_Heater3Temp__active_mean,G1_level,heater_temperature,VIP,1.0597820309882167,-1,66,False
10,pls,Stat3_Etch_MV_Heater3Temp__active_std,G1_level,heater_temperature,VIP,1.2935578215941879,1,45,False
10,pls,Stat3_Etch_MV_Heater3Temp__active_range,G1_level,heater_temperature,VIP,1.0720211411448297,1,64,False
10,pls,Stat3_Etch_MV_Heater3Temp__active_slope,G2_temporal_drift,heater_temperature,VIP,0.36186921406527617,1,212,False
10,pls,Stat3_Etch_MV_Heater3Temp__early_late_delta,G2_temporal_drift,heater_temperature,VIP,0.4143633209411455,1,202,False
10,pls,Stat3_Etch_MV_Heater3Temp__long_phase_mean,G3_bosch_phase,heater_temperature,VIP,1.0519631251551005,-1,67,False
10,pls,Stat3_Etch_MV_Heater3Temp__short_phase_mean,G3_bosch_phase,heater_temperature,VIP,1.0770609895888184,-1,60,False
10,pls,Stat3_Etch_MV_Heater3Temp__phase_difference,G3_bosch_phase,heater_temperature,VIP,0.17317712298255397,1,237,False
10,pls,Stat3_Etch_MV_Heater3Temp__cycle_mean_std,G4_cycle_behavior,heater_temperature,VIP,1.2966727302972523,1,44,False
10,pls,Stat3_Etch_MV_Heater3Temp__cycle_mean_slope,G4_cycle_behavior,heater_temperature,VIP,0.35518875335827826,1,217,False
10,pls,Stat3_Etch_MV_Heater4Temp__active_mean,G1_level,heater_temperature,VIP,0.5062125185718789,1,185,False
10,pls,Stat3_Etch_MV_Heater4Temp__active_std,G1_level,heater_temperature,VIP,0.8294141792447448,1,99,False
10,pls,Stat3_Etch_MV_Heater4Temp__active_range,G1_level,heater_temperature,VIP,0.9465050112632976,1,77,False
10,pls,Stat3_Etch_MV_Heater4Temp__active_slope,G2_temporal_drift,heater_temperature,VIP,0.22245983572109132,1,229,False
10,pls,Stat3_Etch_MV_Heater4Temp__early_late_delta,G2_temporal_drift,heater_temperature,VIP,0.46445924310481573,-1,192,False
10,pls,Stat3_Etch_MV_Heater4Temp__long_phase_mean,G3_bosch_phase,heater_temperature,VIP,0.5051726889821689,1,187,False
10,pls,Stat3_Etch_MV_Heater4Temp__short_phase_mean,G3_bosch_phase,heater_temperature,VIP,0.5090389220835496,1,182,False
10,pls,Stat3_Etch_MV_Heater4Temp__phase_difference,G3_bosch_phase,heater_temperature,VIP,0.3712312959192131,-1,210,False
10,pls,Stat3_Etch_MV_Heater4Temp__cycle_mean_std,G4_cycle_behavior,heater_temperature,VIP,0.6862029555604262,1,122,False
10,pls,Stat3_Etch_MV_Heater4Temp__cycle_mean_slope,G4_cycle_behavior,heater_temperature,VIP,0.285635966070373,1,222,False
10,pls,Stat3_Etch_MV_HeliumBPFlow__active_mean,G1_level,gas_or_backside_flow,VIP,0.5650481459760492,1,171,False
10,pls,Stat3_Etch_MV_HeliumBPFlow__active_std,G1_level,gas_or_backside_flow,VIP,0.9076566439635965,-1,88,False
10,pls,Stat3_Etch_MV_HeliumBPFlow__active_range,G1_level,gas_or_backside_flow,VIP,0.9376445270488077,-1,80,False
10,pls,Stat3_Etch_MV_HeliumBPFlow__active_slope,G2_temporal_drift,gas_or_backside_flow,VIP,0.9241533693582582,1,83,False
10,pls,Stat3_Etch_MV_HeliumBPFlow__early_late_delta,G2_temporal_drift,gas_or_backside_flow,VIP,0.9414799741195152,1,79,False
10,pls,Stat3_Etch_MV_HeliumBPFlow__long_phase_mean,G3_bosch_phase,gas_or_backside_flow,VIP,0.5669431982962673,1,170,False
10,pls,Stat3_Etch_MV_HeliumBPFlow__short_phase_mean,G3_bosch_phase,gas_or_backside_flow,VIP,0.5597921644799524,1,173,False
10,pls,Stat3_Etch_MV_HeliumBPFlow__phase_difference,G3_bosch_phase,gas_or_backside_flow,VIP,0.8984172998612611,-1,91,False
10,pls,Stat3_Etch_MV_HeliumBPFlow__cycle_mean_std,G4_cycle_behavior,gas_or_backside_flow,VIP,0.8894007643565485,-1,92,False
10,pls,Stat3_Etch_MV_HeliumBPFlow__cycle_mean_slope,G4_cycle_behavior,gas_or_backside_flow,VIP,0.9276947837081428,1,82,False
10,pls,Stat3_Etch_MV_HeliumBPPressure__active_mean,G1_level,pressure,VIP,1.0763631534706364,-1,62,False
10,pls,Stat3_Etch_MV_HeliumBPPressure__active_std,G1_level,pressure,VIP,1.0308034347472832,1,70,False
10,pls,Stat3_Etch_MV_HeliumBPPressure__active_range,G1_level,pressure,VIP,0.2097607365248775,1,230,False
10,pls,Stat3_Etch_MV_HeliumBPPressure__active_slope,G2_temporal_drift,pressure,VIP,1.160103213325845,1,56,False
10,pls,Stat3_Etch_MV_HeliumBPPressure__early_late_delta,G2_temporal_drift,pressure,VIP,1.0960159684895316,1,58,False
10,pls,Stat3_Etch_MV_HeliumBPPressure__long_phase_mean,G3_bosch_phase,pressure,VIP,1.0339583879244716,-1,69,False
10,pls,Stat3_Etch_MV_HeliumBPPressure__short_phase_mean,G3_bosch_phase,pressure,VIP,1.0389184959222246,-1,68,False
10,pls,Stat3_Etch_MV_HeliumBPPressure__phase_difference,G3_bosch_phase,pressure,VIP,0.9225209093049479,-1,84,False
10,pls,Stat3_Etch_MV_HeliumBPPressure__cycle_mean_std,G4_cycle_behavior,pressure,VIP,1.1332270681234533,1,57,False
10,pls,Stat3_Etch_MV_HeliumBPPressure__cycle_mean_slope,G4_cycle_behavior,pressure,VIP,1.1948795944825334,1,54,False
10,pls,Stat3_Etch_MV_PlatenDcBias__active_mean,G1_level,rf_power_matching_electrical,VIP,0.4756560872435965,1,190,False
10,pls,Stat3_Etch_MV_PlatenDcBias__active_std,G1_level,rf_power_matching_electrical,VIP,1.5889462569900978,1,28,False
10,pls,Stat3_Etch_MV_PlatenDcBias__active_range,G1_level,rf_power_matching_electrical,VIP,1.5650061080241806,1,30,False
10,pls,Stat3_Etch_MV_PlatenDcBias__active_slope,G2_temporal_drift,rf_power_matching_electrical,VIP,1.6949477184515835,1,21,False
10,pls,Stat3_Etch_MV_PlatenDcBias__early_late_delta,G2_temporal_drift,rf_power_matching_electrical,VIP,1.3818246247227064,1,40,False
10,pls,Stat3_Etch_MV_PlatenDcBias__long_phase_mean,G3_bosch_phase,rf_power_matching_electrical,VIP,0.5766327935025111,1,167,False
10,pls,Stat3_Etch_MV_PlatenDcBias__short_phase_mean,G3_bosch_phase,rf_power_matching_electrical,VIP,1.0013826917986801,1,72,False
10,pls,Stat3_Etch_MV_PlatenDcBias__phase_difference,G3_bosch_phase,rf_power_matching_electrical,VIP,1.1632395224542933,-1,55,False
10,pls,Stat3_Etch_MV_PlatenDcBias__cycle_mean_std,G4_cycle_behavior,rf_power_matching_electrical,VIP,0.6310405127100341,-1,152,False
10,pls,Stat3_Etch_MV_PlatenDcBias__cycle_mean_slope,G4_cycle_behavior,rf_power_matching_electrical,VIP,1.6818870845162275,1,23,False
10,pls,Stat3_Etch_MV_PlatenRFLoadCapacitor__active_mean,G1_level,rf_power_matching_electrical,VIP,0.6618719783717576,1,130,False
10,pls,Stat3_Etch_MV_PlatenRFLoadCapacitor__active_std,G1_level,rf_power_matching_electrical,VIP,0.83300949631712,-1,98,False
10,pls,Stat3_Etch_MV_PlatenRFLoadCapacitor__active_range,G1_level,rf_power_matching_electrical,VIP,0.5045253727669463,1,188,False
10,pls,Stat3_Etch_MV_PlatenRFLoadCapacitor__active_slope,G2_temporal_drift,rf_power_matching_electrical,VIP,1.0806486455753046,-1,59,False
10,pls,Stat3_Etch_MV_PlatenRFLoadCapacitor__early_late_delta,G2_temporal_drift,rf_power_matching_electrical,VIP,0.6572889660932041,-1,140,False
10,pls,Stat3_Etch_MV_PlatenRFLoadCapacitor__long_phase_mean,G3_bosch_phase,rf_power_matching_electrical,VIP,0.6732495230274903,-1,127,False
10,pls,Stat3_Etch_MV_PlatenRFLoadCapacitor__short_phase_mean,G3_bosch_phase,rf_power_matching_electrical,VIP,0.6409397665917345,1,149,False
10,pls,Stat3_Etch_MV_PlatenRFLoadCapacitor__phase_difference,G3_bosch_phase,rf_power_matching_electrical,VIP,0.6652388364679083,-1,128,False
10,pls,Stat3_Etch_MV_PlatenRFLoadCapacitor__cycle_mean_std,G4_cycle_behavior,rf_power_matching_electrical,VIP,0.6216186791608165,1,158,False
10,pls,Stat3_Etch_MV_PlatenRFLoadCapacitor__cycle_mean_slope,G4_cycle_behavior,rf_power_matching_electrical,VIP,0.9122064696635407,1,85,False
10,pls,Stat3_Etch_MV_PlatenRFLoadPower__active_mean,G1_level,rf_power_matching_electrical,VIP,0.6241037252304459,-1,156,False
10,pls,Stat3_Etch_MV_PlatenRFLoadPower__active_std,G1_level,rf_power_matching_electrical,VIP,0.6491748913534086,1,144,False
10,pls,Stat3_Etch_MV_PlatenRFLoadPower__active_range,G1_level,rf_power_matching_electrical,VIP,1.7238456193146587,1,18,True
10,pls,Stat3_Etch_MV_PlatenRFLoadPower__active_slope,G2_temporal_drift,rf_power_matching_electrical,VIP,1.0768391885859512,1,61,False
10,pls,Stat3_Etch_MV_PlatenRFLoadPower__early_late_delta,G2_temporal_drift,rf_power_matching_electrical,VIP,0.6619903395914225,1,129,False
10,pls,Stat3_Etch_MV_PlatenRFLoadPower__long_phase_mean,G3_bosch_phase,rf_power_matching_electrical,VIP,0.6927596696147441,-1,120,False
10,pls,Stat3_Etch_MV_PlatenRFLoadPower__short_phase_mean,G3_bosch_phase,rf_power_matching_electrical,VIP,0.7224400681868588,-1,110,False
10,pls,Stat3_Etch_MV_PlatenRFLoadPower__phase_difference,G3_bosch_phase,rf_power_matching_electrical,VIP,0.7613677505633225,1,107,False
10,pls,Stat3_Etch_MV_PlatenRFLoadPower__cycle_mean_std,G4_cycle_behavior,rf_power_matching_electrical,VIP,0.8054885239085097,1,103,False
10,pls,Stat3_Etch_MV_PlatenRFLoadPower__cycle_mean_slope,G4_cycle_behavior,rf_power_matching_electrical,VIP,0.8033796877188685,1,104,False
10,pls,Stat3_Etch_MV_PlatenRFPeakToPeak__active_mean,G1_level,rf_power_matching_electrical,VIP,2.1432202158043947,-1,6,True
10,pls,Stat3_Etch_MV_PlatenRFPeakToPeak__active_std,G1_level,rf_power_matching_electrical,VIP,0.3050246875923752,-1,220,False
10,pls,Stat3_Etch_MV_PlatenRFPeakToPeak__active_range,G1_level,rf_power_matching_electrical,VIP,2.3461219635506874,-1,3,True
10,pls,Stat3_Etch_MV_PlatenRFPeakToPeak__active_slope,G2_temporal_drift,rf_power_matching_electrical,VIP,1.4861495846957946,1,35,False
10,pls,Stat3_Etch_MV_PlatenRFPeakToPeak__early_late_delta,G2_temporal_drift,rf_power_matching_electrical,VIP,0.9114827219812003,-1,86,False
10,pls,Stat3_Etch_MV_PlatenRFPeakToPeak__long_phase_mean,G3_bosch_phase,rf_power_matching_electrical,VIP,1.847377791273625,-1,17,True
10,pls,Stat3_Etch_MV_PlatenRFPeakToPeak__short_phase_mean,G3_bosch_phase,rf_power_matching_electrical,VIP,2.0314468244516126,-1,10,True
10,pls,Stat3_Etch_MV_PlatenRFPeakToPeak__phase_difference,G3_bosch_phase,rf_power_matching_electrical,VIP,1.2259577386319715,1,53,False
10,pls,Stat3_Etch_MV_PlatenRFPeakToPeak__cycle_mean_std,G4_cycle_behavior,rf_power_matching_electrical,VIP,0.6140617242644391,-1,161,False
10,pls,Stat3_Etch_MV_PlatenRFPeakToPeak__cycle_mean_slope,G4_cycle_behavior,rf_power_matching_electrical,VIP,1.297381759903161,1,43,False
10,pls,Stat3_Etch_MV_PlatenRFReflectedPower__active_mean,G1_level,rf_power_matching_electrical,VIP,0.4323311777384376,1,199,False
10,pls,Stat3_Etch_MV_PlatenRFReflectedPower__active_std,G1_level,rf_power_matching_electrical,VIP,0.9305710363490707,1,81,False
10,pls,Stat3_Etch_MV_PlatenRFReflectedPower__active_range,G1_level,rf_power_matching_electrical,VIP,2.090001743001237,1,7,True
10,pls,Stat3_Etch_MV_PlatenRFReflectedPower__active_slope,G2_temporal_drift,rf_power_matching_electrical,VIP,0.871552955566878,1,94,False
10,pls,Stat3_Etch_MV_PlatenRFReflectedPower__early_late_delta,G2_temporal_drift,rf_power_matching_electrical,VIP,0.6461779416063993,1,146,False
10,pls,Stat3_Etch_MV_PlatenRFReflectedPower__long_phase_mean,G3_bosch_phase,rf_power_matching_electrical,VIP,1.897289956348767,-1,15,True
10,pls,Stat3_Etch_MV_PlatenRFReflectedPower__short_phase_mean,G3_bosch_phase,rf_power_matching_electrical,VIP,1.622224492747069,1,25,False
10,pls,Stat3_Etch_MV_PlatenRFReflectedPower__phase_difference,G3_bosch_phase,rf_power_matching_electrical,VIP,1.8717570492624196,-1,16,True
10,pls,Stat3_Etch_MV_PlatenRFReflectedPower__cycle_mean_std,G4_cycle_behavior,rf_power_matching_electrical,VIP,0.6956775717938642,-1,118,False
10,pls,Stat3_Etch_MV_PlatenRFReflectedPower__cycle_mean_slope,G4_cycle_behavior,rf_power_matching_electrical,VIP,0.6798562010804774,1,125,False
10,pls,Stat3_Etch_MV_PlatenRFTuningCapacitor__active_mean,G1_level,rf_power_matching_electrical,VIP,2.437455999966581,-1,2,True
10,pls,Stat3_Etch_MV_PlatenRFTuningCapacitor__active_std,G1_level,rf_power_matching_electrical,VIP,1.6710012218975103,1,24,False
10,pls,Stat3_Etch_MV_PlatenRFTuningCapacitor__active_range,G1_level,rf_power_matching_electrical,VIP,1.415771692505854,1,37,False
10,pls,Stat3_Etch_MV_PlatenRFTuningCapacitor__active_slope,G2_temporal_drift,rf_power_matching_electrical,VIP,0.8986229630108189,1,90,False
10,pls,Stat3_Etch_MV_PlatenRFTuningCapacitor__early_late_delta,G2_temporal_drift,rf_power_matching_electrical,VIP,0.705208718106178,1,115,False
10,pls,Stat3_Etch_MV_PlatenRFTuningCapacitor__long_phase_mean,G3_bosch_phase,rf_power_matching_electrical,VIP,2.511666088275373,-1,1,True
10,pls,Stat3_Etch_MV_PlatenRFTuningCapacitor__short_phase_mean,G3_bosch_phase,rf_power_matching_electrical,VIP,1.3984845757122695,-1,39,False
10,pls,Stat3_Etch_MV_PlatenRFTuningCapacitor__phase_difference,G3_bosch_phase,rf_power_matching_electrical,VIP,2.1742849229441648,-1,5,True
10,pls,Stat3_Etch_MV_PlatenRFTuningCapacitor__cycle_mean_std,G4_cycle_behavior,rf_power_matching_electrical,VIP,0.6458351322802124,1,147,False
10,pls,Stat3_Etch_MV_PlatenRFTuningCapacitor__cycle_mean_slope,G4_cycle_behavior,rf_power_matching_electrical,VIP,0.7150225345489856,1,113,False
10,pls,Stat3_Etch_MV_Pressure__active_mean,G1_level,pressure,VIP,0.27844181633808296,1,223,False
10,pls,Stat3_Etch_MV_Pressure__active_std,G1_level,pressure,VIP,1.954385055898353,-1,12,True
10,pls,Stat3_Etch_MV_Pressure__active_range,G1_level,pressure,VIP,0.899815580533933,-1,89,False
10,pls,Stat3_Etch_MV_Pressure__active_slope,G2_temporal_drift,pressure,VIP,0.7770511471194774,1,105,False
10,pls,Stat3_Etch_MV_Pressure__early_late_delta,G2_temporal_drift,pressure,VIP,0.4647817820846427,1,191,False
10,pls,Stat3_Etch_MV_Pressure__long_phase_mean,G3_bosch_phase,pressure,VIP,0.13875500195474372,-1,239,False
10,pls,Stat3_Etch_MV_Pressure__short_phase_mean,G3_bosch_phase,pressure,VIP,0.23804434781063616,1,228,False
10,pls,Stat3_Etch_MV_Pressure__phase_difference,G3_bosch_phase,pressure,VIP,0.2069026529675069,-1,232,False
10,pls,Stat3_Etch_MV_Pressure__cycle_mean_std,G4_cycle_behavior,pressure,VIP,0.5979816790749023,1,163,False
10,pls,Stat3_Etch_MV_Pressure__cycle_mean_slope,G4_cycle_behavior,pressure,VIP,0.29905181370800854,-1,221,False
10,pls,Stat3_Etch_MV_SourceRF2PeakToPeak__active_mean,G1_level,rf_power_matching_electrical,VIP,0.19672536599725152,1,235,False
10,pls,Stat3_Etch_MV_SourceRF2PeakToPeak__active_std,G1_level,rf_power_matching_electrical,VIP,0.20884358245079404,1,231,False
10,pls,Stat3_Etch_MV_SourceRF2PeakToPeak__active_slope,G2_temporal_drift,rf_power_matching_electrical,VIP,0.35918726716226257,1,213,False
10,pls,Stat3_Etch_MV_SourceRF2PeakToPeak__early_late_delta,G2_temporal_drift,rf_power_matching_electrical,VIP,0.38037388318688625,-1,208,False
10,pls,Stat3_Etch_MV_SourceRF2PeakToPeak__long_phase_mean,G3_bosch_phase,rf_power_matching_electrical,VIP,0.19704727635192995,1,233,False
10,pls,Stat3_Etch_MV_SourceRF2PeakToPeak__phase_difference,G3_bosch_phase,rf_power_matching_electrical,VIP,0.19704727635192995,1,234,False
10,pls,Stat3_Etch_MV_SourceRF2PeakToPeak__cycle_mean_std,G4_cycle_behavior,rf_power_matching_electrical,VIP,0.17326929626761575,1,236,False
10,pls,Stat3_Etch_MV_SourceRF2PeakToPeak__cycle_mean_slope,G4_cycle_behavior,rf_power_matching_electrical,VIP,0.3737511535753996,1,209,False
10,pls,Stat3_Etch_MV_SourceRF2TuningCapacitor__active_mean,G1_level,rf_power_matching_electrical,VIP,0.6598838196624383,-1,132,False
10,pls,Stat3_Etch_MV_SourceRF2TuningCapacitor__active_std,G1_level,rf_power_matching_electrical,VIP,0.6586981759024921,1,136,False
10,pls,Stat3_Etch_MV_SourceRF2TuningCapacitor__active_slope,G2_temporal_drift,rf_power_matching_electrical,VIP,0.6598818786020046,1,133,False
10,pls,Stat3_Etch_MV_SourceRF2TuningCapacitor__early_late_delta,G2_temporal_drift,rf_power_matching_electrical,VIP,0.6598659442171738,1,134,False
10,pls,Stat3_Etch_MV_SourceRF2TuningCapacitor__short_phase_mean,G3_bosch_phase,rf_power_matching_electrical,VIP,0.6583405951404119,-1,137,False
10,pls,Stat3_Etch_MV_SourceRF2TuningCapacitor__phase_difference,G3_bosch_phase,rf_power_matching_electrical,VIP,0.6583405951404118,1,138,False
10,pls,Stat3_Etch_MV_SourceRFLoadPower__active_mean,G1_level,rf_power_matching_electrical,VIP,1.5095982806504045,1,34,False
10,pls,Stat3_Etch_MV_SourceRFLoadPower__active_std,G1_level,rf_power_matching_electrical,VIP,0.6504196204867865,1,143,False
10,pls,Stat3_Etch_MV_SourceRFLoadPower__active_range,G1_level,rf_power_matching_electrical,VIP,0.6937462253065754,-1,119,False
10,pls,Stat3_Etch_MV_SourceRFLoadPower__active_slope,G2_temporal_drift,rf_power_matching_electrical,VIP,0.5182720694220271,-1,181,False
10,pls,Stat3_Etch_MV_SourceRFLoadPower__early_late_delta,G2_temporal_drift,rf_power_matching_electrical,VIP,0.5578377554661799,1,174,False
10,pls,Stat3_Etch_MV_SourceRFLoadPower__long_phase_mean,G3_bosch_phase,rf_power_matching_electrical,VIP,2.004358350884391,1,11,True
10,pls,Stat3_Etch_MV_SourceRFLoadPower__short_phase_mean,G3_bosch_phase,rf_power_matching_electrical,VIP,0.6131157515089564,1,162,False
10,pls,Stat3_Etch_MV_SourceRFLoadPower__phase_difference,G3_bosch_phase,rf_power_matching_electrical,VIP,0.5900250831841779,1,165,False
10,pls,Stat3_Etch_MV_SourceRFLoadPower__cycle_mean_std,G4_cycle_behavior,rf_power_matching_electrical,VIP,0.8260740195121076,1,101,False
10,pls,Stat3_Etch_MV_SourceRFLoadPower__cycle_mean_slope,G4_cycle_behavior,rf_power_matching_electrical,VIP,0.7050000260586883,-1,116,False
10,pls,Stat3_Etch_MV_SourceRFPeakToPeak__active_mean,G1_level,rf_power_matching_electrical,VIP,0.6812044250492689,1,124,False
10,pls,Stat3_Etch_MV_SourceRFPeakToPeak__active_std,G1_level,rf_power_matching_electrical,VIP,0.5498429657319309,1,176,False
10,pls,Stat3_Etch_MV_SourceRFPeakToPeak__active_range,G1_level,rf_power_matching_electrical,VIP,0.7657738942174674,-1,106,False
10,pls,Stat3_Etch_MV_SourceRFPeakToPeak__active_slope,G2_temporal_drift,rf_power_matching_electrical,VIP,1.2661948328524808,-1,46,False
10,pls,Stat3_Etch_MV_SourceRFPeakToPeak__early_late_delta,G2_temporal_drift,rf_power_matching_electrical,VIP,1.0194422632223845,-1,71,False
10,pls,Stat3_Etch_MV_SourceRFPeakToPeak__long_phase_mean,G3_bosch_phase,rf_power_matching_electrical,VIP,0.647581921481674,1,145,False
10,pls,Stat3_Etch_MV_SourceRFPeakToPeak__short_phase_mean,G3_bosch_phase,rf_power_matching_electrical,VIP,0.8601141608239237,1,95,False
10,pls,Stat3_Etch_MV_SourceRFPeakToPeak__phase_difference,G3_bosch_phase,rf_power_matching_electrical,VIP,0.6429635083004022,1,148,False
10,pls,Stat3_Etch_MV_SourceRFPeakToPeak__cycle_mean_std,G4_cycle_behavior,rf_power_matching_electrical,VIP,0.36266802601837,1,211,False
10,pls,Stat3_Etch_MV_SourceRFPeakToPeak__cycle_mean_slope,G4_cycle_behavior,rf_power_matching_electrical,VIP,0.9584356720215945,-1,75,False
10,pls,Stat3_Etch_MV_SourceRFReflectedPower__active_mean,G1_level,rf_power_matching_electrical,VIP,2.0776956017989274,-1,8,True
10,pls,Stat3_Etch_MV_SourceRFReflectedPower__active_std,G1_level,rf_power_matching_electrical,VIP,1.690446650717239,-1,22,False
10,pls,Stat3_Etch_MV_SourceRFReflectedPower__active_range,G1_level,rf_power_matching_electrical,VIP,2.223444699105887,-1,4,True
10,pls,Stat3_Etch_MV_SourceRFReflectedPower__active_slope,G2_temporal_drift,rf_power_matching_electrical,VIP,1.3033772522666287,1,42,False
10,pls,Stat3_Etch_MV_SourceRFReflectedPower__early_late_delta,G2_temporal_drift,rf_power_matching_electrical,VIP,0.9416936256357286,1,78,False
10,pls,Stat3_Etch_MV_SourceRFReflectedPower__long_phase_mean,G3_bosch_phase,rf_power_matching_electrical,VIP,1.617017213545275,-1,26,False
10,pls,Stat3_Etch_MV_SourceRFReflectedPower__short_phase_mean,G3_bosch_phase,rf_power_matching_electrical,VIP,2.069203859839865,-1,9,True
10,pls,Stat3_Etch_MV_SourceRFReflectedPower__phase_difference,G3_bosch_phase,rf_power_matching_electrical,VIP,1.8974031894200374,1,14,True
10,pls,Stat3_Etch_MV_SourceRFReflectedPower__cycle_mean_std,G4_cycle_behavior,rf_power_matching_electrical,VIP,0.9708917057415933,1,73,False
10,pls,Stat3_Etch_MV_SourceRFReflectedPower__cycle_mean_slope,G4_cycle_behavior,rf_power_matching_electrical,VIP,1.2596739500877938,-1,47,False
10,pls,Stat3_Etch_MV_moriInnerCurrent__active_mean,G1_level,remaining_process_signals,VIP,1.5574002372541464,1,31,False
10,pls,Stat3_Etch_MV_moriInnerCurrent__active_std,G1_level,remaining_process_signals,VIP,0.8564846225950092,1,96,False
10,pls,Stat3_Etch_MV_moriInnerCurrent__active_range,G1_level,remaining_process_signals,VIP,0.5078266119636998,1,184,False
10,pls,Stat3_Etch_MV_moriInnerCurrent__active_slope,G2_temporal_drift,remaining_process_signals,VIP,0.74667362991608,-1,109,False
10,pls,Stat3_Etch_MV_moriInnerCurrent__early_late_delta,G2_temporal_drift,remaining_process_signals,VIP,0.6215412711586311,-1,159,False
10,pls,Stat3_Etch_MV_moriInnerCurrent__long_phase_mean,G3_bosch_phase,remaining_process_signals,VIP,1.570492743566194,-1,29,False
10,pls,Stat3_Etch_MV_moriInnerCurrent__short_phase_mean,G3_bosch_phase,remaining_process_signals,VIP,0.9589492863475065,1,74,False
10,pls,Stat3_Etch_MV_moriInnerCurrent__phase_difference,G3_bosch_phase,remaining_process_signals,VIP,0.3569341510642019,-1,216,False
10,pls,Stat3_Etch_MV_moriInnerCurrent__cycle_mean_std,G4_cycle_behavior,remaining_process_signals,VIP,1.4052761235942188,1,38,False
10,pls,Stat3_Etch_MV_moriInnerCurrent__cycle_mean_slope,G4_cycle_behavior,remaining_process_signals,VIP,0.7529879861885642,-1,108,False
10,ridge,Stat3_Etch_MV_ForeLinePressure__active_mean,G1_level,pressure,absolute_standardized_coefficient,9.205920802254409e-06,-1,241,False
10,ridge,Stat3_Etch_MV_ForeLinePressure__active_std,G1_level,pressure,absolute_standardized_coefficient,0.014997780441430948,-1,16,True
10,ridge,Stat3_Etch_MV_ForeLinePressure__active_range,G1_level,pressure,absolute_standardized_coefficient,0.02000374651418814,-1,3,True
10,ridge,Stat3_Etch_MV_ForeLinePressure__active_slope,G2_temporal_drift,pressure,absolute_standardized_coefficient,0.004028736613531387,-1,98,False
10,ridge,Stat3_Etch_MV_ForeLinePressure__early_late_delta,G2_temporal_drift,pressure,absolute_standardized_coefficient,0.002109388623694886,-1,142,False
10,ridge,Stat3_Etch_MV_ForeLinePressure__long_phase_mean,G3_bosch_phase,pressure,absolute_standardized_coefficient,0.002311908967698775,-1,138,False
10,ridge,Stat3_Etch_MV_ForeLinePressure__short_phase_mean,G3_bosch_phase,pressure,absolute_standardized_coefficient,0.005216857121033603,1,79,False
10,ridge,Stat3_Etch_MV_ForeLinePressure__phase_difference,G3_bosch_phase,pressure,absolute_standardized_coefficient,0.009675051433709595,-1,26,False
10,ridge,Stat3_Etch_MV_ForeLinePressure__cycle_mean_std,G4_cycle_behavior,pressure,absolute_standardized_coefficient,0.007234187588016756,1,48,False
10,ridge,Stat3_Etch_MV_ForeLinePressure__cycle_mean_slope,G4_cycle_behavior,pressure,absolute_standardized_coefficient,0.0026205270583780724,1,128,False
10,ridge,Stat3_Etch_MV_Gas1Flow__active_mean,G1_level,gas_or_backside_flow,absolute_standardized_coefficient,0.0007946213487406912,-1,210,False
10,ridge,Stat3_Etch_MV_Gas1Flow__active_std,G1_level,gas_or_backside_flow,absolute_standardized_coefficient,0.0020185339765720913,1,153,False
10,ridge,Stat3_Etch_MV_Gas1Flow__active_range,G1_level,gas_or_backside_flow,absolute_standardized_coefficient,0.0036105902582579696,1,108,False
10,ridge,Stat3_Etch_MV_Gas1Flow__active_slope,G2_temporal_drift,gas_or_backside_flow,absolute_standardized_coefficient,0.0012994938512260374,-1,184,False
10,ridge,Stat3_Etch_MV_Gas1Flow__early_late_delta,G2_temporal_drift,gas_or_backside_flow,absolute_standardized_coefficient,0.0012042691319199056,-1,189,False
10,ridge,Stat3_Etch_MV_Gas1Flow__long_phase_mean,G3_bosch_phase,gas_or_backside_flow,absolute_standardized_coefficient,0.0038901208399919596,-1,101,False
10,ridge,Stat3_Etch_MV_Gas1Flow__short_phase_mean,G3_bosch_phase,gas_or_backside_flow,absolute_standardized_coefficient,0.0010815910644477171,1,197,False
10,ridge,Stat3_Etch_MV_Gas1Flow__phase_difference,G3_bosch_phase,gas_or_backside_flow,absolute_standardized_coefficient,0.0019757115551680216,-1,157,False
10,ridge,Stat3_Etch_MV_Gas1Flow__cycle_mean_std,G4_cycle_behavior,gas_or_backside_flow,absolute_standardized_coefficient,0.0035899250747444197,1,109,False
10,ridge,Stat3_Etch_MV_Gas1Flow__cycle_mean_slope,G4_cycle_behavior,gas_or_backside_flow,absolute_standardized_coefficient,0.005658510552623491,1,72,False
10,ridge,Stat3_Etch_MV_Gas2Flow__active_mean,G1_level,gas_or_backside_flow,absolute_standardized_coefficient,0.0013398090843123047,1,181,False
10,ridge,Stat3_Etch_MV_Gas2Flow__active_std,G1_level,gas_or_backside_flow,absolute_standardized_coefficient,0.009204077768175868,1,28,False
10,ridge,Stat3_Etch_MV_Gas2Flow__active_range,G1_level,gas_or_backside_flow,absolute_standardized_coefficient,0.008385195203113243,1,34,False
10,ridge,Stat3_Etch_MV_Gas2Flow__active_slope,G2_temporal_drift,gas_or_backside_flow,absolute_standardized_coefficient,0.003475211214325967,1,112,False
10,ridge,Stat3_Etch_MV_Gas2Flow__early_late_delta,G2_temporal_drift,gas_or_backside_flow,absolute_standardized_coefficient,0.002172515563946849,1,140,False
10,ridge,Stat3_Etch_MV_Gas2Flow__long_phase_mean,G3_bosch_phase,gas_or_backside_flow,absolute_standardized_coefficient,0.0013523999597745617,1,180,False
10,ridge,Stat3_Etch_MV_Gas2Flow__short_phase_mean,G3_bosch_phase,gas_or_backside_flow,absolute_standardized_coefficient,0.0013060928089259195,1,183,False
10,ridge,Stat3_Etch_MV_Gas2Flow__phase_difference,G3_bosch_phase,gas_or_backside_flow,absolute_standardized_coefficient,0.0010158617795124876,1,201,False
10,ridge,Stat3_Etch_MV_Gas2Flow__cycle_mean_std,G4_cycle_behavior,gas_or_backside_flow,absolute_standardized_coefficient,0.010069545227105077,1,23,False
10,ridge,Stat3_Etch_MV_Gas2Flow__cycle_mean_slope,G4_cycle_behavior,gas_or_backside_flow,absolute_standardized_coefficient,0.0036523334785468825,1,107,False
10,ridge,Stat3_Etch_MV_Gas4Flow__active_mean,G1_level,gas_or_backside_flow,absolute_standardized_coefficient,0.0036777842428252,-1,106,False
10,ridge,Stat3_Etch_MV_Gas4Flow__active_std,G1_level,gas_or_backside_flow,absolute_standardized_coefficient,0.0014459784335039457,-1,174,False
10,ridge,Stat3_Etch_MV_Gas4Flow__active_slope,G2_temporal_drift,gas_or_backside_flow,absolute_standardized_coefficient,0.0005152189394495039,1,221,False
10,ridge,Stat3_Etch_MV_Gas4Flow__early_late_delta,G2_temporal_drift,gas_or_backside_flow,absolute_standardized_coefficient,0.0024489002832148127,1,131,False
10,ridge,Stat3_Etch_MV_Gas4Flow__long_phase_mean,G3_bosch_phase,gas_or_backside_flow,absolute_standardized_coefficient,0.00048674973753464433,1,223,False
10,ridge,Stat3_Etch_MV_Gas4Flow__short_phase_mean,G3_bosch_phase,gas_or_backside_flow,absolute_standardized_coefficient,0.0010889713144234979,1,196,False
10,ridge,Stat3_Etch_MV_Gas4Flow__phase_difference,G3_bosch_phase,gas_or_backside_flow,absolute_standardized_coefficient,0.0012387125531984249,-1,186,False
10,ridge,Stat3_Etch_MV_Gas4Flow__cycle_mean_std,G4_cycle_behavior,gas_or_backside_flow,absolute_standardized_coefficient,0.007424487353334928,1,46,False
10,ridge,Stat3_Etch_MV_Gas4Flow__cycle_mean_slope,G4_cycle_behavior,gas_or_backside_flow,absolute_standardized_coefficient,0.00405863521629757,-1,96,False
10,ridge,Stat3_Etch_MV_Gas5Flow__active_mean,G1_level,gas_or_backside_flow,absolute_standardized_coefficient,0.005880221089273465,1,70,False
10,ridge,Stat3_Etch_MV_Gas5Flow__active_std,G1_level,gas_or_backside_flow,absolute_standardized_coefficient,0.005493631932575794,-1,76,False
10,ridge,Stat3_Etch_MV_Gas5Flow__active_slope,G2_temporal_drift,gas_or_backside_flow,absolute_standardized_coefficient,0.0011732304086168148,-1,190,False
10,ridge,Stat3_Etch_MV_Gas5Flow__early_late_delta,G2_temporal_drift,gas_or_backside_flow,absolute_standardized_coefficient,0.0027254419441362534,-1,126,False
10,ridge,Stat3_Etch_MV_Gas5Flow__long_phase_mean,G3_bosch_phase,gas_or_backside_flow,absolute_standardized_coefficient,0.00021096124847542162,1,234,False
10,ridge,Stat3_Etch_MV_Gas5Flow__short_phase_mean,G3_bosch_phase,gas_or_backside_flow,absolute_standardized_coefficient,0.0001517266650613155,-1,235,False
10,ridge,Stat3_Etch_MV_Gas5Flow__phase_difference,G3_bosch_phase,gas_or_backside_flow,absolute_standardized_coefficient,0.0008301606663384592,1,209,False
10,ridge,Stat3_Etch_MV_Gas5Flow__cycle_mean_std,G4_cycle_behavior,gas_or_backside_flow,absolute_standardized_coefficient,0.006926153647195003,1,51,False
10,ridge,Stat3_Etch_MV_Gas5Flow__cycle_mean_slope,G4_cycle_behavior,gas_or_backside_flow,absolute_standardized_coefficient,0.0040814750230159045,1,95,False
10,ridge,Stat3_Etch_MV_Gas7Flow__active_mean,G1_level,gas_or_backside_flow,absolute_standardized_coefficient,0.0019167942287564264,-1,161,False
10,ridge,Stat3_Etch_MV_Gas7Flow__active_std,G1_level,gas_or_backside_flow,absolute_standardized_coefficient,0.0009140744511863877,1,204,False
10,ridge,Stat3_Etch_MV_Gas7Flow__active_range,G1_level,gas_or_backside_flow,absolute_standardized_coefficient,0.0011275411695911529,-1,194,False
10,ridge,Stat3_Etch_MV_Gas7Flow__active_slope,G2_temporal_drift,gas_or_backside_flow,absolute_standardized_coefficient,0.004408598334495497,1,92,False
10,ridge,Stat3_Etch_MV_Gas7Flow__early_late_delta,G2_temporal_drift,gas_or_backside_flow,absolute_standardized_coefficient,0.0037457534423759598,1,103,False
10,ridge,Stat3_Etch_MV_Gas7Flow__long_phase_mean,G3_bosch_phase,gas_or_backside_flow,absolute_standardized_coefficient,0.0019624181383661073,-1,158,False
10,ridge,Stat3_Etch_MV_Gas7Flow__short_phase_mean,G3_bosch_phase,gas_or_backside_flow,absolute_standardized_coefficient,0.0017862205898985352,-1,164,False
10,ridge,Stat3_Etch_MV_Gas7Flow__phase_difference,G3_bosch_phase,gas_or_backside_flow,absolute_standardized_coefficient,0.004673639902783095,-1,88,False
10,ridge,Stat3_Etch_MV_Gas7Flow__cycle_mean_std,G4_cycle_behavior,gas_or_backside_flow,absolute_standardized_coefficient,0.0018679149487165916,-1,163,False
10,ridge,Stat3_Etch_MV_Gas7Flow__cycle_mean_slope,G4_cycle_behavior,gas_or_backside_flow,absolute_standardized_coefficient,0.004317788815355455,1,94,False
10,ridge,Stat3_Etch_MV_Heater1Temp__active_mean,G1_level,heater_temperature,absolute_standardized_coefficient,0.0031298092246085604,-1,121,False
10,ridge,Stat3_Etch_MV_Heater1Temp__active_std,G1_level,heater_temperature,absolute_standardized_coefficient,0.0034958763494374765,-1,111,False
10,ridge,Stat3_Etch_MV_Heater1Temp__active_slope,G2_temporal_drift,heater_temperature,absolute_standardized_coefficient,0.0008985726352949896,-1,206,False
10,ridge,Stat3_Etch_MV_Heater1Temp__early_late_delta,G2_temporal_drift,heater_temperature,absolute_standardized_coefficient,0.003857759765712353,-1,102,False
10,ridge,Stat3_Etch_MV_Heater1Temp__long_phase_mean,G3_bosch_phase,heater_temperature,absolute_standardized_coefficient,0.0032517083459140603,-1,119,False
10,ridge,Stat3_Etch_MV_Heater1Temp__short_phase_mean,G3_bosch_phase,heater_temperature,absolute_standardized_coefficient,0.0019407023208514612,-1,159,False
10,ridge,Stat3_Etch_MV_Heater1Temp__phase_difference,G3_bosch_phase,heater_temperature,absolute_standardized_coefficient,0.0012092932577850352,-1,188,False
10,ridge,Stat3_Etch_MV_Heater1Temp__cycle_mean_std,G4_cycle_behavior,heater_temperature,absolute_standardized_coefficient,0.0060514789053943835,1,67,False
10,ridge,Stat3_Etch_MV_Heater1Temp__cycle_mean_slope,G4_cycle_behavior,heater_temperature,absolute_standardized_coefficient,0.0013110105574785347,-1,182,False
10,ridge,Stat3_Etch_MV_Heater2Temp__active_mean,G1_level,heater_temperature,absolute_standardized_coefficient,0.006461292052916106,1,59,False
10,ridge,Stat3_Etch_MV_Heater2Temp__active_std,G1_level,heater_temperature,absolute_standardized_coefficient,0.009922834528661776,-1,25,False
10,ridge,Stat3_Etch_MV_Heater2Temp__active_range,G1_level,heater_temperature,absolute_standardized_coefficient,0.007552842349010071,-1,43,False
10,ridge,Stat3_Etch_MV_Heater2Temp__active_slope,G2_temporal_drift,heater_temperature,absolute_standardized_coefficient,0.0033784137395180503,-1,114,False
10,ridge,Stat3_Etch_MV_Heater2Temp__early_late_delta,G2_temporal_drift,heater_temperature,absolute_standardized_coefficient,0.004788298144455241,-1,85,False
10,ridge,Stat3_Etch_MV_Heater2Temp__long_phase_mean,G3_bosch_phase,heater_temperature,absolute_standardized_coefficient,0.0064682543037829845,1,58,False
10,ridge,Stat3_Etch_MV_Heater2Temp__short_phase_mean,G3_bosch_phase,heater_temperature,absolute_standardized_coefficient,0.006440893953490254,1,60,False
10,ridge,Stat3_Etch_MV_Heater2Temp__phase_difference,G3_bosch_phase,heater_temperature,absolute_standardized_coefficient,0.0023387212186553596,1,136,False
10,ridge,Stat3_Etch_MV_Heater2Temp__cycle_mean_std,G4_cycle_behavior,heater_temperature,absolute_standardized_coefficient,0.009964518971412916,-1,24,False
10,ridge,Stat3_Etch_MV_Heater2Temp__cycle_mean_slope,G4_cycle_behavior,heater_temperature,absolute_standardized_coefficient,0.0032952471717810254,-1,118,False
10,ridge,Stat3_Etch_MV_Heater3Temp__active_mean,G1_level,heater_temperature,absolute_standardized_coefficient,0.0014533019370297105,-1,173,False
10,ridge,Stat3_Etch_MV_Heater3Temp__active_std,G1_level,heater_temperature,absolute_standardized_coefficient,0.008895984214839113,1,30,False
10,ridge,Stat3_Etch_MV_Heater3Temp__active_range,G1_level,heater_temperature,absolute_standardized_coefficient,0.008378456144498983,1,35,False
10,ridge,Stat3_Etch_MV_Heater3Temp__active_slope,G2_temporal_drift,heater_temperature,absolute_standardized_coefficient,0.0006911100113072967,1,214,False
10,ridge,Stat3_Etch_MV_Heater3Temp__early_late_delta,G2_temporal_drift,heater_temperature,absolute_standardized_coefficient,0.0003235818232130154,1,228,False
10,ridge,Stat3_Etch_MV_Heater3Temp__long_phase_mean,G3_bosch_phase,heater_temperature,absolute_standardized_coefficient,0.0014406179553923372,-1,175,False
10,ridge,Stat3_Etch_MV_Heater3Temp__short_phase_mean,G3_bosch_phase,heater_temperature,absolute_standardized_coefficient,0.001493607277781262,-1,171,False
10,ridge,Stat3_Etch_MV_Heater3Temp__phase_difference,G3_bosch_phase,heater_temperature,absolute_standardized_coefficient,0.00032249834540718295,1,229,False
10,ridge,Stat3_Etch_MV_Heater3Temp__cycle_mean_std,G4_cycle_behavior,heater_temperature,absolute_standardized_coefficient,0.007524220065435627,1,44,False
10,ridge,Stat3_Etch_MV_Heater3Temp__cycle_mean_slope,G4_cycle_behavior,heater_temperature,absolute_standardized_coefficient,0.0007046029089104403,1,213,False
10,ridge,Stat3_Etch_MV_Heater4Temp__active_mean,G1_level,heater_temperature,absolute_standardized_coefficient,0.0011606972530102534,1,192,False
10,ridge,Stat3_Etch_MV_Heater4Temp__active_std,G1_level,heater_temperature,absolute_standardized_coefficient,0.0059146064458365805,1,69,False
10,ridge,Stat3_Etch_MV_Heater4Temp__active_range,G1_level,heater_temperature,absolute_standardized_coefficient,0.0020661517740598154,-1,147,False
10,ridge,Stat3_Etch_MV_Heater4Temp__active_slope,G2_temporal_drift,heater_temperature,absolute_standardized_coefficient,0.002323169672480497,-1,137,False
10,ridge,Stat3_Etch_MV_Heater4Temp__early_late_delta,G2_temporal_drift,heater_temperature,absolute_standardized_coefficient,0.0020166639702409225,-1,154,False
10,ridge,Stat3_Etch_MV_Heater4Temp__long_phase_mean,G3_bosch_phase,heater_temperature,absolute_standardized_coefficient,0.0011592302975292233,1,193,False
10,ridge,Stat3_Etch_MV_Heater4Temp__short_phase_mean,G3_bosch_phase,heater_temperature,absolute_standardized_coefficient,0.0011645423154288451,1,191,False
10,ridge,Stat3_Etch_MV_Heater4Temp__phase_difference,G3_bosch_phase,heater_temperature,absolute_standardized_coefficient,0.0005183573432021079,-1,220,False
10,ridge,Stat3_Etch_MV_Heater4Temp__cycle_mean_std,G4_cycle_behavior,heater_temperature,absolute_standardized_coefficient,0.004714580365214079,1,86,False
10,ridge,Stat3_Etch_MV_Heater4Temp__cycle_mean_slope,G4_cycle_behavior,heater_temperature,absolute_standardized_coefficient,0.0016204006237438527,-1,169,False
10,ridge,Stat3_Etch_MV_HeliumBPFlow__active_mean,G1_level,gas_or_backside_flow,absolute_standardized_coefficient,0.0020797629409076345,1,145,False
10,ridge,Stat3_Etch_MV_HeliumBPFlow__active_std,G1_level,gas_or_backside_flow,absolute_standardized_coefficient,0.0008683105087058814,1,207,False
10,ridge,Stat3_Etch_MV_HeliumBPFlow__active_range,G1_level,gas_or_backside_flow,absolute_standardized_coefficient,0.001037416268358395,1,199,False
10,ridge,Stat3_Etch_MV_HeliumBPFlow__active_slope,G2_temporal_drift,gas_or_backside_flow,absolute_standardized_coefficient,0.0007822325268291604,1,211,False
10,ridge,Stat3_Etch_MV_HeliumBPFlow__early_late_delta,G2_temporal_drift,gas_or_backside_flow,absolute_standardized_coefficient,0.0005625238745493858,1,217,False
10,ridge,Stat3_Etch_MV_HeliumBPFlow__long_phase_mean,G3_bosch_phase,gas_or_backside_flow,absolute_standardized_coefficient,0.002070800307902201,1,146,False
10,ridge,Stat3_Etch_MV_HeliumBPFlow__short_phase_mean,G3_bosch_phase,gas_or_backside_flow,absolute_standardized_coefficient,0.0021066140991190248,1,143,False
10,ridge,Stat3_Etch_MV_HeliumBPFlow__phase_difference,G3_bosch_phase,gas_or_backside_flow,absolute_standardized_coefficient,0.0021353342435187885,-1,141,False
10,ridge,Stat3_Etch_MV_HeliumBPFlow__cycle_mean_std,G4_cycle_behavior,gas_or_backside_flow,absolute_standardized_coefficient,0.0005873148185538695,1,216,False
10,ridge,Stat3_Etch_MV_HeliumBPFlow__cycle_mean_slope,G4_cycle_behavior,gas_or_backside_flow,absolute_standardized_coefficient,0.0007085329306785294,1,212,False
10,ridge,Stat3_Etch_MV_HeliumBPPressure__active_mean,G1_level,pressure,absolute_standardized_coefficient,0.005570996699307439,-1,75,False
10,ridge,Stat3_Etch_MV_HeliumBPPressure__active_std,G1_level,pressure,absolute_standardized_coefficient,0.0046179218259637155,1,90,False
10,ridge,Stat3_Etch_MV_HeliumBPPressure__active_range,G1_level,pressure,absolute_standardized_coefficient,0.00023549820165544386,-1,232,False
10,ridge,Stat3_Etch_MV_HeliumBPPressure__active_slope,G2_temporal_drift,pressure,absolute_standardized_coefficient,0.004995598376747949,1,81,False
10,ridge,Stat3_Etch_MV_HeliumBPPressure__early_late_delta,G2_temporal_drift,pressure,absolute_standardized_coefficient,0.004942825872408333,1,83,False
10,ridge,Stat3_Etch_MV_HeliumBPPressure__long_phase_mean,G3_bosch_phase,pressure,absolute_standardized_coefficient,0.006567177890501325,-1,55,False
10,ridge,Stat3_Etch_MV_HeliumBPPressure__short_phase_mean,G3_bosch_phase,pressure,absolute_standardized_coefficient,0.00210120742602927,-1,144,False
10,ridge,Stat3_Etch_MV_HeliumBPPressure__phase_difference,G3_bosch_phase,pressure,absolute_standardized_coefficient,0.002393274643171076,-1,132,False
10,ridge,Stat3_Etch_MV_HeliumBPPressure__cycle_mean_std,G4_cycle_behavior,pressure,absolute_standardized_coefficient,0.008782621739384072,1,31,False
10,ridge,Stat3_Etch_MV_HeliumBPPressure__cycle_mean_slope,G4_cycle_behavior,pressure,absolute_standardized_coefficient,0.005641239204562845,1,73,False
10,ridge,Stat3_Etch_MV_PlatenDcBias__active_mean,G1_level,rf_power_matching_electrical,absolute_standardized_coefficient,0.0030930931071219553,1,122,False
10,ridge,Stat3_Etch_MV_PlatenDcBias__active_std,G1_level,rf_power_matching_electrical,absolute_standardized_coefficient,0.006160480499661197,1,64,False
10,ridge,Stat3_Etch_MV_PlatenDcBias__active_range,G1_level,rf_power_matching_electrical,absolute_standardized_coefficient,0.006398953269347939,1,61,False
10,ridge,Stat3_Etch_MV_PlatenDcBias__active_slope,G2_temporal_drift,rf_power_matching_electrical,absolute_standardized_coefficient,0.0018940079372210805,1,162,False
10,ridge,Stat3_Etch_MV_PlatenDcBias__early_late_delta,G2_temporal_drift,rf_power_matching_electrical,absolute_standardized_coefficient,0.0009540939038527738,1,202,False
10,ridge,Stat3_Etch_MV_PlatenDcBias__long_phase_mean,G3_bosch_phase,rf_power_matching_electrical,absolute_standardized_coefficient,0.00025258478358742447,1,231,False
10,ridge,Stat3_Etch_MV_PlatenDcBias__short_phase_mean,G3_bosch_phase,rf_power_matching_electrical,absolute_standardized_coefficient,0.006524611090388088,1,57,False
10,ridge,Stat3_Etch_MV_PlatenDcBias__phase_difference,G3_bosch_phase,rf_power_matching_electrical,absolute_standardized_coefficient,0.0061091514768175075,-1,66,False
10,ridge,Stat3_Etch_MV_PlatenDcBias__cycle_mean_std,G4_cycle_behavior,rf_power_matching_electrical,absolute_standardized_coefficient,0.003447254007631789,-1,113,False
10,ridge,Stat3_Etch_MV_PlatenDcBias__cycle_mean_slope,G4_cycle_behavior,rf_power_matching_electrical,absolute_standardized_coefficient,0.0017708775105557068,1,165,False
10,ridge,Stat3_Etch_MV_PlatenRFLoadCapacitor__active_mean,G1_level,rf_power_matching_electrical,absolute_standardized_coefficient,0.00047168519518205813,1,224,False
10,ridge,Stat3_Etch_MV_PlatenRFLoadCapacitor__active_std,G1_level,rf_power_matching_electrical,absolute_standardized_coefficient,0.009560819441545795,-1,27,False
10,ridge,Stat3_Etch_MV_PlatenRFLoadCapacitor__active_range,G1_level,rf_power_matching_electrical,absolute_standardized_coefficient,0.0009140491353391788,-1,205,False
10,ridge,Stat3_Etch_MV_PlatenRFLoadCapacitor__active_slope,G2_temporal_drift,rf_power_matching_electrical,absolute_standardized_coefficient,0.0039479612565113745,-1,100,False
10,ridge,Stat3_Etch_MV_PlatenRFLoadCapacitor__early_late_delta,G2_temporal_drift,rf_power_matching_electrical,absolute_standardized_coefficient,0.006148941459314613,-1,65,False
10,ridge,Stat3_Etch_MV_PlatenRFLoadCapacitor__long_phase_mean,G3_bosch_phase,rf_power_matching_electrical,absolute_standardized_coefficient,0.00013981341541990304,1,237,False
10,ridge,Stat3_Etch_MV_PlatenRFLoadCapacitor__short_phase_mean,G3_bosch_phase,rf_power_matching_electrical,absolute_standardized_coefficient,0.0010790398430929635,1,198,False
10,ridge,Stat3_Etch_MV_PlatenRFLoadCapacitor__phase_difference,G3_bosch_phase,rf_power_matching_electrical,absolute_standardized_coefficient,0.0012637067929520353,-1,185,False
10,ridge,Stat3_Etch_MV_PlatenRFLoadCapacitor__cycle_mean_std,G4_cycle_behavior,rf_power_matching_electrical,absolute_standardized_coefficient,0.00021821617583407497,1,233,False
10,ridge,Stat3_Etch_MV_PlatenRFLoadCapacitor__cycle_mean_slope,G4_cycle_behavior,rf_power_matching_electrical,absolute_standardized_coefficient,0.0004914055648919846,1,222,False
10,ridge,Stat3_Etch_MV_PlatenRFLoadPower__active_mean,G1_level,rf_power_matching_electrical,absolute_standardized_coefficient,0.0061803437507503165,-1,63,False
10,ridge,Stat3_Etch_MV_PlatenRFLoadPower__active_std,G1_level,rf_power_matching_electrical,absolute_standardized_coefficient,0.00280482894781384,1,124,False
10,ridge,Stat3_Etch_MV_PlatenRFLoadPower__active_range,G1_level,rf_power_matching_electrical,absolute_standardized_coefficient,0.006708038501255009,1,53,False
10,ridge,Stat3_Etch_MV_PlatenRFLoadPower__active_slope,G2_temporal_drift,rf_power_matching_electrical,absolute_standardized_coefficient,0.005678449259417125,1,71,False
10,ridge,Stat3_Etch_MV_PlatenRFLoadPower__early_late_delta,G2_temporal_drift,rf_power_matching_electrical,absolute_standardized_coefficient,0.003227088609719827,-1,120,False
10,ridge,Stat3_Etch_MV_PlatenRFLoadPower__long_phase_mean,G3_bosch_phase,rf_power_matching_electrical,absolute_standardized_coefficient,0.004973786466644529,-1,82,False
10,ridge,Stat3_Etch_MV_PlatenRFLoadPower__short_phase_mean,G3_bosch_phase,rf_power_matching_electrical,absolute_standardized_coefficient,0.0025750886624205925,-1,129,False
10,ridge,Stat3_Etch_MV_PlatenRFLoadPower__phase_difference,G3_bosch_phase,rf_power_matching_electrical,absolute_standardized_coefficient,0.00027417030242678653,-1,230,False
10,ridge,Stat3_Etch_MV_PlatenRFLoadPower__cycle_mean_std,G4_cycle_behavior,rf_power_matching_electrical,absolute_standardized_coefficient,0.006626180593789327,1,54,False
10,ridge,Stat3_Etch_MV_PlatenRFLoadPower__cycle_mean_slope,G4_cycle_behavior,rf_power_matching_electrical,absolute_standardized_coefficient,0.004456211097522427,1,91,False
10,ridge,Stat3_Etch_MV_PlatenRFPeakToPeak__active_mean,G1_level,rf_power_matching_electrical,absolute_standardized_coefficient,0.011895613482558064,-1,21,False
10,ridge,Stat3_Etch_MV_PlatenRFPeakToPeak__active_std,G1_level,rf_power_matching_electrical,absolute_standardized_coefficient,0.0026249196988148713,-1,127,False
10,ridge,Stat3_Etch_MV_PlatenRFPeakToPeak__active_range,G1_level,rf_power_matching_electrical,absolute_standardized_coefficient,0.023517055318797754,-1,2,True
10,ridge,Stat3_Etch_MV_PlatenRFPeakToPeak__active_slope,G2_temporal_drift,rf_power_matching_electrical,absolute_standardized_coefficient,0.007487668855466147,1,45,False
10,ridge,Stat3_Etch_MV_PlatenRFPeakToPeak__early_late_delta,G2_temporal_drift,rf_power_matching_electrical,absolute_standardized_coefficient,0.004024580424040395,-1,99,False
10,ridge,Stat3_Etch_MV_PlatenRFPeakToPeak__long_phase_mean,G3_bosch_phase,rf_power_matching_electrical,absolute_standardized_coefficient,0.008903089084335819,-1,29,False
10,ridge,Stat3_Etch_MV_PlatenRFPeakToPeak__short_phase_mean,G3_bosch_phase,rf_power_matching_electrical,absolute_standardized_coefficient,0.01197706846181382,-1,20,True
10,ridge,Stat3_Etch_MV_PlatenRFPeakToPeak__phase_difference,G3_bosch_phase,rf_power_matching_electrical,absolute_standardized_coefficient,0.008376382153348537,1,36,False
10,ridge,Stat3_Etch_MV_PlatenRFPeakToPeak__cycle_mean_std,G4_cycle_behavior,rf_power_matching_electrical,absolute_standardized_coefficient,0.0028029751746205694,-1,125,False
10,ridge,Stat3_Etch_MV_PlatenRFPeakToPeak__cycle_mean_slope,G4_cycle_behavior,rf_power_matching_electrical,absolute_standardized_coefficient,0.005933260596179296,1,68,False
10,ridge,Stat3_Etch_MV_PlatenRFReflectedPower__active_mean,G1_level,rf_power_matching_electrical,absolute_standardized_coefficient,0.0010228074284024187,1,200,False
10,ridge,Stat3_Etch_MV_PlatenRFReflectedPower__active_std,G1_level,rf_power_matching_electrical,absolute_standardized_coefficient,0.004672030319200156,1,89,False
10,ridge,Stat3_Etch_MV_PlatenRFReflectedPower__active_range,G1_level,rf_power_matching_electrical,absolute_standardized_coefficient,0.018533353983241973,1,8,True
10,ridge,Stat3_Etch_MV_PlatenRFReflectedPower__active_slope,G2_temporal_drift,rf_power_matching_electrical,absolute_standardized_coefficient,0.0033123589042935,1,116,False
10,ridge,Stat3_Etch_MV_PlatenRFReflectedPower__early_late_delta,G2_temporal_drift,rf_power_matching_electrical,absolute_standardized_coefficient,0.0017429435033168687,1,166,False
10,ridge,Stat3_Etch_MV_PlatenRFReflectedPower__long_phase_mean,G3_bosch_phase,rf_power_matching_electrical,absolute_standardized_coefficient,0.015489744577166887,-1,15,True
10,ridge,Stat3_Etch_MV_PlatenRFReflectedPower__short_phase_mean,G3_bosch_phase,rf_power_matching_electrical,absolute_standardized_coefficient,0.014533026309733858,1,17,True
10,ridge,Stat3_Etch_MV_PlatenRFReflectedPower__phase_difference,G3_bosch_phase,rf_power_matching_electrical,absolute_standardized_coefficient,0.016476730668131472,-1,13,True
10,ridge,Stat3_Etch_MV_PlatenRFReflectedPower__cycle_mean_std,G4_cycle_behavior,rf_power_matching_electrical,absolute_standardized_coefficient,0.0033447212417510998,-1,115,False
10,ridge,Stat3_Etch_MV_PlatenRFReflectedPower__cycle_mean_slope,G4_cycle_behavior,rf_power_matching_electrical,absolute_standardized_coefficient,0.0015127633858455175,1,170,False
10,ridge,Stat3_Etch_MV_PlatenRFTuningCapacitor__active_mean,G1_level,rf_power_matching_electrical,absolute_standardized_coefficient,0.016921028923019305,-1,12,True
10,ridge,Stat3_Etch_MV_PlatenRFTuningCapacitor__active_std,G1_level,rf_power_matching_electrical,absolute_standardized_coefficient,0.012222660942664786,1,19,True
10,ridge,Stat3_Etch_MV_PlatenRFTuningCapacitor__active_range,G1_level,rf_power_matching_electrical,absolute_standardized_coefficient,0.01606877821027967,1,14,True
10,ridge,Stat3_Etch_MV_PlatenRFTuningCapacitor__active_slope,G2_temporal_drift,rf_power_matching_electrical,absolute_standardized_coefficient,0.007040327681398664,1,50,False
10,ridge,Stat3_Etch_MV_PlatenRFTuningCapacitor__early_late_delta,G2_temporal_drift,rf_power_matching_electrical,absolute_standardized_coefficient,0.0010971800872107708,1,195,False
10,ridge,Stat3_Etch_MV_PlatenRFTuningCapacitor__long_phase_mean,G3_bosch_phase,rf_power_matching_electrical,absolute_standardized_coefficient,0.018032393464140276,-1,10,True
10,ridge,Stat3_Etch_MV_PlatenRFTuningCapacitor__short_phase_mean,G3_bosch_phase,rf_power_matching_electrical,absolute_standardized_coefficient,0.005384956928876916,-1,77,False
10,ridge,Stat3_Etch_MV_PlatenRFTuningCapacitor__phase_difference,G3_bosch_phase,rf_power_matching_electrical,absolute_standardized_coefficient,0.018606559002979105,-1,7,True
10,ridge,Stat3_Etch_MV_PlatenRFTuningCapacitor__cycle_mean_std,G4_cycle_behavior,rf_power_matching_electrical,absolute_standardized_coefficient,0.0012102317942152014,1,187,False
10,ridge,Stat3_Etch_MV_PlatenRFTuningCapacitor__cycle_mean_slope,G4_cycle_behavior,rf_power_matching_electrical,absolute_standardized_coefficient,0.007713194421750817,1,42,False
10,ridge,Stat3_Etch_MV_Pressure__active_mean,G1_level,pressure,absolute_standardized_coefficient,0.0020048544772426264,1,155,False
10,ridge,Stat3_Etch_MV_Pressure__active_std,G1_level,pressure,absolute_standardized_coefficient,0.018426980235172145,-1,9,True
10,ridge,Stat3_Etch_MV_Pressure__active_range,G1_level,pressure,absolute_standardized_coefficient,0.0037232634753680215,-1,104,False
10,ridge,Stat3_Etch_MV_Pressure__active_slope,G2_temporal_drift,pressure,absolute_standardized_coefficient,0.0077886807132097995,1,41,False
10,ridge,Stat3_Etch_MV_Pressure__early_late_delta,G2_temporal_drift,pressure,absolute_standardized_coefficient,0.0009393726737391625,1,203,False
10,ridge,Stat3_Etch_MV_Pressure__long_phase_mean,G3_bosch_phase,pressure,absolute_standardized_coefficient,0.0023598018154036204,1,134,False
10,ridge,Stat3_Etch_MV_Pressure__short_phase_mean,G3_bosch_phase,pressure,absolute_standardized_coefficient,9.545385341252523e-06,-1,240,False
10,ridge,Stat3_Etch_MV_Pressure__phase_difference,G3_bosch_phase,pressure,absolute_standardized_coefficient,0.0005257016834314394,1,219,False
10,ridge,Stat3_Etch_MV_Pressure__cycle_mean_std,G4_cycle_behavior,pressure,absolute_standardized_coefficient,0.004395170609550744,1,93,False
10,ridge,Stat3_Etch_MV_Pressure__cycle_mean_slope,G4_cycle_behavior,pressure,absolute_standardized_coefficient,0.00046723038419198325,1,226,False
10,ridge,Stat3_Etch_MV_SourceRF2PeakToPeak__active_mean,G1_level,rf_power_matching_electrical,absolute_standardized_coefficient,0.0014627384344417923,1,172,False
10,ridge,Stat3_Etch_MV_SourceRF2PeakToPeak__active_std,G1_level,rf_power_matching_electrical,absolute_standardized_coefficient,0.0019188037426245276,1,160,False
10,ridge,Stat3_Etch_MV_SourceRF2PeakToPeak__active_slope,G2_temporal_drift,rf_power_matching_electrical,absolute_standardized_coefficient,0.0014221560397944173,-1,178,False
10,ridge,Stat3_Etch_MV_SourceRF2PeakToPeak__early_late_delta,G2_temporal_drift,rf_power_matching_electrical,absolute_standardized_coefficient,0.0032999178007200414,-1,117,False
10,ridge,Stat3_Etch_MV_SourceRF2PeakToPeak__long_phase_mean,G3_bosch_phase,rf_power_matching_electrical,absolute_standardized_coefficient,0.0014251846144282027,1,176,False
10,ridge,Stat3_Etch_MV_SourceRF2PeakToPeak__phase_difference,G3_bosch_phase,rf_power_matching_electrical,absolute_standardized_coefficient,0.0014251846144282027,1,177,False
10,ridge,Stat3_Etch_MV_SourceRF2PeakToPeak__cycle_mean_std,G4_cycle_behavior,rf_power_matching_electrical,absolute_standardized_coefficient,0.0008562410989054639,1,208,False
10,ridge,Stat3_Etch_MV_SourceRF2PeakToPeak__cycle_mean_slope,G4_cycle_behavior,rf_power_matching_electrical,absolute_standardized_coefficient,0.0014021657457335395,-1,179,False
10,ridge,Stat3_Etch_MV_SourceRF2TuningCapacitor__active_mean,G1_level,rf_power_matching_electrical,absolute_standardized_coefficient,0.0020470555442510118,-1,148,False
10,ridge,Stat3_Etch_MV_SourceRF2TuningCapacitor__active_std,G1_level,rf_power_matching_electrical,absolute_standardized_coefficient,0.0019862419542214025,1,156,False
10,ridge,Stat3_Etch_MV_SourceRF2TuningCapacitor__active_slope,G2_temporal_drift,rf_power_matching_electrical,absolute_standardized_coefficient,0.0020468503766699567,1,149,False
10,ridge,Stat3_Etch_MV_SourceRF2TuningCapacitor__early_late_delta,G2_temporal_drift,rf_power_matching_electrical,absolute_standardized_coefficient,0.0020451563821389128,1,150,False
10,ridge,Stat3_Etch_MV_SourceRF2TuningCapacitor__short_phase_mean,G3_bosch_phase,rf_power_matching_electrical,absolute_standardized_coefficient,0.002019263125238661,-1,152,False
10,ridge,Stat3_Etch_MV_SourceRF2TuningCapacitor__phase_difference,G3_bosch_phase,rf_power_matching_electrical,absolute_standardized_coefficient,0.0020192631252386618,1,151,False
10,ridge,Stat3_Etch_MV_SourceRFLoadPower__active_mean,G1_level,rf_power_matching_electrical,absolute_standardized_coefficient,0.008227064955999584,1,38,False
10,ridge,Stat3_Etch_MV_SourceRFLoadPower__active_std,G1_level,rf_power_matching_electrical,absolute_standardized_coefficient,0.00033034508250538784,-1,227,False
10,ridge,Stat3_Etch_MV_SourceRFLoadPower__active_range,G1_level,rf_power_matching_electrical,absolute_standardized_coefficient,0.008385485097110734,-1,33,False
10,ridge,Stat3_Etch_MV_SourceRFLoadPower__active_slope,G2_temporal_drift,rf_power_matching_electrical,absolute_standardized_coefficient,0.0023572016041583897,-1,135,False
10,ridge,Stat3_Etch_MV_SourceRFLoadPower__early_late_delta,G2_temporal_drift,rf_power_matching_electrical,absolute_standardized_coefficient,8.178039886912061e-05,1,238,False
10,ridge,Stat3_Etch_MV_SourceRFLoadPower__long_phase_mean,G3_bosch_phase,rf_power_matching_electrical,absolute_standardized_coefficient,0.011414044989179294,1,22,False
10,ridge,Stat3_Etch_MV_SourceRFLoadPower__short_phase_mean,G3_bosch_phase,rf_power_matching_electrical,absolute_standardized_coefficient,0.0016424687687158935,1,168,False
10,ridge,Stat3_Etch_MV_SourceRFLoadPower__phase_difference,G3_bosch_phase,rf_power_matching_electrical,absolute_standardized_coefficient,0.0017004410426784851,1,167,False
10,ridge,Stat3_Etch_MV_SourceRFLoadPower__cycle_mean_std,G4_cycle_behavior,rf_power_matching_electrical,absolute_standardized_coefficient,0.007168241909716535,1,49,False
10,ridge,Stat3_Etch_MV_SourceRFLoadPower__cycle_mean_slope,G4_cycle_behavior,rf_power_matching_electrical,absolute_standardized_coefficient,0.004680230008115433,-1,87,False
10,ridge,Stat3_Etch_MV_SourceRFPeakToPeak__active_mean,G1_level,rf_power_matching_electrical,absolute_standardized_coefficient,0.00836417620852885,1,37,False
10,ridge,Stat3_Etch_MV_SourceRFPeakToPeak__active_std,G1_level,rf_power_matching_electrical,absolute_standardized_coefficient,0.007264752124322635,1,47,False
10,ridge,Stat3_Etch_MV_SourceRFPeakToPeak__active_range,G1_level,rf_power_matching_electrical,absolute_standardized_coefficient,0.0005950517609077565,1,215,False
10,ridge,Stat3_Etch_MV_SourceRFPeakToPeak__active_slope,G2_temporal_drift,rf_power_matching_electrical,absolute_standardized_coefficient,0.008081269162821349,-1,39,False
10,ridge,Stat3_Etch_MV_SourceRFPeakToPeak__early_late_delta,G2_temporal_drift,rf_power_matching_electrical,absolute_standardized_coefficient,0.005282082600517201,-1,78,False
10,ridge,Stat3_Etch_MV_SourceRFPeakToPeak__long_phase_mean,G3_bosch_phase,rf_power_matching_electrical,absolute_standardized_coefficient,0.00849089475342207,1,32,False
10,ridge,Stat3_Etch_MV_SourceRFPeakToPeak__short_phase_mean,G3_bosch_phase,rf_power_matching_electrical,absolute_standardized_coefficient,0.006882101219416093,1,52,False
10,ridge,Stat3_Etch_MV_SourceRFPeakToPeak__phase_difference,G3_bosch_phase,rf_power_matching_electrical,absolute_standardized_coefficient,0.0061992254054290844,1,62,False
10,ridge,Stat3_Etch_MV_SourceRFPeakToPeak__cycle_mean_std,G4_cycle_behavior,rf_power_matching_electrical,absolute_standardized_coefficient,0.0040582438518484915,1,97,False
10,ridge,Stat3_Etch_MV_SourceRFPeakToPeak__cycle_mean_slope,G4_cycle_behavior,rf_power_matching_electrical,absolute_standardized_coefficient,0.005601141632498868,-1,74,False
10,ridge,Stat3_Etch_MV_SourceRFReflectedPower__active_mean,G1_level,rf_power_matching_electrical,absolute_standardized_coefficient,0.01895493123230154,-1,5,True
10,ridge,Stat3_Etch_MV_SourceRFReflectedPower__active_std,G1_level,rf_power_matching_electrical,absolute_standardized_coefficient,0.016989830488735574,-1,11,True
10,ridge,Stat3_Etch_MV_SourceRFReflectedPower__active_range,G1_level,rf_power_matching_electrical,absolute_standardized_coefficient,0.02498866359580333,-1,1,True
10,ridge,Stat3_Etch_MV_SourceRFReflectedPower__active_slope,G2_temporal_drift,rf_power_matching_electrical,absolute_standardized_coefficient,0.0022923108155903423,1,139,False
10,ridge,Stat3_Etch_MV_SourceRFReflectedPower__early_late_delta,G2_temporal_drift,rf_power_matching_electrical,absolute_standardized_coefficient,0.002953658672671152,1,123,False
10,ridge,Stat3_Etch_MV_SourceRFReflectedPower__long_phase_mean,G3_bosch_phase,rf_power_matching_electrical,absolute_standardized_coefficient,0.012741519527305435,-1,18,True
10,ridge,Stat3_Etch_MV_SourceRFReflectedPower__short_phase_mean,G3_bosch_phase,rf_power_matching_electrical,absolute_standardized_coefficient,0.019246756610213505,-1,4,True
10,ridge,Stat3_Etch_MV_SourceRFReflectedPower__phase_difference,G3_bosch_phase,rf_power_matching_electrical,absolute_standardized_coefficient,0.018868762812219796,1,6,True
10,ridge,Stat3_Etch_MV_SourceRFReflectedPower__cycle_mean_std,G4_cycle_behavior,rf_power_matching_electrical,absolute_standardized_coefficient,0.006536798543668336,1,56,False
10,ridge,Stat3_Etch_MV_SourceRFReflectedPower__cycle_mean_slope,G4_cycle_behavior,rf_power_matching_electrical,absolute_standardized_coefficient,0.002457245596889873,-1,130,False
10,ridge,Stat3_Etch_MV_moriInnerCurrent__active_mean,G1_level,remaining_process_signals,absolute_standardized_coefficient,0.00014189106000393747,-1,236,False
10,ridge,Stat3_Etch_MV_moriInnerCurrent__active_std,G1_level,remaining_process_signals,absolute_standardized_coefficient,0.008018037717264212,1,40,False
10,ridge,Stat3_Etch_MV_moriInnerCurrent__active_range,G1_level,remaining_process_signals,absolute_standardized_coefficient,0.004925558292529372,1,84,False
10,ridge,Stat3_Etch_MV_moriInnerCurrent__active_slope,G2_temporal_drift,remaining_process_signals,absolute_standardized_coefficient,0.0023918123253720844,-1,133,False
10,ridge,Stat3_Etch_MV_moriInnerCurrent__early_late_delta,G2_temporal_drift,remaining_process_signals,absolute_standardized_coefficient,0.005059663063286601,-1,80,False
10,ridge,Stat3_Etch_MV_moriInnerCurrent__long_phase_mean,G3_bosch_phase,remaining_process_signals,absolute_standardized_coefficient,5.969054522207348e-05,1,239,False
10,ridge,Stat3_Etch_MV_moriInnerCurrent__short_phase_mean,G3_bosch_phase,remaining_process_signals,absolute_standardized_coefficient,0.00047043772845436864,-1,225,False
10,ridge,Stat3_Etch_MV_moriInnerCurrent__phase_difference,G3_bosch_phase,remaining_process_signals,absolute_standardized_coefficient,0.0005527836972309564,1,218,False
10,ridge,Stat3_Etch_MV_moriInnerCurrent__cycle_mean_std,G4_cycle_behavior,remaining_process_signals,absolute_standardized_coefficient,0.0037189589654576093,1,105,False
10,ridge,Stat3_Etch_MV_moriInnerCurrent__cycle_mean_slope,G4_cycle_behavior,remaining_process_signals,absolute_standardized_coefficient,0.0035603051975315768,-1,110,False
